variante,energie,winkel,leerplaetze
r12,30.0,0.0,0
r12,30.0,1.0,0
r12,30.0,2.0,0
r12,30.0,3.0,0
r12,30.0,4.0,0
r12,30.0,5.0,0
r12,30.0,6.0,0
r12,30.0,7.0,0
r12,30.0,8.0,0
r12,30.0,9.0,0
r12,30.0,10.0,0
r12,30.0,11.0,0
r12,30.0,12.0,0
r12,30.0,13.0,0
r12,30.0,14.0,0
r12,30.0,15.0,0
r12,30.0,16.0,0
r12,30.0,17.0,0
r12,30.0,18.0,0
r12,30.0,19.0,0
r12,30.0,20.0,0
r12,30.0,21.0,0
r12,30.0,22.0,0
r12,30.0,23.0,0
r12,30.0,24.0,0
r12,30.0,25.0,0
r12,30.0,26.0,0
r12,30.0,27.0,0
r12,30.0,28.0,0
r12,30.0,29.0,0
r12,30.0,30.0,0
r12,33.6,0.0,0
r12,33.6,1.0,0
r12,33.6,2.0,0
r12,33.6,3.0,0
r12,33.6,4.0,0
r12,33.6,5.0,0
r12,33.6,6.0,0
r12,33.6,7.0,0
r12,33.6,8.0,0
r12,33.6,9.0,0
r12,33.6,10.0,0
r12,33.6,11.0,0
r12,33.6,12.0,0
r12,33.6,13.0,0
r12,33.6,14.0,0
r12,33.6,15.0,0
r12,33.6,16.0,0
r12,33.6,17.0,0
r12,33.6,18.0,0
r12,33.6,19.0,0
r12,33.6,20.0,0
r12,33.6,21.0,0
r12,33.6,22.0,0
r12,33.6,23.0,0
r12,33.6,24.0,0
r12,33.6,25.0,0
r12,33.6,26.0,0
r12,33.6,27.0,0
r12,33.6,28.0,0
r12,33.6,29.0,0
r12,33.6,30.0,0
r12,37.632000000000005,0.0,0
r12,37.632000000000005,1.0,0
r12,37.632000000000005,2.0,0
r12,37.632000000000005,3.0,0
r12,37.632000000000005,4.0,0
r12,37.632000000000005,5.0,0
r12,37.632000000000005,6.0,0
r12,37.632000000000005,7.0,0
r12,37.632000000000005,8.0,0
r12,37.632000000000005,9.0,0
r12,37.632000000000005,10.0,0
r12,37.632000000000005,11.0,0
r12,37.632000000000005,12.0,0
r12,37.632000000000005,13.0,0
r12,37.632000000000005,14.0,0
r12,37.632000000000005,15.0,0
r12,37.632000000000005,16.0,0
r12,37.632000000000005,17.0,0
r12,37.632000000000005,18.0,0
r12,37.632000000000005,19.0,0
r12,37.632000000000005,20.0,0
r12,37.632000000000005,21.0,0
r12,37.632000000000005,22.0,0
r12,37.632000000000005,23.0,0
r12,37.632000000000005,24.0,0
r12,37.632000000000005,25.0,0
r12,37.632000000000005,26.0,0
r12,37.632000000000005,27.0,0
r12,37.632000000000005,28.0,0
r12,37.632000000000005,29.0,0
r12,37.632000000000005,30.0,0
r12,42.14784000000001,0.0,0
r12,42.14784000000001,1.0,0
r12,42.14784000000001,2.0,0
r12,42.14784000000001,3.0,0
r12,42.14784000000001,4.0,0
r12,42.14784000000001,5.0,0
r12,42.14784000000001,6.0,0
r12,42.14784000000001,7.0,0
r12,42.14784000000001,8.0,0
r12,42.14784000000001,9.0,0
r12,42.14784000000001,10.0,0
r12,42.14784000000001,11.0,0
r12,42.14784000000001,12.0,0
r12,42.14784000000001,13.0,0
r12,42.14784000000001,14.0,0
r12,42.14784000000001,15.0,0
r12,42.14784000000001,16.0,0
r12,42.14784000000001,17.0,0
r12,42.14784000000001,18.0,0
r12,42.14784000000001,19.0,0
r12,42.14784000000001,20.0,0
r12,42.14784000000001,21.0,0
r12,42.14784000000001,22.0,0
r12,42.14784000000001,23.0,0
r12,42.14784000000001,24.0,0
r12,42.14784000000001,25.0,0
r12,42.14784000000001,26.0,0
r12,42.14784000000001,27.0,0
r12,42.14784000000001,28.0,0
r12,42.14784000000001,29.0,0
r12,42.14784000000001,30.0,0
r12,47.20558080000002,0.0,0
r12,47.20558080000002,1.0,0
r12,47.20558080000002,2.0,0
r12,47.20558080000002,3.0,0
r12,47.20558080000002,4.0,0
r12,47.20558080000002,5.0,0
r12,47.20558080000002,6.0,0
r12,47.20558080000002,7.0,0
r12,47.20558080000002,8.0,0
r12,47.20558080000002,9.0,0
r12,47.20558080000002,10.0,0
r12,47.20558080000002,11.0,0
r12,47.20558080000002,12.0,0
r12,47.20558080000002,13.0,0
r12,47.20558080000002,14.0,0
r12,47.20558080000002,15.0,0
r12,47.20558080000002,16.0,0
r12,47.20558080000002,17.0,0
r12,47.20558080000002,18.0,0
r12,47.20558080000002,19.0,0
r12,47.20558080000002,20.0,0
r12,47.20558080000002,21.0,0
r12,47.20558080000002,22.0,0
r12,47.20558080000002,23.0,0
r12,47.20558080000002,24.0,0
r12,47.20558080000002,25.0,0
r12,47.20558080000002,26.0,0
r12,47.20558080000002,27.0,0
r12,47.20558080000002,28.0,0
r12,47.20558080000002,29.0,0
r12,47.20558080000002,30.0,0
r12,52.870250496000025,0.0,0
r12,52.870250496000025,1.0,0
r12,52.870250496000025,2.0,0
r12,52.870250496000025,3.0,0
r12,52.870250496000025,4.0,0
r12,52.870250496000025,5.0,0
r12,52.870250496000025,6.0,0
r12,52.870250496000025,7.0,0
r12,52.870250496000025,8.0,0
r12,52.870250496000025,9.0,0
r12,52.870250496000025,10.0,0
r12,52.870250496000025,11.0,0
r12,52.870250496000025,12.0,0
r12,52.870250496000025,13.0,0
r12,52.870250496000025,14.0,0
r12,52.870250496000025,15.0,0
r12,52.870250496000025,16.0,0
r12,52.870250496000025,17.0,0
r12,52.870250496000025,18.0,0
r12,52.870250496000025,19.0,0
r12,52.870250496000025,20.0,0
r12,52.870250496000025,21.0,0
r12,52.870250496000025,22.0,0
r12,52.870250496000025,23.0,0
r12,52.870250496000025,24.0,0
r12,52.870250496000025,25.0,0
r12,52.870250496000025,26.0,0
r12,52.870250496000025,27.0,0
r12,52.870250496000025,28.0,0
r12,52.870250496000025,29.0,0
r12,52.870250496000025,30.0,0
r12,59.21468055552003,0.0,0
r12,59.21468055552003,1.0,0
r12,59.21468055552003,2.0,0
r12,59.21468055552003,3.0,0
r12,59.21468055552003,4.0,0
r12,59.21468055552003,5.0,0
r12,59.21468055552003,6.0,0
r12,59.21468055552003,7.0,0
r12,59.21468055552003,8.0,0
r12,59.21468055552003,9.0,0
r12,59.21468055552003,10.0,0
r12,59.21468055552003,11.0,0
r12,59.21468055552003,12.0,0
r12,59.21468055552003,13.0,0
r12,59.21468055552003,14.0,0
r12,59.21468055552003,15.0,0
r12,59.21468055552003,16.0,0
r12,59.21468055552003,17.0,0
r12,59.21468055552003,18.0,0
r12,59.21468055552003,19.0,0
r12,59.21468055552003,20.0,0
r12,59.21468055552003,21.0,0
r12,59.21468055552003,22.0,0
r12,59.21468055552003,23.0,0
r12,59.21468055552003,24.0,0
r12,59.21468055552003,25.0,0
r12,59.21468055552003,26.0,0
r12,59.21468055552003,27.0,0
r12,59.21468055552003,28.0,0
r12,59.21468055552003,29.0,0
r12,59.21468055552003,30.0,0
r12,66.32044222218244,0.0,0
r12,66.32044222218244,1.0,0
r12,66.32044222218244,2.0,0
r12,66.32044222218244,3.0,0
r12,66.32044222218244,4.0,0
r12,66.32044222218244,5.0,0
r12,66.32044222218244,6.0,0
r12,66.32044222218244,7.0,0
r12,66.32044222218244,8.0,0
r12,66.32044222218244,9.0,0
r12,66.32044222218244,10.0,0
r12,66.32044222218244,11.0,0
r12,66.32044222218244,12.0,1
r12,66.32044222218244,13.0,0
r12,66.32044222218244,14.0,0
r12,66.32044222218244,15.0,0
r12,66.32044222218244,16.0,0
r12,66.32044222218244,17.0,0
r12,66.32044222218244,18.0,0
r12,66.32044222218244,19.0,0
r12,66.32044222218244,20.0,0
r12,66.32044222218244,21.0,0
r12,66.32044222218244,22.0,0
r12,66.32044222218244,23.0,0
r12,66.32044222218244,24.0,0
r12,66.32044222218244,25.0,0
r12,66.32044222218244,26.0,0
r12,66.32044222218244,27.0,0
r12,66.32044222218244,28.0,0
r12,66.32044222218244,29.0,0
r12,66.32044222218244,30.0,0
r12,74.27889528884434,0.0,0
r12,74.27889528884434,1.0,0
r12,74.27889528884434,2.0,0
r12,74.27889528884434,3.0,0
r12,74.27889528884434,4.0,0
r12,74.27889528884434,5.0,0
r12,74.27889528884434,6.0,0
r12,74.27889528884434,7.0,1
r12,74.27889528884434,8.0,1
r12,74.27889528884434,9.0,1
r12,74.27889528884434,10.0,1
r12,74.27889528884434,11.0,0
r12,74.27889528884434,12.0,0
r12,74.27889528884434,13.0,0
r12,74.27889528884434,14.0,0
r12,74.27889528884434,15.0,0
r12,74.27889528884434,16.0,0
r12,74.27889528884434,17.0,0
r12,74.27889528884434,18.0,0
r12,74.27889528884434,19.0,0
r12,74.27889528884434,20.0,0
r12,74.27889528884434,21.0,0
r12,74.27889528884434,22.0,0
r12,74.27889528884434,23.0,0
r12,74.27889528884434,24.0,0
r12,74.27889528884434,25.0,0
r12,74.27889528884434,26.0,0
r12,74.27889528884434,27.0,0
r12,74.27889528884434,28.0,0
r12,74.27889528884434,29.0,0
r12,74.27889528884434,30.0,0
r12,83.19236272350568,0.0,1
r12,83.19236272350568,1.0,1
r12,83.19236272350568,2.0,1
r12,83.19236272350568,3.0,1
r12,83.19236272350568,4.0,1
r12,83.19236272350568,5.0,1
r12,83.19236272350568,6.0,1
r12,83.19236272350568,7.0,1
r12,83.19236272350568,8.0,1
r12,83.19236272350568,9.0,0
r12,83.19236272350568,10.0,1
r12,83.19236272350568,11.0,1
r12,83.19236272350568,12.0,0
r12,83.19236272350568,13.0,1
r12,83.19236272350568,14.0,0
r12,83.19236272350568,15.0,0
r12,83.19236272350568,16.0,0
r12,83.19236272350568,17.0,0
r12,83.19236272350568,18.0,0
r12,83.19236272350568,19.0,0
r12,83.19236272350568,20.0,0
r12,83.19236272350568,21.0,0
r12,83.19236272350568,22.0,0
r12,83.19236272350568,23.0,0
r12,83.19236272350568,24.0,0
r12,83.19236272350568,25.0,0
r12,83.19236272350568,26.0,0
r12,83.19236272350568,27.0,0
r12,83.19236272350568,28.0,0
r12,83.19236272350568,29.0,0
r12,83.19236272350568,30.0,0
r12,93.17544625032636,0.0,0
r12,93.17544625032636,1.0,1
r12,93.17544625032636,2.0,1
r12,93.17544625032636,3.0,1
r12,93.17544625032636,4.0,1
r12,93.17544625032636,5.0,1
r12,93.17544625032636,6.0,1
r12,93.17544625032636,7.0,0
r12,93.17544625032636,8.0,1
r12,93.17544625032636,9.0,0
r12,93.17544625032636,10.0,0
r12,93.17544625032636,11.0,0
r12,93.17544625032636,12.0,0
r12,93.17544625032636,13.0,0
r12,93.17544625032636,14.0,1
r12,93.17544625032636,15.0,0
r12,93.17544625032636,16.0,1
r12,93.17544625032636,17.0,0
r12,93.17544625032636,18.0,0
r12,93.17544625032636,19.0,0
r12,93.17544625032636,20.0,0
r12,93.17544625032636,21.0,0
r12,93.17544625032636,22.0,0
r12,93.17544625032636,23.0,0
r12,93.17544625032636,24.0,0
r12,93.17544625032636,25.0,0
r12,93.17544625032636,26.0,0
r12,93.17544625032636,27.0,0
r12,93.17544625032636,28.0,0
r12,93.17544625032636,29.0,0
r12,93.17544625032636,30.0,0
r12,104.35649980036554,0.0,1
r12,104.35649980036554,1.0,1
r12,104.35649980036554,2.0,1
r12,104.35649980036554,3.0,1
r12,104.35649980036554,4.0,0
r12,104.35649980036554,5.0,0
r12,104.35649980036554,6.0,0
r12,104.35649980036554,7.0,1
r12,104.35649980036554,8.0,0
r12,104.35649980036554,9.0,1
r12,104.35649980036554,10.0,1
r12,104.35649980036554,11.0,0
r12,104.35649980036554,12.0,0
r12,104.35649980036554,13.0,1
r12,104.35649980036554,14.0,1
r12,104.35649980036554,15.0,0
r12,104.35649980036554,16.0,1
r12,104.35649980036554,17.0,1
r12,104.35649980036554,18.0,1
r12,104.35649980036554,19.0,0
r12,104.35649980036554,20.0,0
r12,104.35649980036554,21.0,0
r12,104.35649980036554,22.0,1
r12,104.35649980036554,23.0,0
r12,104.35649980036554,24.0,0
r12,104.35649980036554,25.0,0
r12,104.35649980036554,26.0,0
r12,104.35649980036554,27.0,0
r12,104.35649980036554,28.0,0
r12,104.35649980036554,29.0,0
r12,104.35649980036554,30.0,0
r12,116.87927977640942,0.0,1
r12,116.87927977640942,1.0,1
r12,116.87927977640942,2.0,1
r12,116.87927977640942,3.0,1
r12,116.87927977640942,4.0,1
r12,116.87927977640942,5.0,1
r12,116.87927977640942,6.0,1
r12,116.87927977640942,7.0,1
r12,116.87927977640942,8.0,1
r12,116.87927977640942,9.0,1
r12,116.87927977640942,10.0,1
r12,116.87927977640942,11.0,0
r12,116.87927977640942,12.0,0
r12,116.87927977640942,13.0,0
r12,116.87927977640942,14.0,1
r12,116.87927977640942,15.0,1
r12,116.87927977640942,16.0,0
r12,116.87927977640942,17.0,1
r12,116.87927977640942,18.0,0
r12,116.87927977640942,19.0,0
r12,116.87927977640942,20.0,0
r12,116.87927977640942,21.0,0
r12,116.87927977640942,22.0,0
r12,116.87927977640942,23.0,0
r12,116.87927977640942,24.0,0
r12,116.87927977640942,25.0,0
r12,116.87927977640942,26.0,0
r12,116.87927977640942,27.0,0
r12,116.87927977640942,28.0,0
r12,116.87927977640942,29.0,0
r12,116.87927977640942,30.0,0
r12,130.90479334957857,0.0,1
r12,130.90479334957857,1.0,1
r12,130.90479334957857,2.0,1
r12,130.90479334957857,3.0,1
r12,130.90479334957857,4.0,1
r12,130.90479334957857,5.0,1
r12,130.90479334957857,6.0,1
r12,130.90479334957857,7.0,1
r12,130.90479334957857,8.0,1
r12,130.90479334957857,9.0,1
r12,130.90479334957857,10.0,0
r12,130.90479334957857,11.0,1
r12,130.90479334957857,12.0,1
r12,130.90479334957857,13.0,1
r12,130.90479334957857,14.0,0
r12,130.90479334957857,15.0,0
r12,130.90479334957857,16.0,0
r12,130.90479334957857,17.0,0
r12,130.90479334957857,18.0,1
r12,130.90479334957857,19.0,0
r12,130.90479334957857,20.0,1
r12,130.90479334957857,21.0,0
r12,130.90479334957857,22.0,0
r12,130.90479334957857,23.0,1
r12,130.90479334957857,24.0,1
r12,130.90479334957857,25.0,0
r12,130.90479334957857,26.0,0
r12,130.90479334957857,27.0,0
r12,130.90479334957857,28.0,0
r12,130.90479334957857,29.0,0
r12,130.90479334957857,30.0,0
r12,146.613368551528,0.0,1
r12,146.613368551528,1.0,1
r12,146.613368551528,2.0,1
r12,146.613368551528,3.0,1
r12,146.613368551528,4.0,1
r12,146.613368551528,5.0,1
r12,146.613368551528,6.0,1
r12,146.613368551528,7.0,1
r12,146.613368551528,8.0,1
r12,146.613368551528,9.0,1
r12,146.613368551528,10.0,1
r12,146.613368551528,11.0,1
r12,146.613368551528,12.0,1
r12,146.613368551528,13.0,1
r12,146.613368551528,14.0,1
r12,146.613368551528,15.0,1
r12,146.613368551528,16.0,1
r12,146.613368551528,17.0,1
r12,146.613368551528,18.0,0
r12,146.613368551528,19.0,0
r12,146.613368551528,20.0,1
r12,146.613368551528,21.0,0
r12,146.613368551528,22.0,0
r12,146.613368551528,23.0,0
r12,146.613368551528,24.0,0
r12,146.613368551528,25.0,0
r12,146.613368551528,26.0,0
r12,146.613368551528,27.0,0
r12,146.613368551528,28.0,1
r12,146.613368551528,29.0,0
r12,146.613368551528,30.0,0
r12,164.20697277771137,0.0,1
r12,164.20697277771137,1.0,1
r12,164.20697277771137,2.0,1
r12,164.20697277771137,3.0,1
r12,164.20697277771137,4.0,1
r12,164.20697277771137,5.0,1
r12,164.20697277771137,6.0,1
r12,164.20697277771137,7.0,1
r12,164.20697277771137,8.0,1
r12,164.20697277771137,9.0,1
r12,164.20697277771137,10.0,1
r12,164.20697277771137,11.0,1
r12,164.20697277771137,12.0,1
r12,164.20697277771137,13.0,1
r12,164.20697277771137,14.0,1
r12,164.20697277771137,15.0,1
r12,164.20697277771137,16.0,1
r12,164.20697277771137,17.0,1
r12,164.20697277771137,18.0,0
r12,164.20697277771137,19.0,0
r12,164.20697277771137,20.0,0
r12,164.20697277771137,21.0,1
r12,164.20697277771137,22.0,0
r12,164.20697277771137,23.0,0
r12,164.20697277771137,24.0,0
r12,164.20697277771137,25.0,0
r12,164.20697277771137,26.0,0
r12,164.20697277771137,27.0,0
r12,164.20697277771137,28.0,0
r12,164.20697277771137,29.0,0
r12,164.20697277771137,30.0,0
r12,183.91180951103675,0.0,1
r12,183.91180951103675,1.0,1
r12,183.91180951103675,2.0,1
r12,183.91180951103675,3.0,1
r12,183.91180951103675,4.0,1
r12,183.91180951103675,5.0,1
r12,183.91180951103675,6.0,1
r12,183.91180951103675,7.0,1
r12,183.91180951103675,8.0,1
r12,183.91180951103675,9.0,1
r12,183.91180951103675,10.0,2
r12,183.91180951103675,11.0,1
r12,183.91180951103675,12.0,1
r12,183.91180951103675,13.0,1
r12,183.91180951103675,14.0,1
r12,183.91180951103675,15.0,2
r12,183.91180951103675,16.0,0
r12,183.91180951103675,17.0,1
r12,183.91180951103675,18.0,0
r12,183.91180951103675,19.0,0
r12,183.91180951103675,20.0,1
r12,183.91180951103675,21.0,0
r12,183.91180951103675,22.0,0
r12,183.91180951103675,23.0,0
r12,183.91180951103675,24.0,1
r12,183.91180951103675,25.0,0
r12,183.91180951103675,26.0,0
r12,183.91180951103675,27.0,0
r12,183.91180951103675,28.0,1
r12,183.91180951103675,29.0,1
r12,183.91180951103675,30.0,1
r12,205.98122665236116,0.0,1
r12,205.98122665236116,1.0,1
r12,205.98122665236116,2.0,1
r12,205.98122665236116,3.0,1
r12,205.98122665236116,4.0,1
r12,205.98122665236116,5.0,1
r12,205.98122665236116,6.0,1
r12,205.98122665236116,7.0,2
r12,205.98122665236116,8.0,1
r12,205.98122665236116,9.0,1
r12,205.98122665236116,10.0,2
r12,205.98122665236116,11.0,0
r12,205.98122665236116,12.0,0
r12,205.98122665236116,13.0,0
r12,205.98122665236116,14.0,2
r12,205.98122665236116,15.0,1
r12,205.98122665236116,16.0,0
r12,205.98122665236116,17.0,1
r12,205.98122665236116,18.0,1
r12,205.98122665236116,19.0,0
r12,205.98122665236116,20.0,1
r12,205.98122665236116,21.0,1
r12,205.98122665236116,22.0,1
r12,205.98122665236116,23.0,0
r12,205.98122665236116,24.0,0
r12,205.98122665236116,25.0,0
r12,205.98122665236116,26.0,0
r12,205.98122665236116,27.0,1
r12,205.98122665236116,28.0,1
r12,205.98122665236116,29.0,0
r12,205.98122665236116,30.0,2
r12,230.69897385064456,0.0,1
r12,230.69897385064456,1.0,1
r12,230.69897385064456,2.0,1
r12,230.69897385064456,3.0,1
r12,230.69897385064456,4.0,1
r12,230.69897385064456,5.0,1
r12,230.69897385064456,6.0,2
r12,230.69897385064456,7.0,1
r12,230.69897385064456,8.0,2
r12,230.69897385064456,9.0,1
r12,230.69897385064456,10.0,0
r12,230.69897385064456,11.0,0
r12,230.69897385064456,12.0,0
r12,230.69897385064456,13.0,1
r12,230.69897385064456,14.0,1
r12,230.69897385064456,15.0,0
r12,230.69897385064456,16.0,1
r12,230.69897385064456,17.0,1
r12,230.69897385064456,18.0,1
r12,230.69897385064456,19.0,0
r12,230.69897385064456,20.0,1
r12,230.69897385064456,21.0,1
r12,230.69897385064456,22.0,1
r12,230.69897385064456,23.0,3
r12,230.69897385064456,24.0,1
r12,230.69897385064456,25.0,1
r12,230.69897385064456,26.0,2
r12,230.69897385064456,27.0,0
r12,230.69897385064456,28.0,0
r12,230.69897385064456,29.0,1
r12,230.69897385064456,30.0,1
r12,258.3828507127219,0.0,1
r12,258.3828507127219,1.0,1
r12,258.3828507127219,2.0,1
r12,258.3828507127219,3.0,1
r12,258.3828507127219,4.0,1
r12,258.3828507127219,5.0,1
r12,258.3828507127219,6.0,2
r12,258.3828507127219,7.0,1
r12,258.3828507127219,8.0,2
r12,258.3828507127219,9.0,1
r12,258.3828507127219,10.0,1
r12,258.3828507127219,11.0,0
r12,258.3828507127219,12.0,1
r12,258.3828507127219,13.0,1
r12,258.3828507127219,14.0,0
r12,258.3828507127219,15.0,0
r12,258.3828507127219,16.0,0
r12,258.3828507127219,17.0,1
r12,258.3828507127219,18.0,0
r12,258.3828507127219,19.0,1
r12,258.3828507127219,20.0,1
r12,258.3828507127219,21.0,1
r12,258.3828507127219,22.0,1
r12,258.3828507127219,23.0,1
r12,258.3828507127219,24.0,3
r12,258.3828507127219,25.0,0
r12,258.3828507127219,26.0,1
r12,258.3828507127219,27.0,1
r12,258.3828507127219,28.0,1
r12,258.3828507127219,29.0,1
r12,258.3828507127219,30.0,5
r12,289.3887927982486,0.0,11
r12,289.3887927982486,1.0,1
r12,289.3887927982486,2.0,1
r12,289.3887927982486,3.0,1
r12,289.3887927982486,4.0,2
r12,289.3887927982486,5.0,2
r12,289.3887927982486,6.0,2
r12,289.3887927982486,7.0,1
r12,289.3887927982486,8.0,2
r12,289.3887927982486,9.0,1
r12,289.3887927982486,10.0,1
r12,289.3887927982486,11.0,0
r12,289.3887927982486,12.0,2
r12,289.3887927982486,13.0,0
r12,289.3887927982486,14.0,3
r12,289.3887927982486,15.0,0
r12,289.3887927982486,16.0,1
r12,289.3887927982486,17.0,2
r12,289.3887927982486,18.0,0
r12,289.3887927982486,19.0,2
r12,289.3887927982486,20.0,0
r12,289.3887927982486,21.0,1
r12,289.3887927982486,22.0,3
r12,289.3887927982486,23.0,1
r12,289.3887927982486,24.0,3
r12,289.3887927982486,25.0,1
r12,289.3887927982486,26.0,3
r12,289.3887927982486,27.0,1
r12,289.3887927982486,28.0,2
r12,289.3887927982486,29.0,4
r12,289.3887927982486,30.0,7
r12,324.11544793403846,0.0,11
r12,324.11544793403846,1.0,12
r12,324.11544793403846,2.0,3
r12,324.11544793403846,3.0,2
r12,324.11544793403846,4.0,1
r12,324.11544793403846,5.0,1
r12,324.11544793403846,6.0,2
r12,324.11544793403846,7.0,2
r12,324.11544793403846,8.0,3
r12,324.11544793403846,9.0,3
r12,324.11544793403846,10.0,1
r12,324.11544793403846,11.0,3
r12,324.11544793403846,12.0,2
r12,324.11544793403846,13.0,3
r12,324.11544793403846,14.0,1
r12,324.11544793403846,15.0,1
r12,324.11544793403846,16.0,0
r12,324.11544793403846,17.0,3
r12,324.11544793403846,18.0,2
r12,324.11544793403846,19.0,1
r12,324.11544793403846,20.0,1
r12,324.11544793403846,21.0,2
r12,324.11544793403846,22.0,1
r12,324.11544793403846,23.0,2
r12,324.11544793403846,24.0,1
r12,324.11544793403846,25.0,1
r12,324.11544793403846,26.0,14
r12,324.11544793403846,27.0,3
r12,324.11544793403846,28.0,1
r12,324.11544793403846,29.0,2
r12,324.11544793403846,30.0,11
r12,363.0093016861231,0.0,3
r12,363.0093016861231,1.0,17
r12,363.0093016861231,2.0,3
r12,363.0093016861231,3.0,4
r12,363.0093016861231,4.0,1
r12,363.0093016861231,5.0,0
r12,363.0093016861231,6.0,5
r12,363.0093016861231,7.0,2
r12,363.0093016861231,8.0,3
r12,363.0093016861231,9.0,4
r12,363.0093016861231,10.0,2
r12,363.0093016861231,11.0,10
r12,363.0093016861231,12.0,10
r12,363.0093016861231,13.0,4
r12,363.0093016861231,14.0,3
r12,363.0093016861231,15.0,1
r12,363.0093016861231,16.0,3
r12,363.0093016861231,17.0,5
r12,363.0093016861231,18.0,4
r12,363.0093016861231,19.0,4
r12,363.0093016861231,20.0,2
r12,363.0093016861231,21.0,2
r12,363.0093016861231,22.0,2
r12,363.0093016861231,23.0,4
r12,363.0093016861231,24.0,4
r12,363.0093016861231,25.0,3
r12,363.0093016861231,26.0,5
r12,363.0093016861231,27.0,1
r12,363.0093016861231,28.0,6
r12,363.0093016861231,29.0,2
r12,363.0093016861231,30.0,10
r12,406.5704178884579,0.0,1
r12,406.5704178884579,1.0,22
r12,406.5704178884579,2.0,15
r12,406.5704178884579,3.0,11
r12,406.5704178884579,4.0,3
r12,406.5704178884579,5.0,5
r12,406.5704178884579,6.0,2
r12,406.5704178884579,7.0,6
r12,406.5704178884579,8.0,5
r12,406.5704178884579,9.0,9
r12,406.5704178884579,10.0,7
r12,406.5704178884579,11.0,5
r12,406.5704178884579,12.0,11
r12,406.5704178884579,13.0,12
r12,406.5704178884579,14.0,6
r12,406.5704178884579,15.0,11
r12,406.5704178884579,16.0,9
r12,406.5704178884579,17.0,8
r12,406.5704178884579,18.0,5
r12,406.5704178884579,19.0,7
r12,406.5704178884579,20.0,6
r12,406.5704178884579,21.0,5
r12,406.5704178884579,22.0,9
r12,406.5704178884579,23.0,0
r12,406.5704178884579,24.0,7
r12,406.5704178884579,25.0,8
r12,406.5704178884579,26.0,3
r12,406.5704178884579,27.0,9
r12,406.5704178884579,28.0,17
r12,406.5704178884579,29.0,16
r12,406.5704178884579,30.0,6
r12,455.3588680350729,0.0,1
r12,455.3588680350729,1.0,25
r12,455.3588680350729,2.0,31
r12,455.3588680350729,3.0,12
r12,455.3588680350729,4.0,12
r12,455.3588680350729,5.0,10
r12,455.3588680350729,6.0,18
r12,455.3588680350729,7.0,7
r12,455.3588680350729,8.0,18
r12,455.3588680350729,9.0,23
r12,455.3588680350729,10.0,20
r12,455.3588680350729,11.0,18
r12,455.3588680350729,12.0,7
r12,455.3588680350729,13.0,13
r12,455.3588680350729,14.0,21
r12,455.3588680350729,15.0,21
r12,455.3588680350729,16.0,14
r12,455.3588680350729,17.0,17
r12,455.3588680350729,18.0,15
r12,455.3588680350729,19.0,17
r12,455.3588680350729,20.0,19
r12,455.3588680350729,21.0,17
r12,455.3588680350729,22.0,8
r12,455.3588680350729,23.0,11
r12,455.3588680350729,24.0,8
r12,455.3588680350729,25.0,10
r12,455.3588680350729,26.0,12
r12,455.3588680350729,27.0,18
r12,455.3588680350729,28.0,11
r12,455.3588680350729,29.0,15
r12,455.3588680350729,30.0,8
r12,510.00193219928167,0.0,1
r12,510.00193219928167,1.0,37
r12,510.00193219928167,2.0,37
r12,510.00193219928167,3.0,30
r12,510.00193219928167,4.0,27
r12,510.00193219928167,5.0,18
r12,510.00193219928167,6.0,16
r12,510.00193219928167,7.0,15
r12,510.00193219928167,8.0,18
r12,510.00193219928167,9.0,23
r12,510.00193219928167,10.0,32
r12,510.00193219928167,11.0,16
r12,510.00193219928167,12.0,17
r12,510.00193219928167,13.0,23
r12,510.00193219928167,14.0,31
r12,510.00193219928167,15.0,16
r12,510.00193219928167,16.0,17
r12,510.00193219928167,17.0,17
r12,510.00193219928167,18.0,16
r12,510.00193219928167,19.0,18
r12,510.00193219928167,20.0,22
r12,510.00193219928167,21.0,28
r12,510.00193219928167,22.0,30
r12,510.00193219928167,23.0,18
r12,510.00193219928167,24.0,14
r12,510.00193219928167,25.0,12
r12,510.00193219928167,26.0,16
r12,510.00193219928167,27.0,14
r12,510.00193219928167,28.0,21
r12,510.00193219928167,29.0,19
r12,510.00193219928167,30.0,6
r12,571.2021640631955,0.0,1
r12,571.2021640631955,1.0,43
r12,571.2021640631955,2.0,49
r12,571.2021640631955,3.0,33
r12,571.2021640631955,4.0,36
r12,571.2021640631955,5.0,30
r12,571.2021640631955,6.0,20
r12,571.2021640631955,7.0,25
r12,571.2021640631955,8.0,24
r12,571.2021640631955,9.0,24
r12,571.2021640631955,10.0,27
r12,571.2021640631955,11.0,23
r12,571.2021640631955,12.0,17
r12,571.2021640631955,13.0,23
r12,571.2021640631955,14.0,29
r12,571.2021640631955,15.0,30
r12,571.2021640631955,16.0,21
r12,571.2021640631955,17.0,17
r12,571.2021640631955,18.0,21
r12,571.2021640631955,19.0,21
r12,571.2021640631955,20.0,22
r12,571.2021640631955,21.0,26
r12,571.2021640631955,22.0,36
r12,571.2021640631955,23.0,22
r12,571.2021640631955,24.0,29
r12,571.2021640631955,25.0,24
r12,571.2021640631955,26.0,25
r12,571.2021640631955,27.0,31
r12,571.2021640631955,28.0,25
r12,571.2021640631955,29.0,26
r12,571.2021640631955,30.0,7
r12,639.7464237507791,0.0,1
r12,639.7464237507791,1.0,47
r12,639.7464237507791,2.0,46
r12,639.7464237507791,3.0,49
r12,639.7464237507791,4.0,32
r12,639.7464237507791,5.0,36
r12,639.7464237507791,6.0,32
r12,639.7464237507791,7.0,28
r12,639.7464237507791,8.0,34
r12,639.7464237507791,9.0,25
r12,639.7464237507791,10.0,34
r12,639.7464237507791,11.0,25
r12,639.7464237507791,12.0,32
r12,639.7464237507791,13.0,34
r12,639.7464237507791,14.0,33
r12,639.7464237507791,15.0,32
r12,639.7464237507791,16.0,27
r12,639.7464237507791,17.0,27
r12,639.7464237507791,18.0,21
r12,639.7464237507791,19.0,23
r12,639.7464237507791,20.0,37
r12,639.7464237507791,21.0,39
r12,639.7464237507791,22.0,18
r12,639.7464237507791,23.0,31
r12,639.7464237507791,24.0,22
r12,639.7464237507791,25.0,26
r12,639.7464237507791,26.0,36
r12,639.7464237507791,27.0,38
r12,639.7464237507791,28.0,29
r12,639.7464237507791,29.0,47
r12,639.7464237507791,30.0,5
r12,716.5159946008727,0.0,14
r12,716.5159946008727,1.0,64
r12,716.5159946008727,2.0,67
r12,716.5159946008727,3.0,64
r12,716.5159946008727,4.0,48
r12,716.5159946008727,5.0,47
r12,716.5159946008727,6.0,48
r12,716.5159946008727,7.0,44
r12,716.5159946008727,8.0,38
r12,716.5159946008727,9.0,49
r12,716.5159946008727,10.0,53
r12,716.5159946008727,11.0,40
r12,716.5159946008727,12.0,46
r12,716.5159946008727,13.0,38
r12,716.5159946008727,14.0,36
r12,716.5159946008727,15.0,34
r12,716.5159946008727,16.0,31
r12,716.5159946008727,17.0,22
r12,716.5159946008727,18.0,33
r12,716.5159946008727,19.0,30
r12,716.5159946008727,20.0,49
r12,716.5159946008727,21.0,40
r12,716.5159946008727,22.0,43
r12,716.5159946008727,23.0,48
r12,716.5159946008727,24.0,28
r12,716.5159946008727,25.0,52
r12,716.5159946008727,26.0,54
r12,716.5159946008727,27.0,46
r12,716.5159946008727,28.0,38
r12,716.5159946008727,29.0,50
r12,716.5159946008727,30.0,5
r12,802.4979139529775,0.0,15
r12,802.4979139529775,1.0,72
r12,802.4979139529775,2.0,77
r12,802.4979139529775,3.0,80
r12,802.4979139529775,4.0,67
r12,802.4979139529775,5.0,62
r12,802.4979139529775,6.0,58
r12,802.4979139529775,7.0,63
r12,802.4979139529775,8.0,45
r12,802.4979139529775,9.0,52
r12,802.4979139529775,10.0,58
r12,802.4979139529775,11.0,58
r12,802.4979139529775,12.0,52
r12,802.4979139529775,13.0,40
r12,802.4979139529775,14.0,40
r12,802.4979139529775,15.0,35
r12,802.4979139529775,16.0,51
r12,802.4979139529775,17.0,59
r12,802.4979139529775,18.0,40
r12,802.4979139529775,19.0,53
r12,802.4979139529775,20.0,41
r12,802.4979139529775,21.0,54
r12,802.4979139529775,22.0,52
r12,802.4979139529775,23.0,54
r12,802.4979139529775,24.0,47
r12,802.4979139529775,25.0,55
r12,802.4979139529775,26.0,69
r12,802.4979139529775,27.0,53
r12,802.4979139529775,28.0,45
r12,802.4979139529775,29.0,58
r12,802.4979139529775,30.0,4
r12,898.7976636273347,0.0,15
r12,898.7976636273347,1.0,87
r12,898.7976636273347,2.0,75
r12,898.7976636273347,3.0,81
r12,898.7976636273347,4.0,78
r12,898.7976636273347,5.0,85
r12,898.7976636273347,6.0,80
r12,898.7976636273347,7.0,65
r12,898.7976636273347,8.0,63
r12,898.7976636273347,9.0,62
r12,898.7976636273347,10.0,61
r12,898.7976636273347,11.0,63
r12,898.7976636273347,12.0,76
r12,898.7976636273347,13.0,54
r12,898.7976636273347,14.0,64
r12,898.7976636273347,15.0,66
r12,898.7976636273347,16.0,64
r12,898.7976636273347,17.0,85
r12,898.7976636273347,18.0,53
r12,898.7976636273347,19.0,68
r12,898.7976636273347,20.0,62
r12,898.7976636273347,21.0,73
r12,898.7976636273347,22.0,80
r12,898.7976636273347,23.0,78
r12,898.7976636273347,24.0,87
r12,898.7976636273347,25.0,75
r12,898.7976636273347,26.0,79
r12,898.7976636273347,27.0,63
r12,898.7976636273347,28.0,78
r12,898.7976636273347,29.0,73
r12,898.7976636273347,30.0,4
r12,1006.6533832626151,0.0,15
r12,1006.6533832626151,1.0,83
r12,1006.6533832626151,2.0,80
r12,1006.6533832626151,3.0,89
r12,1006.6533832626151,4.0,102
r12,1006.6533832626151,5.0,79
r12,1006.6533832626151,6.0,80
r12,1006.6533832626151,7.0,86
r12,1006.6533832626151,8.0,70
r12,1006.6533832626151,9.0,88
r12,1006.6533832626151,10.0,70
r12,1006.6533832626151,11.0,99
r12,1006.6533832626151,12.0,80
r12,1006.6533832626151,13.0,82
r12,1006.6533832626151,14.0,93
r12,1006.6533832626151,15.0,105
r12,1006.6533832626151,16.0,92
r12,1006.6533832626151,17.0,86
r12,1006.6533832626151,18.0,98
r12,1006.6533832626151,19.0,73
r12,1006.6533832626151,20.0,98
r12,1006.6533832626151,21.0,102
r12,1006.6533832626151,22.0,86
r12,1006.6533832626151,23.0,101
r12,1006.6533832626151,24.0,99
r12,1006.6533832626151,25.0,87
r12,1006.6533832626151,26.0,92
r12,1006.6533832626151,27.0,97
r12,1006.6533832626151,28.0,85
r12,1006.6533832626151,29.0,82
r12,1006.6533832626151,30.0,4
r12,1127.451789254129,0.0,15
r12,1127.451789254129,1.0,87
r12,1127.451789254129,2.0,91
r12,1127.451789254129,3.0,91
r12,1127.451789254129,4.0,119
r12,1127.451789254129,5.0,98
r12,1127.451789254129,6.0,98
r12,1127.451789254129,7.0,105
r12,1127.451789254129,8.0,103
r12,1127.451789254129,9.0,101
r12,1127.451789254129,10.0,119
r12,1127.451789254129,11.0,136
r12,1127.451789254129,12.0,115
r12,1127.451789254129,13.0,118
r12,1127.451789254129,14.0,104
r12,1127.451789254129,15.0,115
r12,1127.451789254129,16.0,139
r12,1127.451789254129,17.0,126
r12,1127.451789254129,18.0,127
r12,1127.451789254129,19.0,125
r12,1127.451789254129,20.0,118
r12,1127.451789254129,21.0,106
r12,1127.451789254129,22.0,119
r12,1127.451789254129,23.0,125
r12,1127.451789254129,24.0,130
r12,1127.451789254129,25.0,105
r12,1127.451789254129,26.0,102
r12,1127.451789254129,27.0,127
r12,1127.451789254129,28.0,93
r12,1127.451789254129,29.0,91
r12,1127.451789254129,30.0,3
r12,1262.7460039646246,0.0,15
r12,1262.7460039646246,1.0,102
r12,1262.7460039646246,2.0,124
r12,1262.7460039646246,3.0,96
r12,1262.7460039646246,4.0,124
r12,1262.7460039646246,5.0,113
r12,1262.7460039646246,6.0,142
r12,1262.7460039646246,7.0,143
r12,1262.7460039646246,8.0,125
r12,1262.7460039646246,9.0,128
r12,1262.7460039646246,10.0,160
r12,1262.7460039646246,11.0,154
r12,1262.7460039646246,12.0,136
r12,1262.7460039646246,13.0,133
r12,1262.7460039646246,14.0,143
r12,1262.7460039646246,15.0,147
r12,1262.7460039646246,16.0,107
r12,1262.7460039646246,17.0,141
r12,1262.7460039646246,18.0,166
r12,1262.7460039646246,19.0,140
r12,1262.7460039646246,20.0,143
r12,1262.7460039646246,21.0,130
r12,1262.7460039646246,22.0,135
r12,1262.7460039646246,23.0,148
r12,1262.7460039646246,24.0,129
r12,1262.7460039646246,25.0,131
r12,1262.7460039646246,26.0,121
r12,1262.7460039646246,27.0,132
r12,1262.7460039646246,28.0,123
r12,1262.7460039646246,29.0,110
r12,1262.7460039646246,30.0,3
r12,1414.2755244403797,0.0,14
r12,1414.2755244403797,1.0,107
r12,1414.2755244403797,2.0,119
r12,1414.2755244403797,3.0,130
r12,1414.2755244403797,4.0,151
r12,1414.2755244403797,5.0,130
r12,1414.2755244403797,6.0,163
r12,1414.2755244403797,7.0,157
r12,1414.2755244403797,8.0,155
r12,1414.2755244403797,9.0,149
r12,1414.2755244403797,10.0,165
r12,1414.2755244403797,11.0,175
r12,1414.2755244403797,12.0,148
r12,1414.2755244403797,13.0,155
r12,1414.2755244403797,14.0,156
r12,1414.2755244403797,15.0,145
r12,1414.2755244403797,16.0,163
r12,1414.2755244403797,17.0,162
r12,1414.2755244403797,18.0,150
r12,1414.2755244403797,19.0,157
r12,1414.2755244403797,20.0,151
r12,1414.2755244403797,21.0,142
r12,1414.2755244403797,22.0,148
r12,1414.2755244403797,23.0,151
r12,1414.2755244403797,24.0,153
r12,1414.2755244403797,25.0,137
r12,1414.2755244403797,26.0,141
r12,1414.2755244403797,27.0,150
r12,1414.2755244403797,28.0,140
r12,1414.2755244403797,29.0,114
r12,1414.2755244403797,30.0,4
r12,1583.9885873732255,0.0,13
r12,1583.9885873732255,1.0,123
r12,1583.9885873732255,2.0,133
r12,1583.9885873732255,3.0,174
r12,1583.9885873732255,4.0,157
r12,1583.9885873732255,5.0,167
r12,1583.9885873732255,6.0,168
r12,1583.9885873732255,7.0,170
r12,1583.9885873732255,8.0,175
r12,1583.9885873732255,9.0,168
r12,1583.9885873732255,10.0,163
r12,1583.9885873732255,11.0,166
r12,1583.9885873732255,12.0,159
r12,1583.9885873732255,13.0,170
r12,1583.9885873732255,14.0,158
r12,1583.9885873732255,15.0,159
r12,1583.9885873732255,16.0,171
r12,1583.9885873732255,17.0,159
r12,1583.9885873732255,18.0,161
r12,1583.9885873732255,19.0,163
r12,1583.9885873732255,20.0,156
r12,1583.9885873732255,21.0,153
r12,1583.9885873732255,22.0,155
r12,1583.9885873732255,23.0,169
r12,1583.9885873732255,24.0,174
r12,1583.9885873732255,25.0,174
r12,1583.9885873732255,26.0,164
r12,1583.9885873732255,27.0,175
r12,1583.9885873732255,28.0,178
r12,1583.9885873732255,29.0,129
r12,1583.9885873732255,30.0,4
r12,1774.0672178580126,0.0,11
r12,1774.0672178580126,1.0,145
r12,1774.0672178580126,2.0,133
r12,1774.0672178580126,3.0,188
r12,1774.0672178580126,4.0,167
r12,1774.0672178580126,5.0,175
r12,1774.0672178580126,6.0,173
r12,1774.0672178580126,7.0,180
r12,1774.0672178580126,8.0,170
r12,1774.0672178580126,9.0,172
r12,1774.0672178580126,10.0,179
r12,1774.0672178580126,11.0,174
r12,1774.0672178580126,12.0,174
r12,1774.0672178580126,13.0,167
r12,1774.0672178580126,14.0,182
r12,1774.0672178580126,15.0,163
r12,1774.0672178580126,16.0,159
r12,1774.0672178580126,17.0,178
r12,1774.0672178580126,18.0,181
r12,1774.0672178580126,19.0,169
r12,1774.0672178580126,20.0,177
r12,1774.0672178580126,21.0,168
r12,1774.0672178580126,22.0,172
r12,1774.0672178580126,23.0,172
r12,1774.0672178580126,24.0,182
r12,1774.0672178580126,25.0,180
r12,1774.0672178580126,26.0,160
r12,1774.0672178580126,27.0,164
r12,1774.0672178580126,28.0,163
r12,1774.0672178580126,29.0,161
r12,1774.0672178580126,30.0,4
r12,1986.955284000974,0.0,11
r12,1986.955284000974,1.0,132
r12,1986.955284000974,2.0,165
r12,1986.955284000974,3.0,183
r12,1986.955284000974,4.0,191
r12,1986.955284000974,5.0,182
r12,1986.955284000974,6.0,183
r12,1986.955284000974,7.0,184
r12,1986.955284000974,8.0,143
r12,1986.955284000974,9.0,190
r12,1986.955284000974,10.0,196
r12,1986.955284000974,11.0,198
r12,1986.955284000974,12.0,188
r12,1986.955284000974,13.0,190
r12,1986.955284000974,14.0,207
r12,1986.955284000974,15.0,159
r12,1986.955284000974,16.0,187
r12,1986.955284000974,17.0,189
r12,1986.955284000974,18.0,186
r12,1986.955284000974,19.0,178
r12,1986.955284000974,20.0,181
r12,1986.955284000974,21.0,181
r12,1986.955284000974,22.0,183
r12,1986.955284000974,23.0,187
r12,1986.955284000974,24.0,191
r12,1986.955284000974,25.0,180
r12,1986.955284000974,26.0,165
r12,1986.955284000974,27.0,175
r12,1986.955284000974,28.0,172
r12,1986.955284000974,29.0,183
r12,1986.955284000974,30.0,6
r12,2225.3899180810913,0.0,8
r12,2225.3899180810913,1.0,149
r12,2225.3899180810913,2.0,197
r12,2225.3899180810913,3.0,199
r12,2225.3899180810913,4.0,185
r12,2225.3899180810913,5.0,196
r12,2225.3899180810913,6.0,187
r12,2225.3899180810913,7.0,191
r12,2225.3899180810913,8.0,194
r12,2225.3899180810913,9.0,219
r12,2225.3899180810913,10.0,197
r12,2225.3899180810913,11.0,226
r12,2225.3899180810913,12.0,204
r12,2225.3899180810913,13.0,189
r12,2225.3899180810913,14.0,196
r12,2225.3899180810913,15.0,175
r12,2225.3899180810913,16.0,199
r12,2225.3899180810913,17.0,190
r12,2225.3899180810913,18.0,191
r12,2225.3899180810913,19.0,198
r12,2225.3899180810913,20.0,210
r12,2225.3899180810913,21.0,199
r12,2225.3899180810913,22.0,204
r12,2225.3899180810913,23.0,192
r12,2225.3899180810913,24.0,196
r12,2225.3899180810913,25.0,196
r12,2225.3899180810913,26.0,189
r12,2225.3899180810913,27.0,189
r12,2225.3899180810913,28.0,186
r12,2225.3899180810913,29.0,176
r12,2225.3899180810913,30.0,4
r12,2492.4367082508224,0.0,1
r12,2492.4367082508224,1.0,162
r12,2492.4367082508224,2.0,172
r12,2492.4367082508224,3.0,202
r12,2492.4367082508224,4.0,211
r12,2492.4367082508224,5.0,209
r12,2492.4367082508224,6.0,213
r12,2492.4367082508224,7.0,222
r12,2492.4367082508224,8.0,214
r12,2492.4367082508224,9.0,220
r12,2492.4367082508224,10.0,226
r12,2492.4367082508224,11.0,220
r12,2492.4367082508224,12.0,230
r12,2492.4367082508224,13.0,187
r12,2492.4367082508224,14.0,206
r12,2492.4367082508224,15.0,211
r12,2492.4367082508224,16.0,209
r12,2492.4367082508224,17.0,206
r12,2492.4367082508224,18.0,218
r12,2492.4367082508224,19.0,215
r12,2492.4367082508224,20.0,223
r12,2492.4367082508224,21.0,212
r12,2492.4367082508224,22.0,223
r12,2492.4367082508224,23.0,204
r12,2492.4367082508224,24.0,215
r12,2492.4367082508224,25.0,213
r12,2492.4367082508224,26.0,199
r12,2492.4367082508224,27.0,205
r12,2492.4367082508224,28.0,213
r12,2492.4367082508224,29.0,177
r12,2492.4367082508224,30.0,5
r12,2791.529113240921,0.0,1
r12,2791.529113240921,1.0,177
r12,2791.529113240921,2.0,200
r12,2791.529113240921,3.0,199
r12,2791.529113240921,4.0,206
r12,2791.529113240921,5.0,236
r12,2791.529113240921,6.0,232
r12,2791.529113240921,7.0,211
r12,2791.529113240921,8.0,228
r12,2791.529113240921,9.0,233
r12,2791.529113240921,10.0,237
r12,2791.529113240921,11.0,227
r12,2791.529113240921,12.0,233
r12,2791.529113240921,13.0,243
r12,2791.529113240921,14.0,209
r12,2791.529113240921,15.0,228
r12,2791.529113240921,16.0,228
r12,2791.529113240921,17.0,233
r12,2791.529113240921,18.0,223
r12,2791.529113240921,19.0,230
r12,2791.529113240921,20.0,239
r12,2791.529113240921,21.0,236
r12,2791.529113240921,22.0,231
r12,2791.529113240921,23.0,216
r12,2791.529113240921,24.0,229
r12,2791.529113240921,25.0,227
r12,2791.529113240921,26.0,221
r12,2791.529113240921,27.0,183
r12,2791.529113240921,28.0,219
r12,2791.529113240921,29.0,207
r12,2791.529113240921,30.0,4
zbl eps=0.3,30.0,0.0,0
zbl eps=0.3,30.0,1.0,0
zbl eps=0.3,30.0,2.0,0
zbl eps=0.3,30.0,3.0,0
zbl eps=0.3,30.0,4.0,0
zbl eps=0.3,30.0,5.0,0
zbl eps=0.3,30.0,6.0,0
zbl eps=0.3,30.0,7.0,0
zbl eps=0.3,30.0,8.0,0
zbl eps=0.3,30.0,9.0,0
zbl eps=0.3,30.0,10.0,0
zbl eps=0.3,30.0,11.0,0
zbl eps=0.3,30.0,12.0,0
zbl eps=0.3,30.0,13.0,0
zbl eps=0.3,30.0,14.0,0
zbl eps=0.3,30.0,15.0,0
zbl eps=0.3,30.0,16.0,0
zbl eps=0.3,30.0,17.0,0
zbl eps=0.3,30.0,18.0,0
zbl eps=0.3,30.0,19.0,0
zbl eps=0.3,30.0,20.0,0
zbl eps=0.3,30.0,21.0,0
zbl eps=0.3,30.0,22.0,0
zbl eps=0.3,30.0,23.0,0
zbl eps=0.3,30.0,24.0,0
zbl eps=0.3,30.0,25.0,0
zbl eps=0.3,30.0,26.0,0
zbl eps=0.3,30.0,27.0,0
zbl eps=0.3,30.0,28.0,0
zbl eps=0.3,30.0,29.0,0
zbl eps=0.3,30.0,30.0,0
zbl eps=0.3,33.6,0.0,0
zbl eps=0.3,33.6,1.0,0
zbl eps=0.3,33.6,2.0,0
zbl eps=0.3,33.6,3.0,0
zbl eps=0.3,33.6,4.0,0
zbl eps=0.3,33.6,5.0,0
zbl eps=0.3,33.6,6.0,0
zbl eps=0.3,33.6,7.0,0
zbl eps=0.3,33.6,8.0,0
zbl eps=0.3,33.6,9.0,0
zbl eps=0.3,33.6,10.0,0
zbl eps=0.3,33.6,11.0,0
zbl eps=0.3,33.6,12.0,0
zbl eps=0.3,33.6,13.0,0
zbl eps=0.3,33.6,14.0,0
zbl eps=0.3,33.6,15.0,0
zbl eps=0.3,33.6,16.0,0
zbl eps=0.3,33.6,17.0,0
zbl eps=0.3,33.6,18.0,0
zbl eps=0.3,33.6,19.0,0
zbl eps=0.3,33.6,20.0,0
zbl eps=0.3,33.6,21.0,0
zbl eps=0.3,33.6,22.0,0
zbl eps=0.3,33.6,23.0,0
zbl eps=0.3,33.6,24.0,0
zbl eps=0.3,33.6,25.0,0
zbl eps=0.3,33.6,26.0,0
zbl eps=0.3,33.6,27.0,0
zbl eps=0.3,33.6,28.0,0
zbl eps=0.3,33.6,29.0,0
zbl eps=0.3,33.6,30.0,0
zbl eps=0.3,37.632000000000005,0.0,0
zbl eps=0.3,37.632000000000005,1.0,0
zbl eps=0.3,37.632000000000005,2.0,0
zbl eps=0.3,37.632000000000005,3.0,0
zbl eps=0.3,37.632000000000005,4.0,0
zbl eps=0.3,37.632000000000005,5.0,0
zbl eps=0.3,37.632000000000005,6.0,0
zbl eps=0.3,37.632000000000005,7.0,0
zbl eps=0.3,37.632000000000005,8.0,0
zbl eps=0.3,37.632000000000005,9.0,0
zbl eps=0.3,37.632000000000005,10.0,0
zbl eps=0.3,37.632000000000005,11.0,0
zbl eps=0.3,37.632000000000005,12.0,0
zbl eps=0.3,37.632000000000005,13.0,0
zbl eps=0.3,37.632000000000005,14.0,0
zbl eps=0.3,37.632000000000005,15.0,0
zbl eps=0.3,37.632000000000005,16.0,0
zbl eps=0.3,37.632000000000005,17.0,0
zbl eps=0.3,37.632000000000005,18.0,0
zbl eps=0.3,37.632000000000005,19.0,0
zbl eps=0.3,37.632000000000005,20.0,0
zbl eps=0.3,37.632000000000005,21.0,0
zbl eps=0.3,37.632000000000005,22.0,0
zbl eps=0.3,37.632000000000005,23.0,0
zbl eps=0.3,37.632000000000005,24.0,0
zbl eps=0.3,37.632000000000005,25.0,0
zbl eps=0.3,37.632000000000005,26.0,0
zbl eps=0.3,37.632000000000005,27.0,0
zbl eps=0.3,37.632000000000005,28.0,0
zbl eps=0.3,37.632000000000005,29.0,0
zbl eps=0.3,37.632000000000005,30.0,0
zbl eps=0.3,42.14784000000001,0.0,0
zbl eps=0.3,42.14784000000001,1.0,0
zbl eps=0.3,42.14784000000001,2.0,0
zbl eps=0.3,42.14784000000001,3.0,0
zbl eps=0.3,42.14784000000001,4.0,0
zbl eps=0.3,42.14784000000001,5.0,0
zbl eps=0.3,42.14784000000001,6.0,0
zbl eps=0.3,42.14784000000001,7.0,0
zbl eps=0.3,42.14784000000001,8.0,0
zbl eps=0.3,42.14784000000001,9.0,0
zbl eps=0.3,42.14784000000001,10.0,0
zbl eps=0.3,42.14784000000001,11.0,0
zbl eps=0.3,42.14784000000001,12.0,0
zbl eps=0.3,42.14784000000001,13.0,0
zbl eps=0.3,42.14784000000001,14.0,0
zbl eps=0.3,42.14784000000001,15.0,0
zbl eps=0.3,42.14784000000001,16.0,0
zbl eps=0.3,42.14784000000001,17.0,0
zbl eps=0.3,42.14784000000001,18.0,0
zbl eps=0.3,42.14784000000001,19.0,0
zbl eps=0.3,42.14784000000001,20.0,0
zbl eps=0.3,42.14784000000001,21.0,0
zbl eps=0.3,42.14784000000001,22.0,0
zbl eps=0.3,42.14784000000001,23.0,0
zbl eps=0.3,42.14784000000001,24.0,0
zbl eps=0.3,42.14784000000001,25.0,0
zbl eps=0.3,42.14784000000001,26.0,0
zbl eps=0.3,42.14784000000001,27.0,0
zbl eps=0.3,42.14784000000001,28.0,0
zbl eps=0.3,42.14784000000001,29.0,0
zbl eps=0.3,42.14784000000001,30.0,0
zbl eps=0.3,47.20558080000002,0.0,0
zbl eps=0.3,47.20558080000002,1.0,0
zbl eps=0.3,47.20558080000002,2.0,0
zbl eps=0.3,47.20558080000002,3.0,0
zbl eps=0.3,47.20558080000002,4.0,0
zbl eps=0.3,47.20558080000002,5.0,0
zbl eps=0.3,47.20558080000002,6.0,0
zbl eps=0.3,47.20558080000002,7.0,0
zbl eps=0.3,47.20558080000002,8.0,0
zbl eps=0.3,47.20558080000002,9.0,0
zbl eps=0.3,47.20558080000002,10.0,0
zbl eps=0.3,47.20558080000002,11.0,0
zbl eps=0.3,47.20558080000002,12.0,0
zbl eps=0.3,47.20558080000002,13.0,0
zbl eps=0.3,47.20558080000002,14.0,0
zbl eps=0.3,47.20558080000002,15.0,0
zbl eps=0.3,47.20558080000002,16.0,0
zbl eps=0.3,47.20558080000002,17.0,0
zbl eps=0.3,47.20558080000002,18.0,0
zbl eps=0.3,47.20558080000002,19.0,0
zbl eps=0.3,47.20558080000002,20.0,0
zbl eps=0.3,47.20558080000002,21.0,0
zbl eps=0.3,47.20558080000002,22.0,0
zbl eps=0.3,47.20558080000002,23.0,0
zbl eps=0.3,47.20558080000002,24.0,0
zbl eps=0.3,47.20558080000002,25.0,0
zbl eps=0.3,47.20558080000002,26.0,0
zbl eps=0.3,47.20558080000002,27.0,0
zbl eps=0.3,47.20558080000002,28.0,0
zbl eps=0.3,47.20558080000002,29.0,0
zbl eps=0.3,47.20558080000002,30.0,0
zbl eps=0.3,52.870250496000025,0.0,0
zbl eps=0.3,52.870250496000025,1.0,0
zbl eps=0.3,52.870250496000025,2.0,0
zbl eps=0.3,52.870250496000025,3.0,0
zbl eps=0.3,52.870250496000025,4.0,0
zbl eps=0.3,52.870250496000025,5.0,0
zbl eps=0.3,52.870250496000025,6.0,0
zbl eps=0.3,52.870250496000025,7.0,0
zbl eps=0.3,52.870250496000025,8.0,0
zbl eps=0.3,52.870250496000025,9.0,0
zbl eps=0.3,52.870250496000025,10.0,0
zbl eps=0.3,52.870250496000025,11.0,0
zbl eps=0.3,52.870250496000025,12.0,0
zbl eps=0.3,52.870250496000025,13.0,0
zbl eps=0.3,52.870250496000025,14.0,0
zbl eps=0.3,52.870250496000025,15.0,0
zbl eps=0.3,52.870250496000025,16.0,0
zbl eps=0.3,52.870250496000025,17.0,0
zbl eps=0.3,52.870250496000025,18.0,0
zbl eps=0.3,52.870250496000025,19.0,0
zbl eps=0.3,52.870250496000025,20.0,0
zbl eps=0.3,52.870250496000025,21.0,0
zbl eps=0.3,52.870250496000025,22.0,0
zbl eps=0.3,52.870250496000025,23.0,0
zbl eps=0.3,52.870250496000025,24.0,0
zbl eps=0.3,52.870250496000025,25.0,0
zbl eps=0.3,52.870250496000025,26.0,0
zbl eps=0.3,52.870250496000025,27.0,0
zbl eps=0.3,52.870250496000025,28.0,0
zbl eps=0.3,52.870250496000025,29.0,0
zbl eps=0.3,52.870250496000025,30.0,0
zbl eps=0.3,59.21468055552003,0.0,0
zbl eps=0.3,59.21468055552003,1.0,0
zbl eps=0.3,59.21468055552003,2.0,0
zbl eps=0.3,59.21468055552003,3.0,0
zbl eps=0.3,59.21468055552003,4.0,0
zbl eps=0.3,59.21468055552003,5.0,0
zbl eps=0.3,59.21468055552003,6.0,0
zbl eps=0.3,59.21468055552003,7.0,0
zbl eps=0.3,59.21468055552003,8.0,0
zbl eps=0.3,59.21468055552003,9.0,0
zbl eps=0.3,59.21468055552003,10.0,0
zbl eps=0.3,59.21468055552003,11.0,0
zbl eps=0.3,59.21468055552003,12.0,0
zbl eps=0.3,59.21468055552003,13.0,0
zbl eps=0.3,59.21468055552003,14.0,0
zbl eps=0.3,59.21468055552003,15.0,0
zbl eps=0.3,59.21468055552003,16.0,0
zbl eps=0.3,59.21468055552003,17.0,0
zbl eps=0.3,59.21468055552003,18.0,0
zbl eps=0.3,59.21468055552003,19.0,0
zbl eps=0.3,59.21468055552003,20.0,0
zbl eps=0.3,59.21468055552003,21.0,0
zbl eps=0.3,59.21468055552003,22.0,0
zbl eps=0.3,59.21468055552003,23.0,0
zbl eps=0.3,59.21468055552003,24.0,0
zbl eps=0.3,59.21468055552003,25.0,0
zbl eps=0.3,59.21468055552003,26.0,0
zbl eps=0.3,59.21468055552003,27.0,0
zbl eps=0.3,59.21468055552003,28.0,0
zbl eps=0.3,59.21468055552003,29.0,0
zbl eps=0.3,59.21468055552003,30.0,0
zbl eps=0.3,66.32044222218244,0.0,0
zbl eps=0.3,66.32044222218244,1.0,0
zbl eps=0.3,66.32044222218244,2.0,0
zbl eps=0.3,66.32044222218244,3.0,0
zbl eps=0.3,66.32044222218244,4.0,0
zbl eps=0.3,66.32044222218244,5.0,0
zbl eps=0.3,66.32044222218244,6.0,0
zbl eps=0.3,66.32044222218244,7.0,0
zbl eps=0.3,66.32044222218244,8.0,0
zbl eps=0.3,66.32044222218244,9.0,0
zbl eps=0.3,66.32044222218244,10.0,0
zbl eps=0.3,66.32044222218244,11.0,0
zbl eps=0.3,66.32044222218244,12.0,0
zbl eps=0.3,66.32044222218244,13.0,0
zbl eps=0.3,66.32044222218244,14.0,0
zbl eps=0.3,66.32044222218244,15.0,0
zbl eps=0.3,66.32044222218244,16.0,0
zbl eps=0.3,66.32044222218244,17.0,0
zbl eps=0.3,66.32044222218244,18.0,0
zbl eps=0.3,66.32044222218244,19.0,0
zbl eps=0.3,66.32044222218244,20.0,0
zbl eps=0.3,66.32044222218244,21.0,0
zbl eps=0.3,66.32044222218244,22.0,0
zbl eps=0.3,66.32044222218244,23.0,0
zbl eps=0.3,66.32044222218244,24.0,0
zbl eps=0.3,66.32044222218244,25.0,0
zbl eps=0.3,66.32044222218244,26.0,0
zbl eps=0.3,66.32044222218244,27.0,0
zbl eps=0.3,66.32044222218244,28.0,0
zbl eps=0.3,66.32044222218244,29.0,0
zbl eps=0.3,66.32044222218244,30.0,0
zbl eps=0.3,74.27889528884434,0.0,0
zbl eps=0.3,74.27889528884434,1.0,0
zbl eps=0.3,74.27889528884434,2.0,0
zbl eps=0.3,74.27889528884434,3.0,0
zbl eps=0.3,74.27889528884434,4.0,0
zbl eps=0.3,74.27889528884434,5.0,0
zbl eps=0.3,74.27889528884434,6.0,0
zbl eps=0.3,74.27889528884434,7.0,0
zbl eps=0.3,74.27889528884434,8.0,0
zbl eps=0.3,74.27889528884434,9.0,0
zbl eps=0.3,74.27889528884434,10.0,0
zbl eps=0.3,74.27889528884434,11.0,0
zbl eps=0.3,74.27889528884434,12.0,0
zbl eps=0.3,74.27889528884434,13.0,0
zbl eps=0.3,74.27889528884434,14.0,0
zbl eps=0.3,74.27889528884434,15.0,0
zbl eps=0.3,74.27889528884434,16.0,0
zbl eps=0.3,74.27889528884434,17.0,0
zbl eps=0.3,74.27889528884434,18.0,0
zbl eps=0.3,74.27889528884434,19.0,0
zbl eps=0.3,74.27889528884434,20.0,0
zbl eps=0.3,74.27889528884434,21.0,0
zbl eps=0.3,74.27889528884434,22.0,0
zbl eps=0.3,74.27889528884434,23.0,0
zbl eps=0.3,74.27889528884434,24.0,0
zbl eps=0.3,74.27889528884434,25.0,0
zbl eps=0.3,74.27889528884434,26.0,0
zbl eps=0.3,74.27889528884434,27.0,0
zbl eps=0.3,74.27889528884434,28.0,0
zbl eps=0.3,74.27889528884434,29.0,0
zbl eps=0.3,74.27889528884434,30.0,0
zbl eps=0.3,83.19236272350568,0.0,0
zbl eps=0.3,83.19236272350568,1.0,0
zbl eps=0.3,83.19236272350568,2.0,0
zbl eps=0.3,83.19236272350568,3.0,0
zbl eps=0.3,83.19236272350568,4.0,0
zbl eps=0.3,83.19236272350568,5.0,0
zbl eps=0.3,83.19236272350568,6.0,0
zbl eps=0.3,83.19236272350568,7.0,0
zbl eps=0.3,83.19236272350568,8.0,0
zbl eps=0.3,83.19236272350568,9.0,0
zbl eps=0.3,83.19236272350568,10.0,0
zbl eps=0.3,83.19236272350568,11.0,0
zbl eps=0.3,83.19236272350568,12.0,0
zbl eps=0.3,83.19236272350568,13.0,0
zbl eps=0.3,83.19236272350568,14.0,0
zbl eps=0.3,83.19236272350568,15.0,0
zbl eps=0.3,83.19236272350568,16.0,0
zbl eps=0.3,83.19236272350568,17.0,0
zbl eps=0.3,83.19236272350568,18.0,0
zbl eps=0.3,83.19236272350568,19.0,0
zbl eps=0.3,83.19236272350568,20.0,0
zbl eps=0.3,83.19236272350568,21.0,0
zbl eps=0.3,83.19236272350568,22.0,0
zbl eps=0.3,83.19236272350568,23.0,0
zbl eps=0.3,83.19236272350568,24.0,0
zbl eps=0.3,83.19236272350568,25.0,0
zbl eps=0.3,83.19236272350568,26.0,0
zbl eps=0.3,83.19236272350568,27.0,0
zbl eps=0.3,83.19236272350568,28.0,0
zbl eps=0.3,83.19236272350568,29.0,0
zbl eps=0.3,83.19236272350568,30.0,0
zbl eps=0.3,93.17544625032636,0.0,0
zbl eps=0.3,93.17544625032636,1.0,0
zbl eps=0.3,93.17544625032636,2.0,0
zbl eps=0.3,93.17544625032636,3.0,0
zbl eps=0.3,93.17544625032636,4.0,0
zbl eps=0.3,93.17544625032636,5.0,0
zbl eps=0.3,93.17544625032636,6.0,0
zbl eps=0.3,93.17544625032636,7.0,0
zbl eps=0.3,93.17544625032636,8.0,0
zbl eps=0.3,93.17544625032636,9.0,0
zbl eps=0.3,93.17544625032636,10.0,0
zbl eps=0.3,93.17544625032636,11.0,0
zbl eps=0.3,93.17544625032636,12.0,0
zbl eps=0.3,93.17544625032636,13.0,0
zbl eps=0.3,93.17544625032636,14.0,0
zbl eps=0.3,93.17544625032636,15.0,0
zbl eps=0.3,93.17544625032636,16.0,0
zbl eps=0.3,93.17544625032636,17.0,0
zbl eps=0.3,93.17544625032636,18.0,0
zbl eps=0.3,93.17544625032636,19.0,0
zbl eps=0.3,93.17544625032636,20.0,0
zbl eps=0.3,93.17544625032636,21.0,0
zbl eps=0.3,93.17544625032636,22.0,0
zbl eps=0.3,93.17544625032636,23.0,0
zbl eps=0.3,93.17544625032636,24.0,0
zbl eps=0.3,93.17544625032636,25.0,0
zbl eps=0.3,93.17544625032636,26.0,0
zbl eps=0.3,93.17544625032636,27.0,0
zbl eps=0.3,93.17544625032636,28.0,0
zbl eps=0.3,93.17544625032636,29.0,0
zbl eps=0.3,93.17544625032636,30.0,0
zbl eps=0.3,104.35649980036554,0.0,0
zbl eps=0.3,104.35649980036554,1.0,0
zbl eps=0.3,104.35649980036554,2.0,0
zbl eps=0.3,104.35649980036554,3.0,0
zbl eps=0.3,104.35649980036554,4.0,0
zbl eps=0.3,104.35649980036554,5.0,0
zbl eps=0.3,104.35649980036554,6.0,0
zbl eps=0.3,104.35649980036554,7.0,0
zbl eps=0.3,104.35649980036554,8.0,0
zbl eps=0.3,104.35649980036554,9.0,0
zbl eps=0.3,104.35649980036554,10.0,0
zbl eps=0.3,104.35649980036554,11.0,0
zbl eps=0.3,104.35649980036554,12.0,0
zbl eps=0.3,104.35649980036554,13.0,0
zbl eps=0.3,104.35649980036554,14.0,0
zbl eps=0.3,104.35649980036554,15.0,0
zbl eps=0.3,104.35649980036554,16.0,0
zbl eps=0.3,104.35649980036554,17.0,0
zbl eps=0.3,104.35649980036554,18.0,0
zbl eps=0.3,104.35649980036554,19.0,0
zbl eps=0.3,104.35649980036554,20.0,0
zbl eps=0.3,104.35649980036554,21.0,0
zbl eps=0.3,104.35649980036554,22.0,0
zbl eps=0.3,104.35649980036554,23.0,0
zbl eps=0.3,104.35649980036554,24.0,0
zbl eps=0.3,104.35649980036554,25.0,0
zbl eps=0.3,104.35649980036554,26.0,0
zbl eps=0.3,104.35649980036554,27.0,0
zbl eps=0.3,104.35649980036554,28.0,0
zbl eps=0.3,104.35649980036554,29.0,0
zbl eps=0.3,104.35649980036554,30.0,0
zbl eps=0.3,116.87927977640942,0.0,0
zbl eps=0.3,116.87927977640942,1.0,0
zbl eps=0.3,116.87927977640942,2.0,0
zbl eps=0.3,116.87927977640942,3.0,0
zbl eps=0.3,116.87927977640942,4.0,0
zbl eps=0.3,116.87927977640942,5.0,0
zbl eps=0.3,116.87927977640942,6.0,0
zbl eps=0.3,116.87927977640942,7.0,0
zbl eps=0.3,116.87927977640942,8.0,0
zbl eps=0.3,116.87927977640942,9.0,0
zbl eps=0.3,116.87927977640942,10.0,0
zbl eps=0.3,116.87927977640942,11.0,0
zbl eps=0.3,116.87927977640942,12.0,0
zbl eps=0.3,116.87927977640942,13.0,0
zbl eps=0.3,116.87927977640942,14.0,0
zbl eps=0.3,116.87927977640942,15.0,0
zbl eps=0.3,116.87927977640942,16.0,0
zbl eps=0.3,116.87927977640942,17.0,0
zbl eps=0.3,116.87927977640942,18.0,0
zbl eps=0.3,116.87927977640942,19.0,0
zbl eps=0.3,116.87927977640942,20.0,0
zbl eps=0.3,116.87927977640942,21.0,0
zbl eps=0.3,116.87927977640942,22.0,0
zbl eps=0.3,116.87927977640942,23.0,0
zbl eps=0.3,116.87927977640942,24.0,0
zbl eps=0.3,116.87927977640942,25.0,0
zbl eps=0.3,116.87927977640942,26.0,0
zbl eps=0.3,116.87927977640942,27.0,0
zbl eps=0.3,116.87927977640942,28.0,0
zbl eps=0.3,116.87927977640942,29.0,0
zbl eps=0.3,116.87927977640942,30.0,0
zbl eps=0.3,130.90479334957857,0.0,0
zbl eps=0.3,130.90479334957857,1.0,0
zbl eps=0.3,130.90479334957857,2.0,0
zbl eps=0.3,130.90479334957857,3.0,0
zbl eps=0.3,130.90479334957857,4.0,0
zbl eps=0.3,130.90479334957857,5.0,0
zbl eps=0.3,130.90479334957857,6.0,0
zbl eps=0.3,130.90479334957857,7.0,0
zbl eps=0.3,130.90479334957857,8.0,0
zbl eps=0.3,130.90479334957857,9.0,0
zbl eps=0.3,130.90479334957857,10.0,0
zbl eps=0.3,130.90479334957857,11.0,0
zbl eps=0.3,130.90479334957857,12.0,0
zbl eps=0.3,130.90479334957857,13.0,0
zbl eps=0.3,130.90479334957857,14.0,0
zbl eps=0.3,130.90479334957857,15.0,0
zbl eps=0.3,130.90479334957857,16.0,0
zbl eps=0.3,130.90479334957857,17.0,0
zbl eps=0.3,130.90479334957857,18.0,0
zbl eps=0.3,130.90479334957857,19.0,0
zbl eps=0.3,130.90479334957857,20.0,0
zbl eps=0.3,130.90479334957857,21.0,0
zbl eps=0.3,130.90479334957857,22.0,0
zbl eps=0.3,130.90479334957857,23.0,0
zbl eps=0.3,130.90479334957857,24.0,0
zbl eps=0.3,130.90479334957857,25.0,0
zbl eps=0.3,130.90479334957857,26.0,0
zbl eps=0.3,130.90479334957857,27.0,0
zbl eps=0.3,130.90479334957857,28.0,0
zbl eps=0.3,130.90479334957857,29.0,0
zbl eps=0.3,130.90479334957857,30.0,0
zbl eps=0.3,146.613368551528,0.0,0
zbl eps=0.3,146.613368551528,1.0,0
zbl eps=0.3,146.613368551528,2.0,0
zbl eps=0.3,146.613368551528,3.0,0
zbl eps=0.3,146.613368551528,4.0,0
zbl eps=0.3,146.613368551528,5.0,0
zbl eps=0.3,146.613368551528,6.0,0
zbl eps=0.3,146.613368551528,7.0,0
zbl eps=0.3,146.613368551528,8.0,0
zbl eps=0.3,146.613368551528,9.0,0
zbl eps=0.3,146.613368551528,10.0,0
zbl eps=0.3,146.613368551528,11.0,0
zbl eps=0.3,146.613368551528,12.0,0
zbl eps=0.3,146.613368551528,13.0,0
zbl eps=0.3,146.613368551528,14.0,0
zbl eps=0.3,146.613368551528,15.0,0
zbl eps=0.3,146.613368551528,16.0,0
zbl eps=0.3,146.613368551528,17.0,0
zbl eps=0.3,146.613368551528,18.0,0
zbl eps=0.3,146.613368551528,19.0,0
zbl eps=0.3,146.613368551528,20.0,0
zbl eps=0.3,146.613368551528,21.0,0
zbl eps=0.3,146.613368551528,22.0,0
zbl eps=0.3,146.613368551528,23.0,0
zbl eps=0.3,146.613368551528,24.0,0
zbl eps=0.3,146.613368551528,25.0,0
zbl eps=0.3,146.613368551528,26.0,0
zbl eps=0.3,146.613368551528,27.0,0
zbl eps=0.3,146.613368551528,28.0,0
zbl eps=0.3,146.613368551528,29.0,0
zbl eps=0.3,146.613368551528,30.0,0
zbl eps=0.3,164.20697277771137,0.0,0
zbl eps=0.3,164.20697277771137,1.0,0
zbl eps=0.3,164.20697277771137,2.0,0
zbl eps=0.3,164.20697277771137,3.0,0
zbl eps=0.3,164.20697277771137,4.0,0
zbl eps=0.3,164.20697277771137,5.0,0
zbl eps=0.3,164.20697277771137,6.0,0
zbl eps=0.3,164.20697277771137,7.0,0
zbl eps=0.3,164.20697277771137,8.0,0
zbl eps=0.3,164.20697277771137,9.0,0
zbl eps=0.3,164.20697277771137,10.0,0
zbl eps=0.3,164.20697277771137,11.0,0
zbl eps=0.3,164.20697277771137,12.0,0
zbl eps=0.3,164.20697277771137,13.0,0
zbl eps=0.3,164.20697277771137,14.0,0
zbl eps=0.3,164.20697277771137,15.0,0
zbl eps=0.3,164.20697277771137,16.0,0
zbl eps=0.3,164.20697277771137,17.0,0
zbl eps=0.3,164.20697277771137,18.0,0
zbl eps=0.3,164.20697277771137,19.0,1
zbl eps=0.3,164.20697277771137,20.0,0
zbl eps=0.3,164.20697277771137,21.0,0
zbl eps=0.3,164.20697277771137,22.0,0
zbl eps=0.3,164.20697277771137,23.0,0
zbl eps=0.3,164.20697277771137,24.0,0
zbl eps=0.3,164.20697277771137,25.0,0
zbl eps=0.3,164.20697277771137,26.0,0
zbl eps=0.3,164.20697277771137,27.0,0
zbl eps=0.3,164.20697277771137,28.0,0
zbl eps=0.3,164.20697277771137,29.0,0
zbl eps=0.3,164.20697277771137,30.0,0
zbl eps=0.3,183.91180951103675,0.0,0
zbl eps=0.3,183.91180951103675,1.0,0
zbl eps=0.3,183.91180951103675,2.0,0
zbl eps=0.3,183.91180951103675,3.0,0
zbl eps=0.3,183.91180951103675,4.0,0
zbl eps=0.3,183.91180951103675,5.0,0
zbl eps=0.3,183.91180951103675,6.0,0
zbl eps=0.3,183.91180951103675,7.0,0
zbl eps=0.3,183.91180951103675,8.0,0
zbl eps=0.3,183.91180951103675,9.0,0
zbl eps=0.3,183.91180951103675,10.0,0
zbl eps=0.3,183.91180951103675,11.0,0
zbl eps=0.3,183.91180951103675,12.0,0
zbl eps=0.3,183.91180951103675,13.0,0
zbl eps=0.3,183.91180951103675,14.0,0
zbl eps=0.3,183.91180951103675,15.0,0
zbl eps=0.3,183.91180951103675,16.0,0
zbl eps=0.3,183.91180951103675,17.0,1
zbl eps=0.3,183.91180951103675,18.0,2
zbl eps=0.3,183.91180951103675,19.0,1
zbl eps=0.3,183.91180951103675,20.0,1
zbl eps=0.3,183.91180951103675,21.0,1
zbl eps=0.3,183.91180951103675,22.0,1
zbl eps=0.3,183.91180951103675,23.0,1
zbl eps=0.3,183.91180951103675,24.0,1
zbl eps=0.3,183.91180951103675,25.0,1
zbl eps=0.3,183.91180951103675,26.0,0
zbl eps=0.3,183.91180951103675,27.0,0
zbl eps=0.3,183.91180951103675,28.0,0
zbl eps=0.3,183.91180951103675,29.0,0
zbl eps=0.3,183.91180951103675,30.0,0
zbl eps=0.3,205.98122665236116,0.0,0
zbl eps=0.3,205.98122665236116,1.0,0
zbl eps=0.3,205.98122665236116,2.0,0
zbl eps=0.3,205.98122665236116,3.0,0
zbl eps=0.3,205.98122665236116,4.0,0
zbl eps=0.3,205.98122665236116,5.0,0
zbl eps=0.3,205.98122665236116,6.0,0
zbl eps=0.3,205.98122665236116,7.0,0
zbl eps=0.3,205.98122665236116,8.0,0
zbl eps=0.3,205.98122665236116,9.0,0
zbl eps=0.3,205.98122665236116,10.0,0
zbl eps=0.3,205.98122665236116,11.0,0
zbl eps=0.3,205.98122665236116,12.0,0
zbl eps=0.3,205.98122665236116,13.0,1
zbl eps=0.3,205.98122665236116,14.0,1
zbl eps=0.3,205.98122665236116,15.0,1
zbl eps=0.3,205.98122665236116,16.0,1
zbl eps=0.3,205.98122665236116,17.0,1
zbl eps=0.3,205.98122665236116,18.0,1
zbl eps=0.3,205.98122665236116,19.0,1
zbl eps=0.3,205.98122665236116,20.0,1
zbl eps=0.3,205.98122665236116,21.0,1
zbl eps=0.3,205.98122665236116,22.0,1
zbl eps=0.3,205.98122665236116,23.0,1
zbl eps=0.3,205.98122665236116,24.0,1
zbl eps=0.3,205.98122665236116,25.0,1
zbl eps=0.3,205.98122665236116,26.0,1
zbl eps=0.3,205.98122665236116,27.0,1
zbl eps=0.3,205.98122665236116,28.0,0
zbl eps=0.3,205.98122665236116,29.0,0
zbl eps=0.3,205.98122665236116,30.0,0
zbl eps=0.3,230.69897385064456,0.0,0
zbl eps=0.3,230.69897385064456,1.0,0
zbl eps=0.3,230.69897385064456,2.0,0
zbl eps=0.3,230.69897385064456,3.0,0
zbl eps=0.3,230.69897385064456,4.0,0
zbl eps=0.3,230.69897385064456,5.0,0
zbl eps=0.3,230.69897385064456,6.0,0
zbl eps=0.3,230.69897385064456,7.0,0
zbl eps=0.3,230.69897385064456,8.0,0
zbl eps=0.3,230.69897385064456,9.0,0
zbl eps=0.3,230.69897385064456,10.0,0
zbl eps=0.3,230.69897385064456,11.0,0
zbl eps=0.3,230.69897385064456,12.0,0
zbl eps=0.3,230.69897385064456,13.0,1
zbl eps=0.3,230.69897385064456,14.0,1
zbl eps=0.3,230.69897385064456,15.0,1
zbl eps=0.3,230.69897385064456,16.0,1
zbl eps=0.3,230.69897385064456,17.0,1
zbl eps=0.3,230.69897385064456,18.0,1
zbl eps=0.3,230.69897385064456,19.0,1
zbl eps=0.3,230.69897385064456,20.0,1
zbl eps=0.3,230.69897385064456,21.0,1
zbl eps=0.3,230.69897385064456,22.0,1
zbl eps=0.3,230.69897385064456,23.0,1
zbl eps=0.3,230.69897385064456,24.0,1
zbl eps=0.3,230.69897385064456,25.0,1
zbl eps=0.3,230.69897385064456,26.0,1
zbl eps=0.3,230.69897385064456,27.0,1
zbl eps=0.3,230.69897385064456,28.0,1
zbl eps=0.3,230.69897385064456,29.0,1
zbl eps=0.3,230.69897385064456,30.0,0
zbl eps=0.3,258.3828507127219,0.0,0
zbl eps=0.3,258.3828507127219,1.0,0
zbl eps=0.3,258.3828507127219,2.0,0
zbl eps=0.3,258.3828507127219,3.0,0
zbl eps=0.3,258.3828507127219,4.0,0
zbl eps=0.3,258.3828507127219,5.0,0
zbl eps=0.3,258.3828507127219,6.0,0
zbl eps=0.3,258.3828507127219,7.0,0
zbl eps=0.3,258.3828507127219,8.0,0
zbl eps=0.3,258.3828507127219,9.0,0
zbl eps=0.3,258.3828507127219,10.0,0
zbl eps=0.3,258.3828507127219,11.0,1
zbl eps=0.3,258.3828507127219,12.0,0
zbl eps=0.3,258.3828507127219,13.0,1
zbl eps=0.3,258.3828507127219,14.0,1
zbl eps=0.3,258.3828507127219,15.0,1
zbl eps=0.3,258.3828507127219,16.0,1
zbl eps=0.3,258.3828507127219,17.0,1
zbl eps=0.3,258.3828507127219,18.0,1
zbl eps=0.3,258.3828507127219,19.0,1
zbl eps=0.3,258.3828507127219,20.0,1
zbl eps=0.3,258.3828507127219,21.0,1
zbl eps=0.3,258.3828507127219,22.0,1
zbl eps=0.3,258.3828507127219,23.0,1
zbl eps=0.3,258.3828507127219,24.0,1
zbl eps=0.3,258.3828507127219,25.0,1
zbl eps=0.3,258.3828507127219,26.0,1
zbl eps=0.3,258.3828507127219,27.0,1
zbl eps=0.3,258.3828507127219,28.0,1
zbl eps=0.3,258.3828507127219,29.0,1
zbl eps=0.3,258.3828507127219,30.0,1
zbl eps=0.3,289.3887927982486,0.0,1
zbl eps=0.3,289.3887927982486,1.0,0
zbl eps=0.3,289.3887927982486,2.0,1
zbl eps=0.3,289.3887927982486,3.0,0
zbl eps=0.3,289.3887927982486,4.0,0
zbl eps=0.3,289.3887927982486,5.0,0
zbl eps=0.3,289.3887927982486,6.0,0
zbl eps=0.3,289.3887927982486,7.0,1
zbl eps=0.3,289.3887927982486,8.0,0
zbl eps=0.3,289.3887927982486,9.0,0
zbl eps=0.3,289.3887927982486,10.0,0
zbl eps=0.3,289.3887927982486,11.0,1
zbl eps=0.3,289.3887927982486,12.0,1
zbl eps=0.3,289.3887927982486,13.0,0
zbl eps=0.3,289.3887927982486,14.0,1
zbl eps=0.3,289.3887927982486,15.0,2
zbl eps=0.3,289.3887927982486,16.0,1
zbl eps=0.3,289.3887927982486,17.0,1
zbl eps=0.3,289.3887927982486,18.0,1
zbl eps=0.3,289.3887927982486,19.0,1
zbl eps=0.3,289.3887927982486,20.0,1
zbl eps=0.3,289.3887927982486,21.0,1
zbl eps=0.3,289.3887927982486,22.0,1
zbl eps=0.3,289.3887927982486,23.0,1
zbl eps=0.3,289.3887927982486,24.0,1
zbl eps=0.3,289.3887927982486,25.0,1
zbl eps=0.3,289.3887927982486,26.0,1
zbl eps=0.3,289.3887927982486,27.0,1
zbl eps=0.3,289.3887927982486,28.0,1
zbl eps=0.3,289.3887927982486,29.0,1
zbl eps=0.3,289.3887927982486,30.0,1
zbl eps=0.3,324.11544793403846,0.0,0
zbl eps=0.3,324.11544793403846,1.0,1
zbl eps=0.3,324.11544793403846,2.0,1
zbl eps=0.3,324.11544793403846,3.0,0
zbl eps=0.3,324.11544793403846,4.0,0
zbl eps=0.3,324.11544793403846,5.0,0
zbl eps=0.3,324.11544793403846,6.0,0
zbl eps=0.3,324.11544793403846,7.0,0
zbl eps=0.3,324.11544793403846,8.0,0
zbl eps=0.3,324.11544793403846,9.0,0
zbl eps=0.3,324.11544793403846,10.0,0
zbl eps=0.3,324.11544793403846,11.0,0
zbl eps=0.3,324.11544793403846,12.0,0
zbl eps=0.3,324.11544793403846,13.0,1
zbl eps=0.3,324.11544793403846,14.0,0
zbl eps=0.3,324.11544793403846,15.0,1
zbl eps=0.3,324.11544793403846,16.0,1
zbl eps=0.3,324.11544793403846,17.0,1
zbl eps=0.3,324.11544793403846,18.0,1
zbl eps=0.3,324.11544793403846,19.0,1
zbl eps=0.3,324.11544793403846,20.0,1
zbl eps=0.3,324.11544793403846,21.0,1
zbl eps=0.3,324.11544793403846,22.0,1
zbl eps=0.3,324.11544793403846,23.0,1
zbl eps=0.3,324.11544793403846,24.0,1
zbl eps=0.3,324.11544793403846,25.0,1
zbl eps=0.3,324.11544793403846,26.0,1
zbl eps=0.3,324.11544793403846,27.0,1
zbl eps=0.3,324.11544793403846,28.0,1
zbl eps=0.3,324.11544793403846,29.0,1
zbl eps=0.3,324.11544793403846,30.0,1
zbl eps=0.3,363.0093016861231,0.0,0
zbl eps=0.3,363.0093016861231,1.0,0
zbl eps=0.3,363.0093016861231,2.0,0
zbl eps=0.3,363.0093016861231,3.0,0
zbl eps=0.3,363.0093016861231,4.0,0
zbl eps=0.3,363.0093016861231,5.0,0
zbl eps=0.3,363.0093016861231,6.0,0
zbl eps=0.3,363.0093016861231,7.0,0
zbl eps=0.3,363.0093016861231,8.0,0
zbl eps=0.3,363.0093016861231,9.0,0
zbl eps=0.3,363.0093016861231,10.0,0
zbl eps=0.3,363.0093016861231,11.0,0
zbl eps=0.3,363.0093016861231,12.0,0
zbl eps=0.3,363.0093016861231,13.0,0
zbl eps=0.3,363.0093016861231,14.0,2
zbl eps=0.3,363.0093016861231,15.0,1
zbl eps=0.3,363.0093016861231,16.0,1
zbl eps=0.3,363.0093016861231,17.0,1
zbl eps=0.3,363.0093016861231,18.0,1
zbl eps=0.3,363.0093016861231,19.0,1
zbl eps=0.3,363.0093016861231,20.0,1
zbl eps=0.3,363.0093016861231,21.0,1
zbl eps=0.3,363.0093016861231,22.0,1
zbl eps=0.3,363.0093016861231,23.0,1
zbl eps=0.3,363.0093016861231,24.0,1
zbl eps=0.3,363.0093016861231,25.0,1
zbl eps=0.3,363.0093016861231,26.0,1
zbl eps=0.3,363.0093016861231,27.0,1
zbl eps=0.3,363.0093016861231,28.0,1
zbl eps=0.3,363.0093016861231,29.0,1
zbl eps=0.3,363.0093016861231,30.0,1
zbl eps=0.3,406.5704178884579,0.0,0
zbl eps=0.3,406.5704178884579,1.0,0
zbl eps=0.3,406.5704178884579,2.0,0
zbl eps=0.3,406.5704178884579,3.0,0
zbl eps=0.3,406.5704178884579,4.0,0
zbl eps=0.3,406.5704178884579,5.0,0
zbl eps=0.3,406.5704178884579,6.0,0
zbl eps=0.3,406.5704178884579,7.0,0
zbl eps=0.3,406.5704178884579,8.0,0
zbl eps=0.3,406.5704178884579,9.0,0
zbl eps=0.3,406.5704178884579,10.0,0
zbl eps=0.3,406.5704178884579,11.0,0
zbl eps=0.3,406.5704178884579,12.0,2
zbl eps=0.3,406.5704178884579,13.0,2
zbl eps=0.3,406.5704178884579,14.0,2
zbl eps=0.3,406.5704178884579,15.0,1
zbl eps=0.3,406.5704178884579,16.0,1
zbl eps=0.3,406.5704178884579,17.0,1
zbl eps=0.3,406.5704178884579,18.0,2
zbl eps=0.3,406.5704178884579,19.0,1
zbl eps=0.3,406.5704178884579,20.0,2
zbl eps=0.3,406.5704178884579,21.0,1
zbl eps=0.3,406.5704178884579,22.0,1
zbl eps=0.3,406.5704178884579,23.0,1
zbl eps=0.3,406.5704178884579,24.0,1
zbl eps=0.3,406.5704178884579,25.0,1
zbl eps=0.3,406.5704178884579,26.0,1
zbl eps=0.3,406.5704178884579,27.0,1
zbl eps=0.3,406.5704178884579,28.0,1
zbl eps=0.3,406.5704178884579,29.0,1
zbl eps=0.3,406.5704178884579,30.0,1
zbl eps=0.3,455.3588680350729,0.0,0
zbl eps=0.3,455.3588680350729,1.0,0
zbl eps=0.3,455.3588680350729,2.0,0
zbl eps=0.3,455.3588680350729,3.0,0
zbl eps=0.3,455.3588680350729,4.0,0
zbl eps=0.3,455.3588680350729,5.0,1
zbl eps=0.3,455.3588680350729,6.0,0
zbl eps=0.3,455.3588680350729,7.0,0
zbl eps=0.3,455.3588680350729,8.0,0
zbl eps=0.3,455.3588680350729,9.0,0
zbl eps=0.3,455.3588680350729,10.0,0
zbl eps=0.3,455.3588680350729,11.0,0
zbl eps=0.3,455.3588680350729,12.0,1
zbl eps=0.3,455.3588680350729,13.0,0
zbl eps=0.3,455.3588680350729,14.0,2
zbl eps=0.3,455.3588680350729,15.0,2
zbl eps=0.3,455.3588680350729,16.0,0
zbl eps=0.3,455.3588680350729,17.0,2
zbl eps=0.3,455.3588680350729,18.0,1
zbl eps=0.3,455.3588680350729,19.0,2
zbl eps=0.3,455.3588680350729,20.0,2
zbl eps=0.3,455.3588680350729,21.0,1
zbl eps=0.3,455.3588680350729,22.0,1
zbl eps=0.3,455.3588680350729,23.0,1
zbl eps=0.3,455.3588680350729,24.0,1
zbl eps=0.3,455.3588680350729,25.0,1
zbl eps=0.3,455.3588680350729,26.0,1
zbl eps=0.3,455.3588680350729,27.0,1
zbl eps=0.3,455.3588680350729,28.0,1
zbl eps=0.3,455.3588680350729,29.0,1
zbl eps=0.3,455.3588680350729,30.0,1
zbl eps=0.3,510.00193219928167,0.0,0
zbl eps=0.3,510.00193219928167,1.0,0
zbl eps=0.3,510.00193219928167,2.0,0
zbl eps=0.3,510.00193219928167,3.0,0
zbl eps=0.3,510.00193219928167,4.0,0
zbl eps=0.3,510.00193219928167,5.0,0
zbl eps=0.3,510.00193219928167,6.0,0
zbl eps=0.3,510.00193219928167,7.0,0
zbl eps=0.3,510.00193219928167,8.0,0
zbl eps=0.3,510.00193219928167,9.0,1
zbl eps=0.3,510.00193219928167,10.0,0
zbl eps=0.3,510.00193219928167,11.0,0
zbl eps=0.3,510.00193219928167,12.0,0
zbl eps=0.3,510.00193219928167,13.0,0
zbl eps=0.3,510.00193219928167,14.0,1
zbl eps=0.3,510.00193219928167,15.0,0
zbl eps=0.3,510.00193219928167,16.0,0
zbl eps=0.3,510.00193219928167,17.0,1
zbl eps=0.3,510.00193219928167,18.0,1
zbl eps=0.3,510.00193219928167,19.0,2
zbl eps=0.3,510.00193219928167,20.0,1
zbl eps=0.3,510.00193219928167,21.0,1
zbl eps=0.3,510.00193219928167,22.0,4
zbl eps=0.3,510.00193219928167,23.0,1
zbl eps=0.3,510.00193219928167,24.0,1
zbl eps=0.3,510.00193219928167,25.0,1
zbl eps=0.3,510.00193219928167,26.0,1
zbl eps=0.3,510.00193219928167,27.0,1
zbl eps=0.3,510.00193219928167,28.0,1
zbl eps=0.3,510.00193219928167,29.0,1
zbl eps=0.3,510.00193219928167,30.0,1
zbl eps=0.3,571.2021640631955,0.0,0
zbl eps=0.3,571.2021640631955,1.0,0
zbl eps=0.3,571.2021640631955,2.0,0
zbl eps=0.3,571.2021640631955,3.0,0
zbl eps=0.3,571.2021640631955,4.0,0
zbl eps=0.3,571.2021640631955,5.0,1
zbl eps=0.3,571.2021640631955,6.0,0
zbl eps=0.3,571.2021640631955,7.0,0
zbl eps=0.3,571.2021640631955,8.0,1
zbl eps=0.3,571.2021640631955,9.0,0
zbl eps=0.3,571.2021640631955,10.0,0
zbl eps=0.3,571.2021640631955,11.0,0
zbl eps=0.3,571.2021640631955,12.0,1
zbl eps=0.3,571.2021640631955,13.0,0
zbl eps=0.3,571.2021640631955,14.0,1
zbl eps=0.3,571.2021640631955,15.0,1
zbl eps=0.3,571.2021640631955,16.0,0
zbl eps=0.3,571.2021640631955,17.0,1
zbl eps=0.3,571.2021640631955,18.0,3
zbl eps=0.3,571.2021640631955,19.0,2
zbl eps=0.3,571.2021640631955,20.0,2
zbl eps=0.3,571.2021640631955,21.0,6
zbl eps=0.3,571.2021640631955,22.0,4
zbl eps=0.3,571.2021640631955,23.0,2
zbl eps=0.3,571.2021640631955,24.0,4
zbl eps=0.3,571.2021640631955,25.0,3
zbl eps=0.3,571.2021640631955,26.0,3
zbl eps=0.3,571.2021640631955,27.0,1
zbl eps=0.3,571.2021640631955,28.0,1
zbl eps=0.3,571.2021640631955,29.0,3
zbl eps=0.3,571.2021640631955,30.0,1
zbl eps=0.3,639.7464237507791,0.0,0
zbl eps=0.3,639.7464237507791,1.0,1
zbl eps=0.3,639.7464237507791,2.0,1
zbl eps=0.3,639.7464237507791,3.0,0
zbl eps=0.3,639.7464237507791,4.0,1
zbl eps=0.3,639.7464237507791,5.0,1
zbl eps=0.3,639.7464237507791,6.0,1
zbl eps=0.3,639.7464237507791,7.0,2
zbl eps=0.3,639.7464237507791,8.0,2
zbl eps=0.3,639.7464237507791,9.0,0
zbl eps=0.3,639.7464237507791,10.0,0
zbl eps=0.3,639.7464237507791,11.0,2
zbl eps=0.3,639.7464237507791,12.0,0
zbl eps=0.3,639.7464237507791,13.0,2
zbl eps=0.3,639.7464237507791,14.0,3
zbl eps=0.3,639.7464237507791,15.0,2
zbl eps=0.3,639.7464237507791,16.0,0
zbl eps=0.3,639.7464237507791,17.0,0
zbl eps=0.3,639.7464237507791,18.0,1
zbl eps=0.3,639.7464237507791,19.0,4
zbl eps=0.3,639.7464237507791,20.0,6
zbl eps=0.3,639.7464237507791,21.0,6
zbl eps=0.3,639.7464237507791,22.0,12
zbl eps=0.3,639.7464237507791,23.0,3
zbl eps=0.3,639.7464237507791,24.0,7
zbl eps=0.3,639.7464237507791,25.0,3
zbl eps=0.3,639.7464237507791,26.0,4
zbl eps=0.3,639.7464237507791,27.0,7
zbl eps=0.3,639.7464237507791,28.0,15
zbl eps=0.3,639.7464237507791,29.0,11
zbl eps=0.3,639.7464237507791,30.0,1
zbl eps=0.3,716.5159946008727,0.0,0
zbl eps=0.3,716.5159946008727,1.0,1
zbl eps=0.3,716.5159946008727,2.0,0
zbl eps=0.3,716.5159946008727,3.0,1
zbl eps=0.3,716.5159946008727,4.0,0
zbl eps=0.3,716.5159946008727,5.0,4
zbl eps=0.3,716.5159946008727,6.0,0
zbl eps=0.3,716.5159946008727,7.0,1
zbl eps=0.3,716.5159946008727,8.0,4
zbl eps=0.3,716.5159946008727,9.0,7
zbl eps=0.3,716.5159946008727,10.0,12
zbl eps=0.3,716.5159946008727,11.0,0
zbl eps=0.3,716.5159946008727,12.0,3
zbl eps=0.3,716.5159946008727,13.0,0
zbl eps=0.3,716.5159946008727,14.0,0
zbl eps=0.3,716.5159946008727,15.0,2
zbl eps=0.3,716.5159946008727,16.0,2
zbl eps=0.3,716.5159946008727,17.0,0
zbl eps=0.3,716.5159946008727,18.0,1
zbl eps=0.3,716.5159946008727,19.0,0
zbl eps=0.3,716.5159946008727,20.0,10
zbl eps=0.3,716.5159946008727,21.0,10
zbl eps=0.3,716.5159946008727,22.0,6
zbl eps=0.3,716.5159946008727,23.0,13
zbl eps=0.3,716.5159946008727,24.0,14
zbl eps=0.3,716.5159946008727,25.0,13
zbl eps=0.3,716.5159946008727,26.0,7
zbl eps=0.3,716.5159946008727,27.0,7
zbl eps=0.3,716.5159946008727,28.0,14
zbl eps=0.3,716.5159946008727,29.0,23
zbl eps=0.3,716.5159946008727,30.0,1
zbl eps=0.3,802.4979139529775,0.0,7
zbl eps=0.3,802.4979139529775,1.0,12
zbl eps=0.3,802.4979139529775,2.0,5
zbl eps=0.3,802.4979139529775,3.0,7
zbl eps=0.3,802.4979139529775,4.0,1
zbl eps=0.3,802.4979139529775,5.0,0
zbl eps=0.3,802.4979139529775,6.0,8
zbl eps=0.3,802.4979139529775,7.0,4
zbl eps=0.3,802.4979139529775,8.0,3
zbl eps=0.3,802.4979139529775,9.0,6
zbl eps=0.3,802.4979139529775,10.0,12
zbl eps=0.3,802.4979139529775,11.0,11
zbl eps=0.3,802.4979139529775,12.0,8
zbl eps=0.3,802.4979139529775,13.0,2
zbl eps=0.3,802.4979139529775,14.0,0
zbl eps=0.3,802.4979139529775,15.0,1
zbl eps=0.3,802.4979139529775,16.0,6
zbl eps=0.3,802.4979139529775,17.0,13
zbl eps=0.3,802.4979139529775,18.0,4
zbl eps=0.3,802.4979139529775,19.0,2
zbl eps=0.3,802.4979139529775,20.0,1
zbl eps=0.3,802.4979139529775,21.0,3
zbl eps=0.3,802.4979139529775,22.0,2
zbl eps=0.3,802.4979139529775,23.0,12
zbl eps=0.3,802.4979139529775,24.0,1
zbl eps=0.3,802.4979139529775,25.0,7
zbl eps=0.3,802.4979139529775,26.0,17
zbl eps=0.3,802.4979139529775,27.0,21
zbl eps=0.3,802.4979139529775,28.0,28
zbl eps=0.3,802.4979139529775,29.0,36
zbl eps=0.3,802.4979139529775,30.0,1
zbl eps=0.3,898.7976636273347,0.0,40
zbl eps=0.3,898.7976636273347,1.0,26
zbl eps=0.3,898.7976636273347,2.0,27
zbl eps=0.3,898.7976636273347,3.0,51
zbl eps=0.3,898.7976636273347,4.0,36
zbl eps=0.3,898.7976636273347,5.0,33
zbl eps=0.3,898.7976636273347,6.0,15
zbl eps=0.3,898.7976636273347,7.0,3
zbl eps=0.3,898.7976636273347,8.0,9
zbl eps=0.3,898.7976636273347,9.0,19
zbl eps=0.3,898.7976636273347,10.0,15
zbl eps=0.3,898.7976636273347,11.0,13
zbl eps=0.3,898.7976636273347,12.0,16
zbl eps=0.3,898.7976636273347,13.0,6
zbl eps=0.3,898.7976636273347,14.0,7
zbl eps=0.3,898.7976636273347,15.0,0
zbl eps=0.3,898.7976636273347,16.0,23
zbl eps=0.3,898.7976636273347,17.0,20
zbl eps=0.3,898.7976636273347,18.0,22
zbl eps=0.3,898.7976636273347,19.0,1
zbl eps=0.3,898.7976636273347,20.0,5
zbl eps=0.3,898.7976636273347,21.0,4
zbl eps=0.3,898.7976636273347,22.0,9
zbl eps=0.3,898.7976636273347,23.0,11
zbl eps=0.3,898.7976636273347,24.0,4
zbl eps=0.3,898.7976636273347,25.0,5
zbl eps=0.3,898.7976636273347,26.0,16
zbl eps=0.3,898.7976636273347,27.0,18
zbl eps=0.3,898.7976636273347,28.0,19
zbl eps=0.3,898.7976636273347,29.0,28
zbl eps=0.3,898.7976636273347,30.0,1
zbl eps=0.3,1006.6533832626151,0.0,41
zbl eps=0.3,1006.6533832626151,1.0,40
zbl eps=0.3,1006.6533832626151,2.0,30
zbl eps=0.3,1006.6533832626151,3.0,57
zbl eps=0.3,1006.6533832626151,4.0,31
zbl eps=0.3,1006.6533832626151,5.0,45
zbl eps=0.3,1006.6533832626151,6.0,34
zbl eps=0.3,1006.6533832626151,7.0,29
zbl eps=0.3,1006.6533832626151,8.0,25
zbl eps=0.3,1006.6533832626151,9.0,1
zbl eps=0.3,1006.6533832626151,10.0,40
zbl eps=0.3,1006.6533832626151,11.0,23
zbl eps=0.3,1006.6533832626151,12.0,26
zbl eps=0.3,1006.6533832626151,13.0,23
zbl eps=0.3,1006.6533832626151,14.0,31
zbl eps=0.3,1006.6533832626151,15.0,16
zbl eps=0.3,1006.6533832626151,16.0,7
zbl eps=0.3,1006.6533832626151,17.0,23
zbl eps=0.3,1006.6533832626151,18.0,26
zbl eps=0.3,1006.6533832626151,19.0,14
zbl eps=0.3,1006.6533832626151,20.0,8
zbl eps=0.3,1006.6533832626151,21.0,24
zbl eps=0.3,1006.6533832626151,22.0,33
zbl eps=0.3,1006.6533832626151,23.0,31
zbl eps=0.3,1006.6533832626151,24.0,34
zbl eps=0.3,1006.6533832626151,25.0,29
zbl eps=0.3,1006.6533832626151,26.0,22
zbl eps=0.3,1006.6533832626151,27.0,25
zbl eps=0.3,1006.6533832626151,28.0,35
zbl eps=0.3,1006.6533832626151,29.0,36
zbl eps=0.3,1006.6533832626151,30.0,1
zbl eps=0.3,1127.451789254129,0.0,31
zbl eps=0.3,1127.451789254129,1.0,37
zbl eps=0.3,1127.451789254129,2.0,37
zbl eps=0.3,1127.451789254129,3.0,40
zbl eps=0.3,1127.451789254129,4.0,47
zbl eps=0.3,1127.451789254129,5.0,59
zbl eps=0.3,1127.451789254129,6.0,64
zbl eps=0.3,1127.451789254129,7.0,62
zbl eps=0.3,1127.451789254129,8.0,78
zbl eps=0.3,1127.451789254129,9.0,60
zbl eps=0.3,1127.451789254129,10.0,1
zbl eps=0.3,1127.451789254129,11.0,64
zbl eps=0.3,1127.451789254129,12.0,35
zbl eps=0.3,1127.451789254129,13.0,31
zbl eps=0.3,1127.451789254129,14.0,26
zbl eps=0.3,1127.451789254129,15.0,43
zbl eps=0.3,1127.451789254129,16.0,20
zbl eps=0.3,1127.451789254129,17.0,28
zbl eps=0.3,1127.451789254129,18.0,42
zbl eps=0.3,1127.451789254129,19.0,39
zbl eps=0.3,1127.451789254129,20.0,19
zbl eps=0.3,1127.451789254129,21.0,5
zbl eps=0.3,1127.451789254129,22.0,33
zbl eps=0.3,1127.451789254129,23.0,34
zbl eps=0.3,1127.451789254129,24.0,25
zbl eps=0.3,1127.451789254129,25.0,40
zbl eps=0.3,1127.451789254129,26.0,27
zbl eps=0.3,1127.451789254129,27.0,35
zbl eps=0.3,1127.451789254129,28.0,41
zbl eps=0.3,1127.451789254129,29.0,32
zbl eps=0.3,1127.451789254129,30.0,1
zbl eps=0.3,1262.7460039646246,0.0,69
zbl eps=0.3,1262.7460039646246,1.0,59
zbl eps=0.3,1262.7460039646246,2.0,68
zbl eps=0.3,1262.7460039646246,3.0,63
zbl eps=0.3,1262.7460039646246,4.0,64
zbl eps=0.3,1262.7460039646246,5.0,54
zbl eps=0.3,1262.7460039646246,6.0,63
zbl eps=0.3,1262.7460039646246,7.0,69
zbl eps=0.3,1262.7460039646246,8.0,57
zbl eps=0.3,1262.7460039646246,9.0,70
zbl eps=0.3,1262.7460039646246,10.0,72
zbl eps=0.3,1262.7460039646246,11.0,44
zbl eps=0.3,1262.7460039646246,12.0,77
zbl eps=0.3,1262.7460039646246,13.0,71
zbl eps=0.3,1262.7460039646246,14.0,38
zbl eps=0.3,1262.7460039646246,15.0,32
zbl eps=0.3,1262.7460039646246,16.0,56
zbl eps=0.3,1262.7460039646246,17.0,22
zbl eps=0.3,1262.7460039646246,18.0,55
zbl eps=0.3,1262.7460039646246,19.0,61
zbl eps=0.3,1262.7460039646246,20.0,55
zbl eps=0.3,1262.7460039646246,21.0,36
zbl eps=0.3,1262.7460039646246,22.0,25
zbl eps=0.3,1262.7460039646246,23.0,61
zbl eps=0.3,1262.7460039646246,24.0,37
zbl eps=0.3,1262.7460039646246,25.0,33
zbl eps=0.3,1262.7460039646246,26.0,34
zbl eps=0.3,1262.7460039646246,27.0,34
zbl eps=0.3,1262.7460039646246,28.0,25
zbl eps=0.3,1262.7460039646246,29.0,38
zbl eps=0.3,1262.7460039646246,30.0,1
zbl eps=0.3,1414.2755244403797,0.0,63
zbl eps=0.3,1414.2755244403797,1.0,61
zbl eps=0.3,1414.2755244403797,2.0,75
zbl eps=0.3,1414.2755244403797,3.0,78
zbl eps=0.3,1414.2755244403797,4.0,76
zbl eps=0.3,1414.2755244403797,5.0,62
zbl eps=0.3,1414.2755244403797,6.0,63
zbl eps=0.3,1414.2755244403797,7.0,61
zbl eps=0.3,1414.2755244403797,8.0,57
zbl eps=0.3,1414.2755244403797,9.0,82
zbl eps=0.3,1414.2755244403797,10.0,66
zbl eps=0.3,1414.2755244403797,11.0,65
zbl eps=0.3,1414.2755244403797,12.0,69
zbl eps=0.3,1414.2755244403797,13.0,70
zbl eps=0.3,1414.2755244403797,14.0,68
zbl eps=0.3,1414.2755244403797,15.0,69
zbl eps=0.3,1414.2755244403797,16.0,56
zbl eps=0.3,1414.2755244403797,17.0,72
zbl eps=0.3,1414.2755244403797,18.0,46
zbl eps=0.3,1414.2755244403797,19.0,81
zbl eps=0.3,1414.2755244403797,20.0,68
zbl eps=0.3,1414.2755244403797,21.0,46
zbl eps=0.3,1414.2755244403797,22.0,57
zbl eps=0.3,1414.2755244403797,23.0,50
zbl eps=0.3,1414.2755244403797,24.0,66
zbl eps=0.3,1414.2755244403797,25.0,26
zbl eps=0.3,1414.2755244403797,26.0,52
zbl eps=0.3,1414.2755244403797,27.0,35
zbl eps=0.3,1414.2755244403797,28.0,54
zbl eps=0.3,1414.2755244403797,29.0,30
zbl eps=0.3,1414.2755244403797,30.0,1
zbl eps=0.3,1583.9885873732255,0.0,104
zbl eps=0.3,1583.9885873732255,1.0,77
zbl eps=0.3,1583.9885873732255,2.0,83
zbl eps=0.3,1583.9885873732255,3.0,87
zbl eps=0.3,1583.9885873732255,4.0,78
zbl eps=0.3,1583.9885873732255,5.0,85
zbl eps=0.3,1583.9885873732255,6.0,95
zbl eps=0.3,1583.9885873732255,7.0,63
zbl eps=0.3,1583.9885873732255,8.0,70
zbl eps=0.3,1583.9885873732255,9.0,92
zbl eps=0.3,1583.9885873732255,10.0,100
zbl eps=0.3,1583.9885873732255,11.0,107
zbl eps=0.3,1583.9885873732255,12.0,122
zbl eps=0.3,1583.9885873732255,13.0,86
zbl eps=0.3,1583.9885873732255,14.0,92
zbl eps=0.3,1583.9885873732255,15.0,89
zbl eps=0.3,1583.9885873732255,16.0,93
zbl eps=0.3,1583.9885873732255,17.0,95
zbl eps=0.3,1583.9885873732255,18.0,97
zbl eps=0.3,1583.9885873732255,19.0,71
zbl eps=0.3,1583.9885873732255,20.0,96
zbl eps=0.3,1583.9885873732255,21.0,64
zbl eps=0.3,1583.9885873732255,22.0,60
zbl eps=0.3,1583.9885873732255,23.0,60
zbl eps=0.3,1583.9885873732255,24.0,87
zbl eps=0.3,1583.9885873732255,25.0,41
zbl eps=0.3,1583.9885873732255,26.0,81
zbl eps=0.3,1583.9885873732255,27.0,56
zbl eps=0.3,1583.9885873732255,28.0,34
zbl eps=0.3,1583.9885873732255,29.0,56
zbl eps=0.3,1583.9885873732255,30.0,1
zbl eps=0.3,1774.0672178580126,0.0,127
zbl eps=0.3,1774.0672178580126,1.0,117
zbl eps=0.3,1774.0672178580126,2.0,122
zbl eps=0.3,1774.0672178580126,3.0,121
zbl eps=0.3,1774.0672178580126,4.0,124
zbl eps=0.3,1774.0672178580126,5.0,111
zbl eps=0.3,1774.0672178580126,6.0,106
zbl eps=0.3,1774.0672178580126,7.0,107
zbl eps=0.3,1774.0672178580126,8.0,109
zbl eps=0.3,1774.0672178580126,9.0,121
zbl eps=0.3,1774.0672178580126,10.0,98
zbl eps=0.3,1774.0672178580126,11.0,134
zbl eps=0.3,1774.0672178580126,12.0,131
zbl eps=0.3,1774.0672178580126,13.0,139
zbl eps=0.3,1774.0672178580126,14.0,111
zbl eps=0.3,1774.0672178580126,15.0,111
zbl eps=0.3,1774.0672178580126,16.0,96
zbl eps=0.3,1774.0672178580126,17.0,97
zbl eps=0.3,1774.0672178580126,18.0,101
zbl eps=0.3,1774.0672178580126,19.0,73
zbl eps=0.3,1774.0672178580126,20.0,118
zbl eps=0.3,1774.0672178580126,21.0,103
zbl eps=0.3,1774.0672178580126,22.0,84
zbl eps=0.3,1774.0672178580126,23.0,90
zbl eps=0.3,1774.0672178580126,24.0,68
zbl eps=0.3,1774.0672178580126,25.0,90
zbl eps=0.3,1774.0672178580126,26.0,70
zbl eps=0.3,1774.0672178580126,27.0,89
zbl eps=0.3,1774.0672178580126,28.0,44
zbl eps=0.3,1774.0672178580126,29.0,77
zbl eps=0.3,1774.0672178580126,30.0,1
zbl eps=0.3,1986.955284000974,0.0,115
zbl eps=0.3,1986.955284000974,1.0,123
zbl eps=0.3,1986.955284000974,2.0,109
zbl eps=0.3,1986.955284000974,3.0,127
zbl eps=0.3,1986.955284000974,4.0,122
zbl eps=0.3,1986.955284000974,5.0,134
zbl eps=0.3,1986.955284000974,6.0,125
zbl eps=0.3,1986.955284000974,7.0,133
zbl eps=0.3,1986.955284000974,8.0,138
zbl eps=0.3,1986.955284000974,9.0,141
zbl eps=0.3,1986.955284000974,10.0,140
zbl eps=0.3,1986.955284000974,11.0,131
zbl eps=0.3,1986.955284000974,12.0,133
zbl eps=0.3,1986.955284000974,13.0,134
zbl eps=0.3,1986.955284000974,14.0,119
zbl eps=0.3,1986.955284000974,15.0,105
zbl eps=0.3,1986.955284000974,16.0,138
zbl eps=0.3,1986.955284000974,17.0,102
zbl eps=0.3,1986.955284000974,18.0,121
zbl eps=0.3,1986.955284000974,19.0,130
zbl eps=0.3,1986.955284000974,20.0,108
zbl eps=0.3,1986.955284000974,21.0,130
zbl eps=0.3,1986.955284000974,22.0,79
zbl eps=0.3,1986.955284000974,23.0,110
zbl eps=0.3,1986.955284000974,24.0,125
zbl eps=0.3,1986.955284000974,25.0,129
zbl eps=0.3,1986.955284000974,26.0,110
zbl eps=0.3,1986.955284000974,27.0,92
zbl eps=0.3,1986.955284000974,28.0,94
zbl eps=0.3,1986.955284000974,29.0,75
zbl eps=0.3,1986.955284000974,30.0,1
zbl eps=0.3,2225.3899180810913,0.0,129
zbl eps=0.3,2225.3899180810913,1.0,139
zbl eps=0.3,2225.3899180810913,2.0,139
zbl eps=0.3,2225.3899180810913,3.0,142
zbl eps=0.3,2225.3899180810913,4.0,153
zbl eps=0.3,2225.3899180810913,5.0,147
zbl eps=0.3,2225.3899180810913,6.0,146
zbl eps=0.3,2225.3899180810913,7.0,117
zbl eps=0.3,2225.3899180810913,8.0,151
zbl eps=0.3,2225.3899180810913,9.0,125
zbl eps=0.3,2225.3899180810913,10.0,139
zbl eps=0.3,2225.3899180810913,11.0,131
zbl eps=0.3,2225.3899180810913,12.0,125
zbl eps=0.3,2225.3899180810913,13.0,138
zbl eps=0.3,2225.3899180810913,14.0,122
zbl eps=0.3,2225.3899180810913,15.0,123
zbl eps=0.3,2225.3899180810913,16.0,95
zbl eps=0.3,2225.3899180810913,17.0,108
zbl eps=0.3,2225.3899180810913,18.0,107
zbl eps=0.3,2225.3899180810913,19.0,118
zbl eps=0.3,2225.3899180810913,20.0,113
zbl eps=0.3,2225.3899180810913,21.0,152
zbl eps=0.3,2225.3899180810913,22.0,137
zbl eps=0.3,2225.3899180810913,23.0,141
zbl eps=0.3,2225.3899180810913,24.0,122
zbl eps=0.3,2225.3899180810913,25.0,133
zbl eps=0.3,2225.3899180810913,26.0,147
zbl eps=0.3,2225.3899180810913,27.0,122
zbl eps=0.3,2225.3899180810913,28.0,141
zbl eps=0.3,2225.3899180810913,29.0,149
zbl eps=0.3,2225.3899180810913,30.0,1
zbl eps=0.3,2492.4367082508224,0.0,157
zbl eps=0.3,2492.4367082508224,1.0,166
zbl eps=0.3,2492.4367082508224,2.0,179
zbl eps=0.3,2492.4367082508224,3.0,181
zbl eps=0.3,2492.4367082508224,4.0,160
zbl eps=0.3,2492.4367082508224,5.0,162
zbl eps=0.3,2492.4367082508224,6.0,158
zbl eps=0.3,2492.4367082508224,7.0,160
zbl eps=0.3,2492.4367082508224,8.0,159
zbl eps=0.3,2492.4367082508224,9.0,151
zbl eps=0.3,2492.4367082508224,10.0,143
zbl eps=0.3,2492.4367082508224,11.0,154
zbl eps=0.3,2492.4367082508224,12.0,142
zbl eps=0.3,2492.4367082508224,13.0,149
zbl eps=0.3,2492.4367082508224,14.0,120
zbl eps=0.3,2492.4367082508224,15.0,139
zbl eps=0.3,2492.4367082508224,16.0,165
zbl eps=0.3,2492.4367082508224,17.0,163
zbl eps=0.3,2492.4367082508224,18.0,130
zbl eps=0.3,2492.4367082508224,19.0,146
zbl eps=0.3,2492.4367082508224,20.0,135
zbl eps=0.3,2492.4367082508224,21.0,127
zbl eps=0.3,2492.4367082508224,22.0,153
zbl eps=0.3,2492.4367082508224,23.0,144
zbl eps=0.3,2492.4367082508224,24.0,114
zbl eps=0.3,2492.4367082508224,25.0,134
zbl eps=0.3,2492.4367082508224,26.0,169
zbl eps=0.3,2492.4367082508224,27.0,131
zbl eps=0.3,2492.4367082508224,28.0,145
zbl eps=0.3,2492.4367082508224,29.0,142
zbl eps=0.3,2492.4367082508224,30.0,1
zbl eps=0.3,2791.529113240921,0.0,191
zbl eps=0.3,2791.529113240921,1.0,197
zbl eps=0.3,2791.529113240921,2.0,176
zbl eps=0.3,2791.529113240921,3.0,168
zbl eps=0.3,2791.529113240921,4.0,174
zbl eps=0.3,2791.529113240921,5.0,165
zbl eps=0.3,2791.529113240921,6.0,187
zbl eps=0.3,2791.529113240921,7.0,169
zbl eps=0.3,2791.529113240921,8.0,171
zbl eps=0.3,2791.529113240921,9.0,151
zbl eps=0.3,2791.529113240921,10.0,150
zbl eps=0.3,2791.529113240921,11.0,162
zbl eps=0.3,2791.529113240921,12.0,169
zbl eps=0.3,2791.529113240921,13.0,177
zbl eps=0.3,2791.529113240921,14.0,161
zbl eps=0.3,2791.529113240921,15.0,170
zbl eps=0.3,2791.529113240921,16.0,168
zbl eps=0.3,2791.529113240921,17.0,171
zbl eps=0.3,2791.529113240921,18.0,162
zbl eps=0.3,2791.529113240921,19.0,149
zbl eps=0.3,2791.529113240921,20.0,179
zbl eps=0.3,2791.529113240921,21.0,149
zbl eps=0.3,2791.529113240921,22.0,154
zbl eps=0.3,2791.529113240921,23.0,149
zbl eps=0.3,2791.529113240921,24.0,159
zbl eps=0.3,2791.529113240921,25.0,148
zbl eps=0.3,2791.529113240921,26.0,148
zbl eps=0.3,2791.529113240921,27.0,169
zbl eps=0.3,2791.529113240921,28.0,160
zbl eps=0.3,2791.529113240921,29.0,162
zbl eps=0.3,2791.529113240921,30.0,1
zbl eps=0.4,30.0,0.0,0
zbl eps=0.4,30.0,1.0,0
zbl eps=0.4,30.0,2.0,0
zbl eps=0.4,30.0,3.0,0
zbl eps=0.4,30.0,4.0,0
zbl eps=0.4,30.0,5.0,0
zbl eps=0.4,30.0,6.0,0
zbl eps=0.4,30.0,7.0,0
zbl eps=0.4,30.0,8.0,0
zbl eps=0.4,30.0,9.0,0
zbl eps=0.4,30.0,10.0,0
zbl eps=0.4,30.0,11.0,0
zbl eps=0.4,30.0,12.0,0
zbl eps=0.4,30.0,13.0,0
zbl eps=0.4,30.0,14.0,0
zbl eps=0.4,30.0,15.0,0
zbl eps=0.4,30.0,16.0,0
zbl eps=0.4,30.0,17.0,0
zbl eps=0.4,30.0,18.0,0
zbl eps=0.4,30.0,19.0,0
zbl eps=0.4,30.0,20.0,0
zbl eps=0.4,30.0,21.0,0
zbl eps=0.4,30.0,22.0,0
zbl eps=0.4,30.0,23.0,0
zbl eps=0.4,30.0,24.0,0
zbl eps=0.4,30.0,25.0,0
zbl eps=0.4,30.0,26.0,0
zbl eps=0.4,30.0,27.0,0
zbl eps=0.4,30.0,28.0,0
zbl eps=0.4,30.0,29.0,0
zbl eps=0.4,30.0,30.0,0
zbl eps=0.4,33.6,0.0,0
zbl eps=0.4,33.6,1.0,0
zbl eps=0.4,33.6,2.0,0
zbl eps=0.4,33.6,3.0,0
zbl eps=0.4,33.6,4.0,0
zbl eps=0.4,33.6,5.0,0
zbl eps=0.4,33.6,6.0,0
zbl eps=0.4,33.6,7.0,0
zbl eps=0.4,33.6,8.0,0
zbl eps=0.4,33.6,9.0,0
zbl eps=0.4,33.6,10.0,0
zbl eps=0.4,33.6,11.0,0
zbl eps=0.4,33.6,12.0,0
zbl eps=0.4,33.6,13.0,0
zbl eps=0.4,33.6,14.0,0
zbl eps=0.4,33.6,15.0,0
zbl eps=0.4,33.6,16.0,0
zbl eps=0.4,33.6,17.0,0
zbl eps=0.4,33.6,18.0,0
zbl eps=0.4,33.6,19.0,0
zbl eps=0.4,33.6,20.0,0
zbl eps=0.4,33.6,21.0,0
zbl eps=0.4,33.6,22.0,0
zbl eps=0.4,33.6,23.0,0
zbl eps=0.4,33.6,24.0,0
zbl eps=0.4,33.6,25.0,0
zbl eps=0.4,33.6,26.0,0
zbl eps=0.4,33.6,27.0,0
zbl eps=0.4,33.6,28.0,0
zbl eps=0.4,33.6,29.0,0
zbl eps=0.4,33.6,30.0,0
zbl eps=0.4,37.632000000000005,0.0,0
zbl eps=0.4,37.632000000000005,1.0,0
zbl eps=0.4,37.632000000000005,2.0,0
zbl eps=0.4,37.632000000000005,3.0,0
zbl eps=0.4,37.632000000000005,4.0,0
zbl eps=0.4,37.632000000000005,5.0,0
zbl eps=0.4,37.632000000000005,6.0,0
zbl eps=0.4,37.632000000000005,7.0,0
zbl eps=0.4,37.632000000000005,8.0,0
zbl eps=0.4,37.632000000000005,9.0,0
zbl eps=0.4,37.632000000000005,10.0,0
zbl eps=0.4,37.632000000000005,11.0,0
zbl eps=0.4,37.632000000000005,12.0,0
zbl eps=0.4,37.632000000000005,13.0,0
zbl eps=0.4,37.632000000000005,14.0,0
zbl eps=0.4,37.632000000000005,15.0,0
zbl eps=0.4,37.632000000000005,16.0,0
zbl eps=0.4,37.632000000000005,17.0,0
zbl eps=0.4,37.632000000000005,18.0,0
zbl eps=0.4,37.632000000000005,19.0,0
zbl eps=0.4,37.632000000000005,20.0,0
zbl eps=0.4,37.632000000000005,21.0,0
zbl eps=0.4,37.632000000000005,22.0,0
zbl eps=0.4,37.632000000000005,23.0,0
zbl eps=0.4,37.632000000000005,24.0,0
zbl eps=0.4,37.632000000000005,25.0,0
zbl eps=0.4,37.632000000000005,26.0,0
zbl eps=0.4,37.632000000000005,27.0,0
zbl eps=0.4,37.632000000000005,28.0,0
zbl eps=0.4,37.632000000000005,29.0,0
zbl eps=0.4,37.632000000000005,30.0,0
zbl eps=0.4,42.14784000000001,0.0,0
zbl eps=0.4,42.14784000000001,1.0,0
zbl eps=0.4,42.14784000000001,2.0,0
zbl eps=0.4,42.14784000000001,3.0,0
zbl eps=0.4,42.14784000000001,4.0,0
zbl eps=0.4,42.14784000000001,5.0,0
zbl eps=0.4,42.14784000000001,6.0,0
zbl eps=0.4,42.14784000000001,7.0,0
zbl eps=0.4,42.14784000000001,8.0,0
zbl eps=0.4,42.14784000000001,9.0,0
zbl eps=0.4,42.14784000000001,10.0,0
zbl eps=0.4,42.14784000000001,11.0,0
zbl eps=0.4,42.14784000000001,12.0,0
zbl eps=0.4,42.14784000000001,13.0,0
zbl eps=0.4,42.14784000000001,14.0,0
zbl eps=0.4,42.14784000000001,15.0,0
zbl eps=0.4,42.14784000000001,16.0,0
zbl eps=0.4,42.14784000000001,17.0,0
zbl eps=0.4,42.14784000000001,18.0,0
zbl eps=0.4,42.14784000000001,19.0,0
zbl eps=0.4,42.14784000000001,20.0,0
zbl eps=0.4,42.14784000000001,21.0,0
zbl eps=0.4,42.14784000000001,22.0,0
zbl eps=0.4,42.14784000000001,23.0,0
zbl eps=0.4,42.14784000000001,24.0,0
zbl eps=0.4,42.14784000000001,25.0,0
zbl eps=0.4,42.14784000000001,26.0,0
zbl eps=0.4,42.14784000000001,27.0,0
zbl eps=0.4,42.14784000000001,28.0,0
zbl eps=0.4,42.14784000000001,29.0,0
zbl eps=0.4,42.14784000000001,30.0,0
zbl eps=0.4,47.20558080000002,0.0,0
zbl eps=0.4,47.20558080000002,1.0,0
zbl eps=0.4,47.20558080000002,2.0,0
zbl eps=0.4,47.20558080000002,3.0,0
zbl eps=0.4,47.20558080000002,4.0,0
zbl eps=0.4,47.20558080000002,5.0,0
zbl eps=0.4,47.20558080000002,6.0,0
zbl eps=0.4,47.20558080000002,7.0,0
zbl eps=0.4,47.20558080000002,8.0,0
zbl eps=0.4,47.20558080000002,9.0,0
zbl eps=0.4,47.20558080000002,10.0,0
zbl eps=0.4,47.20558080000002,11.0,0
zbl eps=0.4,47.20558080000002,12.0,0
zbl eps=0.4,47.20558080000002,13.0,0
zbl eps=0.4,47.20558080000002,14.0,0
zbl eps=0.4,47.20558080000002,15.0,0
zbl eps=0.4,47.20558080000002,16.0,0
zbl eps=0.4,47.20558080000002,17.0,0
zbl eps=0.4,47.20558080000002,18.0,0
zbl eps=0.4,47.20558080000002,19.0,0
zbl eps=0.4,47.20558080000002,20.0,0
zbl eps=0.4,47.20558080000002,21.0,0
zbl eps=0.4,47.20558080000002,22.0,0
zbl eps=0.4,47.20558080000002,23.0,0
zbl eps=0.4,47.20558080000002,24.0,0
zbl eps=0.4,47.20558080000002,25.0,0
zbl eps=0.4,47.20558080000002,26.0,0
zbl eps=0.4,47.20558080000002,27.0,0
zbl eps=0.4,47.20558080000002,28.0,0
zbl eps=0.4,47.20558080000002,29.0,0
zbl eps=0.4,47.20558080000002,30.0,0
zbl eps=0.4,52.870250496000025,0.0,0
zbl eps=0.4,52.870250496000025,1.0,0
zbl eps=0.4,52.870250496000025,2.0,0
zbl eps=0.4,52.870250496000025,3.0,0
zbl eps=0.4,52.870250496000025,4.0,0
zbl eps=0.4,52.870250496000025,5.0,0
zbl eps=0.4,52.870250496000025,6.0,0
zbl eps=0.4,52.870250496000025,7.0,0
zbl eps=0.4,52.870250496000025,8.0,0
zbl eps=0.4,52.870250496000025,9.0,0
zbl eps=0.4,52.870250496000025,10.0,0
zbl eps=0.4,52.870250496000025,11.0,0
zbl eps=0.4,52.870250496000025,12.0,0
zbl eps=0.4,52.870250496000025,13.0,0
zbl eps=0.4,52.870250496000025,14.0,0
zbl eps=0.4,52.870250496000025,15.0,0
zbl eps=0.4,52.870250496000025,16.0,0
zbl eps=0.4,52.870250496000025,17.0,0
zbl eps=0.4,52.870250496000025,18.0,0
zbl eps=0.4,52.870250496000025,19.0,0
zbl eps=0.4,52.870250496000025,20.0,0
zbl eps=0.4,52.870250496000025,21.0,0
zbl eps=0.4,52.870250496000025,22.0,0
zbl eps=0.4,52.870250496000025,23.0,0
zbl eps=0.4,52.870250496000025,24.0,0
zbl eps=0.4,52.870250496000025,25.0,0
zbl eps=0.4,52.870250496000025,26.0,0
zbl eps=0.4,52.870250496000025,27.0,0
zbl eps=0.4,52.870250496000025,28.0,0
zbl eps=0.4,52.870250496000025,29.0,0
zbl eps=0.4,52.870250496000025,30.0,0
zbl eps=0.4,59.21468055552003,0.0,0
zbl eps=0.4,59.21468055552003,1.0,0
zbl eps=0.4,59.21468055552003,2.0,0
zbl eps=0.4,59.21468055552003,3.0,0
zbl eps=0.4,59.21468055552003,4.0,0
zbl eps=0.4,59.21468055552003,5.0,0
zbl eps=0.4,59.21468055552003,6.0,0
zbl eps=0.4,59.21468055552003,7.0,0
zbl eps=0.4,59.21468055552003,8.0,0
zbl eps=0.4,59.21468055552003,9.0,0
zbl eps=0.4,59.21468055552003,10.0,0
zbl eps=0.4,59.21468055552003,11.0,0
zbl eps=0.4,59.21468055552003,12.0,0
zbl eps=0.4,59.21468055552003,13.0,0
zbl eps=0.4,59.21468055552003,14.0,0
zbl eps=0.4,59.21468055552003,15.0,0
zbl eps=0.4,59.21468055552003,16.0,0
zbl eps=0.4,59.21468055552003,17.0,0
zbl eps=0.4,59.21468055552003,18.0,0
zbl eps=0.4,59.21468055552003,19.0,0
zbl eps=0.4,59.21468055552003,20.0,0
zbl eps=0.4,59.21468055552003,21.0,0
zbl eps=0.4,59.21468055552003,22.0,0
zbl eps=0.4,59.21468055552003,23.0,0
zbl eps=0.4,59.21468055552003,24.0,0
zbl eps=0.4,59.21468055552003,25.0,0
zbl eps=0.4,59.21468055552003,26.0,0
zbl eps=0.4,59.21468055552003,27.0,0
zbl eps=0.4,59.21468055552003,28.0,0
zbl eps=0.4,59.21468055552003,29.0,0
zbl eps=0.4,59.21468055552003,30.0,0
zbl eps=0.4,66.32044222218244,0.0,0
zbl eps=0.4,66.32044222218244,1.0,0
zbl eps=0.4,66.32044222218244,2.0,0
zbl eps=0.4,66.32044222218244,3.0,0
zbl eps=0.4,66.32044222218244,4.0,0
zbl eps=0.4,66.32044222218244,5.0,0
zbl eps=0.4,66.32044222218244,6.0,0
zbl eps=0.4,66.32044222218244,7.0,0
zbl eps=0.4,66.32044222218244,8.0,0
zbl eps=0.4,66.32044222218244,9.0,0
zbl eps=0.4,66.32044222218244,10.0,0
zbl eps=0.4,66.32044222218244,11.0,0
zbl eps=0.4,66.32044222218244,12.0,0
zbl eps=0.4,66.32044222218244,13.0,0
zbl eps=0.4,66.32044222218244,14.0,0
zbl eps=0.4,66.32044222218244,15.0,0
zbl eps=0.4,66.32044222218244,16.0,0
zbl eps=0.4,66.32044222218244,17.0,0
zbl eps=0.4,66.32044222218244,18.0,0
zbl eps=0.4,66.32044222218244,19.0,0
zbl eps=0.4,66.32044222218244,20.0,0
zbl eps=0.4,66.32044222218244,21.0,0
zbl eps=0.4,66.32044222218244,22.0,0
zbl eps=0.4,66.32044222218244,23.0,0
zbl eps=0.4,66.32044222218244,24.0,0
zbl eps=0.4,66.32044222218244,25.0,0
zbl eps=0.4,66.32044222218244,26.0,0
zbl eps=0.4,66.32044222218244,27.0,0
zbl eps=0.4,66.32044222218244,28.0,0
zbl eps=0.4,66.32044222218244,29.0,0
zbl eps=0.4,66.32044222218244,30.0,0
zbl eps=0.4,74.27889528884434,0.0,0
zbl eps=0.4,74.27889528884434,1.0,0
zbl eps=0.4,74.27889528884434,2.0,0
zbl eps=0.4,74.27889528884434,3.0,0
zbl eps=0.4,74.27889528884434,4.0,0
zbl eps=0.4,74.27889528884434,5.0,0
zbl eps=0.4,74.27889528884434,6.0,0
zbl eps=0.4,74.27889528884434,7.0,0
zbl eps=0.4,74.27889528884434,8.0,0
zbl eps=0.4,74.27889528884434,9.0,0
zbl eps=0.4,74.27889528884434,10.0,0
zbl eps=0.4,74.27889528884434,11.0,0
zbl eps=0.4,74.27889528884434,12.0,0
zbl eps=0.4,74.27889528884434,13.0,0
zbl eps=0.4,74.27889528884434,14.0,0
zbl eps=0.4,74.27889528884434,15.0,0
zbl eps=0.4,74.27889528884434,16.0,0
zbl eps=0.4,74.27889528884434,17.0,0
zbl eps=0.4,74.27889528884434,18.0,0
zbl eps=0.4,74.27889528884434,19.0,0
zbl eps=0.4,74.27889528884434,20.0,0
zbl eps=0.4,74.27889528884434,21.0,0
zbl eps=0.4,74.27889528884434,22.0,0
zbl eps=0.4,74.27889528884434,23.0,0
zbl eps=0.4,74.27889528884434,24.0,0
zbl eps=0.4,74.27889528884434,25.0,0
zbl eps=0.4,74.27889528884434,26.0,0
zbl eps=0.4,74.27889528884434,27.0,0
zbl eps=0.4,74.27889528884434,28.0,0
zbl eps=0.4,74.27889528884434,29.0,0
zbl eps=0.4,74.27889528884434,30.0,0
zbl eps=0.4,83.19236272350568,0.0,0
zbl eps=0.4,83.19236272350568,1.0,0
zbl eps=0.4,83.19236272350568,2.0,0
zbl eps=0.4,83.19236272350568,3.0,0
zbl eps=0.4,83.19236272350568,4.0,0
zbl eps=0.4,83.19236272350568,5.0,0
zbl eps=0.4,83.19236272350568,6.0,0
zbl eps=0.4,83.19236272350568,7.0,0
zbl eps=0.4,83.19236272350568,8.0,0
zbl eps=0.4,83.19236272350568,9.0,0
zbl eps=0.4,83.19236272350568,10.0,0
zbl eps=0.4,83.19236272350568,11.0,0
zbl eps=0.4,83.19236272350568,12.0,0
zbl eps=0.4,83.19236272350568,13.0,0
zbl eps=0.4,83.19236272350568,14.0,0
zbl eps=0.4,83.19236272350568,15.0,0
zbl eps=0.4,83.19236272350568,16.0,0
zbl eps=0.4,83.19236272350568,17.0,0
zbl eps=0.4,83.19236272350568,18.0,0
zbl eps=0.4,83.19236272350568,19.0,0
zbl eps=0.4,83.19236272350568,20.0,0
zbl eps=0.4,83.19236272350568,21.0,0
zbl eps=0.4,83.19236272350568,22.0,0
zbl eps=0.4,83.19236272350568,23.0,0
zbl eps=0.4,83.19236272350568,24.0,0
zbl eps=0.4,83.19236272350568,25.0,0
zbl eps=0.4,83.19236272350568,26.0,0
zbl eps=0.4,83.19236272350568,27.0,0
zbl eps=0.4,83.19236272350568,28.0,0
zbl eps=0.4,83.19236272350568,29.0,0
zbl eps=0.4,83.19236272350568,30.0,0
zbl eps=0.4,93.17544625032636,0.0,0
zbl eps=0.4,93.17544625032636,1.0,0
zbl eps=0.4,93.17544625032636,2.0,0
zbl eps=0.4,93.17544625032636,3.0,0
zbl eps=0.4,93.17544625032636,4.0,0
zbl eps=0.4,93.17544625032636,5.0,0
zbl eps=0.4,93.17544625032636,6.0,0
zbl eps=0.4,93.17544625032636,7.0,0
zbl eps=0.4,93.17544625032636,8.0,0
zbl eps=0.4,93.17544625032636,9.0,0
zbl eps=0.4,93.17544625032636,10.0,0
zbl eps=0.4,93.17544625032636,11.0,0
zbl eps=0.4,93.17544625032636,12.0,0
zbl eps=0.4,93.17544625032636,13.0,0
zbl eps=0.4,93.17544625032636,14.0,0
zbl eps=0.4,93.17544625032636,15.0,0
zbl eps=0.4,93.17544625032636,16.0,0
zbl eps=0.4,93.17544625032636,17.0,0
zbl eps=0.4,93.17544625032636,18.0,0
zbl eps=0.4,93.17544625032636,19.0,0
zbl eps=0.4,93.17544625032636,20.0,0
zbl eps=0.4,93.17544625032636,21.0,0
zbl eps=0.4,93.17544625032636,22.0,0
zbl eps=0.4,93.17544625032636,23.0,0
zbl eps=0.4,93.17544625032636,24.0,0
zbl eps=0.4,93.17544625032636,25.0,0
zbl eps=0.4,93.17544625032636,26.0,0
zbl eps=0.4,93.17544625032636,27.0,0
zbl eps=0.4,93.17544625032636,28.0,0
zbl eps=0.4,93.17544625032636,29.0,0
zbl eps=0.4,93.17544625032636,30.0,0
zbl eps=0.4,104.35649980036554,0.0,0
zbl eps=0.4,104.35649980036554,1.0,0
zbl eps=0.4,104.35649980036554,2.0,0
zbl eps=0.4,104.35649980036554,3.0,0
zbl eps=0.4,104.35649980036554,4.0,0
zbl eps=0.4,104.35649980036554,5.0,0
zbl eps=0.4,104.35649980036554,6.0,0
zbl eps=0.4,104.35649980036554,7.0,0
zbl eps=0.4,104.35649980036554,8.0,0
zbl eps=0.4,104.35649980036554,9.0,0
zbl eps=0.4,104.35649980036554,10.0,0
zbl eps=0.4,104.35649980036554,11.0,0
zbl eps=0.4,104.35649980036554,12.0,0
zbl eps=0.4,104.35649980036554,13.0,0
zbl eps=0.4,104.35649980036554,14.0,0
zbl eps=0.4,104.35649980036554,15.0,0
zbl eps=0.4,104.35649980036554,16.0,0
zbl eps=0.4,104.35649980036554,17.0,0
zbl eps=0.4,104.35649980036554,18.0,0
zbl eps=0.4,104.35649980036554,19.0,0
zbl eps=0.4,104.35649980036554,20.0,0
zbl eps=0.4,104.35649980036554,21.0,0
zbl eps=0.4,104.35649980036554,22.0,0
zbl eps=0.4,104.35649980036554,23.0,0
zbl eps=0.4,104.35649980036554,24.0,0
zbl eps=0.4,104.35649980036554,25.0,0
zbl eps=0.4,104.35649980036554,26.0,0
zbl eps=0.4,104.35649980036554,27.0,0
zbl eps=0.4,104.35649980036554,28.0,0
zbl eps=0.4,104.35649980036554,29.0,0
zbl eps=0.4,104.35649980036554,30.0,0
zbl eps=0.4,116.87927977640942,0.0,0
zbl eps=0.4,116.87927977640942,1.0,0
zbl eps=0.4,116.87927977640942,2.0,0
zbl eps=0.4,116.87927977640942,3.0,0
zbl eps=0.4,116.87927977640942,4.0,0
zbl eps=0.4,116.87927977640942,5.0,0
zbl eps=0.4,116.87927977640942,6.0,0
zbl eps=0.4,116.87927977640942,7.0,0
zbl eps=0.4,116.87927977640942,8.0,0
zbl eps=0.4,116.87927977640942,9.0,0
zbl eps=0.4,116.87927977640942,10.0,0
zbl eps=0.4,116.87927977640942,11.0,0
zbl eps=0.4,116.87927977640942,12.0,0
zbl eps=0.4,116.87927977640942,13.0,0
zbl eps=0.4,116.87927977640942,14.0,0
zbl eps=0.4,116.87927977640942,15.0,0
zbl eps=0.4,116.87927977640942,16.0,0
zbl eps=0.4,116.87927977640942,17.0,0
zbl eps=0.4,116.87927977640942,18.0,0
zbl eps=0.4,116.87927977640942,19.0,0
zbl eps=0.4,116.87927977640942,20.0,0
zbl eps=0.4,116.87927977640942,21.0,0
zbl eps=0.4,116.87927977640942,22.0,0
zbl eps=0.4,116.87927977640942,23.0,0
zbl eps=0.4,116.87927977640942,24.0,0
zbl eps=0.4,116.87927977640942,25.0,0
zbl eps=0.4,116.87927977640942,26.0,0
zbl eps=0.4,116.87927977640942,27.0,0
zbl eps=0.4,116.87927977640942,28.0,0
zbl eps=0.4,116.87927977640942,29.0,0
zbl eps=0.4,116.87927977640942,30.0,0
zbl eps=0.4,130.90479334957857,0.0,0
zbl eps=0.4,130.90479334957857,1.0,0
zbl eps=0.4,130.90479334957857,2.0,0
zbl eps=0.4,130.90479334957857,3.0,0
zbl eps=0.4,130.90479334957857,4.0,0
zbl eps=0.4,130.90479334957857,5.0,0
zbl eps=0.4,130.90479334957857,6.0,0
zbl eps=0.4,130.90479334957857,7.0,0
zbl eps=0.4,130.90479334957857,8.0,0
zbl eps=0.4,130.90479334957857,9.0,0
zbl eps=0.4,130.90479334957857,10.0,0
zbl eps=0.4,130.90479334957857,11.0,0
zbl eps=0.4,130.90479334957857,12.0,0
zbl eps=0.4,130.90479334957857,13.0,0
zbl eps=0.4,130.90479334957857,14.0,0
zbl eps=0.4,130.90479334957857,15.0,0
zbl eps=0.4,130.90479334957857,16.0,0
zbl eps=0.4,130.90479334957857,17.0,0
zbl eps=0.4,130.90479334957857,18.0,0
zbl eps=0.4,130.90479334957857,19.0,0
zbl eps=0.4,130.90479334957857,20.0,0
zbl eps=0.4,130.90479334957857,21.0,0
zbl eps=0.4,130.90479334957857,22.0,0
zbl eps=0.4,130.90479334957857,23.0,0
zbl eps=0.4,130.90479334957857,24.0,0
zbl eps=0.4,130.90479334957857,25.0,0
zbl eps=0.4,130.90479334957857,26.0,0
zbl eps=0.4,130.90479334957857,27.0,0
zbl eps=0.4,130.90479334957857,28.0,0
zbl eps=0.4,130.90479334957857,29.0,0
zbl eps=0.4,130.90479334957857,30.0,0
zbl eps=0.4,146.613368551528,0.0,0
zbl eps=0.4,146.613368551528,1.0,0
zbl eps=0.4,146.613368551528,2.0,0
zbl eps=0.4,146.613368551528,3.0,0
zbl eps=0.4,146.613368551528,4.0,0
zbl eps=0.4,146.613368551528,5.0,0
zbl eps=0.4,146.613368551528,6.0,0
zbl eps=0.4,146.613368551528,7.0,0
zbl eps=0.4,146.613368551528,8.0,0
zbl eps=0.4,146.613368551528,9.0,0
zbl eps=0.4,146.613368551528,10.0,0
zbl eps=0.4,146.613368551528,11.0,0
zbl eps=0.4,146.613368551528,12.0,0
zbl eps=0.4,146.613368551528,13.0,0
zbl eps=0.4,146.613368551528,14.0,0
zbl eps=0.4,146.613368551528,15.0,0
zbl eps=0.4,146.613368551528,16.0,0
zbl eps=0.4,146.613368551528,17.0,0
zbl eps=0.4,146.613368551528,18.0,0
zbl eps=0.4,146.613368551528,19.0,0
zbl eps=0.4,146.613368551528,20.0,1
zbl eps=0.4,146.613368551528,21.0,1
zbl eps=0.4,146.613368551528,22.0,1
zbl eps=0.4,146.613368551528,23.0,1
zbl eps=0.4,146.613368551528,24.0,1
zbl eps=0.4,146.613368551528,25.0,0
zbl eps=0.4,146.613368551528,26.0,0
zbl eps=0.4,146.613368551528,27.0,0
zbl eps=0.4,146.613368551528,28.0,0
zbl eps=0.4,146.613368551528,29.0,0
zbl eps=0.4,146.613368551528,30.0,0
zbl eps=0.4,164.20697277771137,0.0,0
zbl eps=0.4,164.20697277771137,1.0,0
zbl eps=0.4,164.20697277771137,2.0,0
zbl eps=0.4,164.20697277771137,3.0,0
zbl eps=0.4,164.20697277771137,4.0,0
zbl eps=0.4,164.20697277771137,5.0,0
zbl eps=0.4,164.20697277771137,6.0,0
zbl eps=0.4,164.20697277771137,7.0,0
zbl eps=0.4,164.20697277771137,8.0,0
zbl eps=0.4,164.20697277771137,9.0,0
zbl eps=0.4,164.20697277771137,10.0,0
zbl eps=0.4,164.20697277771137,11.0,0
zbl eps=0.4,164.20697277771137,12.0,0
zbl eps=0.4,164.20697277771137,13.0,0
zbl eps=0.4,164.20697277771137,14.0,0
zbl eps=0.4,164.20697277771137,15.0,0
zbl eps=0.4,164.20697277771137,16.0,1
zbl eps=0.4,164.20697277771137,17.0,1
zbl eps=0.4,164.20697277771137,18.0,1
zbl eps=0.4,164.20697277771137,19.0,1
zbl eps=0.4,164.20697277771137,20.0,1
zbl eps=0.4,164.20697277771137,21.0,1
zbl eps=0.4,164.20697277771137,22.0,1
zbl eps=0.4,164.20697277771137,23.0,1
zbl eps=0.4,164.20697277771137,24.0,1
zbl eps=0.4,164.20697277771137,25.0,1
zbl eps=0.4,164.20697277771137,26.0,1
zbl eps=0.4,164.20697277771137,27.0,0
zbl eps=0.4,164.20697277771137,28.0,0
zbl eps=0.4,164.20697277771137,29.0,0
zbl eps=0.4,164.20697277771137,30.0,0
zbl eps=0.4,183.91180951103675,0.0,0
zbl eps=0.4,183.91180951103675,1.0,0
zbl eps=0.4,183.91180951103675,2.0,0
zbl eps=0.4,183.91180951103675,3.0,0
zbl eps=0.4,183.91180951103675,4.0,0
zbl eps=0.4,183.91180951103675,5.0,0
zbl eps=0.4,183.91180951103675,6.0,0
zbl eps=0.4,183.91180951103675,7.0,0
zbl eps=0.4,183.91180951103675,8.0,0
zbl eps=0.4,183.91180951103675,9.0,0
zbl eps=0.4,183.91180951103675,10.0,0
zbl eps=0.4,183.91180951103675,11.0,0
zbl eps=0.4,183.91180951103675,12.0,0
zbl eps=0.4,183.91180951103675,13.0,0
zbl eps=0.4,183.91180951103675,14.0,1
zbl eps=0.4,183.91180951103675,15.0,1
zbl eps=0.4,183.91180951103675,16.0,1
zbl eps=0.4,183.91180951103675,17.0,1
zbl eps=0.4,183.91180951103675,18.0,1
zbl eps=0.4,183.91180951103675,19.0,1
zbl eps=0.4,183.91180951103675,20.0,1
zbl eps=0.4,183.91180951103675,21.0,1
zbl eps=0.4,183.91180951103675,22.0,1
zbl eps=0.4,183.91180951103675,23.0,1
zbl eps=0.4,183.91180951103675,24.0,1
zbl eps=0.4,183.91180951103675,25.0,1
zbl eps=0.4,183.91180951103675,26.0,1
zbl eps=0.4,183.91180951103675,27.0,1
zbl eps=0.4,183.91180951103675,28.0,1
zbl eps=0.4,183.91180951103675,29.0,1
zbl eps=0.4,183.91180951103675,30.0,0
zbl eps=0.4,205.98122665236116,0.0,0
zbl eps=0.4,205.98122665236116,1.0,0
zbl eps=0.4,205.98122665236116,2.0,0
zbl eps=0.4,205.98122665236116,3.0,0
zbl eps=0.4,205.98122665236116,4.0,0
zbl eps=0.4,205.98122665236116,5.0,0
zbl eps=0.4,205.98122665236116,6.0,0
zbl eps=0.4,205.98122665236116,7.0,0
zbl eps=0.4,205.98122665236116,8.0,0
zbl eps=0.4,205.98122665236116,9.0,0
zbl eps=0.4,205.98122665236116,10.0,0
zbl eps=0.4,205.98122665236116,11.0,0
zbl eps=0.4,205.98122665236116,12.0,0
zbl eps=0.4,205.98122665236116,13.0,0
zbl eps=0.4,205.98122665236116,14.0,1
zbl eps=0.4,205.98122665236116,15.0,1
zbl eps=0.4,205.98122665236116,16.0,1
zbl eps=0.4,205.98122665236116,17.0,1
zbl eps=0.4,205.98122665236116,18.0,1
zbl eps=0.4,205.98122665236116,19.0,1
zbl eps=0.4,205.98122665236116,20.0,1
zbl eps=0.4,205.98122665236116,21.0,1
zbl eps=0.4,205.98122665236116,22.0,1
zbl eps=0.4,205.98122665236116,23.0,1
zbl eps=0.4,205.98122665236116,24.0,1
zbl eps=0.4,205.98122665236116,25.0,1
zbl eps=0.4,205.98122665236116,26.0,1
zbl eps=0.4,205.98122665236116,27.0,1
zbl eps=0.4,205.98122665236116,28.0,1
zbl eps=0.4,205.98122665236116,29.0,1
zbl eps=0.4,205.98122665236116,30.0,1
zbl eps=0.4,230.69897385064456,0.0,0
zbl eps=0.4,230.69897385064456,1.0,0
zbl eps=0.4,230.69897385064456,2.0,1
zbl eps=0.4,230.69897385064456,3.0,0
zbl eps=0.4,230.69897385064456,4.0,0
zbl eps=0.4,230.69897385064456,5.0,0
zbl eps=0.4,230.69897385064456,6.0,0
zbl eps=0.4,230.69897385064456,7.0,0
zbl eps=0.4,230.69897385064456,8.0,0
zbl eps=0.4,230.69897385064456,9.0,0
zbl eps=0.4,230.69897385064456,10.0,0
zbl eps=0.4,230.69897385064456,11.0,0
zbl eps=0.4,230.69897385064456,12.0,0
zbl eps=0.4,230.69897385064456,13.0,1
zbl eps=0.4,230.69897385064456,14.0,0
zbl eps=0.4,230.69897385064456,15.0,0
zbl eps=0.4,230.69897385064456,16.0,0
zbl eps=0.4,230.69897385064456,17.0,1
zbl eps=0.4,230.69897385064456,18.0,1
zbl eps=0.4,230.69897385064456,19.0,1
zbl eps=0.4,230.69897385064456,20.0,1
zbl eps=0.4,230.69897385064456,21.0,1
zbl eps=0.4,230.69897385064456,22.0,1
zbl eps=0.4,230.69897385064456,23.0,1
zbl eps=0.4,230.69897385064456,24.0,1
zbl eps=0.4,230.69897385064456,25.0,1
zbl eps=0.4,230.69897385064456,26.0,1
zbl eps=0.4,230.69897385064456,27.0,1
zbl eps=0.4,230.69897385064456,28.0,1
zbl eps=0.4,230.69897385064456,29.0,1
zbl eps=0.4,230.69897385064456,30.0,1
zbl eps=0.4,258.3828507127219,0.0,0
zbl eps=0.4,258.3828507127219,1.0,1
zbl eps=0.4,258.3828507127219,2.0,0
zbl eps=0.4,258.3828507127219,3.0,0
zbl eps=0.4,258.3828507127219,4.0,0
zbl eps=0.4,258.3828507127219,5.0,0
zbl eps=0.4,258.3828507127219,6.0,0
zbl eps=0.4,258.3828507127219,7.0,0
zbl eps=0.4,258.3828507127219,8.0,0
zbl eps=0.4,258.3828507127219,9.0,0
zbl eps=0.4,258.3828507127219,10.0,0
zbl eps=0.4,258.3828507127219,11.0,0
zbl eps=0.4,258.3828507127219,12.0,1
zbl eps=0.4,258.3828507127219,13.0,1
zbl eps=0.4,258.3828507127219,14.0,1
zbl eps=0.4,258.3828507127219,15.0,1
zbl eps=0.4,258.3828507127219,16.0,2
zbl eps=0.4,258.3828507127219,17.0,1
zbl eps=0.4,258.3828507127219,18.0,1
zbl eps=0.4,258.3828507127219,19.0,1
zbl eps=0.4,258.3828507127219,20.0,1
zbl eps=0.4,258.3828507127219,21.0,1
zbl eps=0.4,258.3828507127219,22.0,1
zbl eps=0.4,258.3828507127219,23.0,1
zbl eps=0.4,258.3828507127219,24.0,1
zbl eps=0.4,258.3828507127219,25.0,1
zbl eps=0.4,258.3828507127219,26.0,1
zbl eps=0.4,258.3828507127219,27.0,1
zbl eps=0.4,258.3828507127219,28.0,1
zbl eps=0.4,258.3828507127219,29.0,1
zbl eps=0.4,258.3828507127219,30.0,1
zbl eps=0.4,289.3887927982486,0.0,0
zbl eps=0.4,289.3887927982486,1.0,0
zbl eps=0.4,289.3887927982486,2.0,0
zbl eps=0.4,289.3887927982486,3.0,0
zbl eps=0.4,289.3887927982486,4.0,0
zbl eps=0.4,289.3887927982486,5.0,0
zbl eps=0.4,289.3887927982486,6.0,0
zbl eps=0.4,289.3887927982486,7.0,0
zbl eps=0.4,289.3887927982486,8.0,0
zbl eps=0.4,289.3887927982486,9.0,0
zbl eps=0.4,289.3887927982486,10.0,0
zbl eps=0.4,289.3887927982486,11.0,0
zbl eps=0.4,289.3887927982486,12.0,0
zbl eps=0.4,289.3887927982486,13.0,1
zbl eps=0.4,289.3887927982486,14.0,0
zbl eps=0.4,289.3887927982486,15.0,1
zbl eps=0.4,289.3887927982486,16.0,1
zbl eps=0.4,289.3887927982486,17.0,1
zbl eps=0.4,289.3887927982486,18.0,1
zbl eps=0.4,289.3887927982486,19.0,1
zbl eps=0.4,289.3887927982486,20.0,1
zbl eps=0.4,289.3887927982486,21.0,1
zbl eps=0.4,289.3887927982486,22.0,1
zbl eps=0.4,289.3887927982486,23.0,1
zbl eps=0.4,289.3887927982486,24.0,1
zbl eps=0.4,289.3887927982486,25.0,1
zbl eps=0.4,289.3887927982486,26.0,1
zbl eps=0.4,289.3887927982486,27.0,1
zbl eps=0.4,289.3887927982486,28.0,1
zbl eps=0.4,289.3887927982486,29.0,1
zbl eps=0.4,289.3887927982486,30.0,1
zbl eps=0.4,324.11544793403846,0.0,0
zbl eps=0.4,324.11544793403846,1.0,0
zbl eps=0.4,324.11544793403846,2.0,0
zbl eps=0.4,324.11544793403846,3.0,0
zbl eps=0.4,324.11544793403846,4.0,0
zbl eps=0.4,324.11544793403846,5.0,0
zbl eps=0.4,324.11544793403846,6.0,1
zbl eps=0.4,324.11544793403846,7.0,0
zbl eps=0.4,324.11544793403846,8.0,0
zbl eps=0.4,324.11544793403846,9.0,0
zbl eps=0.4,324.11544793403846,10.0,0
zbl eps=0.4,324.11544793403846,11.0,0
zbl eps=0.4,324.11544793403846,12.0,0
zbl eps=0.4,324.11544793403846,13.0,0
zbl eps=0.4,324.11544793403846,14.0,0
zbl eps=0.4,324.11544793403846,15.0,0
zbl eps=0.4,324.11544793403846,16.0,0
zbl eps=0.4,324.11544793403846,17.0,2
zbl eps=0.4,324.11544793403846,18.0,2
zbl eps=0.4,324.11544793403846,19.0,1
zbl eps=0.4,324.11544793403846,20.0,1
zbl eps=0.4,324.11544793403846,21.0,1
zbl eps=0.4,324.11544793403846,22.0,1
zbl eps=0.4,324.11544793403846,23.0,1
zbl eps=0.4,324.11544793403846,24.0,1
zbl eps=0.4,324.11544793403846,25.0,1
zbl eps=0.4,324.11544793403846,26.0,1
zbl eps=0.4,324.11544793403846,27.0,1
zbl eps=0.4,324.11544793403846,28.0,1
zbl eps=0.4,324.11544793403846,29.0,1
zbl eps=0.4,324.11544793403846,30.0,1
zbl eps=0.4,363.0093016861231,0.0,0
zbl eps=0.4,363.0093016861231,1.0,0
zbl eps=0.4,363.0093016861231,2.0,0
zbl eps=0.4,363.0093016861231,3.0,0
zbl eps=0.4,363.0093016861231,4.0,0
zbl eps=0.4,363.0093016861231,5.0,0
zbl eps=0.4,363.0093016861231,6.0,0
zbl eps=0.4,363.0093016861231,7.0,0
zbl eps=0.4,363.0093016861231,8.0,0
zbl eps=0.4,363.0093016861231,9.0,1
zbl eps=0.4,363.0093016861231,10.0,0
zbl eps=0.4,363.0093016861231,11.0,0
zbl eps=0.4,363.0093016861231,12.0,0
zbl eps=0.4,363.0093016861231,13.0,0
zbl eps=0.4,363.0093016861231,14.0,0
zbl eps=0.4,363.0093016861231,15.0,0
zbl eps=0.4,363.0093016861231,16.0,0
zbl eps=0.4,363.0093016861231,17.0,0
zbl eps=0.4,363.0093016861231,18.0,2
zbl eps=0.4,363.0093016861231,19.0,1
zbl eps=0.4,363.0093016861231,20.0,1
zbl eps=0.4,363.0093016861231,21.0,1
zbl eps=0.4,363.0093016861231,22.0,1
zbl eps=0.4,363.0093016861231,23.0,1
zbl eps=0.4,363.0093016861231,24.0,1
zbl eps=0.4,363.0093016861231,25.0,1
zbl eps=0.4,363.0093016861231,26.0,1
zbl eps=0.4,363.0093016861231,27.0,1
zbl eps=0.4,363.0093016861231,28.0,1
zbl eps=0.4,363.0093016861231,29.0,1
zbl eps=0.4,363.0093016861231,30.0,1
zbl eps=0.4,406.5704178884579,0.0,0
zbl eps=0.4,406.5704178884579,1.0,0
zbl eps=0.4,406.5704178884579,2.0,0
zbl eps=0.4,406.5704178884579,3.0,0
zbl eps=0.4,406.5704178884579,4.0,0
zbl eps=0.4,406.5704178884579,5.0,0
zbl eps=0.4,406.5704178884579,6.0,0
zbl eps=0.4,406.5704178884579,7.0,0
zbl eps=0.4,406.5704178884579,8.0,0
zbl eps=0.4,406.5704178884579,9.0,0
zbl eps=0.4,406.5704178884579,10.0,0
zbl eps=0.4,406.5704178884579,11.0,1
zbl eps=0.4,406.5704178884579,12.0,0
zbl eps=0.4,406.5704178884579,13.0,0
zbl eps=0.4,406.5704178884579,14.0,0
zbl eps=0.4,406.5704178884579,15.0,0
zbl eps=0.4,406.5704178884579,16.0,0
zbl eps=0.4,406.5704178884579,17.0,1
zbl eps=0.4,406.5704178884579,18.0,2
zbl eps=0.4,406.5704178884579,19.0,2
zbl eps=0.4,406.5704178884579,20.0,2
zbl eps=0.4,406.5704178884579,21.0,1
zbl eps=0.4,406.5704178884579,22.0,1
zbl eps=0.4,406.5704178884579,23.0,1
zbl eps=0.4,406.5704178884579,24.0,2
zbl eps=0.4,406.5704178884579,25.0,1
zbl eps=0.4,406.5704178884579,26.0,2
zbl eps=0.4,406.5704178884579,27.0,1
zbl eps=0.4,406.5704178884579,28.0,1
zbl eps=0.4,406.5704178884579,29.0,1
zbl eps=0.4,406.5704178884579,30.0,1
zbl eps=0.4,455.3588680350729,0.0,0
zbl eps=0.4,455.3588680350729,1.0,0
zbl eps=0.4,455.3588680350729,2.0,0
zbl eps=0.4,455.3588680350729,3.0,0
zbl eps=0.4,455.3588680350729,4.0,0
zbl eps=0.4,455.3588680350729,5.0,0
zbl eps=0.4,455.3588680350729,6.0,1
zbl eps=0.4,455.3588680350729,7.0,1
zbl eps=0.4,455.3588680350729,8.0,1
zbl eps=0.4,455.3588680350729,9.0,0
zbl eps=0.4,455.3588680350729,10.0,0
zbl eps=0.4,455.3588680350729,11.0,0
zbl eps=0.4,455.3588680350729,12.0,0
zbl eps=0.4,455.3588680350729,13.0,0
zbl eps=0.4,455.3588680350729,14.0,0
zbl eps=0.4,455.3588680350729,15.0,0
zbl eps=0.4,455.3588680350729,16.0,1
zbl eps=0.4,455.3588680350729,17.0,3
zbl eps=0.4,455.3588680350729,18.0,2
zbl eps=0.4,455.3588680350729,19.0,2
zbl eps=0.4,455.3588680350729,20.0,2
zbl eps=0.4,455.3588680350729,21.0,1
zbl eps=0.4,455.3588680350729,22.0,4
zbl eps=0.4,455.3588680350729,23.0,5
zbl eps=0.4,455.3588680350729,24.0,2
zbl eps=0.4,455.3588680350729,25.0,1
zbl eps=0.4,455.3588680350729,26.0,1
zbl eps=0.4,455.3588680350729,27.0,1
zbl eps=0.4,455.3588680350729,28.0,2
zbl eps=0.4,455.3588680350729,29.0,2
zbl eps=0.4,455.3588680350729,30.0,1
zbl eps=0.4,510.00193219928167,0.0,0
zbl eps=0.4,510.00193219928167,1.0,0
zbl eps=0.4,510.00193219928167,2.0,0
zbl eps=0.4,510.00193219928167,3.0,0
zbl eps=0.4,510.00193219928167,4.0,0
zbl eps=0.4,510.00193219928167,5.0,1
zbl eps=0.4,510.00193219928167,6.0,0
zbl eps=0.4,510.00193219928167,7.0,1
zbl eps=0.4,510.00193219928167,8.0,2
zbl eps=0.4,510.00193219928167,9.0,0
zbl eps=0.4,510.00193219928167,10.0,0
zbl eps=0.4,510.00193219928167,11.0,0
zbl eps=0.4,510.00193219928167,12.0,0
zbl eps=0.4,510.00193219928167,13.0,2
zbl eps=0.4,510.00193219928167,14.0,0
zbl eps=0.4,510.00193219928167,15.0,1
zbl eps=0.4,510.00193219928167,16.0,1
zbl eps=0.4,510.00193219928167,17.0,0
zbl eps=0.4,510.00193219928167,18.0,0
zbl eps=0.4,510.00193219928167,19.0,0
zbl eps=0.4,510.00193219928167,20.0,0
zbl eps=0.4,510.00193219928167,21.0,3
zbl eps=0.4,510.00193219928167,22.0,4
zbl eps=0.4,510.00193219928167,23.0,4
zbl eps=0.4,510.00193219928167,24.0,1
zbl eps=0.4,510.00193219928167,25.0,3
zbl eps=0.4,510.00193219928167,26.0,3
zbl eps=0.4,510.00193219928167,27.0,1
zbl eps=0.4,510.00193219928167,28.0,1
zbl eps=0.4,510.00193219928167,29.0,2
zbl eps=0.4,510.00193219928167,30.0,1
zbl eps=0.4,571.2021640631955,0.0,1
zbl eps=0.4,571.2021640631955,1.0,2
zbl eps=0.4,571.2021640631955,2.0,2
zbl eps=0.4,571.2021640631955,3.0,1
zbl eps=0.4,571.2021640631955,4.0,1
zbl eps=0.4,571.2021640631955,5.0,0
zbl eps=0.4,571.2021640631955,6.0,1
zbl eps=0.4,571.2021640631955,7.0,0
zbl eps=0.4,571.2021640631955,8.0,0
zbl eps=0.4,571.2021640631955,9.0,1
zbl eps=0.4,571.2021640631955,10.0,4
zbl eps=0.4,571.2021640631955,11.0,1
zbl eps=0.4,571.2021640631955,12.0,4
zbl eps=0.4,571.2021640631955,13.0,2
zbl eps=0.4,571.2021640631955,14.0,0
zbl eps=0.4,571.2021640631955,15.0,0
zbl eps=0.4,571.2021640631955,16.0,2
zbl eps=0.4,571.2021640631955,17.0,3
zbl eps=0.4,571.2021640631955,18.0,0
zbl eps=0.4,571.2021640631955,19.0,0
zbl eps=0.4,571.2021640631955,20.0,1
zbl eps=0.4,571.2021640631955,21.0,1
zbl eps=0.4,571.2021640631955,22.0,1
zbl eps=0.4,571.2021640631955,23.0,4
zbl eps=0.4,571.2021640631955,24.0,0
zbl eps=0.4,571.2021640631955,25.0,3
zbl eps=0.4,571.2021640631955,26.0,4
zbl eps=0.4,571.2021640631955,27.0,4
zbl eps=0.4,571.2021640631955,28.0,6
zbl eps=0.4,571.2021640631955,29.0,9
zbl eps=0.4,571.2021640631955,30.0,1
zbl eps=0.4,639.7464237507791,0.0,0
zbl eps=0.4,639.7464237507791,1.0,2
zbl eps=0.4,639.7464237507791,2.0,11
zbl eps=0.4,639.7464237507791,3.0,2
zbl eps=0.4,639.7464237507791,4.0,1
zbl eps=0.4,639.7464237507791,5.0,1
zbl eps=0.4,639.7464237507791,6.0,0
zbl eps=0.4,639.7464237507791,7.0,0
zbl eps=0.4,639.7464237507791,8.0,0
zbl eps=0.4,639.7464237507791,9.0,1
zbl eps=0.4,639.7464237507791,10.0,1
zbl eps=0.4,639.7464237507791,11.0,7
zbl eps=0.4,639.7464237507791,12.0,3
zbl eps=0.4,639.7464237507791,13.0,0
zbl eps=0.4,639.7464237507791,14.0,2
zbl eps=0.4,639.7464237507791,15.0,0
zbl eps=0.4,639.7464237507791,16.0,4
zbl eps=0.4,639.7464237507791,17.0,0
zbl eps=0.4,639.7464237507791,18.0,1
zbl eps=0.4,639.7464237507791,19.0,1
zbl eps=0.4,639.7464237507791,20.0,1
zbl eps=0.4,639.7464237507791,21.0,2
zbl eps=0.4,639.7464237507791,22.0,1
zbl eps=0.4,639.7464237507791,23.0,1
zbl eps=0.4,639.7464237507791,24.0,4
zbl eps=0.4,639.7464237507791,25.0,5
zbl eps=0.4,639.7464237507791,26.0,3
zbl eps=0.4,639.7464237507791,27.0,9
zbl eps=0.4,639.7464237507791,28.0,6
zbl eps=0.4,639.7464237507791,29.0,8
zbl eps=0.4,639.7464237507791,30.0,1
zbl eps=0.4,716.5159946008727,0.0,7
zbl eps=0.4,716.5159946008727,1.0,6
zbl eps=0.4,716.5159946008727,2.0,3
zbl eps=0.4,716.5159946008727,3.0,2
zbl eps=0.4,716.5159946008727,4.0,6
zbl eps=0.4,716.5159946008727,5.0,5
zbl eps=0.4,716.5159946008727,6.0,4
zbl eps=0.4,716.5159946008727,7.0,7
zbl eps=0.4,716.5159946008727,8.0,0
zbl eps=0.4,716.5159946008727,9.0,2
zbl eps=0.4,716.5159946008727,10.0,1
zbl eps=0.4,716.5159946008727,11.0,0
zbl eps=0.4,716.5159946008727,12.0,13
zbl eps=0.4,716.5159946008727,13.0,9
zbl eps=0.4,716.5159946008727,14.0,6
zbl eps=0.4,716.5159946008727,15.0,2
zbl eps=0.4,716.5159946008727,16.0,0
zbl eps=0.4,716.5159946008727,17.0,13
zbl eps=0.4,716.5159946008727,18.0,15
zbl eps=0.4,716.5159946008727,19.0,1
zbl eps=0.4,716.5159946008727,20.0,2
zbl eps=0.4,716.5159946008727,21.0,1
zbl eps=0.4,716.5159946008727,22.0,2
zbl eps=0.4,716.5159946008727,23.0,2
zbl eps=0.4,716.5159946008727,24.0,0
zbl eps=0.4,716.5159946008727,25.0,6
zbl eps=0.4,716.5159946008727,26.0,1
zbl eps=0.4,716.5159946008727,27.0,5
zbl eps=0.4,716.5159946008727,28.0,4
zbl eps=0.4,716.5159946008727,29.0,13
zbl eps=0.4,716.5159946008727,30.0,1
zbl eps=0.4,802.4979139529775,0.0,9
zbl eps=0.4,802.4979139529775,1.0,17
zbl eps=0.4,802.4979139529775,2.0,17
zbl eps=0.4,802.4979139529775,3.0,27
zbl eps=0.4,802.4979139529775,4.0,12
zbl eps=0.4,802.4979139529775,5.0,12
zbl eps=0.4,802.4979139529775,6.0,21
zbl eps=0.4,802.4979139529775,7.0,18
zbl eps=0.4,802.4979139529775,8.0,15
zbl eps=0.4,802.4979139529775,9.0,1
zbl eps=0.4,802.4979139529775,10.0,7
zbl eps=0.4,802.4979139529775,11.0,20
zbl eps=0.4,802.4979139529775,12.0,9
zbl eps=0.4,802.4979139529775,13.0,25
zbl eps=0.4,802.4979139529775,14.0,21
zbl eps=0.4,802.4979139529775,15.0,10
zbl eps=0.4,802.4979139529775,16.0,2
zbl eps=0.4,802.4979139529775,17.0,29
zbl eps=0.4,802.4979139529775,18.0,10
zbl eps=0.4,802.4979139529775,19.0,5
zbl eps=0.4,802.4979139529775,20.0,10
zbl eps=0.4,802.4979139529775,21.0,4
zbl eps=0.4,802.4979139529775,22.0,10
zbl eps=0.4,802.4979139529775,23.0,6
zbl eps=0.4,802.4979139529775,24.0,19
zbl eps=0.4,802.4979139529775,25.0,15
zbl eps=0.4,802.4979139529775,26.0,10
zbl eps=0.4,802.4979139529775,27.0,18
zbl eps=0.4,802.4979139529775,28.0,21
zbl eps=0.4,802.4979139529775,29.0,23
zbl eps=0.4,802.4979139529775,30.0,1
zbl eps=0.4,898.7976636273347,0.0,24
zbl eps=0.4,898.7976636273347,1.0,28
zbl eps=0.4,898.7976636273347,2.0,39
zbl eps=0.4,898.7976636273347,3.0,38
zbl eps=0.4,898.7976636273347,4.0,27
zbl eps=0.4,898.7976636273347,5.0,32
zbl eps=0.4,898.7976636273347,6.0,24
zbl eps=0.4,898.7976636273347,7.0,34
zbl eps=0.4,898.7976636273347,8.0,34
zbl eps=0.4,898.7976636273347,9.0,63
zbl eps=0.4,898.7976636273347,10.0,6
zbl eps=0.4,898.7976636273347,11.0,4
zbl eps=0.4,898.7976636273347,12.0,26
zbl eps=0.4,898.7976636273347,13.0,28
zbl eps=0.4,898.7976636273347,14.0,26
zbl eps=0.4,898.7976636273347,15.0,23
zbl eps=0.4,898.7976636273347,16.0,9
zbl eps=0.4,898.7976636273347,17.0,19
zbl eps=0.4,898.7976636273347,18.0,16
zbl eps=0.4,898.7976636273347,19.0,28
zbl eps=0.4,898.7976636273347,20.0,8
zbl eps=0.4,898.7976636273347,21.0,5
zbl eps=0.4,898.7976636273347,22.0,15
zbl eps=0.4,898.7976636273347,23.0,35
zbl eps=0.4,898.7976636273347,24.0,20
zbl eps=0.4,898.7976636273347,25.0,38
zbl eps=0.4,898.7976636273347,26.0,9
zbl eps=0.4,898.7976636273347,27.0,29
zbl eps=0.4,898.7976636273347,28.0,25
zbl eps=0.4,898.7976636273347,29.0,19
zbl eps=0.4,898.7976636273347,30.0,1
zbl eps=0.4,1006.6533832626151,0.0,74
zbl eps=0.4,1006.6533832626151,1.0,58
zbl eps=0.4,1006.6533832626151,2.0,59
zbl eps=0.4,1006.6533832626151,3.0,66
zbl eps=0.4,1006.6533832626151,4.0,63
zbl eps=0.4,1006.6533832626151,5.0,46
zbl eps=0.4,1006.6533832626151,6.0,46
zbl eps=0.4,1006.6533832626151,7.0,44
zbl eps=0.4,1006.6533832626151,8.0,40
zbl eps=0.4,1006.6533832626151,9.0,67
zbl eps=0.4,1006.6533832626151,10.0,67
zbl eps=0.4,1006.6533832626151,11.0,43
zbl eps=0.4,1006.6533832626151,12.0,33
zbl eps=0.4,1006.6533832626151,13.0,63
zbl eps=0.4,1006.6533832626151,14.0,21
zbl eps=0.4,1006.6533832626151,15.0,26
zbl eps=0.4,1006.6533832626151,16.0,22
zbl eps=0.4,1006.6533832626151,17.0,18
zbl eps=0.4,1006.6533832626151,18.0,20
zbl eps=0.4,1006.6533832626151,19.0,28
zbl eps=0.4,1006.6533832626151,20.0,29
zbl eps=0.4,1006.6533832626151,21.0,12
zbl eps=0.4,1006.6533832626151,22.0,20
zbl eps=0.4,1006.6533832626151,23.0,30
zbl eps=0.4,1006.6533832626151,24.0,28
zbl eps=0.4,1006.6533832626151,25.0,16
zbl eps=0.4,1006.6533832626151,26.0,41
zbl eps=0.4,1006.6533832626151,27.0,12
zbl eps=0.4,1006.6533832626151,28.0,21
zbl eps=0.4,1006.6533832626151,29.0,8
zbl eps=0.4,1006.6533832626151,30.0,1
zbl eps=0.4,1127.451789254129,0.0,72
zbl eps=0.4,1127.451789254129,1.0,64
zbl eps=0.4,1127.451789254129,2.0,60
zbl eps=0.4,1127.451789254129,3.0,62
zbl eps=0.4,1127.451789254129,4.0,56
zbl eps=0.4,1127.451789254129,5.0,60
zbl eps=0.4,1127.451789254129,6.0,69
zbl eps=0.4,1127.451789254129,7.0,57
zbl eps=0.4,1127.451789254129,8.0,45
zbl eps=0.4,1127.451789254129,9.0,44
zbl eps=0.4,1127.451789254129,10.0,59
zbl eps=0.4,1127.451789254129,11.0,69
zbl eps=0.4,1127.451789254129,12.0,75
zbl eps=0.4,1127.451789254129,13.0,49
zbl eps=0.4,1127.451789254129,14.0,73
zbl eps=0.4,1127.451789254129,15.0,46
zbl eps=0.4,1127.451789254129,16.0,38
zbl eps=0.4,1127.451789254129,17.0,69
zbl eps=0.4,1127.451789254129,18.0,18
zbl eps=0.4,1127.451789254129,19.0,59
zbl eps=0.4,1127.451789254129,20.0,47
zbl eps=0.4,1127.451789254129,21.0,40
zbl eps=0.4,1127.451789254129,22.0,27
zbl eps=0.4,1127.451789254129,23.0,28
zbl eps=0.4,1127.451789254129,24.0,24
zbl eps=0.4,1127.451789254129,25.0,32
zbl eps=0.4,1127.451789254129,26.0,40
zbl eps=0.4,1127.451789254129,27.0,28
zbl eps=0.4,1127.451789254129,28.0,34
zbl eps=0.4,1127.451789254129,29.0,29
zbl eps=0.4,1127.451789254129,30.0,1
zbl eps=0.4,1262.7460039646246,0.0,61
zbl eps=0.4,1262.7460039646246,1.0,62
zbl eps=0.4,1262.7460039646246,2.0,66
zbl eps=0.4,1262.7460039646246,3.0,58
zbl eps=0.4,1262.7460039646246,4.0,62
zbl eps=0.4,1262.7460039646246,5.0,68
zbl eps=0.4,1262.7460039646246,6.0,65
zbl eps=0.4,1262.7460039646246,7.0,57
zbl eps=0.4,1262.7460039646246,8.0,62
zbl eps=0.4,1262.7460039646246,9.0,51
zbl eps=0.4,1262.7460039646246,10.0,48
zbl eps=0.4,1262.7460039646246,11.0,72
zbl eps=0.4,1262.7460039646246,12.0,76
zbl eps=0.4,1262.7460039646246,13.0,82
zbl eps=0.4,1262.7460039646246,14.0,66
zbl eps=0.4,1262.7460039646246,15.0,85
zbl eps=0.4,1262.7460039646246,16.0,60
zbl eps=0.4,1262.7460039646246,17.0,73
zbl eps=0.4,1262.7460039646246,18.0,72
zbl eps=0.4,1262.7460039646246,19.0,60
zbl eps=0.4,1262.7460039646246,20.0,39
zbl eps=0.4,1262.7460039646246,21.0,61
zbl eps=0.4,1262.7460039646246,22.0,39
zbl eps=0.4,1262.7460039646246,23.0,31
zbl eps=0.4,1262.7460039646246,24.0,61
zbl eps=0.4,1262.7460039646246,25.0,41
zbl eps=0.4,1262.7460039646246,26.0,41
zbl eps=0.4,1262.7460039646246,27.0,43
zbl eps=0.4,1262.7460039646246,28.0,33
zbl eps=0.4,1262.7460039646246,29.0,30
zbl eps=0.4,1262.7460039646246,30.0,1
zbl eps=0.4,1414.2755244403797,0.0,66
zbl eps=0.4,1414.2755244403797,1.0,63
zbl eps=0.4,1414.2755244403797,2.0,84
zbl eps=0.4,1414.2755244403797,3.0,80
zbl eps=0.4,1414.2755244403797,4.0,81
zbl eps=0.4,1414.2755244403797,5.0,95
zbl eps=0.4,1414.2755244403797,6.0,85
zbl eps=0.4,1414.2755244403797,7.0,73
zbl eps=0.4,1414.2755244403797,8.0,71
zbl eps=0.4,1414.2755244403797,9.0,87
zbl eps=0.4,1414.2755244403797,10.0,71
zbl eps=0.4,1414.2755244403797,11.0,76
zbl eps=0.4,1414.2755244403797,12.0,99
zbl eps=0.4,1414.2755244403797,13.0,104
zbl eps=0.4,1414.2755244403797,14.0,103
zbl eps=0.4,1414.2755244403797,15.0,72
zbl eps=0.4,1414.2755244403797,16.0,78
zbl eps=0.4,1414.2755244403797,17.0,97
zbl eps=0.4,1414.2755244403797,18.0,100
zbl eps=0.4,1414.2755244403797,19.0,82
zbl eps=0.4,1414.2755244403797,20.0,114
zbl eps=0.4,1414.2755244403797,21.0,85
zbl eps=0.4,1414.2755244403797,22.0,71
zbl eps=0.4,1414.2755244403797,23.0,89
zbl eps=0.4,1414.2755244403797,24.0,71
zbl eps=0.4,1414.2755244403797,25.0,79
zbl eps=0.4,1414.2755244403797,26.0,63
zbl eps=0.4,1414.2755244403797,27.0,55
zbl eps=0.4,1414.2755244403797,28.0,43
zbl eps=0.4,1414.2755244403797,29.0,46
zbl eps=0.4,1414.2755244403797,30.0,1
zbl eps=0.4,1583.9885873732255,0.0,103
zbl eps=0.4,1583.9885873732255,1.0,110
zbl eps=0.4,1583.9885873732255,2.0,95
zbl eps=0.4,1583.9885873732255,3.0,89
zbl eps=0.4,1583.9885873732255,4.0,102
zbl eps=0.4,1583.9885873732255,5.0,100
zbl eps=0.4,1583.9885873732255,6.0,98
zbl eps=0.4,1583.9885873732255,7.0,92
zbl eps=0.4,1583.9885873732255,8.0,108
zbl eps=0.4,1583.9885873732255,9.0,81
zbl eps=0.4,1583.9885873732255,10.0,124
zbl eps=0.4,1583.9885873732255,11.0,78
zbl eps=0.4,1583.9885873732255,12.0,81
zbl eps=0.4,1583.9885873732255,13.0,96
zbl eps=0.4,1583.9885873732255,14.0,110
zbl eps=0.4,1583.9885873732255,15.0,111
zbl eps=0.4,1583.9885873732255,16.0,88
zbl eps=0.4,1583.9885873732255,17.0,95
zbl eps=0.4,1583.9885873732255,18.0,93
zbl eps=0.4,1583.9885873732255,19.0,110
zbl eps=0.4,1583.9885873732255,20.0,106
zbl eps=0.4,1583.9885873732255,21.0,118
zbl eps=0.4,1583.9885873732255,22.0,87
zbl eps=0.4,1583.9885873732255,23.0,89
zbl eps=0.4,1583.9885873732255,24.0,85
zbl eps=0.4,1583.9885873732255,25.0,106
zbl eps=0.4,1583.9885873732255,26.0,81
zbl eps=0.4,1583.9885873732255,27.0,91
zbl eps=0.4,1583.9885873732255,28.0,65
zbl eps=0.4,1583.9885873732255,29.0,81
zbl eps=0.4,1583.9885873732255,30.0,1
zbl eps=0.4,1774.0672178580126,0.0,117
zbl eps=0.4,1774.0672178580126,1.0,101
zbl eps=0.4,1774.0672178580126,2.0,101
zbl eps=0.4,1774.0672178580126,3.0,97
zbl eps=0.4,1774.0672178580126,4.0,104
zbl eps=0.4,1774.0672178580126,5.0,119
zbl eps=0.4,1774.0672178580126,6.0,136
zbl eps=0.4,1774.0672178580126,7.0,125
zbl eps=0.4,1774.0672178580126,8.0,119
zbl eps=0.4,1774.0672178580126,9.0,131
zbl eps=0.4,1774.0672178580126,10.0,104
zbl eps=0.4,1774.0672178580126,11.0,115
zbl eps=0.4,1774.0672178580126,12.0,114
zbl eps=0.4,1774.0672178580126,13.0,115
zbl eps=0.4,1774.0672178580126,14.0,118
zbl eps=0.4,1774.0672178580126,15.0,115
zbl eps=0.4,1774.0672178580126,16.0,107
zbl eps=0.4,1774.0672178580126,17.0,92
zbl eps=0.4,1774.0672178580126,18.0,98
zbl eps=0.4,1774.0672178580126,19.0,120
zbl eps=0.4,1774.0672178580126,20.0,105
zbl eps=0.4,1774.0672178580126,21.0,123
zbl eps=0.4,1774.0672178580126,22.0,110
zbl eps=0.4,1774.0672178580126,23.0,76
zbl eps=0.4,1774.0672178580126,24.0,103
zbl eps=0.4,1774.0672178580126,25.0,119
zbl eps=0.4,1774.0672178580126,26.0,145
zbl eps=0.4,1774.0672178580126,27.0,61
zbl eps=0.4,1774.0672178580126,28.0,121
zbl eps=0.4,1774.0672178580126,29.0,122
zbl eps=0.4,1774.0672178580126,30.0,1
zbl eps=0.4,1986.955284000974,0.0,121
zbl eps=0.4,1986.955284000974,1.0,113
zbl eps=0.4,1986.955284000974,2.0,115
zbl eps=0.4,1986.955284000974,3.0,135
zbl eps=0.4,1986.955284000974,4.0,128
zbl eps=0.4,1986.955284000974,5.0,144
zbl eps=0.4,1986.955284000974,6.0,142
zbl eps=0.4,1986.955284000974,7.0,149
zbl eps=0.4,1986.955284000974,8.0,137
zbl eps=0.4,1986.955284000974,9.0,138
zbl eps=0.4,1986.955284000974,10.0,141
zbl eps=0.4,1986.955284000974,11.0,133
zbl eps=0.4,1986.955284000974,12.0,141
zbl eps=0.4,1986.955284000974,13.0,137
zbl eps=0.4,1986.955284000974,14.0,121
zbl eps=0.4,1986.955284000974,15.0,136
zbl eps=0.4,1986.955284000974,16.0,122
zbl eps=0.4,1986.955284000974,17.0,122
zbl eps=0.4,1986.955284000974,18.0,123
zbl eps=0.4,1986.955284000974,19.0,123
zbl eps=0.4,1986.955284000974,20.0,112
zbl eps=0.4,1986.955284000974,21.0,136
zbl eps=0.4,1986.955284000974,22.0,129
zbl eps=0.4,1986.955284000974,23.0,116
zbl eps=0.4,1986.955284000974,24.0,95
zbl eps=0.4,1986.955284000974,25.0,117
zbl eps=0.4,1986.955284000974,26.0,120
zbl eps=0.4,1986.955284000974,27.0,112
zbl eps=0.4,1986.955284000974,28.0,127
zbl eps=0.4,1986.955284000974,29.0,121
zbl eps=0.4,1986.955284000974,30.0,1
zbl eps=0.4,2225.3899180810913,0.0,160
zbl eps=0.4,2225.3899180810913,1.0,151
zbl eps=0.4,2225.3899180810913,2.0,145
zbl eps=0.4,2225.3899180810913,3.0,168
zbl eps=0.4,2225.3899180810913,4.0,160
zbl eps=0.4,2225.3899180810913,5.0,166
zbl eps=0.4,2225.3899180810913,6.0,154
zbl eps=0.4,2225.3899180810913,7.0,157
zbl eps=0.4,2225.3899180810913,8.0,158
zbl eps=0.4,2225.3899180810913,9.0,168
zbl eps=0.4,2225.3899180810913,10.0,150
zbl eps=0.4,2225.3899180810913,11.0,145
zbl eps=0.4,2225.3899180810913,12.0,143
zbl eps=0.4,2225.3899180810913,13.0,152
zbl eps=0.4,2225.3899180810913,14.0,134
zbl eps=0.4,2225.3899180810913,15.0,147
zbl eps=0.4,2225.3899180810913,16.0,144
zbl eps=0.4,2225.3899180810913,17.0,158
zbl eps=0.4,2225.3899180810913,18.0,149
zbl eps=0.4,2225.3899180810913,19.0,142
zbl eps=0.4,2225.3899180810913,20.0,146
zbl eps=0.4,2225.3899180810913,21.0,117
zbl eps=0.4,2225.3899180810913,22.0,121
zbl eps=0.4,2225.3899180810913,23.0,121
zbl eps=0.4,2225.3899180810913,24.0,133
zbl eps=0.4,2225.3899180810913,25.0,159
zbl eps=0.4,2225.3899180810913,26.0,136
zbl eps=0.4,2225.3899180810913,27.0,127
zbl eps=0.4,2225.3899180810913,28.0,151
zbl eps=0.4,2225.3899180810913,29.0,138
zbl eps=0.4,2225.3899180810913,30.0,1
zbl eps=0.4,2492.4367082508224,0.0,150
zbl eps=0.4,2492.4367082508224,1.0,150
zbl eps=0.4,2492.4367082508224,2.0,177
zbl eps=0.4,2492.4367082508224,3.0,168
zbl eps=0.4,2492.4367082508224,4.0,162
zbl eps=0.4,2492.4367082508224,5.0,184
zbl eps=0.4,2492.4367082508224,6.0,169
zbl eps=0.4,2492.4367082508224,7.0,176
zbl eps=0.4,2492.4367082508224,8.0,167
zbl eps=0.4,2492.4367082508224,9.0,185
zbl eps=0.4,2492.4367082508224,10.0,157
zbl eps=0.4,2492.4367082508224,11.0,179
zbl eps=0.4,2492.4367082508224,12.0,167
zbl eps=0.4,2492.4367082508224,13.0,166
zbl eps=0.4,2492.4367082508224,14.0,177
zbl eps=0.4,2492.4367082508224,15.0,162
zbl eps=0.4,2492.4367082508224,16.0,154
zbl eps=0.4,2492.4367082508224,17.0,163
zbl eps=0.4,2492.4367082508224,18.0,160
zbl eps=0.4,2492.4367082508224,19.0,170
zbl eps=0.4,2492.4367082508224,20.0,156
zbl eps=0.4,2492.4367082508224,21.0,164
zbl eps=0.4,2492.4367082508224,22.0,145
zbl eps=0.4,2492.4367082508224,23.0,155
zbl eps=0.4,2492.4367082508224,24.0,151
zbl eps=0.4,2492.4367082508224,25.0,164
zbl eps=0.4,2492.4367082508224,26.0,178
zbl eps=0.4,2492.4367082508224,27.0,151
zbl eps=0.4,2492.4367082508224,28.0,151
zbl eps=0.4,2492.4367082508224,29.0,173
zbl eps=0.4,2492.4367082508224,30.0,1
zbl eps=0.4,2791.529113240921,0.0,158
zbl eps=0.4,2791.529113240921,1.0,164
zbl eps=0.4,2791.529113240921,2.0,150
zbl eps=0.4,2791.529113240921,3.0,143
zbl eps=0.4,2791.529113240921,4.0,157
zbl eps=0.4,2791.529113240921,5.0,175
zbl eps=0.4,2791.529113240921,6.0,182
zbl eps=0.4,2791.529113240921,7.0,181
zbl eps=0.4,2791.529113240921,8.0,181
zbl eps=0.4,2791.529113240921,9.0,174
zbl eps=0.4,2791.529113240921,10.0,178
zbl eps=0.4,2791.529113240921,11.0,197
zbl eps=0.4,2791.529113240921,12.0,169
zbl eps=0.4,2791.529113240921,13.0,192
zbl eps=0.4,2791.529113240921,14.0,179
zbl eps=0.4,2791.529113240921,15.0,185
zbl eps=0.4,2791.529113240921,16.0,188
zbl eps=0.4,2791.529113240921,17.0,155
zbl eps=0.4,2791.529113240921,18.0,190
zbl eps=0.4,2791.529113240921,19.0,181
zbl eps=0.4,2791.529113240921,20.0,181
zbl eps=0.4,2791.529113240921,21.0,171
zbl eps=0.4,2791.529113240921,22.0,194
zbl eps=0.4,2791.529113240921,23.0,178
zbl eps=0.4,2791.529113240921,24.0,168
zbl eps=0.4,2791.529113240921,25.0,172
zbl eps=0.4,2791.529113240921,26.0,181
zbl eps=0.4,2791.529113240921,27.0,188
zbl eps=0.4,2791.529113240921,28.0,176
zbl eps=0.4,2791.529113240921,29.0,182
zbl eps=0.4,2791.529113240921,30.0,1
zbl eps=0.5,30.0,0.0,0
zbl eps=0.5,30.0,1.0,0
zbl eps=0.5,30.0,2.0,0
zbl eps=0.5,30.0,3.0,0
zbl eps=0.5,30.0,4.0,0
zbl eps=0.5,30.0,5.0,0
zbl eps=0.5,30.0,6.0,0
zbl eps=0.5,30.0,7.0,0
zbl eps=0.5,30.0,8.0,0
zbl eps=0.5,30.0,9.0,0
zbl eps=0.5,30.0,10.0,0
zbl eps=0.5,30.0,11.0,0
zbl eps=0.5,30.0,12.0,0
zbl eps=0.5,30.0,13.0,0
zbl eps=0.5,30.0,14.0,0
zbl eps=0.5,30.0,15.0,0
zbl eps=0.5,30.0,16.0,0
zbl eps=0.5,30.0,17.0,0
zbl eps=0.5,30.0,18.0,0
zbl eps=0.5,30.0,19.0,0
zbl eps=0.5,30.0,20.0,0
zbl eps=0.5,30.0,21.0,0
zbl eps=0.5,30.0,22.0,0
zbl eps=0.5,30.0,23.0,0
zbl eps=0.5,30.0,24.0,0
zbl eps=0.5,30.0,25.0,0
zbl eps=0.5,30.0,26.0,0
zbl eps=0.5,30.0,27.0,0
zbl eps=0.5,30.0,28.0,0
zbl eps=0.5,30.0,29.0,0
zbl eps=0.5,30.0,30.0,0
zbl eps=0.5,33.6,0.0,0
zbl eps=0.5,33.6,1.0,0
zbl eps=0.5,33.6,2.0,0
zbl eps=0.5,33.6,3.0,0
zbl eps=0.5,33.6,4.0,0
zbl eps=0.5,33.6,5.0,0
zbl eps=0.5,33.6,6.0,0
zbl eps=0.5,33.6,7.0,0
zbl eps=0.5,33.6,8.0,0
zbl eps=0.5,33.6,9.0,0
zbl eps=0.5,33.6,10.0,0
zbl eps=0.5,33.6,11.0,0
zbl eps=0.5,33.6,12.0,0
zbl eps=0.5,33.6,13.0,0
zbl eps=0.5,33.6,14.0,0
zbl eps=0.5,33.6,15.0,0
zbl eps=0.5,33.6,16.0,0
zbl eps=0.5,33.6,17.0,0
zbl eps=0.5,33.6,18.0,0
zbl eps=0.5,33.6,19.0,0
zbl eps=0.5,33.6,20.0,0
zbl eps=0.5,33.6,21.0,0
zbl eps=0.5,33.6,22.0,0
zbl eps=0.5,33.6,23.0,0
zbl eps=0.5,33.6,24.0,0
zbl eps=0.5,33.6,25.0,0
zbl eps=0.5,33.6,26.0,0
zbl eps=0.5,33.6,27.0,0
zbl eps=0.5,33.6,28.0,0
zbl eps=0.5,33.6,29.0,0
zbl eps=0.5,33.6,30.0,0
zbl eps=0.5,37.632000000000005,0.0,0
zbl eps=0.5,37.632000000000005,1.0,0
zbl eps=0.5,37.632000000000005,2.0,0
zbl eps=0.5,37.632000000000005,3.0,0
zbl eps=0.5,37.632000000000005,4.0,0
zbl eps=0.5,37.632000000000005,5.0,0
zbl eps=0.5,37.632000000000005,6.0,0
zbl eps=0.5,37.632000000000005,7.0,0
zbl eps=0.5,37.632000000000005,8.0,0
zbl eps=0.5,37.632000000000005,9.0,0
zbl eps=0.5,37.632000000000005,10.0,0
zbl eps=0.5,37.632000000000005,11.0,0
zbl eps=0.5,37.632000000000005,12.0,0
zbl eps=0.5,37.632000000000005,13.0,0
zbl eps=0.5,37.632000000000005,14.0,0
zbl eps=0.5,37.632000000000005,15.0,0
zbl eps=0.5,37.632000000000005,16.0,0
zbl eps=0.5,37.632000000000005,17.0,0
zbl eps=0.5,37.632000000000005,18.0,0
zbl eps=0.5,37.632000000000005,19.0,0
zbl eps=0.5,37.632000000000005,20.0,0
zbl eps=0.5,37.632000000000005,21.0,0
zbl eps=0.5,37.632000000000005,22.0,0
zbl eps=0.5,37.632000000000005,23.0,0
zbl eps=0.5,37.632000000000005,24.0,0
zbl eps=0.5,37.632000000000005,25.0,0
zbl eps=0.5,37.632000000000005,26.0,0
zbl eps=0.5,37.632000000000005,27.0,0
zbl eps=0.5,37.632000000000005,28.0,0
zbl eps=0.5,37.632000000000005,29.0,0
zbl eps=0.5,37.632000000000005,30.0,0
zbl eps=0.5,42.14784000000001,0.0,0
zbl eps=0.5,42.14784000000001,1.0,0
zbl eps=0.5,42.14784000000001,2.0,0
zbl eps=0.5,42.14784000000001,3.0,0
zbl eps=0.5,42.14784000000001,4.0,0
zbl eps=0.5,42.14784000000001,5.0,0
zbl eps=0.5,42.14784000000001,6.0,0
zbl eps=0.5,42.14784000000001,7.0,0
zbl eps=0.5,42.14784000000001,8.0,0
zbl eps=0.5,42.14784000000001,9.0,0
zbl eps=0.5,42.14784000000001,10.0,0
zbl eps=0.5,42.14784000000001,11.0,0
zbl eps=0.5,42.14784000000001,12.0,0
zbl eps=0.5,42.14784000000001,13.0,0
zbl eps=0.5,42.14784000000001,14.0,0
zbl eps=0.5,42.14784000000001,15.0,0
zbl eps=0.5,42.14784000000001,16.0,0
zbl eps=0.5,42.14784000000001,17.0,0
zbl eps=0.5,42.14784000000001,18.0,0
zbl eps=0.5,42.14784000000001,19.0,0
zbl eps=0.5,42.14784000000001,20.0,0
zbl eps=0.5,42.14784000000001,21.0,0
zbl eps=0.5,42.14784000000001,22.0,0
zbl eps=0.5,42.14784000000001,23.0,0
zbl eps=0.5,42.14784000000001,24.0,0
zbl eps=0.5,42.14784000000001,25.0,0
zbl eps=0.5,42.14784000000001,26.0,0
zbl eps=0.5,42.14784000000001,27.0,0
zbl eps=0.5,42.14784000000001,28.0,0
zbl eps=0.5,42.14784000000001,29.0,0
zbl eps=0.5,42.14784000000001,30.0,0
zbl eps=0.5,47.20558080000002,0.0,0
zbl eps=0.5,47.20558080000002,1.0,0
zbl eps=0.5,47.20558080000002,2.0,0
zbl eps=0.5,47.20558080000002,3.0,0
zbl eps=0.5,47.20558080000002,4.0,0
zbl eps=0.5,47.20558080000002,5.0,0
zbl eps=0.5,47.20558080000002,6.0,0
zbl eps=0.5,47.20558080000002,7.0,0
zbl eps=0.5,47.20558080000002,8.0,0
zbl eps=0.5,47.20558080000002,9.0,0
zbl eps=0.5,47.20558080000002,10.0,0
zbl eps=0.5,47.20558080000002,11.0,0
zbl eps=0.5,47.20558080000002,12.0,0
zbl eps=0.5,47.20558080000002,13.0,0
zbl eps=0.5,47.20558080000002,14.0,0
zbl eps=0.5,47.20558080000002,15.0,0
zbl eps=0.5,47.20558080000002,16.0,0
zbl eps=0.5,47.20558080000002,17.0,0
zbl eps=0.5,47.20558080000002,18.0,0
zbl eps=0.5,47.20558080000002,19.0,0
zbl eps=0.5,47.20558080000002,20.0,0
zbl eps=0.5,47.20558080000002,21.0,0
zbl eps=0.5,47.20558080000002,22.0,0
zbl eps=0.5,47.20558080000002,23.0,0
zbl eps=0.5,47.20558080000002,24.0,0
zbl eps=0.5,47.20558080000002,25.0,0
zbl eps=0.5,47.20558080000002,26.0,0
zbl eps=0.5,47.20558080000002,27.0,0
zbl eps=0.5,47.20558080000002,28.0,0
zbl eps=0.5,47.20558080000002,29.0,0
zbl eps=0.5,47.20558080000002,30.0,0
zbl eps=0.5,52.870250496000025,0.0,0
zbl eps=0.5,52.870250496000025,1.0,0
zbl eps=0.5,52.870250496000025,2.0,0
zbl eps=0.5,52.870250496000025,3.0,0
zbl eps=0.5,52.870250496000025,4.0,0
zbl eps=0.5,52.870250496000025,5.0,0
zbl eps=0.5,52.870250496000025,6.0,0
zbl eps=0.5,52.870250496000025,7.0,0
zbl eps=0.5,52.870250496000025,8.0,0
zbl eps=0.5,52.870250496000025,9.0,0
zbl eps=0.5,52.870250496000025,10.0,0
zbl eps=0.5,52.870250496000025,11.0,0
zbl eps=0.5,52.870250496000025,12.0,0
zbl eps=0.5,52.870250496000025,13.0,0
zbl eps=0.5,52.870250496000025,14.0,0
zbl eps=0.5,52.870250496000025,15.0,0
zbl eps=0.5,52.870250496000025,16.0,0
zbl eps=0.5,52.870250496000025,17.0,0
zbl eps=0.5,52.870250496000025,18.0,0
zbl eps=0.5,52.870250496000025,19.0,0
zbl eps=0.5,52.870250496000025,20.0,0
zbl eps=0.5,52.870250496000025,21.0,0
zbl eps=0.5,52.870250496000025,22.0,0
zbl eps=0.5,52.870250496000025,23.0,0
zbl eps=0.5,52.870250496000025,24.0,0
zbl eps=0.5,52.870250496000025,25.0,0
zbl eps=0.5,52.870250496000025,26.0,0
zbl eps=0.5,52.870250496000025,27.0,0
zbl eps=0.5,52.870250496000025,28.0,0
zbl eps=0.5,52.870250496000025,29.0,0
zbl eps=0.5,52.870250496000025,30.0,0
zbl eps=0.5,59.21468055552003,0.0,0
zbl eps=0.5,59.21468055552003,1.0,0
zbl eps=0.5,59.21468055552003,2.0,0
zbl eps=0.5,59.21468055552003,3.0,0
zbl eps=0.5,59.21468055552003,4.0,0
zbl eps=0.5,59.21468055552003,5.0,0
zbl eps=0.5,59.21468055552003,6.0,0
zbl eps=0.5,59.21468055552003,7.0,0
zbl eps=0.5,59.21468055552003,8.0,0
zbl eps=0.5,59.21468055552003,9.0,0
zbl eps=0.5,59.21468055552003,10.0,0
zbl eps=0.5,59.21468055552003,11.0,0
zbl eps=0.5,59.21468055552003,12.0,0
zbl eps=0.5,59.21468055552003,13.0,0
zbl eps=0.5,59.21468055552003,14.0,0
zbl eps=0.5,59.21468055552003,15.0,0
zbl eps=0.5,59.21468055552003,16.0,0
zbl eps=0.5,59.21468055552003,17.0,0
zbl eps=0.5,59.21468055552003,18.0,0
zbl eps=0.5,59.21468055552003,19.0,0
zbl eps=0.5,59.21468055552003,20.0,0
zbl eps=0.5,59.21468055552003,21.0,0
zbl eps=0.5,59.21468055552003,22.0,0
zbl eps=0.5,59.21468055552003,23.0,0
zbl eps=0.5,59.21468055552003,24.0,0
zbl eps=0.5,59.21468055552003,25.0,0
zbl eps=0.5,59.21468055552003,26.0,0
zbl eps=0.5,59.21468055552003,27.0,0
zbl eps=0.5,59.21468055552003,28.0,0
zbl eps=0.5,59.21468055552003,29.0,0
zbl eps=0.5,59.21468055552003,30.0,0
zbl eps=0.5,66.32044222218244,0.0,0
zbl eps=0.5,66.32044222218244,1.0,0
zbl eps=0.5,66.32044222218244,2.0,0
zbl eps=0.5,66.32044222218244,3.0,0
zbl eps=0.5,66.32044222218244,4.0,0
zbl eps=0.5,66.32044222218244,5.0,0
zbl eps=0.5,66.32044222218244,6.0,0
zbl eps=0.5,66.32044222218244,7.0,0
zbl eps=0.5,66.32044222218244,8.0,0
zbl eps=0.5,66.32044222218244,9.0,0
zbl eps=0.5,66.32044222218244,10.0,0
zbl eps=0.5,66.32044222218244,11.0,0
zbl eps=0.5,66.32044222218244,12.0,0
zbl eps=0.5,66.32044222218244,13.0,0
zbl eps=0.5,66.32044222218244,14.0,0
zbl eps=0.5,66.32044222218244,15.0,0
zbl eps=0.5,66.32044222218244,16.0,0
zbl eps=0.5,66.32044222218244,17.0,0
zbl eps=0.5,66.32044222218244,18.0,0
zbl eps=0.5,66.32044222218244,19.0,0
zbl eps=0.5,66.32044222218244,20.0,0
zbl eps=0.5,66.32044222218244,21.0,0
zbl eps=0.5,66.32044222218244,22.0,0
zbl eps=0.5,66.32044222218244,23.0,0
zbl eps=0.5,66.32044222218244,24.0,0
zbl eps=0.5,66.32044222218244,25.0,0
zbl eps=0.5,66.32044222218244,26.0,0
zbl eps=0.5,66.32044222218244,27.0,0
zbl eps=0.5,66.32044222218244,28.0,0
zbl eps=0.5,66.32044222218244,29.0,0
zbl eps=0.5,66.32044222218244,30.0,0
zbl eps=0.5,74.27889528884434,0.0,0
zbl eps=0.5,74.27889528884434,1.0,0
zbl eps=0.5,74.27889528884434,2.0,0
zbl eps=0.5,74.27889528884434,3.0,0
zbl eps=0.5,74.27889528884434,4.0,0
zbl eps=0.5,74.27889528884434,5.0,0
zbl eps=0.5,74.27889528884434,6.0,0
zbl eps=0.5,74.27889528884434,7.0,0
zbl eps=0.5,74.27889528884434,8.0,0
zbl eps=0.5,74.27889528884434,9.0,0
zbl eps=0.5,74.27889528884434,10.0,0
zbl eps=0.5,74.27889528884434,11.0,0
zbl eps=0.5,74.27889528884434,12.0,0
zbl eps=0.5,74.27889528884434,13.0,0
zbl eps=0.5,74.27889528884434,14.0,0
zbl eps=0.5,74.27889528884434,15.0,0
zbl eps=0.5,74.27889528884434,16.0,0
zbl eps=0.5,74.27889528884434,17.0,0
zbl eps=0.5,74.27889528884434,18.0,0
zbl eps=0.5,74.27889528884434,19.0,0
zbl eps=0.5,74.27889528884434,20.0,0
zbl eps=0.5,74.27889528884434,21.0,0
zbl eps=0.5,74.27889528884434,22.0,0
zbl eps=0.5,74.27889528884434,23.0,0
zbl eps=0.5,74.27889528884434,24.0,0
zbl eps=0.5,74.27889528884434,25.0,0
zbl eps=0.5,74.27889528884434,26.0,0
zbl eps=0.5,74.27889528884434,27.0,0
zbl eps=0.5,74.27889528884434,28.0,0
zbl eps=0.5,74.27889528884434,29.0,0
zbl eps=0.5,74.27889528884434,30.0,0
zbl eps=0.5,83.19236272350568,0.0,0
zbl eps=0.5,83.19236272350568,1.0,0
zbl eps=0.5,83.19236272350568,2.0,0
zbl eps=0.5,83.19236272350568,3.0,0
zbl eps=0.5,83.19236272350568,4.0,0
zbl eps=0.5,83.19236272350568,5.0,0
zbl eps=0.5,83.19236272350568,6.0,0
zbl eps=0.5,83.19236272350568,7.0,0
zbl eps=0.5,83.19236272350568,8.0,0
zbl eps=0.5,83.19236272350568,9.0,0
zbl eps=0.5,83.19236272350568,10.0,0
zbl eps=0.5,83.19236272350568,11.0,0
zbl eps=0.5,83.19236272350568,12.0,0
zbl eps=0.5,83.19236272350568,13.0,0
zbl eps=0.5,83.19236272350568,14.0,0
zbl eps=0.5,83.19236272350568,15.0,0
zbl eps=0.5,83.19236272350568,16.0,0
zbl eps=0.5,83.19236272350568,17.0,0
zbl eps=0.5,83.19236272350568,18.0,0
zbl eps=0.5,83.19236272350568,19.0,0
zbl eps=0.5,83.19236272350568,20.0,0
zbl eps=0.5,83.19236272350568,21.0,0
zbl eps=0.5,83.19236272350568,22.0,0
zbl eps=0.5,83.19236272350568,23.0,0
zbl eps=0.5,83.19236272350568,24.0,0
zbl eps=0.5,83.19236272350568,25.0,0
zbl eps=0.5,83.19236272350568,26.0,0
zbl eps=0.5,83.19236272350568,27.0,0
zbl eps=0.5,83.19236272350568,28.0,0
zbl eps=0.5,83.19236272350568,29.0,0
zbl eps=0.5,83.19236272350568,30.0,0
zbl eps=0.5,93.17544625032636,0.0,0
zbl eps=0.5,93.17544625032636,1.0,0
zbl eps=0.5,93.17544625032636,2.0,0
zbl eps=0.5,93.17544625032636,3.0,0
zbl eps=0.5,93.17544625032636,4.0,0
zbl eps=0.5,93.17544625032636,5.0,0
zbl eps=0.5,93.17544625032636,6.0,0
zbl eps=0.5,93.17544625032636,7.0,0
zbl eps=0.5,93.17544625032636,8.0,0
zbl eps=0.5,93.17544625032636,9.0,0
zbl eps=0.5,93.17544625032636,10.0,0
zbl eps=0.5,93.17544625032636,11.0,0
zbl eps=0.5,93.17544625032636,12.0,0
zbl eps=0.5,93.17544625032636,13.0,0
zbl eps=0.5,93.17544625032636,14.0,0
zbl eps=0.5,93.17544625032636,15.0,0
zbl eps=0.5,93.17544625032636,16.0,0
zbl eps=0.5,93.17544625032636,17.0,0
zbl eps=0.5,93.17544625032636,18.0,0
zbl eps=0.5,93.17544625032636,19.0,0
zbl eps=0.5,93.17544625032636,20.0,0
zbl eps=0.5,93.17544625032636,21.0,0
zbl eps=0.5,93.17544625032636,22.0,0
zbl eps=0.5,93.17544625032636,23.0,0
zbl eps=0.5,93.17544625032636,24.0,0
zbl eps=0.5,93.17544625032636,25.0,0
zbl eps=0.5,93.17544625032636,26.0,0
zbl eps=0.5,93.17544625032636,27.0,0
zbl eps=0.5,93.17544625032636,28.0,0
zbl eps=0.5,93.17544625032636,29.0,0
zbl eps=0.5,93.17544625032636,30.0,0
zbl eps=0.5,104.35649980036554,0.0,0
zbl eps=0.5,104.35649980036554,1.0,0
zbl eps=0.5,104.35649980036554,2.0,0
zbl eps=0.5,104.35649980036554,3.0,0
zbl eps=0.5,104.35649980036554,4.0,0
zbl eps=0.5,104.35649980036554,5.0,0
zbl eps=0.5,104.35649980036554,6.0,0
zbl eps=0.5,104.35649980036554,7.0,0
zbl eps=0.5,104.35649980036554,8.0,0
zbl eps=0.5,104.35649980036554,9.0,0
zbl eps=0.5,104.35649980036554,10.0,0
zbl eps=0.5,104.35649980036554,11.0,0
zbl eps=0.5,104.35649980036554,12.0,0
zbl eps=0.5,104.35649980036554,13.0,0
zbl eps=0.5,104.35649980036554,14.0,0
zbl eps=0.5,104.35649980036554,15.0,0
zbl eps=0.5,104.35649980036554,16.0,0
zbl eps=0.5,104.35649980036554,17.0,0
zbl eps=0.5,104.35649980036554,18.0,0
zbl eps=0.5,104.35649980036554,19.0,0
zbl eps=0.5,104.35649980036554,20.0,0
zbl eps=0.5,104.35649980036554,21.0,0
zbl eps=0.5,104.35649980036554,22.0,0
zbl eps=0.5,104.35649980036554,23.0,0
zbl eps=0.5,104.35649980036554,24.0,0
zbl eps=0.5,104.35649980036554,25.0,0
zbl eps=0.5,104.35649980036554,26.0,0
zbl eps=0.5,104.35649980036554,27.0,0
zbl eps=0.5,104.35649980036554,28.0,0
zbl eps=0.5,104.35649980036554,29.0,0
zbl eps=0.5,104.35649980036554,30.0,0
zbl eps=0.5,116.87927977640942,0.0,0
zbl eps=0.5,116.87927977640942,1.0,0
zbl eps=0.5,116.87927977640942,2.0,0
zbl eps=0.5,116.87927977640942,3.0,0
zbl eps=0.5,116.87927977640942,4.0,0
zbl eps=0.5,116.87927977640942,5.0,0
zbl eps=0.5,116.87927977640942,6.0,0
zbl eps=0.5,116.87927977640942,7.0,0
zbl eps=0.5,116.87927977640942,8.0,0
zbl eps=0.5,116.87927977640942,9.0,0
zbl eps=0.5,116.87927977640942,10.0,0
zbl eps=0.5,116.87927977640942,11.0,0
zbl eps=0.5,116.87927977640942,12.0,0
zbl eps=0.5,116.87927977640942,13.0,0
zbl eps=0.5,116.87927977640942,14.0,0
zbl eps=0.5,116.87927977640942,15.0,0
zbl eps=0.5,116.87927977640942,16.0,0
zbl eps=0.5,116.87927977640942,17.0,0
zbl eps=0.5,116.87927977640942,18.0,0
zbl eps=0.5,116.87927977640942,19.0,0
zbl eps=0.5,116.87927977640942,20.0,0
zbl eps=0.5,116.87927977640942,21.0,0
zbl eps=0.5,116.87927977640942,22.0,0
zbl eps=0.5,116.87927977640942,23.0,0
zbl eps=0.5,116.87927977640942,24.0,0
zbl eps=0.5,116.87927977640942,25.0,0
zbl eps=0.5,116.87927977640942,26.0,0
zbl eps=0.5,116.87927977640942,27.0,0
zbl eps=0.5,116.87927977640942,28.0,0
zbl eps=0.5,116.87927977640942,29.0,0
zbl eps=0.5,116.87927977640942,30.0,0
zbl eps=0.5,130.90479334957857,0.0,0
zbl eps=0.5,130.90479334957857,1.0,0
zbl eps=0.5,130.90479334957857,2.0,0
zbl eps=0.5,130.90479334957857,3.0,0
zbl eps=0.5,130.90479334957857,4.0,0
zbl eps=0.5,130.90479334957857,5.0,0
zbl eps=0.5,130.90479334957857,6.0,0
zbl eps=0.5,130.90479334957857,7.0,0
zbl eps=0.5,130.90479334957857,8.0,0
zbl eps=0.5,130.90479334957857,9.0,0
zbl eps=0.5,130.90479334957857,10.0,0
zbl eps=0.5,130.90479334957857,11.0,0
zbl eps=0.5,130.90479334957857,12.0,0
zbl eps=0.5,130.90479334957857,13.0,0
zbl eps=0.5,130.90479334957857,14.0,0
zbl eps=0.5,130.90479334957857,15.0,0
zbl eps=0.5,130.90479334957857,16.0,0
zbl eps=0.5,130.90479334957857,17.0,0
zbl eps=0.5,130.90479334957857,18.0,0
zbl eps=0.5,130.90479334957857,19.0,0
zbl eps=0.5,130.90479334957857,20.0,0
zbl eps=0.5,130.90479334957857,21.0,0
zbl eps=0.5,130.90479334957857,22.0,1
zbl eps=0.5,130.90479334957857,23.0,1
zbl eps=0.5,130.90479334957857,24.0,1
zbl eps=0.5,130.90479334957857,25.0,0
zbl eps=0.5,130.90479334957857,26.0,0
zbl eps=0.5,130.90479334957857,27.0,0
zbl eps=0.5,130.90479334957857,28.0,0
zbl eps=0.5,130.90479334957857,29.0,0
zbl eps=0.5,130.90479334957857,30.0,0
zbl eps=0.5,146.613368551528,0.0,0
zbl eps=0.5,146.613368551528,1.0,0
zbl eps=0.5,146.613368551528,2.0,0
zbl eps=0.5,146.613368551528,3.0,0
zbl eps=0.5,146.613368551528,4.0,0
zbl eps=0.5,146.613368551528,5.0,0
zbl eps=0.5,146.613368551528,6.0,0
zbl eps=0.5,146.613368551528,7.0,0
zbl eps=0.5,146.613368551528,8.0,0
zbl eps=0.5,146.613368551528,9.0,0
zbl eps=0.5,146.613368551528,10.0,0
zbl eps=0.5,146.613368551528,11.0,0
zbl eps=0.5,146.613368551528,12.0,0
zbl eps=0.5,146.613368551528,13.0,0
zbl eps=0.5,146.613368551528,14.0,0
zbl eps=0.5,146.613368551528,15.0,0
zbl eps=0.5,146.613368551528,16.0,0
zbl eps=0.5,146.613368551528,17.0,1
zbl eps=0.5,146.613368551528,18.0,1
zbl eps=0.5,146.613368551528,19.0,1
zbl eps=0.5,146.613368551528,20.0,1
zbl eps=0.5,146.613368551528,21.0,1
zbl eps=0.5,146.613368551528,22.0,1
zbl eps=0.5,146.613368551528,23.0,1
zbl eps=0.5,146.613368551528,24.0,1
zbl eps=0.5,146.613368551528,25.0,1
zbl eps=0.5,146.613368551528,26.0,1
zbl eps=0.5,146.613368551528,27.0,1
zbl eps=0.5,146.613368551528,28.0,0
zbl eps=0.5,146.613368551528,29.0,0
zbl eps=0.5,146.613368551528,30.0,0
zbl eps=0.5,164.20697277771137,0.0,0
zbl eps=0.5,164.20697277771137,1.0,0
zbl eps=0.5,164.20697277771137,2.0,0
zbl eps=0.5,164.20697277771137,3.0,0
zbl eps=0.5,164.20697277771137,4.0,0
zbl eps=0.5,164.20697277771137,5.0,0
zbl eps=0.5,164.20697277771137,6.0,0
zbl eps=0.5,164.20697277771137,7.0,0
zbl eps=0.5,164.20697277771137,8.0,0
zbl eps=0.5,164.20697277771137,9.0,0
zbl eps=0.5,164.20697277771137,10.0,0
zbl eps=0.5,164.20697277771137,11.0,0
zbl eps=0.5,164.20697277771137,12.0,0
zbl eps=0.5,164.20697277771137,13.0,0
zbl eps=0.5,164.20697277771137,14.0,0
zbl eps=0.5,164.20697277771137,15.0,1
zbl eps=0.5,164.20697277771137,16.0,1
zbl eps=0.5,164.20697277771137,17.0,1
zbl eps=0.5,164.20697277771137,18.0,1
zbl eps=0.5,164.20697277771137,19.0,1
zbl eps=0.5,164.20697277771137,20.0,1
zbl eps=0.5,164.20697277771137,21.0,1
zbl eps=0.5,164.20697277771137,22.0,1
zbl eps=0.5,164.20697277771137,23.0,1
zbl eps=0.5,164.20697277771137,24.0,1
zbl eps=0.5,164.20697277771137,25.0,1
zbl eps=0.5,164.20697277771137,26.0,1
zbl eps=0.5,164.20697277771137,27.0,1
zbl eps=0.5,164.20697277771137,28.0,1
zbl eps=0.5,164.20697277771137,29.0,1
zbl eps=0.5,164.20697277771137,30.0,1
zbl eps=0.5,183.91180951103675,0.0,0
zbl eps=0.5,183.91180951103675,1.0,0
zbl eps=0.5,183.91180951103675,2.0,0
zbl eps=0.5,183.91180951103675,3.0,0
zbl eps=0.5,183.91180951103675,4.0,0
zbl eps=0.5,183.91180951103675,5.0,0
zbl eps=0.5,183.91180951103675,6.0,0
zbl eps=0.5,183.91180951103675,7.0,0
zbl eps=0.5,183.91180951103675,8.0,0
zbl eps=0.5,183.91180951103675,9.0,0
zbl eps=0.5,183.91180951103675,10.0,0
zbl eps=0.5,183.91180951103675,11.0,0
zbl eps=0.5,183.91180951103675,12.0,0
zbl eps=0.5,183.91180951103675,13.0,0
zbl eps=0.5,183.91180951103675,14.0,0
zbl eps=0.5,183.91180951103675,15.0,1
zbl eps=0.5,183.91180951103675,16.0,1
zbl eps=0.5,183.91180951103675,17.0,1
zbl eps=0.5,183.91180951103675,18.0,1
zbl eps=0.5,183.91180951103675,19.0,1
zbl eps=0.5,183.91180951103675,20.0,1
zbl eps=0.5,183.91180951103675,21.0,1
zbl eps=0.5,183.91180951103675,22.0,1
zbl eps=0.5,183.91180951103675,23.0,1
zbl eps=0.5,183.91180951103675,24.0,1
zbl eps=0.5,183.91180951103675,25.0,1
zbl eps=0.5,183.91180951103675,26.0,1
zbl eps=0.5,183.91180951103675,27.0,1
zbl eps=0.5,183.91180951103675,28.0,1
zbl eps=0.5,183.91180951103675,29.0,1
zbl eps=0.5,183.91180951103675,30.0,1
zbl eps=0.5,205.98122665236116,0.0,1
zbl eps=0.5,205.98122665236116,1.0,1
zbl eps=0.5,205.98122665236116,2.0,1
zbl eps=0.5,205.98122665236116,3.0,1
zbl eps=0.5,205.98122665236116,4.0,0
zbl eps=0.5,205.98122665236116,5.0,0
zbl eps=0.5,205.98122665236116,6.0,0
zbl eps=0.5,205.98122665236116,7.0,0
zbl eps=0.5,205.98122665236116,8.0,0
zbl eps=0.5,205.98122665236116,9.0,0
zbl eps=0.5,205.98122665236116,10.0,0
zbl eps=0.5,205.98122665236116,11.0,0
zbl eps=0.5,205.98122665236116,12.0,0
zbl eps=0.5,205.98122665236116,13.0,0
zbl eps=0.5,205.98122665236116,14.0,1
zbl eps=0.5,205.98122665236116,15.0,0
zbl eps=0.5,205.98122665236116,16.0,0
zbl eps=0.5,205.98122665236116,17.0,0
zbl eps=0.5,205.98122665236116,18.0,1
zbl eps=0.5,205.98122665236116,19.0,1
zbl eps=0.5,205.98122665236116,20.0,1
zbl eps=0.5,205.98122665236116,21.0,1
zbl eps=0.5,205.98122665236116,22.0,1
zbl eps=0.5,205.98122665236116,23.0,1
zbl eps=0.5,205.98122665236116,24.0,1
zbl eps=0.5,205.98122665236116,25.0,1
zbl eps=0.5,205.98122665236116,26.0,1
zbl eps=0.5,205.98122665236116,27.0,1
zbl eps=0.5,205.98122665236116,28.0,1
zbl eps=0.5,205.98122665236116,29.0,1
zbl eps=0.5,205.98122665236116,30.0,1
zbl eps=0.5,230.69897385064456,0.0,0
zbl eps=0.5,230.69897385064456,1.0,0
zbl eps=0.5,230.69897385064456,2.0,0
zbl eps=0.5,230.69897385064456,3.0,0
zbl eps=0.5,230.69897385064456,4.0,0
zbl eps=0.5,230.69897385064456,5.0,0
zbl eps=0.5,230.69897385064456,6.0,0
zbl eps=0.5,230.69897385064456,7.0,0
zbl eps=0.5,230.69897385064456,8.0,0
zbl eps=0.5,230.69897385064456,9.0,0
zbl eps=0.5,230.69897385064456,10.0,0
zbl eps=0.5,230.69897385064456,11.0,0
zbl eps=0.5,230.69897385064456,12.0,0
zbl eps=0.5,230.69897385064456,13.0,0
zbl eps=0.5,230.69897385064456,14.0,0
zbl eps=0.5,230.69897385064456,15.0,1
zbl eps=0.5,230.69897385064456,16.0,1
zbl eps=0.5,230.69897385064456,17.0,1
zbl eps=0.5,230.69897385064456,18.0,2
zbl eps=0.5,230.69897385064456,19.0,1
zbl eps=0.5,230.69897385064456,20.0,1
zbl eps=0.5,230.69897385064456,21.0,1
zbl eps=0.5,230.69897385064456,22.0,1
zbl eps=0.5,230.69897385064456,23.0,1
zbl eps=0.5,230.69897385064456,24.0,1
zbl eps=0.5,230.69897385064456,25.0,1
zbl eps=0.5,230.69897385064456,26.0,1
zbl eps=0.5,230.69897385064456,27.0,1
zbl eps=0.5,230.69897385064456,28.0,1
zbl eps=0.5,230.69897385064456,29.0,1
zbl eps=0.5,230.69897385064456,30.0,1
zbl eps=0.5,258.3828507127219,0.0,0
zbl eps=0.5,258.3828507127219,1.0,0
zbl eps=0.5,258.3828507127219,2.0,0
zbl eps=0.5,258.3828507127219,3.0,0
zbl eps=0.5,258.3828507127219,4.0,0
zbl eps=0.5,258.3828507127219,5.0,0
zbl eps=0.5,258.3828507127219,6.0,0
zbl eps=0.5,258.3828507127219,7.0,1
zbl eps=0.5,258.3828507127219,8.0,0
zbl eps=0.5,258.3828507127219,9.0,0
zbl eps=0.5,258.3828507127219,10.0,0
zbl eps=0.5,258.3828507127219,11.0,0
zbl eps=0.5,258.3828507127219,12.0,0
zbl eps=0.5,258.3828507127219,13.0,0
zbl eps=0.5,258.3828507127219,14.0,0
zbl eps=0.5,258.3828507127219,15.0,0
zbl eps=0.5,258.3828507127219,16.0,0
zbl eps=0.5,258.3828507127219,17.0,1
zbl eps=0.5,258.3828507127219,18.0,1
zbl eps=0.5,258.3828507127219,19.0,1
zbl eps=0.5,258.3828507127219,20.0,1
zbl eps=0.5,258.3828507127219,21.0,1
zbl eps=0.5,258.3828507127219,22.0,1
zbl eps=0.5,258.3828507127219,23.0,1
zbl eps=0.5,258.3828507127219,24.0,1
zbl eps=0.5,258.3828507127219,25.0,1
zbl eps=0.5,258.3828507127219,26.0,1
zbl eps=0.5,258.3828507127219,27.0,1
zbl eps=0.5,258.3828507127219,28.0,1
zbl eps=0.5,258.3828507127219,29.0,1
zbl eps=0.5,258.3828507127219,30.0,1
zbl eps=0.5,289.3887927982486,0.0,0
zbl eps=0.5,289.3887927982486,1.0,0
zbl eps=0.5,289.3887927982486,2.0,0
zbl eps=0.5,289.3887927982486,3.0,0
zbl eps=0.5,289.3887927982486,4.0,0
zbl eps=0.5,289.3887927982486,5.0,0
zbl eps=0.5,289.3887927982486,6.0,0
zbl eps=0.5,289.3887927982486,7.0,0
zbl eps=0.5,289.3887927982486,8.0,0
zbl eps=0.5,289.3887927982486,9.0,0
zbl eps=0.5,289.3887927982486,10.0,0
zbl eps=0.5,289.3887927982486,11.0,0
zbl eps=0.5,289.3887927982486,12.0,0
zbl eps=0.5,289.3887927982486,13.0,0
zbl eps=0.5,289.3887927982486,14.0,0
zbl eps=0.5,289.3887927982486,15.0,0
zbl eps=0.5,289.3887927982486,16.0,0
zbl eps=0.5,289.3887927982486,17.0,1
zbl eps=0.5,289.3887927982486,18.0,2
zbl eps=0.5,289.3887927982486,19.0,0
zbl eps=0.5,289.3887927982486,20.0,1
zbl eps=0.5,289.3887927982486,21.0,1
zbl eps=0.5,289.3887927982486,22.0,1
zbl eps=0.5,289.3887927982486,23.0,1
zbl eps=0.5,289.3887927982486,24.0,1
zbl eps=0.5,289.3887927982486,25.0,1
zbl eps=0.5,289.3887927982486,26.0,1
zbl eps=0.5,289.3887927982486,27.0,1
zbl eps=0.5,289.3887927982486,28.0,1
zbl eps=0.5,289.3887927982486,29.0,1
zbl eps=0.5,289.3887927982486,30.0,1
zbl eps=0.5,324.11544793403846,0.0,0
zbl eps=0.5,324.11544793403846,1.0,0
zbl eps=0.5,324.11544793403846,2.0,0
zbl eps=0.5,324.11544793403846,3.0,0
zbl eps=0.5,324.11544793403846,4.0,0
zbl eps=0.5,324.11544793403846,5.0,0
zbl eps=0.5,324.11544793403846,6.0,0
zbl eps=0.5,324.11544793403846,7.0,0
zbl eps=0.5,324.11544793403846,8.0,0
zbl eps=0.5,324.11544793403846,9.0,0
zbl eps=0.5,324.11544793403846,10.0,0
zbl eps=0.5,324.11544793403846,11.0,0
zbl eps=0.5,324.11544793403846,12.0,0
zbl eps=0.5,324.11544793403846,13.0,1
zbl eps=0.5,324.11544793403846,14.0,0
zbl eps=0.5,324.11544793403846,15.0,0
zbl eps=0.5,324.11544793403846,16.0,0
zbl eps=0.5,324.11544793403846,17.0,0
zbl eps=0.5,324.11544793403846,18.0,0
zbl eps=0.5,324.11544793403846,19.0,0
zbl eps=0.5,324.11544793403846,20.0,1
zbl eps=0.5,324.11544793403846,21.0,1
zbl eps=0.5,324.11544793403846,22.0,1
zbl eps=0.5,324.11544793403846,23.0,1
zbl eps=0.5,324.11544793403846,24.0,1
zbl eps=0.5,324.11544793403846,25.0,1
zbl eps=0.5,324.11544793403846,26.0,1
zbl eps=0.5,324.11544793403846,27.0,1
zbl eps=0.5,324.11544793403846,28.0,1
zbl eps=0.5,324.11544793403846,29.0,1
zbl eps=0.5,324.11544793403846,30.0,1
zbl eps=0.5,363.0093016861231,0.0,0
zbl eps=0.5,363.0093016861231,1.0,0
zbl eps=0.5,363.0093016861231,2.0,0
zbl eps=0.5,363.0093016861231,3.0,0
zbl eps=0.5,363.0093016861231,4.0,0
zbl eps=0.5,363.0093016861231,5.0,0
zbl eps=0.5,363.0093016861231,6.0,0
zbl eps=0.5,363.0093016861231,7.0,0
zbl eps=0.5,363.0093016861231,8.0,0
zbl eps=0.5,363.0093016861231,9.0,0
zbl eps=0.5,363.0093016861231,10.0,0
zbl eps=0.5,363.0093016861231,11.0,0
zbl eps=0.5,363.0093016861231,12.0,0
zbl eps=0.5,363.0093016861231,13.0,0
zbl eps=0.5,363.0093016861231,14.0,0
zbl eps=0.5,363.0093016861231,15.0,0
zbl eps=0.5,363.0093016861231,16.0,0
zbl eps=0.5,363.0093016861231,17.0,0
zbl eps=0.5,363.0093016861231,18.0,1
zbl eps=0.5,363.0093016861231,19.0,2
zbl eps=0.5,363.0093016861231,20.0,0
zbl eps=0.5,363.0093016861231,21.0,1
zbl eps=0.5,363.0093016861231,22.0,3
zbl eps=0.5,363.0093016861231,23.0,1
zbl eps=0.5,363.0093016861231,24.0,1
zbl eps=0.5,363.0093016861231,25.0,1
zbl eps=0.5,363.0093016861231,26.0,1
zbl eps=0.5,363.0093016861231,27.0,1
zbl eps=0.5,363.0093016861231,28.0,1
zbl eps=0.5,363.0093016861231,29.0,1
zbl eps=0.5,363.0093016861231,30.0,1
zbl eps=0.5,406.5704178884579,0.0,0
zbl eps=0.5,406.5704178884579,1.0,0
zbl eps=0.5,406.5704178884579,2.0,0
zbl eps=0.5,406.5704178884579,3.0,0
zbl eps=0.5,406.5704178884579,4.0,0
zbl eps=0.5,406.5704178884579,5.0,0
zbl eps=0.5,406.5704178884579,6.0,0
zbl eps=0.5,406.5704178884579,7.0,0
zbl eps=0.5,406.5704178884579,8.0,0
zbl eps=0.5,406.5704178884579,9.0,0
zbl eps=0.5,406.5704178884579,10.0,0
zbl eps=0.5,406.5704178884579,11.0,0
zbl eps=0.5,406.5704178884579,12.0,1
zbl eps=0.5,406.5704178884579,13.0,0
zbl eps=0.5,406.5704178884579,14.0,0
zbl eps=0.5,406.5704178884579,15.0,0
zbl eps=0.5,406.5704178884579,16.0,1
zbl eps=0.5,406.5704178884579,17.0,1
zbl eps=0.5,406.5704178884579,18.0,1
zbl eps=0.5,406.5704178884579,19.0,1
zbl eps=0.5,406.5704178884579,20.0,1
zbl eps=0.5,406.5704178884579,21.0,1
zbl eps=0.5,406.5704178884579,22.0,0
zbl eps=0.5,406.5704178884579,23.0,3
zbl eps=0.5,406.5704178884579,24.0,1
zbl eps=0.5,406.5704178884579,25.0,1
zbl eps=0.5,406.5704178884579,26.0,1
zbl eps=0.5,406.5704178884579,27.0,3
zbl eps=0.5,406.5704178884579,28.0,1
zbl eps=0.5,406.5704178884579,29.0,1
zbl eps=0.5,406.5704178884579,30.0,1
zbl eps=0.5,455.3588680350729,0.0,2
zbl eps=0.5,455.3588680350729,1.0,1
zbl eps=0.5,455.3588680350729,2.0,1
zbl eps=0.5,455.3588680350729,3.0,1
zbl eps=0.5,455.3588680350729,4.0,1
zbl eps=0.5,455.3588680350729,5.0,1
zbl eps=0.5,455.3588680350729,6.0,1
zbl eps=0.5,455.3588680350729,7.0,0
zbl eps=0.5,455.3588680350729,8.0,0
zbl eps=0.5,455.3588680350729,9.0,2
zbl eps=0.5,455.3588680350729,10.0,1
zbl eps=0.5,455.3588680350729,11.0,0
zbl eps=0.5,455.3588680350729,12.0,0
zbl eps=0.5,455.3588680350729,13.0,0
zbl eps=0.5,455.3588680350729,14.0,0
zbl eps=0.5,455.3588680350729,15.0,0
zbl eps=0.5,455.3588680350729,16.0,0
zbl eps=0.5,455.3588680350729,17.0,1
zbl eps=0.5,455.3588680350729,18.0,1
zbl eps=0.5,455.3588680350729,19.0,0
zbl eps=0.5,455.3588680350729,20.0,0
zbl eps=0.5,455.3588680350729,21.0,0
zbl eps=0.5,455.3588680350729,22.0,2
zbl eps=0.5,455.3588680350729,23.0,2
zbl eps=0.5,455.3588680350729,24.0,1
zbl eps=0.5,455.3588680350729,25.0,1
zbl eps=0.5,455.3588680350729,26.0,2
zbl eps=0.5,455.3588680350729,27.0,1
zbl eps=0.5,455.3588680350729,28.0,3
zbl eps=0.5,455.3588680350729,29.0,2
zbl eps=0.5,455.3588680350729,30.0,1
zbl eps=0.5,510.00193219928167,0.0,2
zbl eps=0.5,510.00193219928167,1.0,1
zbl eps=0.5,510.00193219928167,2.0,0
zbl eps=0.5,510.00193219928167,3.0,1
zbl eps=0.5,510.00193219928167,4.0,0
zbl eps=0.5,510.00193219928167,5.0,2
zbl eps=0.5,510.00193219928167,6.0,0
zbl eps=0.5,510.00193219928167,7.0,1
zbl eps=0.5,510.00193219928167,8.0,1
zbl eps=0.5,510.00193219928167,9.0,0
zbl eps=0.5,510.00193219928167,10.0,0
zbl eps=0.5,510.00193219928167,11.0,2
zbl eps=0.5,510.00193219928167,12.0,0
zbl eps=0.5,510.00193219928167,13.0,0
zbl eps=0.5,510.00193219928167,14.0,2
zbl eps=0.5,510.00193219928167,15.0,0
zbl eps=0.5,510.00193219928167,16.0,1
zbl eps=0.5,510.00193219928167,17.0,0
zbl eps=0.5,510.00193219928167,18.0,0
zbl eps=0.5,510.00193219928167,19.0,0
zbl eps=0.5,510.00193219928167,20.0,1
zbl eps=0.5,510.00193219928167,21.0,2
zbl eps=0.5,510.00193219928167,22.0,1
zbl eps=0.5,510.00193219928167,23.0,0
zbl eps=0.5,510.00193219928167,24.0,1
zbl eps=0.5,510.00193219928167,25.0,2
zbl eps=0.5,510.00193219928167,26.0,5
zbl eps=0.5,510.00193219928167,27.0,8
zbl eps=0.5,510.00193219928167,28.0,9
zbl eps=0.5,510.00193219928167,29.0,5
zbl eps=0.5,510.00193219928167,30.0,1
zbl eps=0.5,571.2021640631955,0.0,0
zbl eps=0.5,571.2021640631955,1.0,1
zbl eps=0.5,571.2021640631955,2.0,1
zbl eps=0.5,571.2021640631955,3.0,0
zbl eps=0.5,571.2021640631955,4.0,2
zbl eps=0.5,571.2021640631955,5.0,1
zbl eps=0.5,571.2021640631955,6.0,2
zbl eps=0.5,571.2021640631955,7.0,2
zbl eps=0.5,571.2021640631955,8.0,1
zbl eps=0.5,571.2021640631955,9.0,2
zbl eps=0.5,571.2021640631955,10.0,2
zbl eps=0.5,571.2021640631955,11.0,0
zbl eps=0.5,571.2021640631955,12.0,1
zbl eps=0.5,571.2021640631955,13.0,1
zbl eps=0.5,571.2021640631955,14.0,1
zbl eps=0.5,571.2021640631955,15.0,1
zbl eps=0.5,571.2021640631955,16.0,0
zbl eps=0.5,571.2021640631955,17.0,1
zbl eps=0.5,571.2021640631955,18.0,0
zbl eps=0.5,571.2021640631955,19.0,0
zbl eps=0.5,571.2021640631955,20.0,0
zbl eps=0.5,571.2021640631955,21.0,0
zbl eps=0.5,571.2021640631955,22.0,1
zbl eps=0.5,571.2021640631955,23.0,1
zbl eps=0.5,571.2021640631955,24.0,3
zbl eps=0.5,571.2021640631955,25.0,1
zbl eps=0.5,571.2021640631955,26.0,3
zbl eps=0.5,571.2021640631955,27.0,3
zbl eps=0.5,571.2021640631955,28.0,5
zbl eps=0.5,571.2021640631955,29.0,7
zbl eps=0.5,571.2021640631955,30.0,1
zbl eps=0.5,639.7464237507791,0.0,1
zbl eps=0.5,639.7464237507791,1.0,7
zbl eps=0.5,639.7464237507791,2.0,2
zbl eps=0.5,639.7464237507791,3.0,7
zbl eps=0.5,639.7464237507791,4.0,3
zbl eps=0.5,639.7464237507791,5.0,3
zbl eps=0.5,639.7464237507791,6.0,1
zbl eps=0.5,639.7464237507791,7.0,3
zbl eps=0.5,639.7464237507791,8.0,1
zbl eps=0.5,639.7464237507791,9.0,1
zbl eps=0.5,639.7464237507791,10.0,3
zbl eps=0.5,639.7464237507791,11.0,7
zbl eps=0.5,639.7464237507791,12.0,0
zbl eps=0.5,639.7464237507791,13.0,22
zbl eps=0.5,639.7464237507791,14.0,18
zbl eps=0.5,639.7464237507791,15.0,2
zbl eps=0.5,639.7464237507791,16.0,0
zbl eps=0.5,639.7464237507791,17.0,6
zbl eps=0.5,639.7464237507791,18.0,9
zbl eps=0.5,639.7464237507791,19.0,0
zbl eps=0.5,639.7464237507791,20.0,0
zbl eps=0.5,639.7464237507791,21.0,1
zbl eps=0.5,639.7464237507791,22.0,1
zbl eps=0.5,639.7464237507791,23.0,1
zbl eps=0.5,639.7464237507791,24.0,1
zbl eps=0.5,639.7464237507791,25.0,5
zbl eps=0.5,639.7464237507791,26.0,3
zbl eps=0.5,639.7464237507791,27.0,3
zbl eps=0.5,639.7464237507791,28.0,7
zbl eps=0.5,639.7464237507791,29.0,14
zbl eps=0.5,639.7464237507791,30.0,1
zbl eps=0.5,716.5159946008727,0.0,0
zbl eps=0.5,716.5159946008727,1.0,8
zbl eps=0.5,716.5159946008727,2.0,11
zbl eps=0.5,716.5159946008727,3.0,9
zbl eps=0.5,716.5159946008727,4.0,8
zbl eps=0.5,716.5159946008727,5.0,19
zbl eps=0.5,716.5159946008727,6.0,11
zbl eps=0.5,716.5159946008727,7.0,10
zbl eps=0.5,716.5159946008727,8.0,4
zbl eps=0.5,716.5159946008727,9.0,19
zbl eps=0.5,716.5159946008727,10.0,1
zbl eps=0.5,716.5159946008727,11.0,3
zbl eps=0.5,716.5159946008727,12.0,4
zbl eps=0.5,716.5159946008727,13.0,15
zbl eps=0.5,716.5159946008727,14.0,20
zbl eps=0.5,716.5159946008727,15.0,16
zbl eps=0.5,716.5159946008727,16.0,3
zbl eps=0.5,716.5159946008727,17.0,11
zbl eps=0.5,716.5159946008727,18.0,17
zbl eps=0.5,716.5159946008727,19.0,12
zbl eps=0.5,716.5159946008727,20.0,4
zbl eps=0.5,716.5159946008727,21.0,1
zbl eps=0.5,716.5159946008727,22.0,9
zbl eps=0.5,716.5159946008727,23.0,8
zbl eps=0.5,716.5159946008727,24.0,1
zbl eps=0.5,716.5159946008727,25.0,11
zbl eps=0.5,716.5159946008727,26.0,5
zbl eps=0.5,716.5159946008727,27.0,6
zbl eps=0.5,716.5159946008727,28.0,13
zbl eps=0.5,716.5159946008727,29.0,9
zbl eps=0.5,716.5159946008727,30.0,1
zbl eps=0.5,802.4979139529775,0.0,32
zbl eps=0.5,802.4979139529775,1.0,41
zbl eps=0.5,802.4979139529775,2.0,52
zbl eps=0.5,802.4979139529775,3.0,36
zbl eps=0.5,802.4979139529775,4.0,18
zbl eps=0.5,802.4979139529775,5.0,27
zbl eps=0.5,802.4979139529775,6.0,29
zbl eps=0.5,802.4979139529775,7.0,28
zbl eps=0.5,802.4979139529775,8.0,16
zbl eps=0.5,802.4979139529775,9.0,18
zbl eps=0.5,802.4979139529775,10.0,33
zbl eps=0.5,802.4979139529775,11.0,17
zbl eps=0.5,802.4979139529775,12.0,15
zbl eps=0.5,802.4979139529775,13.0,35
zbl eps=0.5,802.4979139529775,14.0,18
zbl eps=0.5,802.4979139529775,15.0,12
zbl eps=0.5,802.4979139529775,16.0,16
zbl eps=0.5,802.4979139529775,17.0,8
zbl eps=0.5,802.4979139529775,18.0,16
zbl eps=0.5,802.4979139529775,19.0,13
zbl eps=0.5,802.4979139529775,20.0,15
zbl eps=0.5,802.4979139529775,21.0,4
zbl eps=0.5,802.4979139529775,22.0,7
zbl eps=0.5,802.4979139529775,23.0,24
zbl eps=0.5,802.4979139529775,24.0,22
zbl eps=0.5,802.4979139529775,25.0,8
zbl eps=0.5,802.4979139529775,26.0,29
zbl eps=0.5,802.4979139529775,27.0,3
zbl eps=0.5,802.4979139529775,28.0,17
zbl eps=0.5,802.4979139529775,29.0,12
zbl eps=0.5,802.4979139529775,30.0,1
zbl eps=0.5,898.7976636273347,0.0,60
zbl eps=0.5,898.7976636273347,1.0,41
zbl eps=0.5,898.7976636273347,2.0,72
zbl eps=0.5,898.7976636273347,3.0,53
zbl eps=0.5,898.7976636273347,4.0,42
zbl eps=0.5,898.7976636273347,5.0,73
zbl eps=0.5,898.7976636273347,6.0,37
zbl eps=0.5,898.7976636273347,7.0,28
zbl eps=0.5,898.7976636273347,8.0,28
zbl eps=0.5,898.7976636273347,9.0,57
zbl eps=0.5,898.7976636273347,10.0,67
zbl eps=0.5,898.7976636273347,11.0,64
zbl eps=0.5,898.7976636273347,12.0,39
zbl eps=0.5,898.7976636273347,13.0,51
zbl eps=0.5,898.7976636273347,14.0,53
zbl eps=0.5,898.7976636273347,15.0,19
zbl eps=0.5,898.7976636273347,16.0,22
zbl eps=0.5,898.7976636273347,17.0,28
zbl eps=0.5,898.7976636273347,18.0,20
zbl eps=0.5,898.7976636273347,19.0,16
zbl eps=0.5,898.7976636273347,20.0,11
zbl eps=0.5,898.7976636273347,21.0,7
zbl eps=0.5,898.7976636273347,22.0,25
zbl eps=0.5,898.7976636273347,23.0,4
zbl eps=0.5,898.7976636273347,24.0,23
zbl eps=0.5,898.7976636273347,25.0,17
zbl eps=0.5,898.7976636273347,26.0,21
zbl eps=0.5,898.7976636273347,27.0,35
zbl eps=0.5,898.7976636273347,28.0,29
zbl eps=0.5,898.7976636273347,29.0,27
zbl eps=0.5,898.7976636273347,30.0,1
zbl eps=0.5,1006.6533832626151,0.0,66
zbl eps=0.5,1006.6533832626151,1.0,70
zbl eps=0.5,1006.6533832626151,2.0,70
zbl eps=0.5,1006.6533832626151,3.0,66
zbl eps=0.5,1006.6533832626151,4.0,58
zbl eps=0.5,1006.6533832626151,5.0,72
zbl eps=0.5,1006.6533832626151,6.0,59
zbl eps=0.5,1006.6533832626151,7.0,56
zbl eps=0.5,1006.6533832626151,8.0,48
zbl eps=0.5,1006.6533832626151,9.0,51
zbl eps=0.5,1006.6533832626151,10.0,37
zbl eps=0.5,1006.6533832626151,11.0,54
zbl eps=0.5,1006.6533832626151,12.0,71
zbl eps=0.5,1006.6533832626151,13.0,65
zbl eps=0.5,1006.6533832626151,14.0,58
zbl eps=0.5,1006.6533832626151,15.0,59
zbl eps=0.5,1006.6533832626151,16.0,27
zbl eps=0.5,1006.6533832626151,17.0,54
zbl eps=0.5,1006.6533832626151,18.0,54
zbl eps=0.5,1006.6533832626151,19.0,42
zbl eps=0.5,1006.6533832626151,20.0,41
zbl eps=0.5,1006.6533832626151,21.0,55
zbl eps=0.5,1006.6533832626151,22.0,18
zbl eps=0.5,1006.6533832626151,23.0,29
zbl eps=0.5,1006.6533832626151,24.0,42
zbl eps=0.5,1006.6533832626151,25.0,25
zbl eps=0.5,1006.6533832626151,26.0,44
zbl eps=0.5,1006.6533832626151,27.0,17
zbl eps=0.5,1006.6533832626151,28.0,13
zbl eps=0.5,1006.6533832626151,29.0,24
zbl eps=0.5,1006.6533832626151,30.0,1
zbl eps=0.5,1127.451789254129,0.0,69
zbl eps=0.5,1127.451789254129,1.0,55
zbl eps=0.5,1127.451789254129,2.0,60
zbl eps=0.5,1127.451789254129,3.0,62
zbl eps=0.5,1127.451789254129,4.0,63
zbl eps=0.5,1127.451789254129,5.0,59
zbl eps=0.5,1127.451789254129,6.0,68
zbl eps=0.5,1127.451789254129,7.0,68
zbl eps=0.5,1127.451789254129,8.0,62
zbl eps=0.5,1127.451789254129,9.0,52
zbl eps=0.5,1127.451789254129,10.0,55
zbl eps=0.5,1127.451789254129,11.0,67
zbl eps=0.5,1127.451789254129,12.0,72
zbl eps=0.5,1127.451789254129,13.0,73
zbl eps=0.5,1127.451789254129,14.0,64
zbl eps=0.5,1127.451789254129,15.0,70
zbl eps=0.5,1127.451789254129,16.0,42
zbl eps=0.5,1127.451789254129,17.0,60
zbl eps=0.5,1127.451789254129,18.0,66
zbl eps=0.5,1127.451789254129,19.0,46
zbl eps=0.5,1127.451789254129,20.0,86
zbl eps=0.5,1127.451789254129,21.0,49
zbl eps=0.5,1127.451789254129,22.0,30
zbl eps=0.5,1127.451789254129,23.0,59
zbl eps=0.5,1127.451789254129,24.0,61
zbl eps=0.5,1127.451789254129,25.0,80
zbl eps=0.5,1127.451789254129,26.0,32
zbl eps=0.5,1127.451789254129,27.0,20
zbl eps=0.5,1127.451789254129,28.0,30
zbl eps=0.5,1127.451789254129,29.0,28
zbl eps=0.5,1127.451789254129,30.0,1
zbl eps=0.5,1262.7460039646246,0.0,62
zbl eps=0.5,1262.7460039646246,1.0,69
zbl eps=0.5,1262.7460039646246,2.0,66
zbl eps=0.5,1262.7460039646246,3.0,71
zbl eps=0.5,1262.7460039646246,4.0,72
zbl eps=0.5,1262.7460039646246,5.0,74
zbl eps=0.5,1262.7460039646246,6.0,78
zbl eps=0.5,1262.7460039646246,7.0,80
zbl eps=0.5,1262.7460039646246,8.0,74
zbl eps=0.5,1262.7460039646246,9.0,69
zbl eps=0.5,1262.7460039646246,10.0,78
zbl eps=0.5,1262.7460039646246,11.0,70
zbl eps=0.5,1262.7460039646246,12.0,71
zbl eps=0.5,1262.7460039646246,13.0,81
zbl eps=0.5,1262.7460039646246,14.0,92
zbl eps=0.5,1262.7460039646246,15.0,94
zbl eps=0.5,1262.7460039646246,16.0,88
zbl eps=0.5,1262.7460039646246,17.0,78
zbl eps=0.5,1262.7460039646246,18.0,92
zbl eps=0.5,1262.7460039646246,19.0,101
zbl eps=0.5,1262.7460039646246,20.0,96
zbl eps=0.5,1262.7460039646246,21.0,87
zbl eps=0.5,1262.7460039646246,22.0,68
zbl eps=0.5,1262.7460039646246,23.0,96
zbl eps=0.5,1262.7460039646246,24.0,66
zbl eps=0.5,1262.7460039646246,25.0,74
zbl eps=0.5,1262.7460039646246,26.0,53
zbl eps=0.5,1262.7460039646246,27.0,71
zbl eps=0.5,1262.7460039646246,28.0,43
zbl eps=0.5,1262.7460039646246,29.0,47
zbl eps=0.5,1262.7460039646246,30.0,1
zbl eps=0.5,1414.2755244403797,0.0,72
zbl eps=0.5,1414.2755244403797,1.0,66
zbl eps=0.5,1414.2755244403797,2.0,66
zbl eps=0.5,1414.2755244403797,3.0,79
zbl eps=0.5,1414.2755244403797,4.0,93
zbl eps=0.5,1414.2755244403797,5.0,90
zbl eps=0.5,1414.2755244403797,6.0,84
zbl eps=0.5,1414.2755244403797,7.0,93
zbl eps=0.5,1414.2755244403797,8.0,100
zbl eps=0.5,1414.2755244403797,9.0,79
zbl eps=0.5,1414.2755244403797,10.0,73
zbl eps=0.5,1414.2755244403797,11.0,77
zbl eps=0.5,1414.2755244403797,12.0,84
zbl eps=0.5,1414.2755244403797,13.0,87
zbl eps=0.5,1414.2755244403797,14.0,94
zbl eps=0.5,1414.2755244403797,15.0,108
zbl eps=0.5,1414.2755244403797,16.0,93
zbl eps=0.5,1414.2755244403797,17.0,87
zbl eps=0.5,1414.2755244403797,18.0,84
zbl eps=0.5,1414.2755244403797,19.0,91
zbl eps=0.5,1414.2755244403797,20.0,88
zbl eps=0.5,1414.2755244403797,21.0,107
zbl eps=0.5,1414.2755244403797,22.0,87
zbl eps=0.5,1414.2755244403797,23.0,78
zbl eps=0.5,1414.2755244403797,24.0,79
zbl eps=0.5,1414.2755244403797,25.0,113
zbl eps=0.5,1414.2755244403797,26.0,101
zbl eps=0.5,1414.2755244403797,27.0,64
zbl eps=0.5,1414.2755244403797,28.0,102
zbl eps=0.5,1414.2755244403797,29.0,79
zbl eps=0.5,1414.2755244403797,30.0,1
zbl eps=0.5,1583.9885873732255,0.0,105
zbl eps=0.5,1583.9885873732255,1.0,95
zbl eps=0.5,1583.9885873732255,2.0,97
zbl eps=0.5,1583.9885873732255,3.0,99
zbl eps=0.5,1583.9885873732255,4.0,106
zbl eps=0.5,1583.9885873732255,5.0,100
zbl eps=0.5,1583.9885873732255,6.0,107
zbl eps=0.5,1583.9885873732255,7.0,123
zbl eps=0.5,1583.9885873732255,8.0,115
zbl eps=0.5,1583.9885873732255,9.0,112
zbl eps=0.5,1583.9885873732255,10.0,102
zbl eps=0.5,1583.9885873732255,11.0,91
zbl eps=0.5,1583.9885873732255,12.0,90
zbl eps=0.5,1583.9885873732255,13.0,119
zbl eps=0.5,1583.9885873732255,14.0,117
zbl eps=0.5,1583.9885873732255,15.0,112
zbl eps=0.5,1583.9885873732255,16.0,119
zbl eps=0.5,1583.9885873732255,17.0,98
zbl eps=0.5,1583.9885873732255,18.0,84
zbl eps=0.5,1583.9885873732255,19.0,95
zbl eps=0.5,1583.9885873732255,20.0,112
zbl eps=0.5,1583.9885873732255,21.0,93
zbl eps=0.5,1583.9885873732255,22.0,89
zbl eps=0.5,1583.9885873732255,23.0,85
zbl eps=0.5,1583.9885873732255,24.0,105
zbl eps=0.5,1583.9885873732255,25.0,83
zbl eps=0.5,1583.9885873732255,26.0,109
zbl eps=0.5,1583.9885873732255,27.0,87
zbl eps=0.5,1583.9885873732255,28.0,103
zbl eps=0.5,1583.9885873732255,29.0,93
zbl eps=0.5,1583.9885873732255,30.0,1
zbl eps=0.5,1774.0672178580126,0.0,130
zbl eps=0.5,1774.0672178580126,1.0,117
zbl eps=0.5,1774.0672178580126,2.0,129
zbl eps=0.5,1774.0672178580126,3.0,117
zbl eps=0.5,1774.0672178580126,4.0,114
zbl eps=0.5,1774.0672178580126,5.0,118
zbl eps=0.5,1774.0672178580126,6.0,117
zbl eps=0.5,1774.0672178580126,7.0,132
zbl eps=0.5,1774.0672178580126,8.0,142
zbl eps=0.5,1774.0672178580126,9.0,116
zbl eps=0.5,1774.0672178580126,10.0,139
zbl eps=0.5,1774.0672178580126,11.0,130
zbl eps=0.5,1774.0672178580126,12.0,113
zbl eps=0.5,1774.0672178580126,13.0,156
zbl eps=0.5,1774.0672178580126,14.0,128
zbl eps=0.5,1774.0672178580126,15.0,123
zbl eps=0.5,1774.0672178580126,16.0,146
zbl eps=0.5,1774.0672178580126,17.0,143
zbl eps=0.5,1774.0672178580126,18.0,118
zbl eps=0.5,1774.0672178580126,19.0,119
zbl eps=0.5,1774.0672178580126,20.0,135
zbl eps=0.5,1774.0672178580126,21.0,86
zbl eps=0.5,1774.0672178580126,22.0,118
zbl eps=0.5,1774.0672178580126,23.0,103
zbl eps=0.5,1774.0672178580126,24.0,139
zbl eps=0.5,1774.0672178580126,25.0,131
zbl eps=0.5,1774.0672178580126,26.0,125
zbl eps=0.5,1774.0672178580126,27.0,104
zbl eps=0.5,1774.0672178580126,28.0,121
zbl eps=0.5,1774.0672178580126,29.0,100
zbl eps=0.5,1774.0672178580126,30.0,1
zbl eps=0.5,1986.955284000974,0.0,119
zbl eps=0.5,1986.955284000974,1.0,120
zbl eps=0.5,1986.955284000974,2.0,144
zbl eps=0.5,1986.955284000974,3.0,136
zbl eps=0.5,1986.955284000974,4.0,150
zbl eps=0.5,1986.955284000974,5.0,137
zbl eps=0.5,1986.955284000974,6.0,129
zbl eps=0.5,1986.955284000974,7.0,145
zbl eps=0.5,1986.955284000974,8.0,145
zbl eps=0.5,1986.955284000974,9.0,124
zbl eps=0.5,1986.955284000974,10.0,148
zbl eps=0.5,1986.955284000974,11.0,137
zbl eps=0.5,1986.955284000974,12.0,144
zbl eps=0.5,1986.955284000974,13.0,151
zbl eps=0.5,1986.955284000974,14.0,152
zbl eps=0.5,1986.955284000974,15.0,148
zbl eps=0.5,1986.955284000974,16.0,142
zbl eps=0.5,1986.955284000974,17.0,165
zbl eps=0.5,1986.955284000974,18.0,157
zbl eps=0.5,1986.955284000974,19.0,145
zbl eps=0.5,1986.955284000974,20.0,161
zbl eps=0.5,1986.955284000974,21.0,121
zbl eps=0.5,1986.955284000974,22.0,122
zbl eps=0.5,1986.955284000974,23.0,130
zbl eps=0.5,1986.955284000974,24.0,123
zbl eps=0.5,1986.955284000974,25.0,124
zbl eps=0.5,1986.955284000974,26.0,137
zbl eps=0.5,1986.955284000974,27.0,129
zbl eps=0.5,1986.955284000974,28.0,147
zbl eps=0.5,1986.955284000974,29.0,143
zbl eps=0.5,1986.955284000974,30.0,1
zbl eps=0.5,2225.3899180810913,0.0,109
zbl eps=0.5,2225.3899180810913,1.0,113
zbl eps=0.5,2225.3899180810913,2.0,127
zbl eps=0.5,2225.3899180810913,3.0,126
zbl eps=0.5,2225.3899180810913,4.0,149
zbl eps=0.5,2225.3899180810913,5.0,166
zbl eps=0.5,2225.3899180810913,6.0,158
zbl eps=0.5,2225.3899180810913,7.0,145
zbl eps=0.5,2225.3899180810913,8.0,158
zbl eps=0.5,2225.3899180810913,9.0,164
zbl eps=0.5,2225.3899180810913,10.0,168
zbl eps=0.5,2225.3899180810913,11.0,179
zbl eps=0.5,2225.3899180810913,12.0,156
zbl eps=0.5,2225.3899180810913,13.0,155
zbl eps=0.5,2225.3899180810913,14.0,152
zbl eps=0.5,2225.3899180810913,15.0,169
zbl eps=0.5,2225.3899180810913,16.0,142
zbl eps=0.5,2225.3899180810913,17.0,159
zbl eps=0.5,2225.3899180810913,18.0,161
zbl eps=0.5,2225.3899180810913,19.0,157
zbl eps=0.5,2225.3899180810913,20.0,185
zbl eps=0.5,2225.3899180810913,21.0,169
zbl eps=0.5,2225.3899180810913,22.0,147
zbl eps=0.5,2225.3899180810913,23.0,166
zbl eps=0.5,2225.3899180810913,24.0,151
zbl eps=0.5,2225.3899180810913,25.0,149
zbl eps=0.5,2225.3899180810913,26.0,155
zbl eps=0.5,2225.3899180810913,27.0,158
zbl eps=0.5,2225.3899180810913,28.0,151
zbl eps=0.5,2225.3899180810913,29.0,131
zbl eps=0.5,2225.3899180810913,30.0,1
zbl eps=0.5,2492.4367082508224,0.0,88
zbl eps=0.5,2492.4367082508224,1.0,92
zbl eps=0.5,2492.4367082508224,2.0,104
zbl eps=0.5,2492.4367082508224,3.0,115
zbl eps=0.5,2492.4367082508224,4.0,111
zbl eps=0.5,2492.4367082508224,5.0,118
zbl eps=0.5,2492.4367082508224,6.0,138
zbl eps=0.5,2492.4367082508224,7.0,150
zbl eps=0.5,2492.4367082508224,8.0,141
zbl eps=0.5,2492.4367082508224,9.0,171
zbl eps=0.5,2492.4367082508224,10.0,171
zbl eps=0.5,2492.4367082508224,11.0,206
zbl eps=0.5,2492.4367082508224,12.0,192
zbl eps=0.5,2492.4367082508224,13.0,184
zbl eps=0.5,2492.4367082508224,14.0,168
zbl eps=0.5,2492.4367082508224,15.0,181
zbl eps=0.5,2492.4367082508224,16.0,182
zbl eps=0.5,2492.4367082508224,17.0,186
zbl eps=0.5,2492.4367082508224,18.0,173
zbl eps=0.5,2492.4367082508224,19.0,183
zbl eps=0.5,2492.4367082508224,20.0,173
zbl eps=0.5,2492.4367082508224,21.0,180
zbl eps=0.5,2492.4367082508224,22.0,169
zbl eps=0.5,2492.4367082508224,23.0,152
zbl eps=0.5,2492.4367082508224,24.0,163
zbl eps=0.5,2492.4367082508224,25.0,188
zbl eps=0.5,2492.4367082508224,26.0,185
zbl eps=0.5,2492.4367082508224,27.0,176
zbl eps=0.5,2492.4367082508224,28.0,182
zbl eps=0.5,2492.4367082508224,29.0,166
zbl eps=0.5,2492.4367082508224,30.0,1
zbl eps=0.5,2791.529113240921,0.0,71
zbl eps=0.5,2791.529113240921,1.0,85
zbl eps=0.5,2791.529113240921,2.0,85
zbl eps=0.5,2791.529113240921,3.0,90
zbl eps=0.5,2791.529113240921,4.0,95
zbl eps=0.5,2791.529113240921,5.0,115
zbl eps=0.5,2791.529113240921,6.0,123
zbl eps=0.5,2791.529113240921,7.0,136
zbl eps=0.5,2791.529113240921,8.0,133
zbl eps=0.5,2791.529113240921,9.0,166
zbl eps=0.5,2791.529113240921,10.0,180
zbl eps=0.5,2791.529113240921,11.0,207
zbl eps=0.5,2791.529113240921,12.0,197
zbl eps=0.5,2791.529113240921,13.0,188
zbl eps=0.5,2791.529113240921,14.0,212
zbl eps=0.5,2791.529113240921,15.0,195
zbl eps=0.5,2791.529113240921,16.0,173
zbl eps=0.5,2791.529113240921,17.0,179
zbl eps=0.5,2791.529113240921,18.0,183
zbl eps=0.5,2791.529113240921,19.0,180
zbl eps=0.5,2791.529113240921,20.0,197
zbl eps=0.5,2791.529113240921,21.0,192
zbl eps=0.5,2791.529113240921,22.0,202
zbl eps=0.5,2791.529113240921,23.0,186
zbl eps=0.5,2791.529113240921,24.0,176
zbl eps=0.5,2791.529113240921,25.0,183
zbl eps=0.5,2791.529113240921,26.0,195
zbl eps=0.5,2791.529113240921,27.0,187
zbl eps=0.5,2791.529113240921,28.0,186
zbl eps=0.5,2791.529113240921,29.0,184
zbl eps=0.5,2791.529113240921,30.0,1
zbl+r12 eps=0.4,30.0,0.0,0
zbl+r12 eps=0.4,30.0,1.0,0
zbl+r12 eps=0.4,30.0,2.0,0
zbl+r12 eps=0.4,30.0,3.0,0
zbl+r12 eps=0.4,30.0,4.0,0
zbl+r12 eps=0.4,30.0,5.0,0
zbl+r12 eps=0.4,30.0,6.0,0
zbl+r12 eps=0.4,30.0,7.0,0
zbl+r12 eps=0.4,30.0,8.0,0
zbl+r12 eps=0.4,30.0,9.0,0
zbl+r12 eps=0.4,30.0,10.0,0
zbl+r12 eps=0.4,30.0,11.0,0
zbl+r12 eps=0.4,30.0,12.0,0
zbl+r12 eps=0.4,30.0,13.0,0
zbl+r12 eps=0.4,30.0,14.0,0
zbl+r12 eps=0.4,30.0,15.0,0
zbl+r12 eps=0.4,30.0,16.0,0
zbl+r12 eps=0.4,30.0,17.0,0
zbl+r12 eps=0.4,30.0,18.0,0
zbl+r12 eps=0.4,30.0,19.0,0
zbl+r12 eps=0.4,30.0,20.0,0
zbl+r12 eps=0.4,30.0,21.0,0
zbl+r12 eps=0.4,30.0,22.0,0
zbl+r12 eps=0.4,30.0,23.0,0
zbl+r12 eps=0.4,30.0,24.0,0
zbl+r12 eps=0.4,30.0,25.0,0
zbl+r12 eps=0.4,30.0,26.0,0
zbl+r12 eps=0.4,30.0,27.0,0
zbl+r12 eps=0.4,30.0,28.0,0
zbl+r12 eps=0.4,30.0,29.0,0
zbl+r12 eps=0.4,30.0,30.0,0
zbl+r12 eps=0.4,33.6,0.0,0
zbl+r12 eps=0.4,33.6,1.0,0
zbl+r12 eps=0.4,33.6,2.0,0
zbl+r12 eps=0.4,33.6,3.0,0
zbl+r12 eps=0.4,33.6,4.0,0
zbl+r12 eps=0.4,33.6,5.0,0
zbl+r12 eps=0.4,33.6,6.0,0
zbl+r12 eps=0.4,33.6,7.0,0
zbl+r12 eps=0.4,33.6,8.0,0
zbl+r12 eps=0.4,33.6,9.0,0
zbl+r12 eps=0.4,33.6,10.0,0
zbl+r12 eps=0.4,33.6,11.0,0
zbl+r12 eps=0.4,33.6,12.0,0
zbl+r12 eps=0.4,33.6,13.0,0
zbl+r12 eps=0.4,33.6,14.0,0
zbl+r12 eps=0.4,33.6,15.0,0
zbl+r12 eps=0.4,33.6,16.0,0
zbl+r12 eps=0.4,33.6,17.0,0
zbl+r12 eps=0.4,33.6,18.0,0
zbl+r12 eps=0.4,33.6,19.0,0
zbl+r12 eps=0.4,33.6,20.0,0
zbl+r12 eps=0.4,33.6,21.0,0
zbl+r12 eps=0.4,33.6,22.0,0
zbl+r12 eps=0.4,33.6,23.0,0
zbl+r12 eps=0.4,33.6,24.0,0
zbl+r12 eps=0.4,33.6,25.0,0
zbl+r12 eps=0.4,33.6,26.0,0
zbl+r12 eps=0.4,33.6,27.0,0
zbl+r12 eps=0.4,33.6,28.0,0
zbl+r12 eps=0.4,33.6,29.0,0
zbl+r12 eps=0.4,33.6,30.0,0
zbl+r12 eps=0.4,37.632000000000005,0.0,0
zbl+r12 eps=0.4,37.632000000000005,1.0,0
zbl+r12 eps=0.4,37.632000000000005,2.0,0
zbl+r12 eps=0.4,37.632000000000005,3.0,0
zbl+r12 eps=0.4,37.632000000000005,4.0,0
zbl+r12 eps=0.4,37.632000000000005,5.0,0
zbl+r12 eps=0.4,37.632000000000005,6.0,0
zbl+r12 eps=0.4,37.632000000000005,7.0,0
zbl+r12 eps=0.4,37.632000000000005,8.0,0
zbl+r12 eps=0.4,37.632000000000005,9.0,0
zbl+r12 eps=0.4,37.632000000000005,10.0,0
zbl+r12 eps=0.4,37.632000000000005,11.0,0
zbl+r12 eps=0.4,37.632000000000005,12.0,0
zbl+r12 eps=0.4,37.632000000000005,13.0,0
zbl+r12 eps=0.4,37.632000000000005,14.0,0
zbl+r12 eps=0.4,37.632000000000005,15.0,0
zbl+r12 eps=0.4,37.632000000000005,16.0,0
zbl+r12 eps=0.4,37.632000000000005,17.0,0
zbl+r12 eps=0.4,37.632000000000005,18.0,0
zbl+r12 eps=0.4,37.632000000000005,19.0,0
zbl+r12 eps=0.4,37.632000000000005,20.0,0
zbl+r12 eps=0.4,37.632000000000005,21.0,0
zbl+r12 eps=0.4,37.632000000000005,22.0,0
zbl+r12 eps=0.4,37.632000000000005,23.0,0
zbl+r12 eps=0.4,37.632000000000005,24.0,0
zbl+r12 eps=0.4,37.632000000000005,25.0,0
zbl+r12 eps=0.4,37.632000000000005,26.0,0
zbl+r12 eps=0.4,37.632000000000005,27.0,0
zbl+r12 eps=0.4,37.632000000000005,28.0,0
zbl+r12 eps=0.4,37.632000000000005,29.0,0
zbl+r12 eps=0.4,37.632000000000005,30.0,0
zbl+r12 eps=0.4,42.14784000000001,0.0,0
zbl+r12 eps=0.4,42.14784000000001,1.0,0
zbl+r12 eps=0.4,42.14784000000001,2.0,0
zbl+r12 eps=0.4,42.14784000000001,3.0,0
zbl+r12 eps=0.4,42.14784000000001,4.0,0
zbl+r12 eps=0.4,42.14784000000001,5.0,0
zbl+r12 eps=0.4,42.14784000000001,6.0,0
zbl+r12 eps=0.4,42.14784000000001,7.0,0
zbl+r12 eps=0.4,42.14784000000001,8.0,0
zbl+r12 eps=0.4,42.14784000000001,9.0,0
zbl+r12 eps=0.4,42.14784000000001,10.0,0
zbl+r12 eps=0.4,42.14784000000001,11.0,0
zbl+r12 eps=0.4,42.14784000000001,12.0,0
zbl+r12 eps=0.4,42.14784000000001,13.0,0
zbl+r12 eps=0.4,42.14784000000001,14.0,0
zbl+r12 eps=0.4,42.14784000000001,15.0,0
zbl+r12 eps=0.4,42.14784000000001,16.0,0
zbl+r12 eps=0.4,42.14784000000001,17.0,0
zbl+r12 eps=0.4,42.14784000000001,18.0,0
zbl+r12 eps=0.4,42.14784000000001,19.0,0
zbl+r12 eps=0.4,42.14784000000001,20.0,0
zbl+r12 eps=0.4,42.14784000000001,21.0,0
zbl+r12 eps=0.4,42.14784000000001,22.0,0
zbl+r12 eps=0.4,42.14784000000001,23.0,0
zbl+r12 eps=0.4,42.14784000000001,24.0,0
zbl+r12 eps=0.4,42.14784000000001,25.0,0
zbl+r12 eps=0.4,42.14784000000001,26.0,0
zbl+r12 eps=0.4,42.14784000000001,27.0,0
zbl+r12 eps=0.4,42.14784000000001,28.0,0
zbl+r12 eps=0.4,42.14784000000001,29.0,0
zbl+r12 eps=0.4,42.14784000000001,30.0,0
zbl+r12 eps=0.4,47.20558080000002,0.0,0
zbl+r12 eps=0.4,47.20558080000002,1.0,0
zbl+r12 eps=0.4,47.20558080000002,2.0,0
zbl+r12 eps=0.4,47.20558080000002,3.0,0
zbl+r12 eps=0.4,47.20558080000002,4.0,0
zbl+r12 eps=0.4,47.20558080000002,5.0,0
zbl+r12 eps=0.4,47.20558080000002,6.0,0
zbl+r12 eps=0.4,47.20558080000002,7.0,0
zbl+r12 eps=0.4,47.20558080000002,8.0,0
zbl+r12 eps=0.4,47.20558080000002,9.0,0
zbl+r12 eps=0.4,47.20558080000002,10.0,0
zbl+r12 eps=0.4,47.20558080000002,11.0,0
zbl+r12 eps=0.4,47.20558080000002,12.0,0
zbl+r12 eps=0.4,47.20558080000002,13.0,0
zbl+r12 eps=0.4,47.20558080000002,14.0,0
zbl+r12 eps=0.4,47.20558080000002,15.0,0
zbl+r12 eps=0.4,47.20558080000002,16.0,0
zbl+r12 eps=0.4,47.20558080000002,17.0,0
zbl+r12 eps=0.4,47.20558080000002,18.0,0
zbl+r12 eps=0.4,47.20558080000002,19.0,0
zbl+r12 eps=0.4,47.20558080000002,20.0,0
zbl+r12 eps=0.4,47.20558080000002,21.0,0
zbl+r12 eps=0.4,47.20558080000002,22.0,0
zbl+r12 eps=0.4,47.20558080000002,23.0,0
zbl+r12 eps=0.4,47.20558080000002,24.0,0
zbl+r12 eps=0.4,47.20558080000002,25.0,0
zbl+r12 eps=0.4,47.20558080000002,26.0,0
zbl+r12 eps=0.4,47.20558080000002,27.0,0
zbl+r12 eps=0.4,47.20558080000002,28.0,0
zbl+r12 eps=0.4,47.20558080000002,29.0,0
zbl+r12 eps=0.4,47.20558080000002,30.0,0
zbl+r12 eps=0.4,52.870250496000025,0.0,0
zbl+r12 eps=0.4,52.870250496000025,1.0,0
zbl+r12 eps=0.4,52.870250496000025,2.0,0
zbl+r12 eps=0.4,52.870250496000025,3.0,0
zbl+r12 eps=0.4,52.870250496000025,4.0,0
zbl+r12 eps=0.4,52.870250496000025,5.0,0
zbl+r12 eps=0.4,52.870250496000025,6.0,0
zbl+r12 eps=0.4,52.870250496000025,7.0,0
zbl+r12 eps=0.4,52.870250496000025,8.0,0
zbl+r12 eps=0.4,52.870250496000025,9.0,0
zbl+r12 eps=0.4,52.870250496000025,10.0,0
zbl+r12 eps=0.4,52.870250496000025,11.0,0
zbl+r12 eps=0.4,52.870250496000025,12.0,0
zbl+r12 eps=0.4,52.870250496000025,13.0,0
zbl+r12 eps=0.4,52.870250496000025,14.0,0
zbl+r12 eps=0.4,52.870250496000025,15.0,0
zbl+r12 eps=0.4,52.870250496000025,16.0,0
zbl+r12 eps=0.4,52.870250496000025,17.0,0
zbl+r12 eps=0.4,52.870250496000025,18.0,0
zbl+r12 eps=0.4,52.870250496000025,19.0,0
zbl+r12 eps=0.4,52.870250496000025,20.0,0
zbl+r12 eps=0.4,52.870250496000025,21.0,0
zbl+r12 eps=0.4,52.870250496000025,22.0,0
zbl+r12 eps=0.4,52.870250496000025,23.0,0
zbl+r12 eps=0.4,52.870250496000025,24.0,0
zbl+r12 eps=0.4,52.870250496000025,25.0,0
zbl+r12 eps=0.4,52.870250496000025,26.0,0
zbl+r12 eps=0.4,52.870250496000025,27.0,0
zbl+r12 eps=0.4,52.870250496000025,28.0,0
zbl+r12 eps=0.4,52.870250496000025,29.0,0
zbl+r12 eps=0.4,52.870250496000025,30.0,0
zbl+r12 eps=0.4,59.21468055552003,0.0,0
zbl+r12 eps=0.4,59.21468055552003,1.0,0
zbl+r12 eps=0.4,59.21468055552003,2.0,0
zbl+r12 eps=0.4,59.21468055552003,3.0,0
zbl+r12 eps=0.4,59.21468055552003,4.0,0
zbl+r12 eps=0.4,59.21468055552003,5.0,0
zbl+r12 eps=0.4,59.21468055552003,6.0,0
zbl+r12 eps=0.4,59.21468055552003,7.0,0
zbl+r12 eps=0.4,59.21468055552003,8.0,0
zbl+r12 eps=0.4,59.21468055552003,9.0,0
zbl+r12 eps=0.4,59.21468055552003,10.0,0
zbl+r12 eps=0.4,59.21468055552003,11.0,0
zbl+r12 eps=0.4,59.21468055552003,12.0,0
zbl+r12 eps=0.4,59.21468055552003,13.0,0
zbl+r12 eps=0.4,59.21468055552003,14.0,0
zbl+r12 eps=0.4,59.21468055552003,15.0,0
zbl+r12 eps=0.4,59.21468055552003,16.0,0
zbl+r12 eps=0.4,59.21468055552003,17.0,0
zbl+r12 eps=0.4,59.21468055552003,18.0,0
zbl+r12 eps=0.4,59.21468055552003,19.0,0
zbl+r12 eps=0.4,59.21468055552003,20.0,0
zbl+r12 eps=0.4,59.21468055552003,21.0,0
zbl+r12 eps=0.4,59.21468055552003,22.0,0
zbl+r12 eps=0.4,59.21468055552003,23.0,0
zbl+r12 eps=0.4,59.21468055552003,24.0,0
zbl+r12 eps=0.4,59.21468055552003,25.0,0
zbl+r12 eps=0.4,59.21468055552003,26.0,0
zbl+r12 eps=0.4,59.21468055552003,27.0,0
zbl+r12 eps=0.4,59.21468055552003,28.0,0
zbl+r12 eps=0.4,59.21468055552003,29.0,0
zbl+r12 eps=0.4,59.21468055552003,30.0,0
zbl+r12 eps=0.4,66.32044222218244,0.0,0
zbl+r12 eps=0.4,66.32044222218244,1.0,0
zbl+r12 eps=0.4,66.32044222218244,2.0,0
zbl+r12 eps=0.4,66.32044222218244,3.0,0
zbl+r12 eps=0.4,66.32044222218244,4.0,0
zbl+r12 eps=0.4,66.32044222218244,5.0,0
zbl+r12 eps=0.4,66.32044222218244,6.0,0
zbl+r12 eps=0.4,66.32044222218244,7.0,0
zbl+r12 eps=0.4,66.32044222218244,8.0,0
zbl+r12 eps=0.4,66.32044222218244,9.0,0
zbl+r12 eps=0.4,66.32044222218244,10.0,0
zbl+r12 eps=0.4,66.32044222218244,11.0,0
zbl+r12 eps=0.4,66.32044222218244,12.0,0
zbl+r12 eps=0.4,66.32044222218244,13.0,0
zbl+r12 eps=0.4,66.32044222218244,14.0,0
zbl+r12 eps=0.4,66.32044222218244,15.0,0
zbl+r12 eps=0.4,66.32044222218244,16.0,0
zbl+r12 eps=0.4,66.32044222218244,17.0,0
zbl+r12 eps=0.4,66.32044222218244,18.0,0
zbl+r12 eps=0.4,66.32044222218244,19.0,0
zbl+r12 eps=0.4,66.32044222218244,20.0,0
zbl+r12 eps=0.4,66.32044222218244,21.0,0
zbl+r12 eps=0.4,66.32044222218244,22.0,0
zbl+r12 eps=0.4,66.32044222218244,23.0,0
zbl+r12 eps=0.4,66.32044222218244,24.0,0
zbl+r12 eps=0.4,66.32044222218244,25.0,0
zbl+r12 eps=0.4,66.32044222218244,26.0,0
zbl+r12 eps=0.4,66.32044222218244,27.0,0
zbl+r12 eps=0.4,66.32044222218244,28.0,0
zbl+r12 eps=0.4,66.32044222218244,29.0,0
zbl+r12 eps=0.4,66.32044222218244,30.0,0
zbl+r12 eps=0.4,74.27889528884434,0.0,0
zbl+r12 eps=0.4,74.27889528884434,1.0,0
zbl+r12 eps=0.4,74.27889528884434,2.0,0
zbl+r12 eps=0.4,74.27889528884434,3.0,0
zbl+r12 eps=0.4,74.27889528884434,4.0,0
zbl+r12 eps=0.4,74.27889528884434,5.0,0
zbl+r12 eps=0.4,74.27889528884434,6.0,0
zbl+r12 eps=0.4,74.27889528884434,7.0,0
zbl+r12 eps=0.4,74.27889528884434,8.0,0
zbl+r12 eps=0.4,74.27889528884434,9.0,0
zbl+r12 eps=0.4,74.27889528884434,10.0,0
zbl+r12 eps=0.4,74.27889528884434,11.0,0
zbl+r12 eps=0.4,74.27889528884434,12.0,0
zbl+r12 eps=0.4,74.27889528884434,13.0,0
zbl+r12 eps=0.4,74.27889528884434,14.0,0
zbl+r12 eps=0.4,74.27889528884434,15.0,0
zbl+r12 eps=0.4,74.27889528884434,16.0,0
zbl+r12 eps=0.4,74.27889528884434,17.0,0
zbl+r12 eps=0.4,74.27889528884434,18.0,0
zbl+r12 eps=0.4,74.27889528884434,19.0,0
zbl+r12 eps=0.4,74.27889528884434,20.0,0
zbl+r12 eps=0.4,74.27889528884434,21.0,0
zbl+r12 eps=0.4,74.27889528884434,22.0,0
zbl+r12 eps=0.4,74.27889528884434,23.0,0
zbl+r12 eps=0.4,74.27889528884434,24.0,0
zbl+r12 eps=0.4,74.27889528884434,25.0,0
zbl+r12 eps=0.4,74.27889528884434,26.0,0
zbl+r12 eps=0.4,74.27889528884434,27.0,0
zbl+r12 eps=0.4,74.27889528884434,28.0,0
zbl+r12 eps=0.4,74.27889528884434,29.0,0
zbl+r12 eps=0.4,74.27889528884434,30.0,0
zbl+r12 eps=0.4,83.19236272350568,0.0,0
zbl+r12 eps=0.4,83.19236272350568,1.0,0
zbl+r12 eps=0.4,83.19236272350568,2.0,0
zbl+r12 eps=0.4,83.19236272350568,3.0,0
zbl+r12 eps=0.4,83.19236272350568,4.0,0
zbl+r12 eps=0.4,83.19236272350568,5.0,0
zbl+r12 eps=0.4,83.19236272350568,6.0,0
zbl+r12 eps=0.4,83.19236272350568,7.0,0
zbl+r12 eps=0.4,83.19236272350568,8.0,0
zbl+r12 eps=0.4,83.19236272350568,9.0,0
zbl+r12 eps=0.4,83.19236272350568,10.0,0
zbl+r12 eps=0.4,83.19236272350568,11.0,0
zbl+r12 eps=0.4,83.19236272350568,12.0,0
zbl+r12 eps=0.4,83.19236272350568,13.0,0
zbl+r12 eps=0.4,83.19236272350568,14.0,0
zbl+r12 eps=0.4,83.19236272350568,15.0,0
zbl+r12 eps=0.4,83.19236272350568,16.0,0
zbl+r12 eps=0.4,83.19236272350568,17.0,0
zbl+r12 eps=0.4,83.19236272350568,18.0,0
zbl+r12 eps=0.4,83.19236272350568,19.0,0
zbl+r12 eps=0.4,83.19236272350568,20.0,0
zbl+r12 eps=0.4,83.19236272350568,21.0,0
zbl+r12 eps=0.4,83.19236272350568,22.0,0
zbl+r12 eps=0.4,83.19236272350568,23.0,0
zbl+r12 eps=0.4,83.19236272350568,24.0,0
zbl+r12 eps=0.4,83.19236272350568,25.0,0
zbl+r12 eps=0.4,83.19236272350568,26.0,0
zbl+r12 eps=0.4,83.19236272350568,27.0,0
zbl+r12 eps=0.4,83.19236272350568,28.0,0
zbl+r12 eps=0.4,83.19236272350568,29.0,0
zbl+r12 eps=0.4,83.19236272350568,30.0,0
zbl+r12 eps=0.4,93.17544625032636,0.0,0
zbl+r12 eps=0.4,93.17544625032636,1.0,0
zbl+r12 eps=0.4,93.17544625032636,2.0,0
zbl+r12 eps=0.4,93.17544625032636,3.0,0
zbl+r12 eps=0.4,93.17544625032636,4.0,0
zbl+r12 eps=0.4,93.17544625032636,5.0,0
zbl+r12 eps=0.4,93.17544625032636,6.0,0
zbl+r12 eps=0.4,93.17544625032636,7.0,0
zbl+r12 eps=0.4,93.17544625032636,8.0,0
zbl+r12 eps=0.4,93.17544625032636,9.0,0
zbl+r12 eps=0.4,93.17544625032636,10.0,0
zbl+r12 eps=0.4,93.17544625032636,11.0,0
zbl+r12 eps=0.4,93.17544625032636,12.0,0
zbl+r12 eps=0.4,93.17544625032636,13.0,0
zbl+r12 eps=0.4,93.17544625032636,14.0,0
zbl+r12 eps=0.4,93.17544625032636,15.0,0
zbl+r12 eps=0.4,93.17544625032636,16.0,0
zbl+r12 eps=0.4,93.17544625032636,17.0,0
zbl+r12 eps=0.4,93.17544625032636,18.0,0
zbl+r12 eps=0.4,93.17544625032636,19.0,0
zbl+r12 eps=0.4,93.17544625032636,20.0,0
zbl+r12 eps=0.4,93.17544625032636,21.0,0
zbl+r12 eps=0.4,93.17544625032636,22.0,0
zbl+r12 eps=0.4,93.17544625032636,23.0,0
zbl+r12 eps=0.4,93.17544625032636,24.0,0
zbl+r12 eps=0.4,93.17544625032636,25.0,0
zbl+r12 eps=0.4,93.17544625032636,26.0,0
zbl+r12 eps=0.4,93.17544625032636,27.0,0
zbl+r12 eps=0.4,93.17544625032636,28.0,0
zbl+r12 eps=0.4,93.17544625032636,29.0,0
zbl+r12 eps=0.4,93.17544625032636,30.0,0
zbl+r12 eps=0.4,104.35649980036554,0.0,0
zbl+r12 eps=0.4,104.35649980036554,1.0,0
zbl+r12 eps=0.4,104.35649980036554,2.0,0
zbl+r12 eps=0.4,104.35649980036554,3.0,0
zbl+r12 eps=0.4,104.35649980036554,4.0,0
zbl+r12 eps=0.4,104.35649980036554,5.0,0
zbl+r12 eps=0.4,104.35649980036554,6.0,0
zbl+r12 eps=0.4,104.35649980036554,7.0,0
zbl+r12 eps=0.4,104.35649980036554,8.0,0
zbl+r12 eps=0.4,104.35649980036554,9.0,0
zbl+r12 eps=0.4,104.35649980036554,10.0,0
zbl+r12 eps=0.4,104.35649980036554,11.0,0
zbl+r12 eps=0.4,104.35649980036554,12.0,0
zbl+r12 eps=0.4,104.35649980036554,13.0,0
zbl+r12 eps=0.4,104.35649980036554,14.0,0
zbl+r12 eps=0.4,104.35649980036554,15.0,0
zbl+r12 eps=0.4,104.35649980036554,16.0,0
zbl+r12 eps=0.4,104.35649980036554,17.0,0
zbl+r12 eps=0.4,104.35649980036554,18.0,0
zbl+r12 eps=0.4,104.35649980036554,19.0,0
zbl+r12 eps=0.4,104.35649980036554,20.0,0
zbl+r12 eps=0.4,104.35649980036554,21.0,0
zbl+r12 eps=0.4,104.35649980036554,22.0,0
zbl+r12 eps=0.4,104.35649980036554,23.0,0
zbl+r12 eps=0.4,104.35649980036554,24.0,0
zbl+r12 eps=0.4,104.35649980036554,25.0,0
zbl+r12 eps=0.4,104.35649980036554,26.0,0
zbl+r12 eps=0.4,104.35649980036554,27.0,0
zbl+r12 eps=0.4,104.35649980036554,28.0,0
zbl+r12 eps=0.4,104.35649980036554,29.0,0
zbl+r12 eps=0.4,104.35649980036554,30.0,0
zbl+r12 eps=0.4,116.87927977640942,0.0,0
zbl+r12 eps=0.4,116.87927977640942,1.0,0
zbl+r12 eps=0.4,116.87927977640942,2.0,0
zbl+r12 eps=0.4,116.87927977640942,3.0,0
zbl+r12 eps=0.4,116.87927977640942,4.0,0
zbl+r12 eps=0.4,116.87927977640942,5.0,0
zbl+r12 eps=0.4,116.87927977640942,6.0,0
zbl+r12 eps=0.4,116.87927977640942,7.0,0
zbl+r12 eps=0.4,116.87927977640942,8.0,0
zbl+r12 eps=0.4,116.87927977640942,9.0,0
zbl+r12 eps=0.4,116.87927977640942,10.0,0
zbl+r12 eps=0.4,116.87927977640942,11.0,0
zbl+r12 eps=0.4,116.87927977640942,12.0,0
zbl+r12 eps=0.4,116.87927977640942,13.0,0
zbl+r12 eps=0.4,116.87927977640942,14.0,0
zbl+r12 eps=0.4,116.87927977640942,15.0,0
zbl+r12 eps=0.4,116.87927977640942,16.0,0
zbl+r12 eps=0.4,116.87927977640942,17.0,0
zbl+r12 eps=0.4,116.87927977640942,18.0,0
zbl+r12 eps=0.4,116.87927977640942,19.0,0
zbl+r12 eps=0.4,116.87927977640942,20.0,0
zbl+r12 eps=0.4,116.87927977640942,21.0,0
zbl+r12 eps=0.4,116.87927977640942,22.0,0
zbl+r12 eps=0.4,116.87927977640942,23.0,0
zbl+r12 eps=0.4,116.87927977640942,24.0,0
zbl+r12 eps=0.4,116.87927977640942,25.0,0
zbl+r12 eps=0.4,116.87927977640942,26.0,0
zbl+r12 eps=0.4,116.87927977640942,27.0,0
zbl+r12 eps=0.4,116.87927977640942,28.0,0
zbl+r12 eps=0.4,116.87927977640942,29.0,0
zbl+r12 eps=0.4,116.87927977640942,30.0,0
zbl+r12 eps=0.4,130.90479334957857,0.0,0
zbl+r12 eps=0.4,130.90479334957857,1.0,0
zbl+r12 eps=0.4,130.90479334957857,2.0,0
zbl+r12 eps=0.4,130.90479334957857,3.0,0
zbl+r12 eps=0.4,130.90479334957857,4.0,0
zbl+r12 eps=0.4,130.90479334957857,5.0,0
zbl+r12 eps=0.4,130.90479334957857,6.0,0
zbl+r12 eps=0.4,130.90479334957857,7.0,0
zbl+r12 eps=0.4,130.90479334957857,8.0,0
zbl+r12 eps=0.4,130.90479334957857,9.0,0
zbl+r12 eps=0.4,130.90479334957857,10.0,0
zbl+r12 eps=0.4,130.90479334957857,11.0,0
zbl+r12 eps=0.4,130.90479334957857,12.0,0
zbl+r12 eps=0.4,130.90479334957857,13.0,0
zbl+r12 eps=0.4,130.90479334957857,14.0,0
zbl+r12 eps=0.4,130.90479334957857,15.0,0
zbl+r12 eps=0.4,130.90479334957857,16.0,0
zbl+r12 eps=0.4,130.90479334957857,17.0,0
zbl+r12 eps=0.4,130.90479334957857,18.0,0
zbl+r12 eps=0.4,130.90479334957857,19.0,0
zbl+r12 eps=0.4,130.90479334957857,20.0,0
zbl+r12 eps=0.4,130.90479334957857,21.0,0
zbl+r12 eps=0.4,130.90479334957857,22.0,0
zbl+r12 eps=0.4,130.90479334957857,23.0,0
zbl+r12 eps=0.4,130.90479334957857,24.0,0
zbl+r12 eps=0.4,130.90479334957857,25.0,0
zbl+r12 eps=0.4,130.90479334957857,26.0,0
zbl+r12 eps=0.4,130.90479334957857,27.0,0
zbl+r12 eps=0.4,130.90479334957857,28.0,0
zbl+r12 eps=0.4,130.90479334957857,29.0,0
zbl+r12 eps=0.4,130.90479334957857,30.0,0
zbl+r12 eps=0.4,146.613368551528,0.0,0
zbl+r12 eps=0.4,146.613368551528,1.0,0
zbl+r12 eps=0.4,146.613368551528,2.0,0
zbl+r12 eps=0.4,146.613368551528,3.0,0
zbl+r12 eps=0.4,146.613368551528,4.0,0
zbl+r12 eps=0.4,146.613368551528,5.0,0
zbl+r12 eps=0.4,146.613368551528,6.0,0
zbl+r12 eps=0.4,146.613368551528,7.0,0
zbl+r12 eps=0.4,146.613368551528,8.0,0
zbl+r12 eps=0.4,146.613368551528,9.0,0
zbl+r12 eps=0.4,146.613368551528,10.0,0
zbl+r12 eps=0.4,146.613368551528,11.0,0
zbl+r12 eps=0.4,146.613368551528,12.0,0
zbl+r12 eps=0.4,146.613368551528,13.0,0
zbl+r12 eps=0.4,146.613368551528,14.0,0
zbl+r12 eps=0.4,146.613368551528,15.0,0
zbl+r12 eps=0.4,146.613368551528,16.0,0
zbl+r12 eps=0.4,146.613368551528,17.0,0
zbl+r12 eps=0.4,146.613368551528,18.0,0
zbl+r12 eps=0.4,146.613368551528,19.0,0
zbl+r12 eps=0.4,146.613368551528,20.0,1
zbl+r12 eps=0.4,146.613368551528,21.0,1
zbl+r12 eps=0.4,146.613368551528,22.0,1
zbl+r12 eps=0.4,146.613368551528,23.0,1
zbl+r12 eps=0.4,146.613368551528,24.0,1
zbl+r12 eps=0.4,146.613368551528,25.0,0
zbl+r12 eps=0.4,146.613368551528,26.0,0
zbl+r12 eps=0.4,146.613368551528,27.0,0
zbl+r12 eps=0.4,146.613368551528,28.0,0
zbl+r12 eps=0.4,146.613368551528,29.0,0
zbl+r12 eps=0.4,146.613368551528,30.0,0
zbl+r12 eps=0.4,164.20697277771137,0.0,0
zbl+r12 eps=0.4,164.20697277771137,1.0,0
zbl+r12 eps=0.4,164.20697277771137,2.0,0
zbl+r12 eps=0.4,164.20697277771137,3.0,0
zbl+r12 eps=0.4,164.20697277771137,4.0,0
zbl+r12 eps=0.4,164.20697277771137,5.0,0
zbl+r12 eps=0.4,164.20697277771137,6.0,0
zbl+r12 eps=0.4,164.20697277771137,7.0,0
zbl+r12 eps=0.4,164.20697277771137,8.0,0
zbl+r12 eps=0.4,164.20697277771137,9.0,0
zbl+r12 eps=0.4,164.20697277771137,10.0,0
zbl+r12 eps=0.4,164.20697277771137,11.0,0
zbl+r12 eps=0.4,164.20697277771137,12.0,0
zbl+r12 eps=0.4,164.20697277771137,13.0,0
zbl+r12 eps=0.4,164.20697277771137,14.0,0
zbl+r12 eps=0.4,164.20697277771137,15.0,0
zbl+r12 eps=0.4,164.20697277771137,16.0,1
zbl+r12 eps=0.4,164.20697277771137,17.0,1
zbl+r12 eps=0.4,164.20697277771137,18.0,1
zbl+r12 eps=0.4,164.20697277771137,19.0,1
zbl+r12 eps=0.4,164.20697277771137,20.0,1
zbl+r12 eps=0.4,164.20697277771137,21.0,1
zbl+r12 eps=0.4,164.20697277771137,22.0,1
zbl+r12 eps=0.4,164.20697277771137,23.0,1
zbl+r12 eps=0.4,164.20697277771137,24.0,1
zbl+r12 eps=0.4,164.20697277771137,25.0,1
zbl+r12 eps=0.4,164.20697277771137,26.0,1
zbl+r12 eps=0.4,164.20697277771137,27.0,0
zbl+r12 eps=0.4,164.20697277771137,28.0,0
zbl+r12 eps=0.4,164.20697277771137,29.0,0
zbl+r12 eps=0.4,164.20697277771137,30.0,0
zbl+r12 eps=0.4,183.91180951103675,0.0,0
zbl+r12 eps=0.4,183.91180951103675,1.0,0
zbl+r12 eps=0.4,183.91180951103675,2.0,0
zbl+r12 eps=0.4,183.91180951103675,3.0,0
zbl+r12 eps=0.4,183.91180951103675,4.0,0
zbl+r12 eps=0.4,183.91180951103675,5.0,0
zbl+r12 eps=0.4,183.91180951103675,6.0,0
zbl+r12 eps=0.4,183.91180951103675,7.0,0
zbl+r12 eps=0.4,183.91180951103675,8.0,0
zbl+r12 eps=0.4,183.91180951103675,9.0,0
zbl+r12 eps=0.4,183.91180951103675,10.0,0
zbl+r12 eps=0.4,183.91180951103675,11.0,0
zbl+r12 eps=0.4,183.91180951103675,12.0,0
zbl+r12 eps=0.4,183.91180951103675,13.0,0
zbl+r12 eps=0.4,183.91180951103675,14.0,0
zbl+r12 eps=0.4,183.91180951103675,15.0,0
zbl+r12 eps=0.4,183.91180951103675,16.0,1
zbl+r12 eps=0.4,183.91180951103675,17.0,1
zbl+r12 eps=0.4,183.91180951103675,18.0,1
zbl+r12 eps=0.4,183.91180951103675,19.0,1
zbl+r12 eps=0.4,183.91180951103675,20.0,1
zbl+r12 eps=0.4,183.91180951103675,21.0,1
zbl+r12 eps=0.4,183.91180951103675,22.0,1
zbl+r12 eps=0.4,183.91180951103675,23.0,1
zbl+r12 eps=0.4,183.91180951103675,24.0,1
zbl+r12 eps=0.4,183.91180951103675,25.0,1
zbl+r12 eps=0.4,183.91180951103675,26.0,1
zbl+r12 eps=0.4,183.91180951103675,27.0,1
zbl+r12 eps=0.4,183.91180951103675,28.0,1
zbl+r12 eps=0.4,183.91180951103675,29.0,1
zbl+r12 eps=0.4,183.91180951103675,30.0,0
zbl+r12 eps=0.4,205.98122665236116,0.0,0
zbl+r12 eps=0.4,205.98122665236116,1.0,0
zbl+r12 eps=0.4,205.98122665236116,2.0,0
zbl+r12 eps=0.4,205.98122665236116,3.0,0
zbl+r12 eps=0.4,205.98122665236116,4.0,0
zbl+r12 eps=0.4,205.98122665236116,5.0,0
zbl+r12 eps=0.4,205.98122665236116,6.0,0
zbl+r12 eps=0.4,205.98122665236116,7.0,0
zbl+r12 eps=0.4,205.98122665236116,8.0,0
zbl+r12 eps=0.4,205.98122665236116,9.0,0
zbl+r12 eps=0.4,205.98122665236116,10.0,0
zbl+r12 eps=0.4,205.98122665236116,11.0,0
zbl+r12 eps=0.4,205.98122665236116,12.0,0
zbl+r12 eps=0.4,205.98122665236116,13.0,0
zbl+r12 eps=0.4,205.98122665236116,14.0,0
zbl+r12 eps=0.4,205.98122665236116,15.0,1
zbl+r12 eps=0.4,205.98122665236116,16.0,1
zbl+r12 eps=0.4,205.98122665236116,17.0,1
zbl+r12 eps=0.4,205.98122665236116,18.0,1
zbl+r12 eps=0.4,205.98122665236116,19.0,1
zbl+r12 eps=0.4,205.98122665236116,20.0,1
zbl+r12 eps=0.4,205.98122665236116,21.0,1
zbl+r12 eps=0.4,205.98122665236116,22.0,1
zbl+r12 eps=0.4,205.98122665236116,23.0,1
zbl+r12 eps=0.4,205.98122665236116,24.0,1
zbl+r12 eps=0.4,205.98122665236116,25.0,1
zbl+r12 eps=0.4,205.98122665236116,26.0,1
zbl+r12 eps=0.4,205.98122665236116,27.0,1
zbl+r12 eps=0.4,205.98122665236116,28.0,1
zbl+r12 eps=0.4,205.98122665236116,29.0,1
zbl+r12 eps=0.4,205.98122665236116,30.0,1
zbl+r12 eps=0.4,230.69897385064456,0.0,0
zbl+r12 eps=0.4,230.69897385064456,1.0,0
zbl+r12 eps=0.4,230.69897385064456,2.0,0
zbl+r12 eps=0.4,230.69897385064456,3.0,0
zbl+r12 eps=0.4,230.69897385064456,4.0,0
zbl+r12 eps=0.4,230.69897385064456,5.0,0
zbl+r12 eps=0.4,230.69897385064456,6.0,0
zbl+r12 eps=0.4,230.69897385064456,7.0,0
zbl+r12 eps=0.4,230.69897385064456,8.0,0
zbl+r12 eps=0.4,230.69897385064456,9.0,0
zbl+r12 eps=0.4,230.69897385064456,10.0,0
zbl+r12 eps=0.4,230.69897385064456,11.0,0
zbl+r12 eps=0.4,230.69897385064456,12.0,1
zbl+r12 eps=0.4,230.69897385064456,13.0,1
zbl+r12 eps=0.4,230.69897385064456,14.0,1
zbl+r12 eps=0.4,230.69897385064456,15.0,1
zbl+r12 eps=0.4,230.69897385064456,16.0,0
zbl+r12 eps=0.4,230.69897385064456,17.0,1
zbl+r12 eps=0.4,230.69897385064456,18.0,1
zbl+r12 eps=0.4,230.69897385064456,19.0,1
zbl+r12 eps=0.4,230.69897385064456,20.0,1
zbl+r12 eps=0.4,230.69897385064456,21.0,1
zbl+r12 eps=0.4,230.69897385064456,22.0,1
zbl+r12 eps=0.4,230.69897385064456,23.0,1
zbl+r12 eps=0.4,230.69897385064456,24.0,1
zbl+r12 eps=0.4,230.69897385064456,25.0,1
zbl+r12 eps=0.4,230.69897385064456,26.0,1
zbl+r12 eps=0.4,230.69897385064456,27.0,1
zbl+r12 eps=0.4,230.69897385064456,28.0,1
zbl+r12 eps=0.4,230.69897385064456,29.0,1
zbl+r12 eps=0.4,230.69897385064456,30.0,1
zbl+r12 eps=0.4,258.3828507127219,0.0,0
zbl+r12 eps=0.4,258.3828507127219,1.0,0
zbl+r12 eps=0.4,258.3828507127219,2.0,0
zbl+r12 eps=0.4,258.3828507127219,3.0,0
zbl+r12 eps=0.4,258.3828507127219,4.0,0
zbl+r12 eps=0.4,258.3828507127219,5.0,0
zbl+r12 eps=0.4,258.3828507127219,6.0,0
zbl+r12 eps=0.4,258.3828507127219,7.0,0
zbl+r12 eps=0.4,258.3828507127219,8.0,0
zbl+r12 eps=0.4,258.3828507127219,9.0,0
zbl+r12 eps=0.4,258.3828507127219,10.0,0
zbl+r12 eps=0.4,258.3828507127219,11.0,0
zbl+r12 eps=0.4,258.3828507127219,12.0,1
zbl+r12 eps=0.4,258.3828507127219,13.0,1
zbl+r12 eps=0.4,258.3828507127219,14.0,1
zbl+r12 eps=0.4,258.3828507127219,15.0,2
zbl+r12 eps=0.4,258.3828507127219,16.0,0
zbl+r12 eps=0.4,258.3828507127219,17.0,1
zbl+r12 eps=0.4,258.3828507127219,18.0,1
zbl+r12 eps=0.4,258.3828507127219,19.0,1
zbl+r12 eps=0.4,258.3828507127219,20.0,1
zbl+r12 eps=0.4,258.3828507127219,21.0,1
zbl+r12 eps=0.4,258.3828507127219,22.0,1
zbl+r12 eps=0.4,258.3828507127219,23.0,1
zbl+r12 eps=0.4,258.3828507127219,24.0,1
zbl+r12 eps=0.4,258.3828507127219,25.0,1
zbl+r12 eps=0.4,258.3828507127219,26.0,1
zbl+r12 eps=0.4,258.3828507127219,27.0,1
zbl+r12 eps=0.4,258.3828507127219,28.0,1
zbl+r12 eps=0.4,258.3828507127219,29.0,1
zbl+r12 eps=0.4,258.3828507127219,30.0,1
zbl+r12 eps=0.4,289.3887927982486,0.0,0
zbl+r12 eps=0.4,289.3887927982486,1.0,0
zbl+r12 eps=0.4,289.3887927982486,2.0,0
zbl+r12 eps=0.4,289.3887927982486,3.0,0
zbl+r12 eps=0.4,289.3887927982486,4.0,0
zbl+r12 eps=0.4,289.3887927982486,5.0,0
zbl+r12 eps=0.4,289.3887927982486,6.0,0
zbl+r12 eps=0.4,289.3887927982486,7.0,0
zbl+r12 eps=0.4,289.3887927982486,8.0,0
zbl+r12 eps=0.4,289.3887927982486,9.0,0
zbl+r12 eps=0.4,289.3887927982486,10.0,0
zbl+r12 eps=0.4,289.3887927982486,11.0,0
zbl+r12 eps=0.4,289.3887927982486,12.0,1
zbl+r12 eps=0.4,289.3887927982486,13.0,0
zbl+r12 eps=0.4,289.3887927982486,14.0,1
zbl+r12 eps=0.4,289.3887927982486,15.0,1
zbl+r12 eps=0.4,289.3887927982486,16.0,1
zbl+r12 eps=0.4,289.3887927982486,17.0,1
zbl+r12 eps=0.4,289.3887927982486,18.0,1
zbl+r12 eps=0.4,289.3887927982486,19.0,1
zbl+r12 eps=0.4,289.3887927982486,20.0,1
zbl+r12 eps=0.4,289.3887927982486,21.0,1
zbl+r12 eps=0.4,289.3887927982486,22.0,1
zbl+r12 eps=0.4,289.3887927982486,23.0,1
zbl+r12 eps=0.4,289.3887927982486,24.0,1
zbl+r12 eps=0.4,289.3887927982486,25.0,1
zbl+r12 eps=0.4,289.3887927982486,26.0,1
zbl+r12 eps=0.4,289.3887927982486,27.0,1
zbl+r12 eps=0.4,289.3887927982486,28.0,1
zbl+r12 eps=0.4,289.3887927982486,29.0,1
zbl+r12 eps=0.4,289.3887927982486,30.0,1
zbl+r12 eps=0.4,324.11544793403846,0.0,0
zbl+r12 eps=0.4,324.11544793403846,1.0,0
zbl+r12 eps=0.4,324.11544793403846,2.0,0
zbl+r12 eps=0.4,324.11544793403846,3.0,0
zbl+r12 eps=0.4,324.11544793403846,4.0,0
zbl+r12 eps=0.4,324.11544793403846,5.0,0
zbl+r12 eps=0.4,324.11544793403846,6.0,0
zbl+r12 eps=0.4,324.11544793403846,7.0,0
zbl+r12 eps=0.4,324.11544793403846,8.0,0
zbl+r12 eps=0.4,324.11544793403846,9.0,0
zbl+r12 eps=0.4,324.11544793403846,10.0,0
zbl+r12 eps=0.4,324.11544793403846,11.0,0
zbl+r12 eps=0.4,324.11544793403846,12.0,0
zbl+r12 eps=0.4,324.11544793403846,13.0,0
zbl+r12 eps=0.4,324.11544793403846,14.0,0
zbl+r12 eps=0.4,324.11544793403846,15.0,0
zbl+r12 eps=0.4,324.11544793403846,16.0,1
zbl+r12 eps=0.4,324.11544793403846,17.0,1
zbl+r12 eps=0.4,324.11544793403846,18.0,1
zbl+r12 eps=0.4,324.11544793403846,19.0,1
zbl+r12 eps=0.4,324.11544793403846,20.0,1
zbl+r12 eps=0.4,324.11544793403846,21.0,1
zbl+r12 eps=0.4,324.11544793403846,22.0,1
zbl+r12 eps=0.4,324.11544793403846,23.0,1
zbl+r12 eps=0.4,324.11544793403846,24.0,1
zbl+r12 eps=0.4,324.11544793403846,25.0,1
zbl+r12 eps=0.4,324.11544793403846,26.0,1
zbl+r12 eps=0.4,324.11544793403846,27.0,1
zbl+r12 eps=0.4,324.11544793403846,28.0,1
zbl+r12 eps=0.4,324.11544793403846,29.0,1
zbl+r12 eps=0.4,324.11544793403846,30.0,1
zbl+r12 eps=0.4,363.0093016861231,0.0,0
zbl+r12 eps=0.4,363.0093016861231,1.0,0
zbl+r12 eps=0.4,363.0093016861231,2.0,0
zbl+r12 eps=0.4,363.0093016861231,3.0,0
zbl+r12 eps=0.4,363.0093016861231,4.0,0
zbl+r12 eps=0.4,363.0093016861231,5.0,0
zbl+r12 eps=0.4,363.0093016861231,6.0,0
zbl+r12 eps=0.4,363.0093016861231,7.0,0
zbl+r12 eps=0.4,363.0093016861231,8.0,0
zbl+r12 eps=0.4,363.0093016861231,9.0,0
zbl+r12 eps=0.4,363.0093016861231,10.0,1
zbl+r12 eps=0.4,363.0093016861231,11.0,0
zbl+r12 eps=0.4,363.0093016861231,12.0,0
zbl+r12 eps=0.4,363.0093016861231,13.0,0
zbl+r12 eps=0.4,363.0093016861231,14.0,0
zbl+r12 eps=0.4,363.0093016861231,15.0,0
zbl+r12 eps=0.4,363.0093016861231,16.0,1
zbl+r12 eps=0.4,363.0093016861231,17.0,1
zbl+r12 eps=0.4,363.0093016861231,18.0,1
zbl+r12 eps=0.4,363.0093016861231,19.0,1
zbl+r12 eps=0.4,363.0093016861231,20.0,1
zbl+r12 eps=0.4,363.0093016861231,21.0,1
zbl+r12 eps=0.4,363.0093016861231,22.0,1
zbl+r12 eps=0.4,363.0093016861231,23.0,1
zbl+r12 eps=0.4,363.0093016861231,24.0,1
zbl+r12 eps=0.4,363.0093016861231,25.0,1
zbl+r12 eps=0.4,363.0093016861231,26.0,1
zbl+r12 eps=0.4,363.0093016861231,27.0,1
zbl+r12 eps=0.4,363.0093016861231,28.0,1
zbl+r12 eps=0.4,363.0093016861231,29.0,1
zbl+r12 eps=0.4,363.0093016861231,30.0,1
zbl+r12 eps=0.4,406.5704178884579,0.0,0
zbl+r12 eps=0.4,406.5704178884579,1.0,0
zbl+r12 eps=0.4,406.5704178884579,2.0,0
zbl+r12 eps=0.4,406.5704178884579,3.0,0
zbl+r12 eps=0.4,406.5704178884579,4.0,0
zbl+r12 eps=0.4,406.5704178884579,5.0,0
zbl+r12 eps=0.4,406.5704178884579,6.0,0
zbl+r12 eps=0.4,406.5704178884579,7.0,0
zbl+r12 eps=0.4,406.5704178884579,8.0,0
zbl+r12 eps=0.4,406.5704178884579,9.0,0
zbl+r12 eps=0.4,406.5704178884579,10.0,0
zbl+r12 eps=0.4,406.5704178884579,11.0,0
zbl+r12 eps=0.4,406.5704178884579,12.0,0
zbl+r12 eps=0.4,406.5704178884579,13.0,0
zbl+r12 eps=0.4,406.5704178884579,14.0,0
zbl+r12 eps=0.4,406.5704178884579,15.0,0
zbl+r12 eps=0.4,406.5704178884579,16.0,0
zbl+r12 eps=0.4,406.5704178884579,17.0,0
zbl+r12 eps=0.4,406.5704178884579,18.0,0
zbl+r12 eps=0.4,406.5704178884579,19.0,1
zbl+r12 eps=0.4,406.5704178884579,20.0,1
zbl+r12 eps=0.4,406.5704178884579,21.0,1
zbl+r12 eps=0.4,406.5704178884579,22.0,1
zbl+r12 eps=0.4,406.5704178884579,23.0,1
zbl+r12 eps=0.4,406.5704178884579,24.0,1
zbl+r12 eps=0.4,406.5704178884579,25.0,1
zbl+r12 eps=0.4,406.5704178884579,26.0,2
zbl+r12 eps=0.4,406.5704178884579,27.0,1
zbl+r12 eps=0.4,406.5704178884579,28.0,1
zbl+r12 eps=0.4,406.5704178884579,29.0,1
zbl+r12 eps=0.4,406.5704178884579,30.0,1
zbl+r12 eps=0.4,455.3588680350729,0.0,0
zbl+r12 eps=0.4,455.3588680350729,1.0,0
zbl+r12 eps=0.4,455.3588680350729,2.0,0
zbl+r12 eps=0.4,455.3588680350729,3.0,0
zbl+r12 eps=0.4,455.3588680350729,4.0,0
zbl+r12 eps=0.4,455.3588680350729,5.0,1
zbl+r12 eps=0.4,455.3588680350729,6.0,0
zbl+r12 eps=0.4,455.3588680350729,7.0,0
zbl+r12 eps=0.4,455.3588680350729,8.0,0
zbl+r12 eps=0.4,455.3588680350729,9.0,0
zbl+r12 eps=0.4,455.3588680350729,10.0,0
zbl+r12 eps=0.4,455.3588680350729,11.0,0
zbl+r12 eps=0.4,455.3588680350729,12.0,0
zbl+r12 eps=0.4,455.3588680350729,13.0,0
zbl+r12 eps=0.4,455.3588680350729,14.0,0
zbl+r12 eps=0.4,455.3588680350729,15.0,0
zbl+r12 eps=0.4,455.3588680350729,16.0,2
zbl+r12 eps=0.4,455.3588680350729,17.0,0
zbl+r12 eps=0.4,455.3588680350729,18.0,1
zbl+r12 eps=0.4,455.3588680350729,19.0,0
zbl+r12 eps=0.4,455.3588680350729,20.0,1
zbl+r12 eps=0.4,455.3588680350729,21.0,1
zbl+r12 eps=0.4,455.3588680350729,22.0,1
zbl+r12 eps=0.4,455.3588680350729,23.0,1
zbl+r12 eps=0.4,455.3588680350729,24.0,1
zbl+r12 eps=0.4,455.3588680350729,25.0,1
zbl+r12 eps=0.4,455.3588680350729,26.0,1
zbl+r12 eps=0.4,455.3588680350729,27.0,2
zbl+r12 eps=0.4,455.3588680350729,28.0,0
zbl+r12 eps=0.4,455.3588680350729,29.0,2
zbl+r12 eps=0.4,455.3588680350729,30.0,1
zbl+r12 eps=0.4,510.00193219928167,0.0,2
zbl+r12 eps=0.4,510.00193219928167,1.0,0
zbl+r12 eps=0.4,510.00193219928167,2.0,0
zbl+r12 eps=0.4,510.00193219928167,3.0,0
zbl+r12 eps=0.4,510.00193219928167,4.0,0
zbl+r12 eps=0.4,510.00193219928167,5.0,0
zbl+r12 eps=0.4,510.00193219928167,6.0,1
zbl+r12 eps=0.4,510.00193219928167,7.0,0
zbl+r12 eps=0.4,510.00193219928167,8.0,0
zbl+r12 eps=0.4,510.00193219928167,9.0,0
zbl+r12 eps=0.4,510.00193219928167,10.0,0
zbl+r12 eps=0.4,510.00193219928167,11.0,0
zbl+r12 eps=0.4,510.00193219928167,12.0,0
zbl+r12 eps=0.4,510.00193219928167,13.0,0
zbl+r12 eps=0.4,510.00193219928167,14.0,0
zbl+r12 eps=0.4,510.00193219928167,15.0,0
zbl+r12 eps=0.4,510.00193219928167,16.0,0
zbl+r12 eps=0.4,510.00193219928167,17.0,2
zbl+r12 eps=0.4,510.00193219928167,18.0,0
zbl+r12 eps=0.4,510.00193219928167,19.0,0
zbl+r12 eps=0.4,510.00193219928167,20.0,2
zbl+r12 eps=0.4,510.00193219928167,21.0,1
zbl+r12 eps=0.4,510.00193219928167,22.0,2
zbl+r12 eps=0.4,510.00193219928167,23.0,1
zbl+r12 eps=0.4,510.00193219928167,24.0,1
zbl+r12 eps=0.4,510.00193219928167,25.0,2
zbl+r12 eps=0.4,510.00193219928167,26.0,2
zbl+r12 eps=0.4,510.00193219928167,27.0,1
zbl+r12 eps=0.4,510.00193219928167,28.0,1
zbl+r12 eps=0.4,510.00193219928167,29.0,7
zbl+r12 eps=0.4,510.00193219928167,30.0,1
zbl+r12 eps=0.4,571.2021640631955,0.0,2
zbl+r12 eps=0.4,571.2021640631955,1.0,2
zbl+r12 eps=0.4,571.2021640631955,2.0,0
zbl+r12 eps=0.4,571.2021640631955,3.0,1
zbl+r12 eps=0.4,571.2021640631955,4.0,0
zbl+r12 eps=0.4,571.2021640631955,5.0,0
zbl+r12 eps=0.4,571.2021640631955,6.0,1
zbl+r12 eps=0.4,571.2021640631955,7.0,1
zbl+r12 eps=0.4,571.2021640631955,8.0,1
zbl+r12 eps=0.4,571.2021640631955,9.0,0
zbl+r12 eps=0.4,571.2021640631955,10.0,1
zbl+r12 eps=0.4,571.2021640631955,11.0,4
zbl+r12 eps=0.4,571.2021640631955,12.0,0
zbl+r12 eps=0.4,571.2021640631955,13.0,0
zbl+r12 eps=0.4,571.2021640631955,14.0,0
zbl+r12 eps=0.4,571.2021640631955,15.0,0
zbl+r12 eps=0.4,571.2021640631955,16.0,0
zbl+r12 eps=0.4,571.2021640631955,17.0,0
zbl+r12 eps=0.4,571.2021640631955,18.0,0
zbl+r12 eps=0.4,571.2021640631955,19.0,0
zbl+r12 eps=0.4,571.2021640631955,20.0,0
zbl+r12 eps=0.4,571.2021640631955,21.0,0
zbl+r12 eps=0.4,571.2021640631955,22.0,0
zbl+r12 eps=0.4,571.2021640631955,23.0,2
zbl+r12 eps=0.4,571.2021640631955,24.0,2
zbl+r12 eps=0.4,571.2021640631955,25.0,1
zbl+r12 eps=0.4,571.2021640631955,26.0,2
zbl+r12 eps=0.4,571.2021640631955,27.0,1
zbl+r12 eps=0.4,571.2021640631955,28.0,3
zbl+r12 eps=0.4,571.2021640631955,29.0,1
zbl+r12 eps=0.4,571.2021640631955,30.0,1
zbl+r12 eps=0.4,639.7464237507791,0.0,1
zbl+r12 eps=0.4,639.7464237507791,1.0,1
zbl+r12 eps=0.4,639.7464237507791,2.0,3
zbl+r12 eps=0.4,639.7464237507791,3.0,2
zbl+r12 eps=0.4,639.7464237507791,4.0,2
zbl+r12 eps=0.4,639.7464237507791,5.0,0
zbl+r12 eps=0.4,639.7464237507791,6.0,0
zbl+r12 eps=0.4,639.7464237507791,7.0,1
zbl+r12 eps=0.4,639.7464237507791,8.0,0
zbl+r12 eps=0.4,639.7464237507791,9.0,0
zbl+r12 eps=0.4,639.7464237507791,10.0,1
zbl+r12 eps=0.4,639.7464237507791,11.0,1
zbl+r12 eps=0.4,639.7464237507791,12.0,2
zbl+r12 eps=0.4,639.7464237507791,13.0,0
zbl+r12 eps=0.4,639.7464237507791,14.0,2
zbl+r12 eps=0.4,639.7464237507791,15.0,0
zbl+r12 eps=0.4,639.7464237507791,16.0,0
zbl+r12 eps=0.4,639.7464237507791,17.0,0
zbl+r12 eps=0.4,639.7464237507791,18.0,0
zbl+r12 eps=0.4,639.7464237507791,19.0,4
zbl+r12 eps=0.4,639.7464237507791,20.0,0
zbl+r12 eps=0.4,639.7464237507791,21.0,0
zbl+r12 eps=0.4,639.7464237507791,22.0,0
zbl+r12 eps=0.4,639.7464237507791,23.0,2
zbl+r12 eps=0.4,639.7464237507791,24.0,5
zbl+r12 eps=0.4,639.7464237507791,25.0,1
zbl+r12 eps=0.4,639.7464237507791,26.0,1
zbl+r12 eps=0.4,639.7464237507791,27.0,3
zbl+r12 eps=0.4,639.7464237507791,28.0,2
zbl+r12 eps=0.4,639.7464237507791,29.0,12
zbl+r12 eps=0.4,639.7464237507791,30.0,1
zbl+r12 eps=0.4,716.5159946008727,0.0,14
zbl+r12 eps=0.4,716.5159946008727,1.0,15
zbl+r12 eps=0.4,716.5159946008727,2.0,9
zbl+r12 eps=0.4,716.5159946008727,3.0,8
zbl+r12 eps=0.4,716.5159946008727,4.0,3
zbl+r12 eps=0.4,716.5159946008727,5.0,0
zbl+r12 eps=0.4,716.5159946008727,6.0,1
zbl+r12 eps=0.4,716.5159946008727,7.0,0
zbl+r12 eps=0.4,716.5159946008727,8.0,4
zbl+r12 eps=0.4,716.5159946008727,9.0,2
zbl+r12 eps=0.4,716.5159946008727,10.0,0
zbl+r12 eps=0.4,716.5159946008727,11.0,1
zbl+r12 eps=0.4,716.5159946008727,12.0,1
zbl+r12 eps=0.4,716.5159946008727,13.0,20
zbl+r12 eps=0.4,716.5159946008727,14.0,19
zbl+r12 eps=0.4,716.5159946008727,15.0,11
zbl+r12 eps=0.4,716.5159946008727,16.0,0
zbl+r12 eps=0.4,716.5159946008727,17.0,0
zbl+r12 eps=0.4,716.5159946008727,18.0,0
zbl+r12 eps=0.4,716.5159946008727,19.0,2
zbl+r12 eps=0.4,716.5159946008727,20.0,0
zbl+r12 eps=0.4,716.5159946008727,21.0,1
zbl+r12 eps=0.4,716.5159946008727,22.0,0
zbl+r12 eps=0.4,716.5159946008727,23.0,0
zbl+r12 eps=0.4,716.5159946008727,24.0,0
zbl+r12 eps=0.4,716.5159946008727,25.0,0
zbl+r12 eps=0.4,716.5159946008727,26.0,5
zbl+r12 eps=0.4,716.5159946008727,27.0,3
zbl+r12 eps=0.4,716.5159946008727,28.0,0
zbl+r12 eps=0.4,716.5159946008727,29.0,8
zbl+r12 eps=0.4,716.5159946008727,30.0,1
zbl+r12 eps=0.4,802.4979139529775,0.0,9
zbl+r12 eps=0.4,802.4979139529775,1.0,11
zbl+r12 eps=0.4,802.4979139529775,2.0,23
zbl+r12 eps=0.4,802.4979139529775,3.0,7
zbl+r12 eps=0.4,802.4979139529775,4.0,15
zbl+r12 eps=0.4,802.4979139529775,5.0,10
zbl+r12 eps=0.4,802.4979139529775,6.0,3
zbl+r12 eps=0.4,802.4979139529775,7.0,3
zbl+r12 eps=0.4,802.4979139529775,8.0,10
zbl+r12 eps=0.4,802.4979139529775,9.0,6
zbl+r12 eps=0.4,802.4979139529775,10.0,2
zbl+r12 eps=0.4,802.4979139529775,11.0,0
zbl+r12 eps=0.4,802.4979139529775,12.0,8
zbl+r12 eps=0.4,802.4979139529775,13.0,16
zbl+r12 eps=0.4,802.4979139529775,14.0,27
zbl+r12 eps=0.4,802.4979139529775,15.0,19
zbl+r12 eps=0.4,802.4979139529775,16.0,18
zbl+r12 eps=0.4,802.4979139529775,17.0,6
zbl+r12 eps=0.4,802.4979139529775,18.0,12
zbl+r12 eps=0.4,802.4979139529775,19.0,24
zbl+r12 eps=0.4,802.4979139529775,20.0,9
zbl+r12 eps=0.4,802.4979139529775,21.0,0
zbl+r12 eps=0.4,802.4979139529775,22.0,1
zbl+r12 eps=0.4,802.4979139529775,23.0,4
zbl+r12 eps=0.4,802.4979139529775,24.0,1
zbl+r12 eps=0.4,802.4979139529775,25.0,0
zbl+r12 eps=0.4,802.4979139529775,26.0,1
zbl+r12 eps=0.4,802.4979139529775,27.0,6
zbl+r12 eps=0.4,802.4979139529775,28.0,13
zbl+r12 eps=0.4,802.4979139529775,29.0,9
zbl+r12 eps=0.4,802.4979139529775,30.0,1
zbl+r12 eps=0.4,898.7976636273347,0.0,36
zbl+r12 eps=0.4,898.7976636273347,1.0,45
zbl+r12 eps=0.4,898.7976636273347,2.0,48
zbl+r12 eps=0.4,898.7976636273347,3.0,52
zbl+r12 eps=0.4,898.7976636273347,4.0,36
zbl+r12 eps=0.4,898.7976636273347,5.0,34
zbl+r12 eps=0.4,898.7976636273347,6.0,16
zbl+r12 eps=0.4,898.7976636273347,7.0,11
zbl+r12 eps=0.4,898.7976636273347,8.0,12
zbl+r12 eps=0.4,898.7976636273347,9.0,9
zbl+r12 eps=0.4,898.7976636273347,10.0,12
zbl+r12 eps=0.4,898.7976636273347,11.0,29
zbl+r12 eps=0.4,898.7976636273347,12.0,6
zbl+r12 eps=0.4,898.7976636273347,13.0,22
zbl+r12 eps=0.4,898.7976636273347,14.0,19
zbl+r12 eps=0.4,898.7976636273347,15.0,20
zbl+r12 eps=0.4,898.7976636273347,16.0,19
zbl+r12 eps=0.4,898.7976636273347,17.0,20
zbl+r12 eps=0.4,898.7976636273347,18.0,5
zbl+r12 eps=0.4,898.7976636273347,19.0,27
zbl+r12 eps=0.4,898.7976636273347,20.0,30
zbl+r12 eps=0.4,898.7976636273347,21.0,8
zbl+r12 eps=0.4,898.7976636273347,22.0,4
zbl+r12 eps=0.4,898.7976636273347,23.0,10
zbl+r12 eps=0.4,898.7976636273347,24.0,26
zbl+r12 eps=0.4,898.7976636273347,25.0,10
zbl+r12 eps=0.4,898.7976636273347,26.0,35
zbl+r12 eps=0.4,898.7976636273347,27.0,3
zbl+r12 eps=0.4,898.7976636273347,28.0,10
zbl+r12 eps=0.4,898.7976636273347,29.0,9
zbl+r12 eps=0.4,898.7976636273347,30.0,1
zbl+r12 eps=0.4,1006.6533832626151,0.0,64
zbl+r12 eps=0.4,1006.6533832626151,1.0,67
zbl+r12 eps=0.4,1006.6533832626151,2.0,70
zbl+r12 eps=0.4,1006.6533832626151,3.0,67
zbl+r12 eps=0.4,1006.6533832626151,4.0,75
zbl+r12 eps=0.4,1006.6533832626151,5.0,71
zbl+r12 eps=0.4,1006.6533832626151,6.0,74
zbl+r12 eps=0.4,1006.6533832626151,7.0,33
zbl+r12 eps=0.4,1006.6533832626151,8.0,18
zbl+r12 eps=0.4,1006.6533832626151,9.0,31
zbl+r12 eps=0.4,1006.6533832626151,10.0,37
zbl+r12 eps=0.4,1006.6533832626151,11.0,43
zbl+r12 eps=0.4,1006.6533832626151,12.0,59
zbl+r12 eps=0.4,1006.6533832626151,13.0,6
zbl+r12 eps=0.4,1006.6533832626151,14.0,34
zbl+r12 eps=0.4,1006.6533832626151,15.0,28
zbl+r12 eps=0.4,1006.6533832626151,16.0,24
zbl+r12 eps=0.4,1006.6533832626151,17.0,37
zbl+r12 eps=0.4,1006.6533832626151,18.0,20
zbl+r12 eps=0.4,1006.6533832626151,19.0,11
zbl+r12 eps=0.4,1006.6533832626151,20.0,32
zbl+r12 eps=0.4,1006.6533832626151,21.0,13
zbl+r12 eps=0.4,1006.6533832626151,22.0,24
zbl+r12 eps=0.4,1006.6533832626151,23.0,10
zbl+r12 eps=0.4,1006.6533832626151,24.0,36
zbl+r12 eps=0.4,1006.6533832626151,25.0,28
zbl+r12 eps=0.4,1006.6533832626151,26.0,24
zbl+r12 eps=0.4,1006.6533832626151,27.0,22
zbl+r12 eps=0.4,1006.6533832626151,28.0,28
zbl+r12 eps=0.4,1006.6533832626151,29.0,18
zbl+r12 eps=0.4,1006.6533832626151,30.0,1
zbl+r12 eps=0.4,1127.451789254129,0.0,71
zbl+r12 eps=0.4,1127.451789254129,1.0,66
zbl+r12 eps=0.4,1127.451789254129,2.0,59
zbl+r12 eps=0.4,1127.451789254129,3.0,54
zbl+r12 eps=0.4,1127.451789254129,4.0,60
zbl+r12 eps=0.4,1127.451789254129,5.0,59
zbl+r12 eps=0.4,1127.451789254129,6.0,45
zbl+r12 eps=0.4,1127.451789254129,7.0,49
zbl+r12 eps=0.4,1127.451789254129,8.0,58
zbl+r12 eps=0.4,1127.451789254129,9.0,42
zbl+r12 eps=0.4,1127.451789254129,10.0,39
zbl+r12 eps=0.4,1127.451789254129,11.0,55
zbl+r12 eps=0.4,1127.451789254129,12.0,77
zbl+r12 eps=0.4,1127.451789254129,13.0,62
zbl+r12 eps=0.4,1127.451789254129,14.0,33
zbl+r12 eps=0.4,1127.451789254129,15.0,32
zbl+r12 eps=0.4,1127.451789254129,16.0,34
zbl+r12 eps=0.4,1127.451789254129,17.0,48
zbl+r12 eps=0.4,1127.451789254129,18.0,43
zbl+r12 eps=0.4,1127.451789254129,19.0,29
zbl+r12 eps=0.4,1127.451789254129,20.0,19
zbl+r12 eps=0.4,1127.451789254129,21.0,27
zbl+r12 eps=0.4,1127.451789254129,22.0,53
zbl+r12 eps=0.4,1127.451789254129,23.0,24
zbl+r12 eps=0.4,1127.451789254129,24.0,30
zbl+r12 eps=0.4,1127.451789254129,25.0,28
zbl+r12 eps=0.4,1127.451789254129,26.0,31
zbl+r12 eps=0.4,1127.451789254129,27.0,31
zbl+r12 eps=0.4,1127.451789254129,28.0,26
zbl+r12 eps=0.4,1127.451789254129,29.0,29
zbl+r12 eps=0.4,1127.451789254129,30.0,1
zbl+r12 eps=0.4,1262.7460039646246,0.0,88
zbl+r12 eps=0.4,1262.7460039646246,1.0,83
zbl+r12 eps=0.4,1262.7460039646246,2.0,60
zbl+r12 eps=0.4,1262.7460039646246,3.0,74
zbl+r12 eps=0.4,1262.7460039646246,4.0,77
zbl+r12 eps=0.4,1262.7460039646246,5.0,73
zbl+r12 eps=0.4,1262.7460039646246,6.0,74
zbl+r12 eps=0.4,1262.7460039646246,7.0,61
zbl+r12 eps=0.4,1262.7460039646246,8.0,50
zbl+r12 eps=0.4,1262.7460039646246,9.0,65
zbl+r12 eps=0.4,1262.7460039646246,10.0,74
zbl+r12 eps=0.4,1262.7460039646246,11.0,67
zbl+r12 eps=0.4,1262.7460039646246,12.0,63
zbl+r12 eps=0.4,1262.7460039646246,13.0,77
zbl+r12 eps=0.4,1262.7460039646246,14.0,82
zbl+r12 eps=0.4,1262.7460039646246,15.0,75
zbl+r12 eps=0.4,1262.7460039646246,16.0,34
zbl+r12 eps=0.4,1262.7460039646246,17.0,47
zbl+r12 eps=0.4,1262.7460039646246,18.0,56
zbl+r12 eps=0.4,1262.7460039646246,19.0,60
zbl+r12 eps=0.4,1262.7460039646246,20.0,46
zbl+r12 eps=0.4,1262.7460039646246,21.0,47
zbl+r12 eps=0.4,1262.7460039646246,22.0,54
zbl+r12 eps=0.4,1262.7460039646246,23.0,71
zbl+r12 eps=0.4,1262.7460039646246,24.0,67
zbl+r12 eps=0.4,1262.7460039646246,25.0,44
zbl+r12 eps=0.4,1262.7460039646246,26.0,62
zbl+r12 eps=0.4,1262.7460039646246,27.0,20
zbl+r12 eps=0.4,1262.7460039646246,28.0,46
zbl+r12 eps=0.4,1262.7460039646246,29.0,21
zbl+r12 eps=0.4,1262.7460039646246,30.0,1
zbl+r12 eps=0.4,1414.2755244403797,0.0,98
zbl+r12 eps=0.4,1414.2755244403797,1.0,90
zbl+r12 eps=0.4,1414.2755244403797,2.0,92
zbl+r12 eps=0.4,1414.2755244403797,3.0,100
zbl+r12 eps=0.4,1414.2755244403797,4.0,95
zbl+r12 eps=0.4,1414.2755244403797,5.0,98
zbl+r12 eps=0.4,1414.2755244403797,6.0,97
zbl+r12 eps=0.4,1414.2755244403797,7.0,78
zbl+r12 eps=0.4,1414.2755244403797,8.0,66
zbl+r12 eps=0.4,1414.2755244403797,9.0,73
zbl+r12 eps=0.4,1414.2755244403797,10.0,64
zbl+r12 eps=0.4,1414.2755244403797,11.0,80
zbl+r12 eps=0.4,1414.2755244403797,12.0,74
zbl+r12 eps=0.4,1414.2755244403797,13.0,79
zbl+r12 eps=0.4,1414.2755244403797,14.0,83
zbl+r12 eps=0.4,1414.2755244403797,15.0,78
zbl+r12 eps=0.4,1414.2755244403797,16.0,65
zbl+r12 eps=0.4,1414.2755244403797,17.0,57
zbl+r12 eps=0.4,1414.2755244403797,18.0,84
zbl+r12 eps=0.4,1414.2755244403797,19.0,72
zbl+r12 eps=0.4,1414.2755244403797,20.0,82
zbl+r12 eps=0.4,1414.2755244403797,21.0,74
zbl+r12 eps=0.4,1414.2755244403797,22.0,79
zbl+r12 eps=0.4,1414.2755244403797,23.0,78
zbl+r12 eps=0.4,1414.2755244403797,24.0,82
zbl+r12 eps=0.4,1414.2755244403797,25.0,56
zbl+r12 eps=0.4,1414.2755244403797,26.0,56
zbl+r12 eps=0.4,1414.2755244403797,27.0,47
zbl+r12 eps=0.4,1414.2755244403797,28.0,59
zbl+r12 eps=0.4,1414.2755244403797,29.0,66
zbl+r12 eps=0.4,1414.2755244403797,30.0,1
zbl+r12 eps=0.4,1583.9885873732255,0.0,111
zbl+r12 eps=0.4,1583.9885873732255,1.0,119
zbl+r12 eps=0.4,1583.9885873732255,2.0,108
zbl+r12 eps=0.4,1583.9885873732255,3.0,116
zbl+r12 eps=0.4,1583.9885873732255,4.0,97
zbl+r12 eps=0.4,1583.9885873732255,5.0,99
zbl+r12 eps=0.4,1583.9885873732255,6.0,98
zbl+r12 eps=0.4,1583.9885873732255,7.0,95
zbl+r12 eps=0.4,1583.9885873732255,8.0,119
zbl+r12 eps=0.4,1583.9885873732255,9.0,108
zbl+r12 eps=0.4,1583.9885873732255,10.0,100
zbl+r12 eps=0.4,1583.9885873732255,11.0,121
zbl+r12 eps=0.4,1583.9885873732255,12.0,94
zbl+r12 eps=0.4,1583.9885873732255,13.0,102
zbl+r12 eps=0.4,1583.9885873732255,14.0,117
zbl+r12 eps=0.4,1583.9885873732255,15.0,107
zbl+r12 eps=0.4,1583.9885873732255,16.0,96
zbl+r12 eps=0.4,1583.9885873732255,17.0,91
zbl+r12 eps=0.4,1583.9885873732255,18.0,110
zbl+r12 eps=0.4,1583.9885873732255,19.0,107
zbl+r12 eps=0.4,1583.9885873732255,20.0,79
zbl+r12 eps=0.4,1583.9885873732255,21.0,91
zbl+r12 eps=0.4,1583.9885873732255,22.0,84
zbl+r12 eps=0.4,1583.9885873732255,23.0,89
zbl+r12 eps=0.4,1583.9885873732255,24.0,86
zbl+r12 eps=0.4,1583.9885873732255,25.0,88
zbl+r12 eps=0.4,1583.9885873732255,26.0,74
zbl+r12 eps=0.4,1583.9885873732255,27.0,93
zbl+r12 eps=0.4,1583.9885873732255,28.0,54
zbl+r12 eps=0.4,1583.9885873732255,29.0,47
zbl+r12 eps=0.4,1583.9885873732255,30.0,1
zbl+r12 eps=0.4,1774.0672178580126,0.0,117
zbl+r12 eps=0.4,1774.0672178580126,1.0,129
zbl+r12 eps=0.4,1774.0672178580126,2.0,118
zbl+r12 eps=0.4,1774.0672178580126,3.0,118
zbl+r12 eps=0.4,1774.0672178580126,4.0,129
zbl+r12 eps=0.4,1774.0672178580126,5.0,108
zbl+r12 eps=0.4,1774.0672178580126,6.0,119
zbl+r12 eps=0.4,1774.0672178580126,7.0,135
zbl+r12 eps=0.4,1774.0672178580126,8.0,125
zbl+r12 eps=0.4,1774.0672178580126,9.0,121
zbl+r12 eps=0.4,1774.0672178580126,10.0,132
zbl+r12 eps=0.4,1774.0672178580126,11.0,115
zbl+r12 eps=0.4,1774.0672178580126,12.0,126
zbl+r12 eps=0.4,1774.0672178580126,13.0,133
zbl+r12 eps=0.4,1774.0672178580126,14.0,128
zbl+r12 eps=0.4,1774.0672178580126,15.0,122
zbl+r12 eps=0.4,1774.0672178580126,16.0,130
zbl+r12 eps=0.4,1774.0672178580126,17.0,118
zbl+r12 eps=0.4,1774.0672178580126,18.0,118
zbl+r12 eps=0.4,1774.0672178580126,19.0,115
zbl+r12 eps=0.4,1774.0672178580126,20.0,99
zbl+r12 eps=0.4,1774.0672178580126,21.0,106
zbl+r12 eps=0.4,1774.0672178580126,22.0,109
zbl+r12 eps=0.4,1774.0672178580126,23.0,118
zbl+r12 eps=0.4,1774.0672178580126,24.0,111
zbl+r12 eps=0.4,1774.0672178580126,25.0,106
zbl+r12 eps=0.4,1774.0672178580126,26.0,106
zbl+r12 eps=0.4,1774.0672178580126,27.0,90
zbl+r12 eps=0.4,1774.0672178580126,28.0,98
zbl+r12 eps=0.4,1774.0672178580126,29.0,84
zbl+r12 eps=0.4,1774.0672178580126,30.0,1
zbl+r12 eps=0.4,1986.955284000974,0.0,161
zbl+r12 eps=0.4,1986.955284000974,1.0,147
zbl+r12 eps=0.4,1986.955284000974,2.0,127
zbl+r12 eps=0.4,1986.955284000974,3.0,137
zbl+r12 eps=0.4,1986.955284000974,4.0,138
zbl+r12 eps=0.4,1986.955284000974,5.0,123
zbl+r12 eps=0.4,1986.955284000974,6.0,134
zbl+r12 eps=0.4,1986.955284000974,7.0,150
zbl+r12 eps=0.4,1986.955284000974,8.0,141
zbl+r12 eps=0.4,1986.955284000974,9.0,148
zbl+r12 eps=0.4,1986.955284000974,10.0,143
zbl+r12 eps=0.4,1986.955284000974,11.0,145
zbl+r12 eps=0.4,1986.955284000974,12.0,134
zbl+r12 eps=0.4,1986.955284000974,13.0,135
zbl+r12 eps=0.4,1986.955284000974,14.0,137
zbl+r12 eps=0.4,1986.955284000974,15.0,139
zbl+r12 eps=0.4,1986.955284000974,16.0,129
zbl+r12 eps=0.4,1986.955284000974,17.0,144
zbl+r12 eps=0.4,1986.955284000974,18.0,134
zbl+r12 eps=0.4,1986.955284000974,19.0,128
zbl+r12 eps=0.4,1986.955284000974,20.0,115
zbl+r12 eps=0.4,1986.955284000974,21.0,119
zbl+r12 eps=0.4,1986.955284000974,22.0,113
zbl+r12 eps=0.4,1986.955284000974,23.0,122
zbl+r12 eps=0.4,1986.955284000974,24.0,117
zbl+r12 eps=0.4,1986.955284000974,25.0,107
zbl+r12 eps=0.4,1986.955284000974,26.0,127
zbl+r12 eps=0.4,1986.955284000974,27.0,134
zbl+r12 eps=0.4,1986.955284000974,28.0,111
zbl+r12 eps=0.4,1986.955284000974,29.0,110
zbl+r12 eps=0.4,1986.955284000974,30.0,1
zbl+r12 eps=0.4,2225.3899180810913,0.0,149
zbl+r12 eps=0.4,2225.3899180810913,1.0,153
zbl+r12 eps=0.4,2225.3899180810913,2.0,167
zbl+r12 eps=0.4,2225.3899180810913,3.0,170
zbl+r12 eps=0.4,2225.3899180810913,4.0,144
zbl+r12 eps=0.4,2225.3899180810913,5.0,167
zbl+r12 eps=0.4,2225.3899180810913,6.0,162
zbl+r12 eps=0.4,2225.3899180810913,7.0,178
zbl+r12 eps=0.4,2225.3899180810913,8.0,151
zbl+r12 eps=0.4,2225.3899180810913,9.0,148
zbl+r12 eps=0.4,2225.3899180810913,10.0,168
zbl+r12 eps=0.4,2225.3899180810913,11.0,155
zbl+r12 eps=0.4,2225.3899180810913,12.0,168
zbl+r12 eps=0.4,2225.3899180810913,13.0,157
zbl+r12 eps=0.4,2225.3899180810913,14.0,132
zbl+r12 eps=0.4,2225.3899180810913,15.0,155
zbl+r12 eps=0.4,2225.3899180810913,16.0,145
zbl+r12 eps=0.4,2225.3899180810913,17.0,133
zbl+r12 eps=0.4,2225.3899180810913,18.0,132
zbl+r12 eps=0.4,2225.3899180810913,19.0,141
zbl+r12 eps=0.4,2225.3899180810913,20.0,148
zbl+r12 eps=0.4,2225.3899180810913,21.0,158
zbl+r12 eps=0.4,2225.3899180810913,22.0,144
zbl+r12 eps=0.4,2225.3899180810913,23.0,132
zbl+r12 eps=0.4,2225.3899180810913,24.0,129
zbl+r12 eps=0.4,2225.3899180810913,25.0,153
zbl+r12 eps=0.4,2225.3899180810913,26.0,148
zbl+r12 eps=0.4,2225.3899180810913,27.0,149
zbl+r12 eps=0.4,2225.3899180810913,28.0,139
zbl+r12 eps=0.4,2225.3899180810913,29.0,160
zbl+r12 eps=0.4,2225.3899180810913,30.0,1
zbl+r12 eps=0.4,2492.4367082508224,0.0,167
zbl+r12 eps=0.4,2492.4367082508224,1.0,166
zbl+r12 eps=0.4,2492.4367082508224,2.0,163
zbl+r12 eps=0.4,2492.4367082508224,3.0,155
zbl+r12 eps=0.4,2492.4367082508224,4.0,165
zbl+r12 eps=0.4,2492.4367082508224,5.0,188
zbl+r12 eps=0.4,2492.4367082508224,6.0,186
zbl+r12 eps=0.4,2492.4367082508224,7.0,191
zbl+r12 eps=0.4,2492.4367082508224,8.0,158
zbl+r12 eps=0.4,2492.4367082508224,9.0,170
zbl+r12 eps=0.4,2492.4367082508224,10.0,170
zbl+r12 eps=0.4,2492.4367082508224,11.0,169
zbl+r12 eps=0.4,2492.4367082508224,12.0,159
zbl+r12 eps=0.4,2492.4367082508224,13.0,171
zbl+r12 eps=0.4,2492.4367082508224,14.0,167
zbl+r12 eps=0.4,2492.4367082508224,15.0,178
zbl+r12 eps=0.4,2492.4367082508224,16.0,162
zbl+r12 eps=0.4,2492.4367082508224,17.0,149
zbl+r12 eps=0.4,2492.4367082508224,18.0,193
zbl+r12 eps=0.4,2492.4367082508224,19.0,193
zbl+r12 eps=0.4,2492.4367082508224,20.0,158
zbl+r12 eps=0.4,2492.4367082508224,21.0,156
zbl+r12 eps=0.4,2492.4367082508224,22.0,148
zbl+r12 eps=0.4,2492.4367082508224,23.0,155
zbl+r12 eps=0.4,2492.4367082508224,24.0,151
zbl+r12 eps=0.4,2492.4367082508224,25.0,172
zbl+r12 eps=0.4,2492.4367082508224,26.0,155
zbl+r12 eps=0.4,2492.4367082508224,27.0,189
zbl+r12 eps=0.4,2492.4367082508224,28.0,176
zbl+r12 eps=0.4,2492.4367082508224,29.0,151
zbl+r12 eps=0.4,2492.4367082508224,30.0,1
zbl+r12 eps=0.4,2791.529113240921,0.0,175
zbl+r12 eps=0.4,2791.529113240921,1.0,177
zbl+r12 eps=0.4,2791.529113240921,2.0,175
zbl+r12 eps=0.4,2791.529113240921,3.0,165
zbl+r12 eps=0.4,2791.529113240921,4.0,178
zbl+r12 eps=0.4,2791.529113240921,5.0,187
zbl+r12 eps=0.4,2791.529113240921,6.0,183
zbl+r12 eps=0.4,2791.529113240921,7.0,195
zbl+r12 eps=0.4,2791.529113240921,8.0,199
zbl+r12 eps=0.4,2791.529113240921,9.0,188
zbl+r12 eps=0.4,2791.529113240921,10.0,186
zbl+r12 eps=0.4,2791.529113240921,11.0,177
zbl+r12 eps=0.4,2791.529113240921,12.0,177
zbl+r12 eps=0.4,2791.529113240921,13.0,187
zbl+r12 eps=0.4,2791.529113240921,14.0,175
zbl+r12 eps=0.4,2791.529113240921,15.0,204
zbl+r12 eps=0.4,2791.529113240921,16.0,199
zbl+r12 eps=0.4,2791.529113240921,17.0,182
zbl+r12 eps=0.4,2791.529113240921,18.0,178
zbl+r12 eps=0.4,2791.529113240921,19.0,200
zbl+r12 eps=0.4,2791.529113240921,20.0,181
zbl+r12 eps=0.4,2791.529113240921,21.0,184
zbl+r12 eps=0.4,2791.529113240921,22.0,173
zbl+r12 eps=0.4,2791.529113240921,23.0,213
zbl+r12 eps=0.4,2791.529113240921,24.0,185
zbl+r12 eps=0.4,2791.529113240921,25.0,191
zbl+r12 eps=0.4,2791.529113240921,26.0,187
zbl+r12 eps=0.4,2791.529113240921,27.0,192
zbl+r12 eps=0.4,2791.529113240921,28.0,174
zbl+r12 eps=0.4,2791.529113240921,29.0,171
zbl+r12 eps=0.4,2791.529113240921,30.0,1
