task,size
0,70
0,69
0,41
0,36
0,15
0,9
0,9
0,7
0,6
0,5
0,5
0,5
0,4
0,4
0,4
0,4
0,3
0,3
0,3
0,3
0,3
0,2
0,2
0,2
0,2
0,2
0,2
0,2
0,2
0,2
0,2
0,2
0,2
0,2
0,2
0,2
0,1
0,1
0,1
0,1
0,1
0,1
0,1
0,1
0,1
0,1
0,1
0,1
0,1
0,1
0,1
0,1
0,1
0,1
0,1
0,1
0,1
0,1
0,1
0,1
0,1
0,1
0,1
0,1
0,1
0,1
0,1
0,1
0,1
0,1
0,1
0,1
0,1
0,1
0,1
0,1
0,1
0,1
0,1
0,1
0,1
0,1
0,1
1,51
1,49
1,42
1,35
1,26
1,12
1,7
1,7
1,6
1,5
1,5
1,4
1,4
1,4
1,4
1,3
1,3
1,3
1,3
1,3
1,2
1,2
1,2
1,2
1,2
1,2
1,2
1,2
1,2
1,2
1,2
1,1
1,1
1,1
1,1
1,1
1,1
1,1
1,1
1,1
1,1
1,1
1,1
1,1
1,1
1,1
1,1
1,1
1,1
1,1
1,1
1,1
1,1
1,1
1,1
1,1
1,1
1,1
1,1
1,1
1,1
1,1
1,1
1,1
1,1
1,1
1,1
1,1
1,1
1,1
1,1
2,98
2,71
2,29
2,24
2,11
2,7
2,7
2,7
2,7
2,6
2,4
2,4
2,4
2,4
2,4
2,4
2,3
2,3
2,3
2,3
2,3
2,3
2,3
2,2
2,2
2,2
2,2
2,2
2,2
2,2
2,1
2,1
2,1
2,1
2,1
2,1
2,1
2,1
2,1
2,1
2,1
2,1
2,1
2,1
2,1
2,1
2,1
2,1
2,1
2,1
2,1
2,1
2,1
2,1
2,1
2,1
2,1
2,1
2,1
2,1
2,1
2,1
2,1
2,1
2,1
2,1
2,1
2,1
2,1
2,1
2,1
2,1
2,1
2,1
2,1
2,1
2,1
2,1
2,1
2,1
2,1
2,1
2,1
2,1
2,1
2,1
2,1
2,1
2,1
2,1
3,81
3,34
3,34
3,17
3,14
3,13
3,11
3,9
3,8
3,8
3,7
3,4
3,3
3,3
3,2
3,2
3,2
3,2
3,2
3,2
3,2
3,2
3,2
3,1
3,1
3,1
3,1
3,1
3,1
3,1
3,1
3,1
3,1
3,1
3,1
3,1
3,1
3,1
3,1
3,1
3,1
3,1
3,1
3,1
3,1
3,1
3,1
3,1
3,1
3,1
3,1
3,1
3,1
3,1
3,1
3,1
3,1
3,1
3,1
3,1
3,1
3,1
3,1
3,1
3,1
3,1
3,1
3,1
3,1
3,1
3,1
4,30
4,27
4,27
4,18
4,13
4,12
4,11
4,7
4,7
4,7
4,6
4,4
4,4
4,4
4,3
4,3
4,3
4,3
4,3
4,3
4,2
4,2
4,2
4,2
4,2
4,2
4,2
4,2
4,2
4,2
4,1
4,1
4,1
4,1
4,1
4,1
4,1
4,1
4,1
4,1
4,1
4,1
4,1
4,1
4,1
4,1
4,1
4,1
4,1
4,1
4,1
4,1
4,1
4,1
4,1
4,1
4,1
4,1
4,1
4,1
4,1
4,1
4,1
4,1
4,1
4,1
4,1
4,1
4,1
4,1
4,1
4,1
4,1
4,1
5,165
5,76
5,51
5,17
5,14
5,13
5,8
5,6
5,5
5,5
5,4
5,4
5,4
5,3
5,3
5,2
5,2
5,2
5,2
5,2
5,2
5,2
5,2
5,2
5,2
5,2
5,1
5,1
5,1
5,1
5,1
5,1
5,1
5,1
5,1
5,1
5,1
5,1
5,1
5,1
5,1
5,1
5,1
5,1
5,1
5,1
5,1
5,1
5,1
5,1
5,1
5,1
5,1
5,1
5,1
5,1
5,1
5,1
5,1
5,1
5,1
5,1
5,1
5,1
5,1
5,1
5,1
6,76
6,46
6,33
6,18
6,11
6,6
6,5
6,5
6,4
6,4
6,3
6,3
6,3
6,3
6,2
6,2
6,2
6,2
6,2
6,2
6,2
6,2
6,1
6,1
6,1
6,1
6,1
6,1
6,1
6,1
6,1
6,1
6,1
6,1
6,1
6,1
6,1
6,1
6,1
6,1
6,1
6,1
6,1
6,1
6,1
6,1
6,1
6,1
6,1
6,1
6,1
6,1
6,1
6,1
6,1
6,1
6,1
6,1
6,1
6,1
6,1
6,1
6,1
6,1
6,1
6,1
6,1
6,1
6,1
6,1
6,1
6,1
6,1
6,1
6,1
7,96
7,56
7,36
7,13
7,12
7,10
7,8
7,7
7,6
7,6
7,6
7,4
7,4
7,3
7,3
7,3
7,3
7,3
7,3
7,3
7,2
7,2
7,2
7,2
7,2
7,2
7,2
7,2
7,2
7,2
7,1
7,1
7,1
7,1
7,1
7,1
7,1
7,1
7,1
7,1
7,1
7,1
7,1
7,1
7,1
7,1
7,1
7,1
7,1
7,1
7,1
7,1
7,1
7,1
7,1
7,1
7,1
7,1
7,1
7,1
7,1
7,1
7,1
7,1
7,1
7,1
7,1
7,1
7,1
7,1
7,1
8,121
8,42
8,34
8,18
8,12
8,7
8,6
8,6
8,5
8,5
8,4
8,3
8,3
8,3
8,3
8,3
8,3
8,2
8,2
8,2
8,2
8,2
8,2
8,2
8,1
8,1
8,1
8,1
8,1
8,1
8,1
8,1
8,1
8,1
8,1
8,1
8,1
8,1
8,1
8,1
8,1
8,1
8,1
8,1
8,1
8,1
8,1
8,1
8,1
8,1
8,1
8,1
8,1
8,1
8,1
8,1
8,1
8,1
8,1
8,1
8,1
8,1
8,1
8,1
8,1
8,1
8,1
8,1
8,1
8,1
8,1
8,1
8,1
8,1
9,128
9,24
9,22
9,17
9,11
9,10
9,10
9,9
9,6
9,5
9,5
9,4
9,4
9,4
9,3
9,3
9,3
9,3
9,2
9,2
9,2
9,2
9,2
9,2
9,2
9,2
9,2
9,2
9,2
9,2
9,1
9,1
9,1
9,1
9,1
9,1
9,1
9,1
9,1
9,1
9,1
9,1
9,1
9,1
9,1
9,1
9,1
9,1
9,1
9,1
9,1
9,1
9,1
9,1
9,1
9,1
9,1
9,1
9,1
9,1
9,1
9,1
9,1
9,1
9,1
9,1
9,1
9,1
9,1
9,1
9,1
9,1
9,1
9,1
10,183
10,43
10,17
10,13
10,11
10,10
10,7
10,6
10,4
10,4
10,4
10,4
10,4
10,3
10,3
10,3
10,3
10,2
10,2
10,2
10,2
10,2
10,2
10,2
10,2
10,2
10,2
10,2
10,2
10,1
10,1
10,1
10,1
10,1
10,1
10,1
10,1
10,1
10,1
10,1
10,1
10,1
10,1
10,1
10,1
10,1
10,1
10,1
10,1
10,1
10,1
10,1
10,1
10,1
10,1
10,1
10,1
10,1
10,1
10,1
10,1
10,1
10,1
10,1
10,1
10,1
10,1
10,1
10,1
10,1
10,1
10,1
11,230
11,23
11,13
11,11
11,5
11,4
11,4
11,4
11,4
11,3
11,3
11,3
11,2
11,2
11,2
11,2
11,2
11,2
11,2
11,2
11,2
11,2
11,2
11,2
11,1
11,1
11,1
11,1
11,1
11,1
11,1
11,1
11,1
11,1
11,1
11,1
11,1
11,1
11,1
11,1
11,1
11,1
11,1
11,1
11,1
11,1
11,1
11,1
11,1
11,1
11,1
11,1
11,1
11,1
11,1
11,1
11,1
11,1
11,1
11,1
11,1
11,1
11,1
11,1
11,1
11,1
12,93
12,43
12,41
12,28
12,10
12,9
12,8
12,8
12,7
12,5
12,5
12,4
12,4
12,4
12,4
12,3
12,3
12,3
12,3
12,3
12,3
12,3
12,3
12,3
12,2
12,2
12,2
12,2
12,2
12,2
12,2
12,2
12,2
12,2
12,2
12,2
12,2
12,1
12,1
12,1
12,1
12,1
12,1
12,1
12,1
12,1
12,1
12,1
12,1
12,1
12,1
12,1
12,1
12,1
12,1
12,1
12,1
12,1
12,1
12,1
12,1
12,1
12,1
12,1
12,1
12,1
12,1
12,1
12,1
12,1
12,1
12,1
12,1
12,1
12,1
12,1
12,1
12,1
12,1
12,1
12,1
13,129
13,62
13,41
13,19
13,13
13,12
13,9
13,7
13,6
13,6
13,6
13,5
13,4
13,3
13,3
13,3
13,3
13,3
13,3
13,2
13,2
13,2
13,2
13,2
13,2
13,2
13,2
13,2
13,2
13,1
13,1
13,1
13,1
13,1
13,1
13,1
13,1
13,1
13,1
13,1
13,1
13,1
13,1
13,1
13,1
13,1
13,1
13,1
13,1
13,1
13,1
13,1
13,1
13,1
13,1
13,1
13,1
13,1
13,1
13,1
13,1
13,1
13,1
13,1
13,1
13,1
13,1
13,1
13,1
13,1
13,1
13,1
13,1
13,1
13,1
13,1
13,1
13,1
13,1
14,249
14,13
14,8
14,7
14,7
14,6
14,5
14,5
14,4
14,3
14,3
14,3
14,3
14,2
14,2
14,2
14,2
14,2
14,2
14,2
14,2
14,1
14,1
14,1
14,1
14,1
14,1
14,1
14,1
14,1
14,1
14,1
14,1
14,1
14,1
14,1
14,1
14,1
14,1
14,1
14,1
14,1
14,1
14,1
14,1
14,1
14,1
14,1
14,1
14,1
14,1
14,1
14,1
14,1
14,1
14,1
14,1
14,1
14,1
14,1
15,126
15,22
15,14
15,12
15,10
15,8
15,7
15,7
15,7
15,5
15,4
15,4
15,4
15,3
15,3
15,3
15,3
15,3
15,2
15,2
15,2
15,2
15,2
15,2
15,2
15,1
15,1
15,1
15,1
15,1
15,1
15,1
15,1
15,1
15,1
15,1
15,1
15,1
15,1
15,1
15,1
15,1
15,1
15,1
15,1
15,1
15,1
15,1
15,1
15,1
15,1
15,1
15,1
15,1
15,1
15,1
15,1
15,1
15,1
15,1
15,1
16,168
16,16
16,13
16,13
16,11
16,10
16,9
16,7
16,6
16,4
16,4
16,4
16,4
16,4
16,4
16,3
16,3
16,3
16,3
16,3
16,3
16,2
16,2
16,2
16,2
16,2
16,2
16,2
16,2
16,2
16,2
16,2
16,1
16,1
16,1
16,1
16,1
16,1
16,1
16,1
16,1
16,1
16,1
16,1
16,1
16,1
16,1
16,1
16,1
16,1
16,1
16,1
16,1
16,1
16,1
16,1
16,1
16,1
16,1
16,1
16,1
16,1
16,1
16,1
16,1
16,1
16,1
16,1
16,1
16,1
16,1
16,1
16,1
16,1
16,1
16,1
16,1
16,1
16,1
16,1
16,1
17,85
17,57
17,53
17,30
17,16
17,15
17,14
17,11
17,10
17,6
17,5
17,5
17,4
17,4
17,4
17,3
17,3
17,3
17,2
17,2
17,2
17,2
17,2
17,2
17,2
17,2
17,2
17,1
17,1
17,1
17,1
17,1
17,1
17,1
17,1
17,1
17,1
17,1
17,1
17,1
17,1
17,1
17,1
17,1
17,1
17,1
17,1
17,1
17,1
17,1
17,1
17,1
17,1
17,1
17,1
17,1
17,1
17,1
17,1
17,1
17,1
17,1
17,1
17,1
17,1
18,94
18,91
18,43
18,11
18,9
18,6
18,4
18,3
18,3
18,3
18,3
18,2
18,2
18,2
18,2
18,2
18,2
18,2
18,2
18,1
18,1
18,1
18,1
18,1
18,1
18,1
18,1
18,1
18,1
18,1
18,1
18,1
18,1
18,1
18,1
18,1
18,1
18,1
18,1
18,1
18,1
18,1
18,1
18,1
18,1
18,1
18,1
18,1
18,1
18,1
18,1
18,1
18,1
18,1
18,1
18,1
18,1
18,1
18,1
18,1
18,1
18,1
18,1
18,1
18,1
18,1
18,1
18,1
19,268
19,58
19,21
19,6
19,6
19,6
19,6
19,5
19,4
19,3
19,3
19,3
19,2
19,2
19,2
19,2
19,2
19,2
19,2
19,2
19,2
19,1
19,1
19,1
19,1
19,1
19,1
19,1
19,1
19,1
19,1
19,1
19,1
19,1
19,1
19,1
19,1
19,1
19,1
19,1
19,1
19,1
19,1
19,1
19,1
19,1
19,1
19,1
19,1
19,1
19,1
19,1
19,1
19,1
19,1
19,1
19,1
19,1
19,1
19,1
19,1
19,1
19,1
19,1
19,1
19,1
20,87
20,77
20,41
20,28
20,17
20,13
20,8
20,7
20,7
20,6
20,5
20,4
20,3
20,3
20,3
20,3
20,3
20,2
20,2
20,2
20,2
20,2
20,2
20,2
20,2
20,2
20,2
20,1
20,1
20,1
20,1
20,1
20,1
20,1
20,1
20,1
20,1
20,1
20,1
20,1
20,1
20,1
20,1
20,1
20,1
20,1
20,1
20,1
20,1
20,1
20,1
20,1
20,1
20,1
20,1
20,1
20,1
20,1
20,1
20,1
20,1
20,1
20,1
20,1
20,1
21,182
21,92
21,35
21,14
21,8
21,8
21,7
21,6
21,5
21,5
21,4
21,4
21,3
21,3
21,3
21,3
21,3
21,3
21,3
21,2
21,2
21,2
21,2
21,2
21,2
21,2
21,2
21,2
21,2
21,1
21,1
21,1
21,1
21,1
21,1
21,1
21,1
21,1
21,1
21,1
21,1
21,1
21,1
21,1
21,1
21,1
21,1
21,1
21,1
21,1
21,1
21,1
21,1
21,1
21,1
21,1
21,1
21,1
21,1
21,1
21,1
21,1
21,1
21,1
21,1
21,1
21,1
21,1
21,1
21,1
21,1
21,1
21,1
21,1
21,1
21,1
21,1
22,93
22,43
22,41
22,28
22,10
22,9
22,8
22,8
22,7
22,5
22,5
22,4
22,4
22,4
22,4
22,3
22,3
22,3
22,3
22,3
22,3
22,3
22,3
22,3
22,2
22,2
22,2
22,2
22,2
22,2
22,2
22,2
22,2
22,2
22,2
22,2
22,2
22,1
22,1
22,1
22,1
22,1
22,1
22,1
22,1
22,1
22,1
22,1
22,1
22,1
22,1
22,1
22,1
22,1
22,1
22,1
22,1
22,1
22,1
22,1
22,1
22,1
22,1
22,1
22,1
22,1
22,1
22,1
22,1
22,1
22,1
22,1
22,1
22,1
22,1
22,1
22,1
22,1
22,1
22,1
22,1
23,116
23,16
23,15
23,10
23,9
23,9
23,8
23,8
23,7
23,6
23,5
23,5
23,5
23,4
23,4
23,4
23,3
23,3
23,3
23,3
23,3
23,2
23,2
23,2
23,2
23,2
23,1
23,1
23,1
23,1
23,1
23,1
23,1
23,1
23,1
23,1
23,1
23,1
23,1
23,1
23,1
23,1
23,1
23,1
23,1
23,1
23,1
23,1
23,1
23,1
23,1
23,1
23,1
23,1
23,1
23,1
23,1
23,1
23,1
23,1
23,1
23,1
23,1
23,1
23,1
23,1
23,1
23,1
23,1
23,1
23,1
23,1
23,1
23,1
23,1
23,1
23,1
23,1
24,202
24,21
24,15
24,13
24,12
24,11
24,8
24,3
24,3
24,3
24,3
24,3
24,3
24,3
24,2
24,2
24,2
24,2
24,2
24,2
24,2
24,2
24,2
24,2
24,2
24,1
24,1
24,1
24,1
24,1
24,1
24,1
24,1
24,1
24,1
24,1
24,1
24,1
24,1
24,1
24,1
24,1
24,1
24,1
24,1
24,1
24,1
24,1
24,1
24,1
24,1
24,1
24,1
24,1
24,1
24,1
24,1
24,1
24,1
24,1
24,1
24,1
24,1
24,1
24,1
24,1
24,1
24,1
24,1
24,1
24,1
24,1
24,1
24,1
25,109
25,56
25,31
25,16
25,12
25,10
25,6
25,5
25,5
25,5
25,4
25,4
25,4
25,4
25,4
25,3
25,3
25,2
25,2
25,2
25,2
25,2
25,2
25,2
25,2
25,2
25,2
25,2
25,2
25,1
25,1
25,1
25,1
25,1
25,1
25,1
25,1
25,1
25,1
25,1
25,1
25,1
25,1
25,1
25,1
25,1
25,1
25,1
25,1
25,1
25,1
25,1
25,1
25,1
25,1
25,1
25,1
25,1
25,1
25,1
25,1
25,1
25,1
25,1
25,1
25,1
25,1
25,1
25,1
25,1
25,1
25,1
25,1
25,1
25,1
25,1
25,1
25,1
26,105
26,83
26,14
26,10
26,9
26,8
26,7
26,6
26,5
26,4
26,4
26,3
26,3
26,3
26,3
26,3
26,2
26,2
26,2
26,2
26,2
26,2
26,2
26,2
26,2
26,2
26,2
26,2
26,2
26,2
26,2
26,2
26,2
26,2
26,2
26,2
26,2
26,1
26,1
26,1
26,1
26,1
26,1
26,1
26,1
26,1
26,1
26,1
26,1
26,1
26,1
26,1
26,1
26,1
26,1
26,1
26,1
26,1
26,1
26,1
26,1
26,1
26,1
26,1
26,1
26,1
26,1
26,1
26,1
26,1
26,1
26,1
26,1
26,1
26,1
26,1
26,1
26,1
26,1
26,1
26,1
26,1
26,1
26,1
26,1
26,1
26,1
27,205
27,19
27,18
27,13
27,9
27,8
27,6
27,6
27,5
27,4
27,4
27,3
27,3
27,3
27,2
27,2
27,2
27,2
27,2
27,2
27,2
27,2
27,2
27,2
27,2
27,2
27,2
27,2
27,2
27,2
27,2
27,1
27,1
27,1
27,1
27,1
27,1
27,1
27,1
27,1
27,1
27,1
27,1
27,1
27,1
27,1
27,1
27,1
27,1
27,1
27,1
27,1
27,1
27,1
27,1
27,1
27,1
27,1
27,1
27,1
27,1
27,1
27,1
27,1
27,1
27,1
27,1
27,1
27,1
27,1
27,1
27,1
27,1
27,1
27,1
27,1
27,1
28,215
28,23
28,14
28,12
28,8
28,7
28,7
28,6
28,5
28,4
28,4
28,4
28,4
28,4
28,4
28,3
28,3
28,3
28,3
28,3
28,3
28,2
28,2
28,2
28,2
28,2
28,2
28,2
28,2
28,2
28,2
28,2
28,1
28,1
28,1
28,1
28,1
28,1
28,1
28,1
28,1
28,1
28,1
28,1
28,1
28,1
28,1
28,1
28,1
28,1
28,1
28,1
28,1
28,1
28,1
28,1
28,1
28,1
28,1
28,1
28,1
28,1
28,1
28,1
28,1
28,1
28,1
28,1
28,1
28,1
28,1
28,1
28,1
28,1
28,1
28,1
28,1
28,1
28,1
28,1
29,126
29,80
29,16
29,13
29,7
29,5
29,4
29,4
29,3
29,3
29,3
29,3
29,3
29,2
29,2
29,2
29,2
29,2
29,2
29,2
29,2
29,2
29,2
29,2
29,2
29,2
29,2
29,2
29,2
29,1
29,1
29,1
29,1
29,1
29,1
29,1
29,1
29,1
29,1
29,1
29,1
29,1
29,1
29,1
29,1
29,1
29,1
29,1
29,1
29,1
29,1
29,1
29,1
29,1
29,1
29,1
29,1
29,1
29,1
29,1
29,1
29,1
29,1
29,1
29,1
29,1
29,1
29,1
29,1
29,1
29,1
29,1
29,1
29,1
30,96
30,73
30,72
30,13
30,9
30,8
30,7
30,6
30,6
30,6
30,4
30,4
30,4
30,3
30,3
30,3
30,3
30,3
30,2
30,2
30,2
30,2
30,2
30,2
30,2
30,2
30,2
30,2
30,1
30,1
30,1
30,1
30,1
30,1
30,1
30,1
30,1
30,1
30,1
30,1
30,1
30,1
30,1
30,1
30,1
30,1
30,1
30,1
30,1
30,1
30,1
30,1
30,1
30,1
30,1
30,1
30,1
30,1
30,1
30,1
30,1
30,1
30,1
30,1
30,1
30,1
30,1
30,1
30,1
31,68
31,49
31,39
31,20
31,16
31,12
31,12
31,8
31,6
31,6
31,5
31,4
31,4
31,3
31,3
31,3
31,3
31,3
31,3
31,2
31,2
31,2
31,2
31,2
31,2
31,2
31,2
31,2
31,2
31,2
31,2
31,1
31,1
31,1
31,1
31,1
31,1
31,1
31,1
31,1
31,1
31,1
31,1
31,1
31,1
31,1
31,1
31,1
31,1
31,1
31,1
31,1
31,1
31,1
31,1
31,1
31,1
31,1
31,1
31,1
31,1
31,1
31,1
31,1
31,1
31,1
31,1
31,1
31,1
31,1
31,1
31,1
31,1
31,1
31,1
31,1
32,148
32,119
32,115
32,18
32,11
32,9
32,7
32,5
32,5
32,4
32,3
32,3
32,2
32,2
32,2
32,2
32,2
32,2
32,2
32,2
32,2
32,2
32,2
32,2
32,2
32,2
32,2
32,2
32,1
32,1
32,1
32,1
32,1
32,1
32,1
32,1
32,1
32,1
32,1
32,1
32,1
32,1
32,1
32,1
32,1
32,1
32,1
32,1
32,1
32,1
32,1
32,1
32,1
32,1
32,1
32,1
32,1
32,1
32,1
32,1
32,1
32,1
32,1
32,1
32,1
32,1
32,1
32,1
32,1
32,1
32,1
32,1
32,1
32,1
32,1
32,1
32,1
32,1
33,189
33,76
33,17
33,6
33,6
33,6
33,5
33,4
33,4
33,4
33,3
33,3
33,3
33,3
33,3
33,3
33,2
33,2
33,2
33,2
33,2
33,2
33,2
33,2
33,2
33,2
33,2
33,1
33,1
33,1
33,1
33,1
33,1
33,1
33,1
33,1
33,1
33,1
33,1
33,1
33,1
33,1
33,1
33,1
33,1
33,1
33,1
33,1
33,1
33,1
33,1
33,1
33,1
33,1
33,1
33,1
33,1
33,1
33,1
33,1
33,1
33,1
33,1
33,1
33,1
33,1
33,1
33,1
33,1
33,1
33,1
33,1
33,1
33,1
33,1
33,1
34,58
34,57
34,34
34,26
34,13
34,9
34,9
34,7
34,7
34,6
34,3
34,3
34,3
34,3
34,2
34,2
34,2
34,2
34,2
34,2
34,2
34,1
34,1
34,1
34,1
34,1
34,1
34,1
34,1
34,1
34,1
34,1
34,1
34,1
34,1
34,1
34,1
34,1
34,1
34,1
34,1
34,1
34,1
34,1
34,1
34,1
34,1
34,1
34,1
34,1
34,1
34,1
34,1
34,1
34,1
34,1
34,1
34,1
34,1
35,122
35,38
35,31
35,21
35,9
35,7
35,6
35,6
35,5
35,4
35,3
35,3
35,3
35,3
35,3
35,2
35,2
35,2
35,2
35,2
35,2
35,2
35,2
35,1
35,1
35,1
35,1
35,1
35,1
35,1
35,1
35,1
35,1
35,1
35,1
35,1
35,1
35,1
35,1
35,1
35,1
35,1
35,1
35,1
35,1
35,1
35,1
35,1
35,1
35,1
35,1
35,1
35,1
35,1
35,1
35,1
35,1
35,1
35,1
35,1
35,1
35,1
35,1
35,1
35,1
35,1
35,1
35,1
35,1
35,1
35,1
35,1
35,1
35,1
35,1
35,1
35,1
35,1
35,1
35,1
35,1
35,1
36,55
36,34
36,23
36,22
36,19
36,18
36,18
36,8
36,7
36,5
36,5
36,5
36,4
36,3
36,3
36,3
36,3
36,3
36,3
36,3
36,3
36,3
36,2
36,2
36,2
36,2
36,2
36,2
36,2
36,2
36,2
36,2
36,2
36,2
36,2
36,2
36,2
36,2
36,2
36,2
36,2
36,2
36,1
36,1
36,1
36,1
36,1
36,1
36,1
36,1
36,1
36,1
36,1
36,1
36,1
36,1
36,1
36,1
36,1
36,1
36,1
36,1
36,1
36,1
36,1
36,1
36,1
36,1
36,1
36,1
36,1
36,1
36,1
36,1
36,1
36,1
36,1
36,1
36,1
36,1
36,1
36,1
36,1
36,1
36,1
36,1
36,1
36,1
37,146
37,78
37,28
37,15
37,11
37,10
37,9
37,8
37,6
37,6
37,5
37,4
37,3
37,3
37,3
37,3
37,2
37,2
37,2
37,2
37,2
37,2
37,2
37,2
37,2
37,2
37,1
37,1
37,1
37,1
37,1
37,1
37,1
37,1
37,1
37,1
37,1
37,1
37,1
37,1
37,1
37,1
37,1
37,1
37,1
37,1
37,1
37,1
37,1
37,1
37,1
37,1
37,1
37,1
37,1
37,1
37,1
37,1
37,1
37,1
37,1
37,1
37,1
37,1
37,1
37,1
37,1
37,1
37,1
37,1
37,1
37,1
37,1
38,191
38,22
38,17
38,16
38,13
38,11
38,8
38,6
38,6
38,5
38,5
38,5
38,5
38,4
38,4
38,3
38,3
38,3
38,3
38,2
38,2
38,2
38,2
38,2
38,2
38,2
38,2
38,2
38,2
38,2
38,2
38,1
38,1
38,1
38,1
38,1
38,1
38,1
38,1
38,1
38,1
38,1
38,1
38,1
38,1
38,1
38,1
38,1
38,1
38,1
38,1
38,1
38,1
38,1
38,1
38,1
38,1
38,1
38,1
38,1
38,1
38,1
38,1
38,1
39,70
39,59
39,38
39,27
39,25
39,16
39,13
39,9
39,4
39,3
39,3
39,3
39,3
39,3
39,2
39,2
39,2
39,2
39,2
39,2
39,2
39,2
39,2
39,2
39,2
39,2
39,2
39,2
39,1
39,1
39,1
39,1
39,1
39,1
39,1
39,1
39,1
39,1
39,1
39,1
39,1
39,1
39,1
39,1
39,1
39,1
39,1
39,1
39,1
39,1
39,1
39,1
39,1
39,1
39,1
39,1
39,1
39,1
39,1
39,1
39,1
40,114
40,16
40,15
40,14
40,12
40,10
40,9
40,8
40,6
40,6
40,5
40,5
40,4
40,4
40,3
40,3
40,3
40,3
40,3
40,3
40,2
40,2
40,2
40,2
40,2
40,2
40,2
40,2
40,2
40,2
40,2
40,2
40,2
40,2
40,2
40,2
40,1
40,1
40,1
40,1
40,1
40,1
40,1
40,1
40,1
40,1
40,1
40,1
40,1
40,1
40,1
40,1
40,1
40,1
40,1
40,1
40,1
40,1
40,1
40,1
40,1
40,1
40,1
40,1
40,1
40,1
40,1
40,1
40,1
40,1
40,1
40,1
40,1
40,1
40,1
40,1
40,1
40,1
40,1
40,1
40,1
40,1
41,111
41,27
41,26
41,19
41,11
41,9
41,9
41,7
41,6
41,5
41,5
41,4
41,4
41,4
41,4
41,3
41,3
41,3
41,3
41,3
41,3
41,3
41,3
41,2
41,2
41,2
41,2
41,2
41,2
41,2
41,2
41,2
41,2
41,2
41,2
41,2
41,2
41,2
41,2
41,2
41,2
41,1
41,1
41,1
41,1
41,1
41,1
41,1
41,1
41,1
41,1
41,1
41,1
41,1
41,1
41,1
41,1
41,1
41,1
41,1
41,1
41,1
41,1
41,1
41,1
41,1
41,1
41,1
41,1
41,1
41,1
41,1
41,1
41,1
41,1
41,1
41,1
41,1
41,1
41,1
41,1
41,1
41,1
41,1
41,1
41,1
42,131
42,65
42,24
42,12
42,11
42,9
42,6
42,6
42,5
42,5
42,5
42,5
42,4
42,3
42,3
42,3
42,3
42,3
42,2
42,2
42,2
42,2
42,2
42,2
42,2
42,2
42,2
42,2
42,2
42,1
42,1
42,1
42,1
42,1
42,1
42,1
42,1
42,1
42,1
42,1
42,1
42,1
42,1
42,1
42,1
42,1
42,1
42,1
42,1
42,1
42,1
42,1
42,1
42,1
42,1
42,1
42,1
42,1
42,1
42,1
42,1
42,1
42,1
42,1
42,1
42,1
42,1
42,1
42,1
42,1
42,1
42,1
42,1
42,1
42,1
42,1
42,1
42,1
42,1
42,1
43,171
43,39
43,11
43,7
43,6
43,6
43,5
43,5
43,5
43,5
43,4
43,4
43,3
43,3
43,3
43,3
43,3
43,3
43,3
43,3
43,2
43,2
43,2
43,2
43,2
43,2
43,2
43,2
43,2
43,2
43,2
43,2
43,2
43,2
43,2
43,2
43,2
43,2
43,2
43,2
43,2
43,2
43,2
43,2
43,2
43,2
43,2
43,1
43,1
43,1
43,1
43,1
43,1
43,1
43,1
43,1
43,1
43,1
43,1
43,1
43,1
43,1
43,1
43,1
43,1
43,1
43,1
43,1
43,1
43,1
43,1
43,1
43,1
43,1
43,1
43,1
43,1
43,1
43,1
43,1
43,1
43,1
43,1
43,1
43,1
43,1
44,185
44,28
44,17
44,16
44,9
44,9
44,9
44,6
44,5
44,5
44,4
44,3
44,3
44,3
44,3
44,3
44,2
44,2
44,2
44,2
44,2
44,2
44,2
44,1
44,1
44,1
44,1
44,1
44,1
44,1
44,1
44,1
44,1
44,1
44,1
44,1
44,1
44,1
44,1
44,1
44,1
44,1
44,1
44,1
44,1
44,1
44,1
44,1
44,1
44,1
44,1
44,1
44,1
44,1
44,1
44,1
44,1
44,1
44,1
44,1
44,1
44,1
44,1
44,1
44,1
45,158
45,47
45,37
45,33
45,8
45,5
45,5
45,4
45,4
45,3
45,3
45,2
45,2
45,2
45,2
45,2
45,2
45,2
45,2
45,2
45,2
45,2
45,2
45,2
45,2
45,2
45,2
45,2
45,1
45,1
45,1
45,1
45,1
45,1
45,1
45,1
45,1
45,1
45,1
45,1
45,1
45,1
45,1
45,1
45,1
45,1
45,1
45,1
45,1
45,1
45,1
45,1
45,1
45,1
45,1
45,1
45,1
45,1
45,1
45,1
45,1
45,1
45,1
45,1
45,1
45,1
45,1
45,1
45,1
45,1
45,1
45,1
45,1
45,1
45,1
45,1
45,1
45,1
45,1
45,1
45,1
45,1
45,1
45,1
45,1
45,1
46,172
46,30
46,30
46,15
46,14
46,10
46,7
46,5
46,4
46,4
46,3
46,3
46,3
46,3
46,2
46,2
46,2
46,2
46,2
46,2
46,2
46,2
46,2
46,2
46,2
46,2
46,2
46,2
46,2
46,1
46,1
46,1
46,1
46,1
46,1
46,1
46,1
46,1
46,1
46,1
46,1
46,1
46,1
46,1
46,1
46,1
46,1
46,1
46,1
46,1
46,1
46,1
46,1
46,1
46,1
46,1
46,1
46,1
46,1
46,1
46,1
47,130
47,26
47,22
47,20
47,17
47,14
47,14
47,9
47,8
47,7
47,7
47,6
47,5
47,4
47,3
47,3
47,2
47,2
47,2
47,2
47,2
47,2
47,2
47,2
47,2
47,2
47,2
47,2
47,1
47,1
47,1
47,1
47,1
47,1
47,1
47,1
47,1
47,1
47,1
47,1
47,1
47,1
47,1
47,1
47,1
47,1
47,1
47,1
47,1
47,1
47,1
47,1
47,1
47,1
47,1
47,1
47,1
47,1
47,1
47,1
47,1
47,1
47,1
47,1
47,1
47,1
47,1
47,1
47,1
47,1
47,1
47,1
48,150
48,22
48,17
48,16
48,11
48,10
48,7
48,7
48,6
48,4
48,4
48,4
48,3
48,3
48,3
48,3
48,3
48,3
48,3
48,3
48,2
48,2
48,2
48,2
48,2
48,2
48,2
48,1
48,1
48,1
48,1
48,1
48,1
48,1
48,1
48,1
48,1
48,1
48,1
48,1
48,1
48,1
48,1
48,1
48,1
48,1
48,1
48,1
48,1
48,1
48,1
48,1
48,1
48,1
48,1
48,1
48,1
48,1
48,1
48,1
48,1
48,1
48,1
48,1
48,1
48,1
48,1
48,1
48,1
49,148
49,119
49,115
49,18
49,11
49,9
49,7
49,5
49,5
49,4
49,3
49,3
49,2
49,2
49,2
49,2
49,2
49,2
49,2
49,2
49,2
49,2
49,2
49,2
49,2
49,2
49,2
49,2
49,1
49,1
49,1
49,1
49,1
49,1
49,1
49,1
49,1
49,1
49,1
49,1
49,1
49,1
49,1
49,1
49,1
49,1
49,1
49,1
49,1
49,1
49,1
49,1
49,1
49,1
49,1
49,1
49,1
49,1
49,1
49,1
49,1
49,1
49,1
49,1
49,1
49,1
49,1
49,1
49,1
49,1
49,1
49,1
49,1
49,1
49,1
49,1
49,1
49,1
50,133
50,75
50,24
50,20
50,13
50,7
50,5
50,4
50,3
50,3
50,2
50,2
50,2
50,2
50,2
50,2
50,2
50,2
50,2
50,2
50,1
50,1
50,1
50,1
50,1
50,1
50,1
50,1
50,1
50,1
50,1
50,1
50,1
50,1
50,1
50,1
50,1
50,1
50,1
50,1
50,1
50,1
50,1
50,1
50,1
50,1
50,1
50,1
50,1
50,1
50,1
50,1
50,1
50,1
50,1
50,1
50,1
50,1
50,1
50,1
51,129
51,54
51,24
51,15
51,6
51,4
51,4
51,4
51,4
51,3
51,3
51,3
51,3
51,3
51,2
51,2
51,2
51,2
51,2
51,2
51,2
51,2
51,2
51,2
51,1
51,1
51,1
51,1
51,1
51,1
51,1
51,1
51,1
51,1
51,1
51,1
51,1
51,1
51,1
51,1
51,1
51,1
51,1
51,1
51,1
51,1
51,1
51,1
51,1
51,1
51,1
51,1
51,1
51,1
51,1
51,1
52,76
52,46
52,33
52,18
52,11
52,6
52,5
52,5
52,4
52,4
52,3
52,3
52,3
52,3
52,2
52,2
52,2
52,2
52,2
52,2
52,2
52,2
52,1
52,1
52,1
52,1
52,1
52,1
52,1
52,1
52,1
52,1
52,1
52,1
52,1
52,1
52,1
52,1
52,1
52,1
52,1
52,1
52,1
52,1
52,1
52,1
52,1
52,1
52,1
52,1
52,1
52,1
52,1
52,1
52,1
52,1
52,1
52,1
52,1
52,1
52,1
52,1
52,1
52,1
52,1
52,1
52,1
52,1
52,1
52,1
52,1
52,1
52,1
52,1
52,1
53,158
53,75
53,16
53,16
53,7
53,7
53,4
53,3
53,3
53,3
53,3
53,3
53,3
53,2
53,2
53,2
53,2
53,2
53,2
53,2
53,2
53,2
53,2
53,2
53,1
53,1
53,1
53,1
53,1
53,1
53,1
53,1
53,1
53,1
53,1
53,1
53,1
53,1
53,1
53,1
53,1
53,1
53,1
53,1
53,1
53,1
53,1
53,1
53,1
53,1
53,1
53,1
53,1
53,1
53,1
53,1
53,1
53,1
53,1
53,1
53,1
53,1
53,1
54,151
54,70
54,25
54,15
54,12
54,6
54,5
54,5
54,5
54,4
54,4
54,4
54,3
54,3
54,3
54,3
54,3
54,3
54,3
54,2
54,2
54,2
54,2
54,2
54,2
54,2
54,2
54,2
54,2
54,2
54,2
54,2
54,1
54,1
54,1
54,1
54,1
54,1
54,1
54,1
54,1
54,1
54,1
54,1
54,1
54,1
54,1
54,1
54,1
54,1
54,1
54,1
54,1
54,1
54,1
54,1
54,1
54,1
54,1
54,1
54,1
54,1
54,1
54,1
54,1
54,1
54,1
54,1
54,1
54,1
54,1
55,123
55,39
55,22
55,11
55,7
55,6
55,6
55,5
55,5
55,4
55,4
55,4
55,3
55,3
55,3
55,3
55,3
55,2
55,2
55,2
55,2
55,2
55,2
55,2
55,2
55,2
55,2
55,1
55,1
55,1
55,1
55,1
55,1
55,1
55,1
55,1
55,1
55,1
55,1
55,1
55,1
55,1
55,1
55,1
55,1
55,1
55,1
55,1
55,1
55,1
55,1
55,1
55,1
55,1
55,1
55,1
55,1
55,1
55,1
55,1
55,1
55,1
55,1
55,1
55,1
55,1
55,1
55,1
55,1
55,1
55,1
55,1
55,1
55,1
55,1
55,1
55,1
56,141
56,50
56,17
56,13
56,10
56,9
56,7
56,6
56,5
56,4
56,4
56,4
56,4
56,4
56,3
56,3
56,3
56,3
56,3
56,2
56,2
56,2
56,2
56,2
56,2
56,2
56,2
56,2
56,1
56,1
56,1
56,1
56,1
56,1
56,1
56,1
56,1
56,1
56,1
56,1
56,1
56,1
56,1
56,1
56,1
56,1
56,1
56,1
56,1
56,1
56,1
56,1
56,1
56,1
56,1
56,1
56,1
56,1
56,1
56,1
56,1
56,1
56,1
56,1
56,1
56,1
56,1
56,1
56,1
56,1
56,1
56,1
56,1
56,1
56,1
56,1
56,1
56,1
56,1
57,167
57,31
57,8
57,7
57,5
57,5
57,4
57,4
57,4
57,4
57,4
57,4
57,4
57,3
57,3
57,3
57,3
57,3
57,2
57,2
57,2
57,2
57,2
57,2
57,2
57,2
57,2
57,2
57,2
57,2
57,2
57,2
57,1
57,1
57,1
57,1
57,1
57,1
57,1
57,1
57,1
57,1
57,1
57,1
57,1
57,1
57,1
57,1
57,1
57,1
57,1
57,1
57,1
57,1
57,1
57,1
57,1
57,1
57,1
57,1
57,1
57,1
57,1
57,1
57,1
57,1
57,1
57,1
57,1
57,1
57,1
57,1
57,1
57,1
57,1
57,1
57,1
57,1
58,231
58,17
58,13
58,10
58,9
58,8
58,8
58,6
58,5
58,4
58,4
58,3
58,3
58,3
58,3
58,3
58,3
58,3
58,2
58,2
58,2
58,2
58,2
58,2
58,1
58,1
58,1
58,1
58,1
58,1
58,1
58,1
58,1
58,1
58,1
58,1
58,1
58,1
58,1
58,1
58,1
58,1
58,1
58,1
58,1
58,1
58,1
58,1
58,1
58,1
58,1
58,1
58,1
58,1
58,1
58,1
58,1
58,1
58,1
58,1
58,1
58,1
58,1
58,1
58,1
58,1
59,205
59,47
59,47
59,15
59,9
59,6
59,6
59,4
59,4
59,4
59,3
59,3
59,3
59,3
59,3
59,2
59,2
59,2
59,2
59,2
59,2
59,2
59,2
59,2
59,2
59,2
59,2
59,2
59,1
59,1
59,1
59,1
59,1
59,1
59,1
59,1
59,1
59,1
59,1
59,1
59,1
59,1
59,1
59,1
59,1
59,1
59,1
59,1
59,1
59,1
59,1
59,1
59,1
59,1
59,1
59,1
59,1
59,1
59,1
59,1
59,1
59,1
59,1
59,1
59,1
59,1
59,1
59,1
59,1
59,1
59,1
59,1
59,1
59,1
59,1
60,120
60,29
60,11
60,9
60,8
60,5
60,4
60,4
60,3
60,3
60,3
60,3
60,2
60,2
60,2
60,2
60,2
60,2
60,2
60,2
60,2
60,2
60,2
60,2
60,2
60,1
60,1
60,1
60,1
60,1
60,1
60,1
60,1
60,1
60,1
60,1
60,1
60,1
60,1
60,1
60,1
60,1
60,1
60,1
60,1
60,1
60,1
60,1
60,1
60,1
60,1
60,1
60,1
60,1
60,1
60,1
60,1
60,1
60,1
60,1
60,1
60,1
60,1
60,1
60,1
60,1
60,1
60,1
60,1
61,66
61,30
61,24
61,18
61,12
61,11
61,10
61,8
61,8
61,7
61,7
61,6
61,6
61,5
61,5
61,4
61,4
61,3
61,3
61,3
61,2
61,2
61,2
61,2
61,2
61,2
61,2
61,2
61,2
61,2
61,2
61,2
61,2
61,2
61,2
61,2
61,2
61,2
61,1
61,1
61,1
61,1
61,1
61,1
61,1
61,1
61,1
61,1
61,1
61,1
61,1
61,1
61,1
61,1
61,1
61,1
61,1
61,1
61,1
61,1
61,1
61,1
61,1
61,1
61,1
61,1
61,1
61,1
61,1
61,1
61,1
61,1
61,1
61,1
61,1
61,1
62,121
62,79
62,69
62,22
62,9
62,8
62,6
62,5
62,3
62,3
62,3
62,3
62,3
62,3
62,2
62,2
62,2
62,2
62,2
62,2
62,2
62,2
62,2
62,2
62,2
62,2
62,2
62,2
62,1
62,1
62,1
62,1
62,1
62,1
62,1
62,1
62,1
62,1
62,1
62,1
62,1
62,1
62,1
62,1
62,1
62,1
62,1
62,1
62,1
62,1
62,1
62,1
62,1
62,1
62,1
62,1
62,1
62,1
62,1
63,226
63,35
63,18
63,14
63,13
63,13
63,12
63,7
63,7
63,6
63,5
63,4
63,4
63,4
63,3
63,3
63,3
63,3
63,3
63,2
63,2
63,2
63,2
63,2
63,2
63,2
63,1
63,1
63,1
63,1
63,1
63,1
63,1
63,1
63,1
63,1
63,1
63,1
63,1
63,1
63,1
63,1
63,1
63,1
63,1
63,1
63,1
63,1
63,1
63,1
63,1
63,1
63,1
63,1
63,1
63,1
63,1
63,1
63,1
63,1
63,1
63,1
63,1
63,1
63,1
63,1
63,1
63,1
63,1
63,1
63,1
63,1
63,1
63,1
63,1
63,1
63,1
63,1
63,1
63,1
64,175
64,49
64,21
64,12
64,11
64,10
64,8
64,5
64,5
64,4
64,4
64,4
64,4
64,4
64,3
64,3
64,3
64,2
64,2
64,2
64,2
64,2
64,2
64,2
64,2
64,2
64,2
64,2
64,2
64,2
64,2
64,2
64,2
64,2
64,1
64,1
64,1
64,1
64,1
64,1
64,1
64,1
64,1
64,1
64,1
64,1
64,1
64,1
64,1
64,1
64,1
64,1
64,1
64,1
64,1
64,1
64,1
64,1
64,1
64,1
64,1
64,1
64,1
64,1
64,1
64,1
64,1
64,1
64,1
64,1
64,1
64,1
64,1
64,1
64,1
65,113
65,50
65,23
65,10
65,10
65,9
65,7
65,7
65,6
65,5
65,4
65,3
65,3
65,3
65,3
65,2
65,2
65,2
65,2
65,2
65,2
65,2
65,2
65,2
65,2
65,2
65,2
65,2
65,2
65,2
65,2
65,1
65,1
65,1
65,1
65,1
65,1
65,1
65,1
65,1
65,1
65,1
65,1
65,1
65,1
65,1
65,1
65,1
65,1
65,1
65,1
65,1
65,1
65,1
65,1
65,1
65,1
65,1
65,1
65,1
65,1
65,1
65,1
65,1
65,1
65,1
65,1
65,1
65,1
65,1
65,1
65,1
65,1
66,146
66,51
66,42
66,18
66,16
66,15
66,9
66,6
66,6
66,6
66,5
66,5
66,4
66,4
66,3
66,3
66,3
66,3
66,3
66,3
66,3
66,3
66,2
66,2
66,2
66,2
66,2
66,2
66,2
66,2
66,2
66,2
66,2
66,1
66,1
66,1
66,1
66,1
66,1
66,1
66,1
66,1
66,1
66,1
66,1
66,1
66,1
66,1
66,1
66,1
66,1
66,1
66,1
66,1
66,1
66,1
66,1
66,1
66,1
66,1
66,1
66,1
66,1
66,1
66,1
66,1
66,1
67,105
67,38
67,33
67,18
67,9
67,7
67,6
67,5
67,5
67,5
67,5
67,4
67,4
67,4
67,4
67,4
67,3
67,3
67,3
67,3
67,2
67,2
67,2
67,2
67,2
67,2
67,2
67,2
67,2
67,2
67,2
67,2
67,2
67,1
67,1
67,1
67,1
67,1
67,1
67,1
67,1
67,1
67,1
67,1
67,1
67,1
67,1
67,1
67,1
67,1
67,1
67,1
67,1
67,1
67,1
67,1
67,1
67,1
67,1
67,1
67,1
67,1
67,1
67,1
67,1
67,1
67,1
67,1
67,1
67,1
67,1
67,1
67,1
67,1
68,98
68,47
68,32
68,30
68,16
68,10
68,9
68,9
68,8
68,7
68,5
68,4
68,3
68,3
68,3
68,2
68,2
68,2
68,2
68,2
68,2
68,2
68,2
68,2
68,2
68,2
68,2
68,2
68,1
68,1
68,1
68,1
68,1
68,1
68,1
68,1
68,1
68,1
68,1
68,1
68,1
68,1
68,1
68,1
68,1
68,1
68,1
68,1
68,1
68,1
68,1
68,1
68,1
68,1
68,1
68,1
68,1
68,1
68,1
68,1
68,1
68,1
68,1
68,1
68,1
68,1
68,1
68,1
68,1
68,1
69,162
69,31
69,21
69,19
69,13
69,9
69,7
69,4
69,4
69,4
69,4
69,3
69,3
69,3
69,3
69,2
69,2
69,2
69,2
69,2
69,2
69,2
69,2
69,2
69,2
69,2
69,2
69,2
69,2
69,2
69,1
69,1
69,1
69,1
69,1
69,1
69,1
69,1
69,1
69,1
69,1
69,1
69,1
69,1
69,1
69,1
69,1
69,1
69,1
69,1
69,1
69,1
69,1
69,1
69,1
69,1
69,1
69,1
69,1
69,1
69,1
69,1
69,1
69,1
69,1
69,1
69,1
70,189
70,49
70,7
70,7
70,6
70,5
70,5
70,5
70,5
70,5
70,5
70,4
70,4
70,4
70,3
70,3
70,3
70,3
70,3
70,2
70,2
70,2
70,2
70,2
70,2
70,2
70,2
70,2
70,2
70,2
70,2
70,1
70,1
70,1
70,1
70,1
70,1
70,1
70,1
70,1
70,1
70,1
70,1
70,1
70,1
70,1
70,1
70,1
70,1
70,1
70,1
70,1
70,1
70,1
70,1
70,1
70,1
70,1
70,1
70,1
70,1
71,139
71,45
71,34
71,18
71,17
71,10
71,6
71,5
71,5
71,4
71,4
71,4
71,4
71,4
71,3
71,3
71,3
71,3
71,3
71,3
71,2
71,2
71,2
71,2
71,2
71,2
71,2
71,2
71,2
71,2
71,2
71,1
71,1
71,1
71,1
71,1
71,1
71,1
71,1
71,1
71,1
71,1
71,1
71,1
71,1
71,1
71,1
71,1
71,1
71,1
71,1
71,1
71,1
71,1
71,1
71,1
71,1
71,1
71,1
71,1
71,1
71,1
71,1
71,1
71,1
71,1
71,1
71,1
71,1
71,1
71,1
72,228
72,30
72,12
72,8
72,8
72,6
72,6
72,3
72,3
72,3
72,2
72,2
72,2
72,2
72,2
72,2
72,2
72,2
72,2
72,2
72,2
72,2
72,2
72,1
72,1
72,1
72,1
72,1
72,1
72,1
72,1
72,1
72,1
72,1
72,1
72,1
72,1
72,1
72,1
72,1
72,1
72,1
72,1
72,1
72,1
72,1
72,1
72,1
72,1
72,1
72,1
72,1
72,1
72,1
72,1
72,1
72,1
72,1
72,1
72,1
72,1
72,1
72,1
72,1
72,1
73,95
73,49
73,32
73,26
73,21
73,15
73,8
73,7
73,7
73,5
73,4
73,4
73,4
73,4
73,4
73,3
73,3
73,3
73,3
73,3
73,3
73,2
73,2
73,2
73,2
73,2
73,2
73,2
73,2
73,2
73,2
73,2
73,2
73,2
73,1
73,1
73,1
73,1
73,1
73,1
73,1
73,1
73,1
73,1
73,1
73,1
73,1
73,1
73,1
73,1
73,1
73,1
73,1
73,1
73,1
73,1
73,1
73,1
73,1
73,1
74,133
74,66
74,30
74,14
74,12
74,10
74,8
74,6
74,6
74,5
74,4
74,3
74,3
74,3
74,2
74,2
74,2
74,2
74,2
74,2
74,1
74,1
74,1
74,1
74,1
74,1
74,1
74,1
74,1
74,1
74,1
74,1
74,1
74,1
74,1
74,1
74,1
74,1
74,1
74,1
74,1
74,1
74,1
74,1
74,1
74,1
74,1
74,1
74,1
74,1
74,1
74,1
74,1
74,1
74,1
74,1
74,1
74,1
74,1
75,79
75,78
75,16
75,14
75,12
75,11
75,9
75,7
75,7
75,5
75,4
75,4
75,4
75,4
75,4
75,3
75,3
75,2
75,2
75,2
75,2
75,2
75,2
75,2
75,2
75,2
75,1
75,1
75,1
75,1
75,1
75,1
75,1
75,1
75,1
75,1
75,1
75,1
75,1
75,1
75,1
75,1
75,1
75,1
75,1
75,1
75,1
75,1
75,1
75,1
75,1
75,1
75,1
75,1
75,1
75,1
75,1
75,1
75,1
75,1
75,1
75,1
75,1
75,1
75,1
75,1
75,1
75,1
75,1
75,1
75,1
75,1
76,117
76,29
76,23
76,16
76,14
76,9
76,7
76,7
76,6
76,5
76,4
76,4
76,3
76,3
76,3
76,3
76,3
76,2
76,2
76,2
76,2
76,2
76,2
76,2
76,2
76,1
76,1
76,1
76,1
76,1
76,1
76,1
76,1
76,1
76,1
76,1
76,1
76,1
76,1
76,1
76,1
76,1
76,1
76,1
76,1
76,1
76,1
76,1
76,1
76,1
76,1
76,1
76,1
76,1
76,1
76,1
76,1
76,1
76,1
76,1
76,1
76,1
76,1
76,1
76,1
76,1
76,1
76,1
76,1
76,1
76,1
76,1
76,1
76,1
76,1
76,1
76,1
76,1
76,1
76,1
76,1
76,1
76,1
77,102
77,37
77,33
77,20
77,13
77,12
77,6
77,6
77,6
77,5
77,4
77,3
77,3
77,2
77,2
77,2
77,2
77,2
77,2
77,2
77,2
77,2
77,2
77,2
77,2
77,2
77,1
77,1
77,1
77,1
77,1
77,1
77,1
77,1
77,1
77,1
77,1
77,1
77,1
77,1
77,1
77,1
77,1
77,1
77,1
77,1
77,1
77,1
77,1
77,1
77,1
77,1
77,1
77,1
77,1
77,1
77,1
77,1
77,1
77,1
77,1
77,1
77,1
77,1
77,1
77,1
77,1
77,1
77,1
77,1
77,1
77,1
78,79
78,76
78,53
78,17
78,17
78,7
78,5
78,5
78,4
78,4
78,3
78,3
78,3
78,3
78,3
78,3
78,2
78,2
78,2
78,2
78,2
78,2
78,2
78,2
78,2
78,2
78,2
78,2
78,2
78,1
78,1
78,1
78,1
78,1
78,1
78,1
78,1
78,1
78,1
78,1
78,1
78,1
78,1
78,1
78,1
78,1
78,1
78,1
78,1
78,1
78,1
78,1
78,1
78,1
78,1
78,1
78,1
78,1
78,1
78,1
78,1
78,1
78,1
78,1
78,1
78,1
79,69
79,66
79,31
79,22
79,15
79,9
79,8
79,7
79,6
79,6
79,5
79,4
79,4
79,3
79,3
79,3
79,3
79,3
79,3
79,2
79,2
79,2
79,2
79,2
79,2
79,2
79,2
79,2
79,2
79,2
79,2
79,2
79,2
79,1
79,1
79,1
79,1
79,1
79,1
79,1
79,1
79,1
79,1
79,1
79,1
79,1
79,1
79,1
79,1
79,1
79,1
79,1
79,1
79,1
79,1
79,1
79,1
79,1
79,1
79,1
79,1
79,1
79,1
79,1
79,1
79,1
79,1
79,1
79,1
79,1
79,1
79,1
79,1
79,1
79,1
79,1
79,1
79,1
79,1
79,1
79,1
80,224
80,19
80,16
80,13
80,13
80,11
80,10
80,8
80,7
80,6
80,6
80,6
80,5
80,4
80,4
80,4
80,3
80,3
80,3
80,3
80,3
80,2
80,2
80,2
80,2
80,2
80,1
80,1
80,1
80,1
80,1
80,1
80,1
80,1
80,1
80,1
80,1
80,1
80,1
80,1
80,1
80,1
80,1
80,1
80,1
80,1
80,1
80,1
80,1
80,1
80,1
80,1
80,1
80,1
80,1
80,1
80,1
80,1
81,239
81,11
81,9
81,4
81,4
81,4
81,3
81,3
81,3
81,2
81,2
81,2
81,2
81,2
81,2
81,2
81,2
81,2
81,2
81,2
81,1
81,1
81,1
81,1
81,1
81,1
81,1
81,1
81,1
81,1
81,1
81,1
81,1
81,1
81,1
81,1
81,1
81,1
81,1
81,1
81,1
81,1
81,1
81,1
81,1
81,1
81,1
81,1
81,1
81,1
81,1
81,1
81,1
81,1
81,1
81,1
81,1
81,1
81,1
81,1
81,1
82,119
82,46
82,34
82,10
82,10
82,9
82,7
82,7
82,7
82,6
82,5
82,5
82,4
82,4
82,3
82,3
82,3
82,3
82,3
82,3
82,3
82,2
82,2
82,2
82,2
82,2
82,2
82,1
82,1
82,1
82,1
82,1
82,1
82,1
82,1
82,1
82,1
82,1
82,1
82,1
82,1
82,1
82,1
82,1
82,1
82,1
82,1
82,1
82,1
82,1
82,1
82,1
82,1
82,1
82,1
82,1
82,1
82,1
82,1
82,1
83,161
83,75
83,37
83,33
83,10
83,8
83,5
83,5
83,4
83,3
83,3
83,3
83,3
83,3
83,2
83,2
83,2
83,2
83,2
83,2
83,2
83,2
83,2
83,2
83,1
83,1
83,1
83,1
83,1
83,1
83,1
83,1
83,1
83,1
83,1
83,1
83,1
83,1
83,1
83,1
83,1
83,1
83,1
83,1
83,1
83,1
83,1
83,1
83,1
83,1
83,1
83,1
83,1
83,1
83,1
83,1
83,1
83,1
83,1
83,1
84,116
84,55
84,20
84,14
84,13
84,7
84,6
84,5
84,5
84,3
84,3
84,3
84,3
84,3
84,2
84,2
84,2
84,2
84,2
84,2
84,2
84,2
84,2
84,2
84,2
84,2
84,2
84,2
84,1
84,1
84,1
84,1
84,1
84,1
84,1
84,1
84,1
84,1
84,1
84,1
84,1
84,1
84,1
84,1
84,1
84,1
84,1
84,1
84,1
84,1
84,1
84,1
84,1
84,1
84,1
84,1
84,1
84,1
84,1
84,1
84,1
84,1
84,1
84,1
84,1
84,1
84,1
84,1
85,158
85,47
85,37
85,33
85,8
85,5
85,5
85,4
85,4
85,3
85,3
85,2
85,2
85,2
85,2
85,2
85,2
85,2
85,2
85,2
85,2
85,2
85,2
85,2
85,2
85,2
85,2
85,2
85,1
85,1
85,1
85,1
85,1
85,1
85,1
85,1
85,1
85,1
85,1
85,1
85,1
85,1
85,1
85,1
85,1
85,1
85,1
85,1
85,1
85,1
85,1
85,1
85,1
85,1
85,1
85,1
85,1
85,1
85,1
85,1
85,1
85,1
85,1
85,1
85,1
85,1
85,1
85,1
85,1
85,1
85,1
85,1
85,1
85,1
85,1
85,1
85,1
85,1
85,1
85,1
85,1
85,1
85,1
85,1
85,1
85,1
86,246
86,19
86,12
86,11
86,9
86,8
86,8
86,5
86,5
86,5
86,5
86,4
86,3
86,3
86,3
86,3
86,2
86,2
86,2
86,2
86,2
86,2
86,2
86,2
86,2
86,2
86,2
86,2
86,2
86,2
86,2
86,2
86,2
86,2
86,2
86,1
86,1
86,1
86,1
86,1
86,1
86,1
86,1
86,1
86,1
86,1
86,1
86,1
86,1
86,1
86,1
86,1
86,1
86,1
86,1
86,1
86,1
86,1
86,1
86,1
86,1
86,1
86,1
86,1
86,1
86,1
86,1
86,1
87,133
87,50
87,11
87,10
87,9
87,8
87,7
87,7
87,6
87,6
87,5
87,4
87,4
87,4
87,4
87,3
87,3
87,3
87,3
87,3
87,2
87,2
87,2
87,2
87,2
87,2
87,2
87,2
87,1
87,1
87,1
87,1
87,1
87,1
87,1
87,1
87,1
87,1
87,1
87,1
87,1
87,1
87,1
87,1
87,1
87,1
87,1
87,1
87,1
87,1
87,1
87,1
87,1
87,1
87,1
87,1
87,1
87,1
87,1
87,1
88,51
88,49
88,42
88,35
88,26
88,12
88,7
88,7
88,6
88,5
88,5
88,4
88,4
88,4
88,4
88,3
88,3
88,3
88,3
88,3
88,2
88,2
88,2
88,2
88,2
88,2
88,2
88,2
88,2
88,2
88,2
88,1
88,1
88,1
88,1
88,1
88,1
88,1
88,1
88,1
88,1
88,1
88,1
88,1
88,1
88,1
88,1
88,1
88,1
88,1
88,1
88,1
88,1
88,1
88,1
88,1
88,1
88,1
88,1
88,1
88,1
88,1
88,1
88,1
88,1
88,1
88,1
88,1
88,1
88,1
88,1
89,185
89,67
89,20
89,12
89,8
89,8
89,6
89,5
89,5
89,4
89,3
89,3
89,3
89,3
89,2
89,2
89,2
89,2
89,2
89,2
89,2
89,2
89,2
89,2
89,2
89,2
89,2
89,1
89,1
89,1
89,1
89,1
89,1
89,1
89,1
89,1
89,1
89,1
89,1
89,1
89,1
89,1
89,1
89,1
89,1
89,1
89,1
89,1
89,1
89,1
89,1
89,1
89,1
89,1
89,1
89,1
89,1
89,1
89,1
90,185
90,13
90,12
90,9
90,8
90,6
90,5
90,4
90,3
90,3
90,3
90,3
90,3
90,3
90,3
90,3
90,3
90,3
90,2
90,2
90,2
90,2
90,2
90,2
90,2
90,2
90,2
90,2
90,2
90,2
90,1
90,1
90,1
90,1
90,1
90,1
90,1
90,1
90,1
90,1
90,1
90,1
90,1
90,1
90,1
90,1
90,1
90,1
90,1
90,1
90,1
90,1
90,1
90,1
90,1
90,1
90,1
90,1
90,1
90,1
90,1
90,1
90,1
90,1
90,1
90,1
90,1
90,1
90,1
90,1
90,1
90,1
90,1
90,1
90,1
91,98
91,54
91,21
91,15
91,14
91,13
91,12
91,12
91,7
91,5
91,4
91,3
91,3
91,3
91,3
91,3
91,3
91,3
91,3
91,3
91,2
91,2
91,2
91,2
91,2
91,2
91,2
91,2
91,2
91,2
91,2
91,1
91,1
91,1
91,1
91,1
91,1
91,1
91,1
91,1
91,1
91,1
91,1
91,1
91,1
91,1
91,1
91,1
91,1
91,1
91,1
91,1
91,1
91,1
91,1
91,1
91,1
91,1
91,1
91,1
91,1
91,1
91,1
91,1
91,1
91,1
91,1
91,1
91,1
91,1
91,1
91,1
91,1
91,1
91,1
91,1
92,168
92,19
92,18
92,17
92,7
92,6
92,5
92,5
92,4
92,4
92,4
92,3
92,3
92,3
92,3
92,3
92,2
92,2
92,2
92,2
92,2
92,2
92,2
92,2
92,2
92,2
92,2
92,2
92,1
92,1
92,1
92,1
92,1
92,1
92,1
92,1
92,1
92,1
92,1
92,1
92,1
92,1
92,1
92,1
92,1
92,1
92,1
92,1
92,1
92,1
92,1
92,1
92,1
92,1
92,1
92,1
92,1
92,1
92,1
92,1
92,1
92,1
92,1
92,1
92,1
92,1
92,1
92,1
92,1
92,1
92,1
92,1
92,1
92,1
93,277
93,30
93,7
93,6
93,5
93,5
93,4
93,4
93,3
93,3
93,3
93,3
93,2
93,2
93,2
93,2
93,2
93,2
93,2
93,2
93,2
93,1
93,1
93,1
93,1
93,1
93,1
93,1
93,1
93,1
93,1
93,1
93,1
93,1
93,1
93,1
93,1
93,1
93,1
93,1
93,1
93,1
93,1
93,1
93,1
93,1
93,1
93,1
93,1
93,1
93,1
93,1
93,1
93,1
93,1
93,1
93,1
93,1
93,1
93,1
93,1
93,1
93,1
93,1
93,1
94,108
94,91
94,75
94,52
94,11
94,6
94,6
94,6
94,5
94,4
94,4
94,4
94,4
94,3
94,3
94,3
94,3
94,3
94,2
94,2
94,2
94,2
94,2
94,2
94,2
94,2
94,2
94,1
94,1
94,1
94,1
94,1
94,1
94,1
94,1
94,1
94,1
94,1
94,1
94,1
94,1
94,1
94,1
94,1
94,1
94,1
94,1
94,1
94,1
94,1
94,1
94,1
94,1
94,1
94,1
94,1
94,1
94,1
94,1
94,1
94,1
94,1
94,1
94,1
94,1
94,1
94,1
94,1
94,1
94,1
94,1
94,1
94,1
94,1
94,1
94,1
94,1
95,115
95,74
95,32
95,31
95,24
95,20
95,6
95,5
95,5
95,5
95,4
95,4
95,3
95,2
95,2
95,2
95,2
95,2
95,2
95,2
95,2
95,2
95,1
95,1
95,1
95,1
95,1
95,1
95,1
95,1
95,1
95,1
95,1
95,1
95,1
95,1
95,1
95,1
95,1
95,1
95,1
95,1
95,1
95,1
95,1
95,1
95,1
95,1
95,1
95,1
95,1
95,1
95,1
95,1
95,1
95,1
95,1
95,1
95,1
95,1
95,1
95,1
95,1
95,1
95,1
95,1
95,1
95,1
95,1
95,1
95,1
95,1
95,1
96,134
96,63
96,31
96,8
96,4
96,4
96,4
96,4
96,3
96,3
96,3
96,3
96,2
96,2
96,2
96,2
96,2
96,2
96,2
96,2
96,2
96,2
96,2
96,2
96,2
96,2
96,2
96,2
96,2
96,1
96,1
96,1
96,1
96,1
96,1
96,1
96,1
96,1
96,1
96,1
96,1
96,1
96,1
96,1
96,1
96,1
96,1
96,1
96,1
96,1
96,1
96,1
96,1
96,1
96,1
96,1
96,1
96,1
96,1
96,1
96,1
96,1
96,1
96,1
96,1
96,1
96,1
96,1
96,1
96,1
96,1
96,1
96,1
97,68
97,31
97,21
97,21
97,10
97,8
97,7
97,6
97,6
97,6
97,5
97,5
97,4
97,4
97,4
97,4
97,3
97,3
97,3
97,3
97,3
97,3
97,2
97,2
97,2
97,2
97,2
97,2
97,2
97,2
97,2
97,1
97,1
97,1
97,1
97,1
97,1
97,1
97,1
97,1
97,1
97,1
97,1
97,1
97,1
97,1
97,1
97,1
97,1
97,1
97,1
97,1
97,1
97,1
97,1
97,1
97,1
97,1
97,1
97,1
97,1
97,1
97,1
97,1
97,1
97,1
97,1
97,1
97,1
97,1
97,1
97,1
97,1
97,1
97,1
97,1
97,1
97,1
98,72
98,37
98,27
98,21
98,16
98,13
98,11
98,9
98,9
98,9
98,8
98,6
98,5
98,5
98,5
98,4
98,4
98,3
98,3
98,3
98,3
98,3
98,2
98,2
98,2
98,2
98,2
98,2
98,2
98,2
98,2
98,2
98,1
98,1
98,1
98,1
98,1
98,1
98,1
98,1
98,1
98,1
98,1
98,1
98,1
98,1
98,1
98,1
98,1
98,1
98,1
98,1
98,1
98,1
98,1
98,1
98,1
98,1
98,1
98,1
98,1
98,1
98,1
98,1
98,1
98,1
98,1
98,1
98,1
99,156
99,27
99,17
99,14
99,13
99,10
99,6
99,5
99,4
99,4
99,4
99,4
99,4
99,4
99,3
99,3
99,3
99,3
99,2
99,2
99,2
99,2
99,2
99,2
99,2
99,2
99,2
99,2
99,2
99,2
99,2
99,2
99,1
99,1
99,1
99,1
99,1
99,1
99,1
99,1
99,1
99,1
99,1
99,1
99,1
99,1
99,1
99,1
99,1
99,1
99,1
99,1
99,1
99,1
99,1
99,1
99,1
99,1
99,1
99,1
99,1
99,1
99,1
99,1
99,1
99,1
99,1
99,1
99,1
99,1
99,1
99,1
99,1
99,1
99,1
99,1
99,1
99,1
99,1
99,1
100,122
100,38
100,31
100,21
100,9
100,7
100,6
100,6
100,5
100,4
100,3
100,3
100,3
100,3
100,3
100,2
100,2
100,2
100,2
100,2
100,2
100,2
100,2
100,1
100,1
100,1
100,1
100,1
100,1
100,1
100,1
100,1
100,1
100,1
100,1
100,1
100,1
100,1
100,1
100,1
100,1
100,1
100,1
100,1
100,1
100,1
100,1
100,1
100,1
100,1
100,1
100,1
100,1
100,1
100,1
100,1
100,1
100,1
100,1
100,1
100,1
100,1
100,1
100,1
100,1
100,1
100,1
100,1
100,1
100,1
100,1
100,1
100,1
100,1
100,1
100,1
100,1
100,1
100,1
100,1
100,1
100,1
101,224
101,15
101,13
101,10
101,8
101,7
101,6
101,6
101,4
101,4
101,4
101,3
101,3
101,3
101,3
101,2
101,2
101,2
101,2
101,2
101,2
101,2
101,2
101,2
101,2
101,2
101,2
101,2
101,2
101,2
101,2
101,2
101,1
101,1
101,1
101,1
101,1
101,1
101,1
101,1
101,1
101,1
101,1
101,1
101,1
101,1
101,1
101,1
101,1
101,1
101,1
101,1
101,1
101,1
101,1
101,1
101,1
101,1
101,1
101,1
101,1
101,1
101,1
101,1
101,1
101,1
101,1
101,1
101,1
101,1
101,1
101,1
101,1
101,1
101,1
101,1
102,59
102,20
102,11
102,8
102,7
102,7
102,6
102,6
102,5
102,4
102,4
102,4
102,3
102,3
102,3
102,3
102,3
102,3
102,3
102,3
102,3
102,2
102,2
102,2
102,2
102,2
102,2
102,2
102,2
102,2
102,2
102,2
102,2
102,2
102,1
102,1
102,1
102,1
102,1
102,1
102,1
102,1
102,1
102,1
102,1
102,1
102,1
102,1
102,1
102,1
102,1
102,1
102,1
102,1
102,1
102,1
102,1
102,1
102,1
102,1
102,1
102,1
102,1
102,1
102,1
102,1
102,1
102,1
102,1
102,1
102,1
102,1
102,1
102,1
102,1
102,1
102,1
102,1
102,1
102,1
102,1
102,1
102,1
102,1
102,1
102,1
102,1
102,1
103,235
103,92
103,7
103,5
103,5
103,4
103,4
103,4
103,3
103,3
103,3
103,3
103,3
103,3
103,2
103,2
103,2
103,2
103,2
103,2
103,2
103,2
103,2
103,2
103,2
103,2
103,2
103,2
103,2
103,2
103,1
103,1
103,1
103,1
103,1
103,1
103,1
103,1
103,1
103,1
103,1
103,1
103,1
103,1
103,1
103,1
103,1
103,1
103,1
103,1
103,1
103,1
103,1
103,1
103,1
103,1
103,1
103,1
103,1
103,1
103,1
103,1
103,1
103,1
103,1
103,1
103,1
103,1
103,1
103,1
103,1
103,1
103,1
103,1
104,220
104,57
104,23
104,16
104,10
104,5
104,4
104,4
104,3
104,3
104,2
104,2
104,2
104,2
104,2
104,2
104,2
104,2
104,2
104,2
104,2
104,2
104,2
104,1
104,1
104,1
104,1
104,1
104,1
104,1
104,1
104,1
104,1
104,1
104,1
104,1
104,1
104,1
104,1
104,1
104,1
104,1
104,1
104,1
104,1
104,1
104,1
104,1
104,1
104,1
104,1
104,1
104,1
104,1
104,1
104,1
104,1
105,120
105,29
105,17
105,16
105,15
105,14
105,14
105,6
105,4
105,4
105,4
105,4
105,3
105,3
105,3
105,3
105,2
105,2
105,2
105,2
105,2
105,2
105,2
105,2
105,2
105,2
105,2
105,1
105,1
105,1
105,1
105,1
105,1
105,1
105,1
105,1
105,1
105,1
105,1
105,1
105,1
105,1
105,1
105,1
105,1
105,1
105,1
105,1
105,1
105,1
105,1
105,1
105,1
105,1
105,1
105,1
105,1
105,1
105,1
105,1
105,1
105,1
105,1
105,1
105,1
105,1
105,1
105,1
105,1
105,1
105,1
105,1
105,1
105,1
105,1
105,1
105,1
105,1
106,130
106,55
106,21
106,19
106,13
106,10
106,8
106,7
106,7
106,5
106,4
106,4
106,4
106,4
106,4
106,3
106,2
106,2
106,2
106,2
106,2
106,2
106,2
106,2
106,2
106,2
106,2
106,2
106,2
106,2
106,1
106,1
106,1
106,1
106,1
106,1
106,1
106,1
106,1
106,1
106,1
106,1
106,1
106,1
106,1
106,1
106,1
106,1
106,1
106,1
106,1
106,1
106,1
106,1
106,1
106,1
106,1
106,1
106,1
106,1
106,1
106,1
106,1
106,1
106,1
106,1
106,1
107,156
107,115
107,18
107,9
107,7
107,6
107,5
107,4
107,4
107,3
107,3
107,3
107,3
107,2
107,2
107,2
107,2
107,2
107,2
107,2
107,1
107,1
107,1
107,1
107,1
107,1
107,1
107,1
107,1
107,1
107,1
107,1
107,1
107,1
107,1
107,1
107,1
107,1
107,1
107,1
107,1
107,1
107,1
107,1
107,1
107,1
107,1
107,1
107,1
107,1
107,1
107,1
107,1
107,1
107,1
107,1
107,1
107,1
107,1
107,1
107,1
107,1
107,1
107,1
107,1
107,1
107,1
107,1
107,1
107,1
107,1
107,1
107,1
107,1
107,1
107,1
107,1
107,1
108,101
108,39
108,27
108,23
108,15
108,15
108,11
108,5
108,5
108,4
108,4
108,4
108,3
108,3
108,3
108,3
108,2
108,2
108,2
108,2
108,2
108,2
108,2
108,2
108,2
108,1
108,1
108,1
108,1
108,1
108,1
108,1
108,1
108,1
108,1
108,1
108,1
108,1
108,1
108,1
108,1
108,1
108,1
108,1
108,1
108,1
108,1
108,1
108,1
108,1
108,1
108,1
108,1
108,1
108,1
108,1
108,1
108,1
108,1
108,1
108,1
108,1
108,1
108,1
108,1
108,1
108,1
108,1
108,1
108,1
108,1
108,1
108,1
108,1
108,1
108,1
108,1
108,1
109,74
109,64
109,19
109,12
109,6
109,5
109,5
109,5
109,5
109,4
109,4
109,4
109,3
109,3
109,3
109,3
109,2
109,2
109,2
109,2
109,2
109,2
109,2
109,2
109,2
109,2
109,2
109,2
109,2
109,2
109,1
109,1
109,1
109,1
109,1
109,1
109,1
109,1
109,1
109,1
109,1
109,1
109,1
109,1
109,1
109,1
109,1
109,1
109,1
109,1
109,1
109,1
109,1
109,1
109,1
109,1
109,1
109,1
109,1
109,1
109,1
109,1
109,1
109,1
109,1
109,1
109,1
109,1
109,1
109,1
109,1
109,1
109,1
109,1
109,1
109,1
109,1
109,1
109,1
110,115
110,23
110,14
110,7
110,6
110,6
110,5
110,5
110,4
110,4
110,4
110,3
110,3
110,3
110,2
110,2
110,2
110,2
110,2
110,2
110,2
110,2
110,2
110,2
110,2
110,2
110,1
110,1
110,1
110,1
110,1
110,1
110,1
110,1
110,1
110,1
110,1
110,1
110,1
110,1
110,1
110,1
110,1
110,1
110,1
110,1
110,1
110,1
110,1
110,1
110,1
110,1
110,1
110,1
110,1
110,1
110,1
110,1
110,1
110,1
110,1
110,1
110,1
110,1
110,1
110,1
111,91
111,60
111,21
111,17
111,15
111,10
111,8
111,7
111,7
111,5
111,5
111,5
111,4
111,4
111,4
111,4
111,4
111,3
111,3
111,3
111,2
111,2
111,2
111,2
111,2
111,2
111,2
111,2
111,2
111,2
111,2
111,2
111,1
111,1
111,1
111,1
111,1
111,1
111,1
111,1
111,1
111,1
111,1
111,1
111,1
111,1
111,1
111,1
111,1
111,1
111,1
111,1
111,1
111,1
111,1
111,1
111,1
111,1
111,1
111,1
111,1
111,1
111,1
111,1
111,1
111,1
111,1
111,1
111,1
111,1
111,1
111,1
111,1
111,1
111,1
111,1
111,1
111,1
111,1
111,1
111,1
111,1
111,1
111,1
112,119
112,36
112,14
112,9
112,9
112,6
112,6
112,6
112,5
112,5
112,5
112,4
112,4
112,4
112,3
112,3
112,3
112,3
112,3
112,2
112,2
112,2
112,2
112,2
112,2
112,2
112,2
112,2
112,2
112,2
112,2
112,1
112,1
112,1
112,1
112,1
112,1
112,1
112,1
112,1
112,1
112,1
112,1
112,1
112,1
112,1
112,1
112,1
112,1
112,1
112,1
112,1
112,1
112,1
112,1
112,1
112,1
112,1
112,1
112,1
112,1
112,1
112,1
112,1
112,1
112,1
112,1
112,1
112,1
112,1
112,1
112,1
112,1
112,1
112,1
112,1
112,1
113,117
113,39
113,31
113,9
113,8
113,7
113,6
113,4
113,4
113,4
113,4
113,3
113,3
113,3
113,3
113,3
113,3
113,3
113,3
113,2
113,2
113,2
113,2
113,2
113,2
113,2
113,2
113,2
113,1
113,1
113,1
113,1
113,1
113,1
113,1
113,1
113,1
113,1
113,1
113,1
113,1
113,1
113,1
113,1
113,1
113,1
113,1
113,1
113,1
113,1
113,1
113,1
113,1
113,1
113,1
113,1
113,1
113,1
113,1
113,1
113,1
113,1
113,1
113,1
113,1
113,1
113,1
113,1
113,1
113,1
113,1
113,1
113,1
113,1
113,1
114,108
114,67
114,37
114,9
114,8
114,6
114,6
114,6
114,6
114,4
114,4
114,4
114,4
114,3
114,3
114,3
114,3
114,2
114,2
114,2
114,2
114,2
114,2
114,2
114,2
114,2
114,2
114,1
114,1
114,1
114,1
114,1
114,1
114,1
114,1
114,1
114,1
114,1
114,1
114,1
114,1
114,1
114,1
114,1
114,1
114,1
114,1
114,1
114,1
114,1
114,1
114,1
114,1
114,1
114,1
114,1
114,1
114,1
114,1
114,1
114,1
114,1
114,1
114,1
114,1
114,1
114,1
114,1
115,90
115,57
115,31
115,29
115,15
115,14
115,14
115,12
115,5
115,4
115,4
115,3
115,3
115,2
115,2
115,2
115,2
115,2
115,2
115,2
115,2
115,2
115,2
115,2
115,2
115,2
115,2
115,2
115,1
115,1
115,1
115,1
115,1
115,1
115,1
115,1
115,1
115,1
115,1
115,1
115,1
115,1
115,1
115,1
115,1
115,1
115,1
115,1
115,1
115,1
115,1
115,1
115,1
115,1
115,1
115,1
115,1
115,1
116,131
116,39
116,29
116,6
116,5
116,4
116,3
116,3
116,3
116,3
116,3
116,2
116,2
116,2
116,2
116,2
116,2
116,2
116,2
116,2
116,2
116,2
116,1
116,1
116,1
116,1
116,1
116,1
116,1
116,1
116,1
116,1
116,1
116,1
116,1
116,1
116,1
116,1
116,1
116,1
116,1
116,1
116,1
116,1
116,1
116,1
116,1
116,1
116,1
116,1
116,1
116,1
116,1
116,1
116,1
116,1
116,1
116,1
116,1
116,1
116,1
116,1
116,1
116,1
116,1
116,1
116,1
116,1
116,1
116,1
117,215
117,61
117,17
117,6
117,6
117,6
117,6
117,5
117,5
117,4
117,3
117,3
117,3
117,2
117,2
117,2
117,2
117,2
117,2
117,2
117,2
117,2
117,2
117,2
117,1
117,1
117,1
117,1
117,1
117,1
117,1
117,1
117,1
117,1
117,1
117,1
117,1
117,1
117,1
117,1
117,1
117,1
117,1
117,1
117,1
117,1
117,1
117,1
117,1
117,1
117,1
117,1
117,1
117,1
117,1
117,1
117,1
117,1
117,1
117,1
117,1
118,222
118,18
118,18
118,15
118,13
118,11
118,6
118,6
118,5
118,5
118,4
118,4
118,4
118,3
118,3
118,2
118,2
118,2
118,2
118,2
118,2
118,2
118,2
118,2
118,2
118,2
118,1
118,1
118,1
118,1
118,1
118,1
118,1
118,1
118,1
118,1
118,1
118,1
118,1
118,1
118,1
118,1
118,1
118,1
118,1
118,1
118,1
118,1
118,1
118,1
118,1
118,1
118,1
118,1
118,1
118,1
118,1
118,1
118,1
118,1
118,1
118,1
118,1
118,1
118,1
118,1
118,1
118,1
118,1
119,135
119,35
119,23
119,16
119,6
119,5
119,5
119,4
119,4
119,4
119,4
119,4
119,4
119,4
119,3
119,3
119,3
119,3
119,3
119,3
119,2
119,2
119,2
119,2
119,2
119,2
119,2
119,2
119,2
119,2
119,2
119,2
119,2
119,1
119,1
119,1
119,1
119,1
119,1
119,1
119,1
119,1
119,1
119,1
119,1
119,1
119,1
119,1
119,1
119,1
119,1
119,1
119,1
119,1
119,1
119,1
119,1
119,1
119,1
119,1
119,1
119,1
119,1
119,1
119,1
119,1
119,1
119,1
119,1
119,1
119,1
119,1
119,1
119,1
120,129
120,122
120,16
120,13
120,8
120,8
120,6
120,5
120,5
120,5
120,5
120,3
120,3
120,3
120,3
120,3
120,3
120,3
120,2
120,2
120,2
120,2
120,2
120,2
120,2
120,2
120,2
120,2
120,1
120,1
120,1
120,1
120,1
120,1
120,1
120,1
120,1
120,1
120,1
120,1
120,1
120,1
120,1
120,1
120,1
120,1
120,1
120,1
120,1
120,1
120,1
120,1
120,1
120,1
120,1
120,1
120,1
120,1
120,1
120,1
120,1
120,1
120,1
120,1
120,1
120,1
121,118
121,86
121,76
121,9
121,7
121,7
121,5
121,5
121,4
121,4
121,3
121,3
121,3
121,3
121,3
121,2
121,2
121,2
121,2
121,2
121,2
121,2
121,2
121,2
121,2
121,1
121,1
121,1
121,1
121,1
121,1
121,1
121,1
121,1
121,1
121,1
121,1
121,1
121,1
121,1
121,1
121,1
121,1
121,1
121,1
121,1
121,1
121,1
121,1
121,1
121,1
121,1
121,1
121,1
121,1
121,1
121,1
121,1
121,1
121,1
121,1
121,1
121,1
121,1
121,1
121,1
121,1
121,1
121,1
122,114
122,76
122,28
122,10
122,8
122,7
122,7
122,6
122,5
122,5
122,5
122,4
122,3
122,2
122,2
122,2
122,2
122,2
122,2
122,2
122,2
122,2
122,2
122,2
122,2
122,1
122,1
122,1
122,1
122,1
122,1
122,1
122,1
122,1
122,1
122,1
122,1
122,1
122,1
122,1
122,1
122,1
122,1
122,1
122,1
122,1
122,1
122,1
122,1
122,1
122,1
122,1
122,1
122,1
122,1
122,1
122,1
122,1
122,1
122,1
122,1
122,1
122,1
122,1
122,1
122,1
122,1
122,1
122,1
123,110
123,77
123,45
123,13
123,11
123,10
123,9
123,7
123,6
123,6
123,4
123,4
123,3
123,3
123,2
123,2
123,2
123,2
123,2
123,2
123,2
123,2
123,2
123,2
123,2
123,2
123,2
123,2
123,1
123,1
123,1
123,1
123,1
123,1
123,1
123,1
123,1
123,1
123,1
123,1
123,1
123,1
123,1
123,1
123,1
123,1
123,1
123,1
123,1
123,1
123,1
123,1
123,1
123,1
123,1
123,1
123,1
123,1
123,1
123,1
123,1
123,1
123,1
123,1
123,1
123,1
123,1
123,1
123,1
123,1
123,1
123,1
123,1
123,1
124,275
124,7
124,7
124,5
124,4
124,3
124,3
124,3
124,3
124,3
124,2
124,2
124,2
124,2
124,2
124,2
124,2
124,2
124,2
124,2
124,2
124,2
124,2
124,1
124,1
124,1
124,1
124,1
124,1
124,1
124,1
124,1
124,1
124,1
124,1
124,1
124,1
124,1
124,1
124,1
124,1
124,1
124,1
124,1
124,1
124,1
124,1
124,1
124,1
124,1
124,1
124,1
124,1
124,1
124,1
124,1
124,1
124,1
124,1
124,1
124,1
124,1
124,1
124,1
125,81
125,66
125,41
125,21
125,13
125,11
125,8
125,7
125,6
125,5
125,4
125,4
125,3
125,3
125,3
125,3
125,2
125,2
125,2
125,2
125,2
125,2
125,2
125,2
125,2
125,2
125,2
125,1
125,1
125,1
125,1
125,1
125,1
125,1
125,1
125,1
125,1
125,1
125,1
125,1
125,1
125,1
125,1
125,1
125,1
125,1
125,1
125,1
125,1
125,1
125,1
125,1
125,1
125,1
125,1
125,1
125,1
125,1
125,1
125,1
125,1
125,1
125,1
125,1
125,1
125,1
125,1
125,1
125,1
125,1
125,1
125,1
125,1
125,1
126,94
126,47
126,35
126,26
126,11
126,10
126,7
126,3
126,3
126,3
126,3
126,3
126,3
126,3
126,3
126,3
126,3
126,2
126,2
126,2
126,2
126,2
126,2
126,2
126,2
126,2
126,2
126,1
126,1
126,1
126,1
126,1
126,1
126,1
126,1
126,1
126,1
126,1
126,1
126,1
126,1
126,1
126,1
126,1
126,1
126,1
126,1
126,1
126,1
126,1
126,1
126,1
126,1
126,1
126,1
126,1
126,1
126,1
126,1
126,1
126,1
126,1
126,1
126,1
126,1
126,1
127,145
127,51
127,46
127,27
127,23
127,6
127,5
127,4
127,4
127,4
127,4
127,4
127,4
127,3
127,3
127,3
127,3
127,3
127,3
127,3
127,2
127,2
127,2
127,2
127,2
127,2
127,2
127,2
127,2
127,1
127,1
127,1
127,1
127,1
127,1
127,1
127,1
127,1
127,1
127,1
127,1
127,1
127,1
127,1
127,1
127,1
127,1
127,1
127,1
127,1
127,1
127,1
127,1
127,1
127,1
127,1
127,1
127,1
127,1
127,1
127,1
127,1
127,1
127,1
127,1
127,1
127,1
127,1
127,1
127,1
127,1
127,1
127,1
127,1
127,1
127,1
128,113
128,65
128,30
128,21
128,17
128,15
128,6
128,6
128,6
128,5
128,5
128,4
128,4
128,3
128,3
128,3
128,3
128,3
128,2
128,2
128,2
128,2
128,2
128,2
128,2
128,2
128,2
128,2
128,2
128,2
128,1
128,1
128,1
128,1
128,1
128,1
128,1
128,1
128,1
128,1
128,1
128,1
128,1
128,1
128,1
128,1
128,1
128,1
128,1
128,1
128,1
128,1
128,1
128,1
128,1
128,1
128,1
128,1
128,1
128,1
128,1
128,1
128,1
128,1
128,1
128,1
128,1
128,1
128,1
128,1
128,1
128,1
128,1
128,1
128,1
128,1
128,1
128,1
128,1
128,1
128,1
129,206
129,124
129,13
129,12
129,9
129,7
129,6
129,4
129,4
129,4
129,3
129,3
129,3
129,3
129,2
129,2
129,2
129,2
129,2
129,2
129,2
129,2
129,2
129,1
129,1
129,1
129,1
129,1
129,1
129,1
129,1
129,1
129,1
129,1
129,1
129,1
129,1
129,1
129,1
129,1
129,1
129,1
129,1
129,1
129,1
129,1
129,1
129,1
129,1
129,1
129,1
129,1
129,1
129,1
129,1
129,1
129,1
129,1
129,1
129,1
129,1
129,1
129,1
129,1
129,1
129,1
129,1
129,1
129,1
129,1
129,1
129,1
129,1
129,1
129,1
130,66
130,50
130,26
130,17
130,13
130,11
130,10
130,7
130,7
130,6
130,6
130,5
130,5
130,5
130,4
130,3
130,3
130,3
130,2
130,2
130,2
130,2
130,2
130,2
130,2
130,2
130,2
130,2
130,2
130,2
130,2
130,2
130,1
130,1
130,1
130,1
130,1
130,1
130,1
130,1
130,1
130,1
130,1
130,1
130,1
130,1
130,1
130,1
130,1
130,1
130,1
130,1
130,1
130,1
130,1
130,1
130,1
130,1
130,1
130,1
130,1
130,1
130,1
130,1
130,1
130,1
130,1
130,1
131,124
131,89
131,66
131,40
131,14
131,7
131,7
131,6
131,5
131,4
131,4
131,3
131,3
131,3
131,2
131,2
131,2
131,2
131,2
131,2
131,2
131,2
131,2
131,2
131,1
131,1
131,1
131,1
131,1
131,1
131,1
131,1
131,1
131,1
131,1
131,1
131,1
131,1
131,1
131,1
131,1
131,1
131,1
131,1
131,1
131,1
131,1
131,1
131,1
131,1
131,1
131,1
131,1
131,1
131,1
131,1
131,1
131,1
131,1
131,1
131,1
131,1
132,79
132,76
132,53
132,17
132,17
132,7
132,5
132,5
132,4
132,4
132,3
132,3
132,3
132,3
132,3
132,3
132,2
132,2
132,2
132,2
132,2
132,2
132,2
132,2
132,2
132,2
132,2
132,2
132,2
132,1
132,1
132,1
132,1
132,1
132,1
132,1
132,1
132,1
132,1
132,1
132,1
132,1
132,1
132,1
132,1
132,1
132,1
132,1
132,1
132,1
132,1
132,1
132,1
132,1
132,1
132,1
132,1
132,1
132,1
132,1
132,1
132,1
132,1
132,1
132,1
132,1
133,165
133,90
133,48
133,17
133,13
133,7
133,5
133,3
133,3
133,3
133,3
133,2
133,2
133,2
133,2
133,2
133,2
133,2
133,1
133,1
133,1
133,1
133,1
133,1
133,1
133,1
133,1
133,1
133,1
133,1
133,1
133,1
133,1
133,1
133,1
133,1
133,1
133,1
133,1
133,1
133,1
133,1
133,1
133,1
133,1
133,1
133,1
133,1
133,1
133,1
133,1
133,1
133,1
133,1
133,1
133,1
133,1
133,1
133,1
133,1
133,1
133,1
133,1
133,1
133,1
133,1
134,51
134,47
134,44
134,15
134,13
134,9
134,8
134,7
134,7
134,6
134,6
134,5
134,4
134,4
134,3
134,3
134,3
134,3
134,2
134,2
134,2
134,2
134,2
134,2
134,2
134,2
134,2
134,2
134,2
134,1
134,1
134,1
134,1
134,1
134,1
134,1
134,1
134,1
134,1
134,1
134,1
134,1
134,1
134,1
134,1
134,1
134,1
134,1
134,1
134,1
134,1
134,1
134,1
134,1
134,1
134,1
134,1
134,1
134,1
134,1
134,1
134,1
134,1
134,1
134,1
134,1
134,1
134,1
134,1
134,1
134,1
134,1
134,1
134,1
134,1
134,1
134,1
134,1
134,1
134,1
134,1
134,1
134,1
134,1
134,1
134,1
135,184
135,29
135,21
135,14
135,14
135,12
135,6
135,4
135,4
135,4
135,4
135,3
135,3
135,3
135,2
135,2
135,2
135,2
135,2
135,2
135,2
135,2
135,2
135,1
135,1
135,1
135,1
135,1
135,1
135,1
135,1
135,1
135,1
135,1
135,1
135,1
135,1
135,1
135,1
135,1
135,1
135,1
135,1
135,1
135,1
135,1
135,1
135,1
135,1
135,1
135,1
135,1
135,1
135,1
135,1
135,1
135,1
135,1
135,1
135,1
135,1
135,1
135,1
135,1
135,1
135,1
135,1
135,1
135,1
135,1
136,193
136,116
136,9
136,8
136,5
136,5
136,4
136,3
136,3
136,3
136,2
136,2
136,2
136,2
136,2
136,2
136,2
136,2
136,2
136,2
136,2
136,2
136,2
136,2
136,2
136,2
136,2
136,2
136,1
136,1
136,1
136,1
136,1
136,1
136,1
136,1
136,1
136,1
136,1
136,1
136,1
136,1
136,1
136,1
136,1
136,1
136,1
136,1
136,1
136,1
136,1
136,1
136,1
136,1
136,1
136,1
136,1
136,1
136,1
136,1
136,1
136,1
136,1
136,1
136,1
136,1
136,1
136,1
136,1
136,1
136,1
136,1
137,146
137,51
137,44
137,17
137,8
137,8
137,5
137,5
137,4
137,4
137,4
137,4
137,4
137,4
137,3
137,3
137,3
137,3
137,3
137,3
137,3
137,2
137,2
137,2
137,2
137,2
137,2
137,2
137,2
137,1
137,1
137,1
137,1
137,1
137,1
137,1
137,1
137,1
137,1
137,1
137,1
137,1
137,1
137,1
137,1
137,1
137,1
137,1
137,1
137,1
137,1
137,1
137,1
137,1
137,1
137,1
137,1
137,1
137,1
137,1
137,1
137,1
137,1
137,1
137,1
137,1
137,1
137,1
137,1
137,1
137,1
137,1
137,1
137,1
138,155
138,88
138,27
138,11
138,7
138,6
138,6
138,4
138,3
138,3
138,3
138,3
138,3
138,3
138,2
138,2
138,2
138,2
138,2
138,2
138,2
138,2
138,1
138,1
138,1
138,1
138,1
138,1
138,1
138,1
138,1
138,1
138,1
138,1
138,1
138,1
138,1
138,1
138,1
138,1
138,1
138,1
138,1
138,1
138,1
138,1
138,1
138,1
138,1
138,1
138,1
138,1
138,1
138,1
138,1
138,1
138,1
138,1
138,1
138,1
138,1
138,1
138,1
138,1
138,1
138,1
138,1
138,1
138,1
138,1
138,1
138,1
138,1
138,1
138,1
138,1
138,1
138,1
138,1
138,1
138,1
138,1
138,1
138,1
139,56
139,30
139,28
139,22
139,14
139,14
139,12
139,6
139,4
139,4
139,3
139,3
139,3
139,3
139,3
139,3
139,3
139,3
139,3
139,3
139,2
139,2
139,2
139,2
139,2
139,2
139,2
139,1
139,1
139,1
139,1
139,1
139,1
139,1
139,1
139,1
139,1
139,1
139,1
139,1
139,1
139,1
139,1
139,1
139,1
139,1
139,1
139,1
139,1
139,1
139,1
139,1
139,1
139,1
139,1
139,1
139,1
139,1
139,1
139,1
139,1
139,1
139,1
139,1
139,1
139,1
139,1
140,191
140,44
140,28
140,21
140,14
140,14
140,10
140,5
140,4
140,4
140,4
140,4
140,4
140,3
140,3
140,3
140,3
140,3
140,2
140,2
140,2
140,2
140,2
140,2
140,2
140,2
140,2
140,2
140,2
140,2
140,2
140,1
140,1
140,1
140,1
140,1
140,1
140,1
140,1
140,1
140,1
140,1
140,1
140,1
140,1
140,1
140,1
140,1
140,1
140,1
140,1
140,1
140,1
140,1
140,1
140,1
140,1
140,1
140,1
140,1
140,1
140,1
140,1
140,1
140,1
140,1
140,1
140,1
140,1
140,1
140,1
140,1
140,1
140,1
140,1
141,105
141,18
141,16
141,13
141,12
141,11
141,11
141,7
141,7
141,6
141,6
141,6
141,5
141,5
141,5
141,4
141,3
141,2
141,2
141,2
141,2
141,2
141,2
141,2
141,2
141,2
141,2
141,2
141,2
141,2
141,2
141,1
141,1
141,1
141,1
141,1
141,1
141,1
141,1
141,1
141,1
141,1
141,1
141,1
141,1
141,1
141,1
141,1
141,1
141,1
141,1
141,1
141,1
141,1
141,1
141,1
141,1
141,1
141,1
141,1
141,1
141,1
141,1
141,1
141,1
141,1
141,1
141,1
141,1
141,1
141,1
141,1
141,1
141,1
141,1
141,1
141,1
141,1
141,1
141,1
142,130
142,39
142,23
142,20
142,17
142,13
142,12
142,8
142,5
142,5
142,4
142,4
142,4
142,3
142,3
142,3
142,3
142,2
142,2
142,2
142,2
142,2
142,2
142,2
142,2
142,2
142,2
142,2
142,2
142,2
142,1
142,1
142,1
142,1
142,1
142,1
142,1
142,1
142,1
142,1
142,1
142,1
142,1
142,1
142,1
142,1
142,1
142,1
142,1
142,1
142,1
142,1
142,1
142,1
142,1
142,1
142,1
142,1
142,1
142,1
142,1
142,1
142,1
142,1
142,1
142,1
142,1
142,1
142,1
142,1
142,1
142,1
142,1
142,1
143,161
143,35
143,27
143,16
143,13
143,13
143,9
143,7
143,7
143,6
143,5
143,5
143,5
143,5
143,5
143,4
143,4
143,3
143,3
143,3
143,3
143,3
143,3
143,2
143,2
143,2
143,2
143,2
143,2
143,2
143,2
143,2
143,2
143,1
143,1
143,1
143,1
143,1
143,1
143,1
143,1
143,1
143,1
143,1
143,1
143,1
143,1
143,1
143,1
143,1
143,1
143,1
143,1
143,1
143,1
143,1
143,1
143,1
143,1
143,1
143,1
143,1
143,1
143,1
143,1
143,1
143,1
143,1
144,125
144,44
144,25
144,19
144,9
144,7
144,6
144,6
144,5
144,4
144,3
144,3
144,3
144,2
144,2
144,2
144,2
144,2
144,2
144,2
144,2
144,2
144,2
144,2
144,2
144,2
144,1
144,1
144,1
144,1
144,1
144,1
144,1
144,1
144,1
144,1
144,1
144,1
144,1
144,1
144,1
144,1
144,1
144,1
144,1
144,1
144,1
144,1
144,1
144,1
144,1
144,1
144,1
144,1
144,1
144,1
144,1
144,1
144,1
144,1
144,1
144,1
144,1
144,1
144,1
144,1
144,1
144,1
145,196
145,16
145,12
145,9
145,4
145,3
145,3
145,2
145,2
145,2
145,2
145,2
145,2
145,2
145,2
145,2
145,2
145,2
145,2
145,2
145,2
145,2
145,1
145,1
145,1
145,1
145,1
145,1
145,1
145,1
145,1
145,1
145,1
145,1
145,1
145,1
145,1
145,1
145,1
145,1
145,1
145,1
145,1
145,1
145,1
145,1
145,1
145,1
145,1
145,1
145,1
145,1
145,1
145,1
145,1
145,1
145,1
145,1
145,1
145,1
145,1
145,1
145,1
145,1
145,1
145,1
145,1
145,1
145,1
145,1
145,1
145,1
145,1
146,139
146,111
146,10
146,8
146,4
146,4
146,3
146,3
146,3
146,3
146,3
146,2
146,2
146,2
146,2
146,2
146,2
146,2
146,2
146,2
146,2
146,2
146,2
146,2
146,2
146,2
146,2
146,1
146,1
146,1
146,1
146,1
146,1
146,1
146,1
146,1
146,1
146,1
146,1
146,1
146,1
146,1
146,1
146,1
146,1
146,1
146,1
146,1
146,1
146,1
146,1
146,1
146,1
146,1
146,1
146,1
146,1
146,1
146,1
146,1
146,1
146,1
146,1
146,1
146,1
146,1
146,1
146,1
146,1
146,1
146,1
146,1
146,1
146,1
146,1
146,1
146,1
146,1
146,1
146,1
146,1
147,163
147,20
147,11
147,10
147,10
147,9
147,9
147,8
147,6
147,6
147,5
147,4
147,4
147,4
147,3
147,3
147,3
147,3
147,3
147,3
147,3
147,3
147,2
147,2
147,2
147,2
147,2
147,2
147,2
147,2
147,2
147,2
147,2
147,1
147,1
147,1
147,1
147,1
147,1
147,1
147,1
147,1
147,1
147,1
147,1
147,1
147,1
147,1
147,1
147,1
147,1
147,1
147,1
147,1
147,1
147,1
147,1
147,1
147,1
147,1
147,1
147,1
147,1
147,1
147,1
147,1
147,1
147,1
147,1
147,1
147,1
147,1
147,1
147,1
147,1
147,1
147,1
147,1
147,1
147,1
148,141
148,74
148,29
148,7
148,7
148,4
148,4
148,4
148,4
148,4
148,3
148,3
148,3
148,3
148,2
148,2
148,2
148,2
148,2
148,2
148,2
148,2
148,2
148,2
148,2
148,1
148,1
148,1
148,1
148,1
148,1
148,1
148,1
148,1
148,1
148,1
148,1
148,1
148,1
148,1
148,1
148,1
148,1
148,1
148,1
148,1
148,1
148,1
148,1
148,1
148,1
148,1
148,1
148,1
148,1
148,1
148,1
148,1
148,1
148,1
148,1
148,1
149,76
149,46
149,33
149,18
149,11
149,6
149,5
149,5
149,4
149,4
149,3
149,3
149,3
149,3
149,2
149,2
149,2
149,2
149,2
149,2
149,2
149,2
149,1
149,1
149,1
149,1
149,1
149,1
149,1
149,1
149,1
149,1
149,1
149,1
149,1
149,1
149,1
149,1
149,1
149,1
149,1
149,1
149,1
149,1
149,1
149,1
149,1
149,1
149,1
149,1
149,1
149,1
149,1
149,1
149,1
149,1
149,1
149,1
149,1
149,1
149,1
149,1
149,1
149,1
149,1
149,1
149,1
149,1
149,1
149,1
149,1
149,1
149,1
149,1
149,1
150,148
150,40
150,32
150,13
150,8
150,7
150,7
150,7
150,5
150,4
150,4
150,4
150,4
150,3
150,3
150,3
150,2
150,2
150,2
150,2
150,2
150,2
150,2
150,2
150,1
150,1
150,1
150,1
150,1
150,1
150,1
150,1
150,1
150,1
150,1
150,1
150,1
150,1
150,1
150,1
150,1
150,1
150,1
150,1
150,1
150,1
150,1
150,1
150,1
150,1
150,1
150,1
150,1
150,1
150,1
150,1
150,1
150,1
150,1
150,1
150,1
150,1
150,1
150,1
150,1
150,1
150,1
150,1
150,1
151,127
151,41
151,37
151,17
151,12
151,8
151,8
151,8
151,6
151,5
151,4
151,3
151,3
151,3
151,3
151,3
151,3
151,3
151,2
151,2
151,2
151,2
151,2
151,2
151,2
151,2
151,2
151,2
151,2
151,1
151,1
151,1
151,1
151,1
151,1
151,1
151,1
151,1
151,1
151,1
151,1
151,1
151,1
151,1
151,1
151,1
151,1
151,1
151,1
151,1
151,1
151,1
151,1
152,84
152,68
152,17
152,8
152,7
152,6
152,5
152,4
152,4
152,3
152,3
152,3
152,3
152,3
152,3
152,3
152,2
152,2
152,2
152,2
152,2
152,2
152,2
152,2
152,2
152,2
152,2
152,2
152,2
152,2
152,2
152,2
152,2
152,1
152,1
152,1
152,1
152,1
152,1
152,1
152,1
152,1
152,1
152,1
152,1
152,1
152,1
152,1
152,1
152,1
152,1
152,1
152,1
152,1
152,1
152,1
152,1
152,1
152,1
152,1
152,1
152,1
152,1
152,1
152,1
152,1
152,1
152,1
152,1
152,1
152,1
152,1
152,1
152,1
152,1
152,1
152,1
152,1
153,330
153,15
153,10
153,6
153,5
153,5
153,4
153,4
153,4
153,4
153,3
153,3
153,3
153,3
153,3
153,2
153,2
153,2
153,2
153,2
153,2
153,2
153,2
153,2
153,2
153,2
153,2
153,2
153,1
153,1
153,1
153,1
153,1
153,1
153,1
153,1
153,1
153,1
153,1
153,1
153,1
153,1
153,1
153,1
153,1
153,1
153,1
153,1
153,1
153,1
153,1
153,1
153,1
153,1
153,1
153,1
153,1
153,1
153,1
153,1
153,1
153,1
153,1
153,1
153,1
153,1
154,134
154,68
154,55
154,8
154,7
154,7
154,7
154,7
154,6
154,4
154,4
154,3
154,3
154,3
154,3
154,2
154,2
154,2
154,2
154,2
154,2
154,2
154,2
154,2
154,2
154,2
154,2
154,1
154,1
154,1
154,1
154,1
154,1
154,1
154,1
154,1
154,1
154,1
154,1
154,1
154,1
154,1
154,1
154,1
154,1
154,1
154,1
154,1
154,1
154,1
154,1
154,1
154,1
154,1
154,1
154,1
154,1
154,1
154,1
154,1
154,1
154,1
154,1
154,1
154,1
154,1
154,1
154,1
154,1
155,161
155,47
155,18
155,16
155,9
155,7
155,5
155,4
155,4
155,4
155,3
155,3
155,3
155,3
155,3
155,3
155,2
155,2
155,2
155,2
155,2
155,2
155,2
155,2
155,2
155,2
155,2
155,2
155,2
155,2
155,1
155,1
155,1
155,1
155,1
155,1
155,1
155,1
155,1
155,1
155,1
155,1
155,1
155,1
155,1
155,1
155,1
155,1
155,1
155,1
155,1
155,1
155,1
155,1
155,1
155,1
155,1
155,1
155,1
155,1
155,1
155,1
155,1
155,1
155,1
155,1
155,1
155,1
155,1
155,1
155,1
155,1
155,1
155,1
155,1
155,1
155,1
155,1
155,1
155,1
155,1
156,176
156,69
156,32
156,26
156,20
156,16
156,4
156,3
156,3
156,3
156,3
156,3
156,3
156,3
156,2
156,2
156,2
156,2
156,2
156,2
156,2
156,2
156,1
156,1
156,1
156,1
156,1
156,1
156,1
156,1
156,1
156,1
156,1
156,1
156,1
156,1
156,1
156,1
156,1
156,1
156,1
156,1
156,1
156,1
156,1
156,1
156,1
156,1
156,1
156,1
156,1
156,1
156,1
156,1
156,1
156,1
156,1
156,1
156,1
156,1
156,1
156,1
157,152
157,20
157,14
157,9
157,8
157,6
157,6
157,5
157,4
157,3
157,3
157,3
157,3
157,3
157,3
157,2
157,2
157,2
157,2
157,2
157,2
157,2
157,2
157,2
157,2
157,1
157,1
157,1
157,1
157,1
157,1
157,1
157,1
157,1
157,1
157,1
157,1
157,1
157,1
157,1
157,1
157,1
157,1
157,1
157,1
157,1
157,1
157,1
157,1
157,1
157,1
157,1
157,1
157,1
157,1
157,1
157,1
157,1
157,1
157,1
157,1
157,1
157,1
157,1
157,1
157,1
157,1
157,1
157,1
157,1
157,1
157,1
157,1
157,1
157,1
157,1
157,1
157,1
157,1
157,1
157,1
158,207
158,18
158,8
158,7
158,7
158,6
158,6
158,5
158,5
158,4
158,4
158,4
158,4
158,4
158,4
158,4
158,3
158,3
158,3
158,3
158,3
158,3
158,2
158,2
158,2
158,2
158,2
158,2
158,2
158,2
158,2
158,2
158,2
158,2
158,1
158,1
158,1
158,1
158,1
158,1
158,1
158,1
158,1
158,1
158,1
158,1
158,1
158,1
158,1
158,1
158,1
158,1
158,1
158,1
158,1
158,1
158,1
158,1
158,1
158,1
158,1
158,1
158,1
158,1
158,1
158,1
158,1
158,1
158,1
158,1
158,1
158,1
158,1
158,1
158,1
158,1
158,1
158,1
158,1
158,1
159,120
159,46
159,25
159,8
159,7
159,6
159,6
159,5
159,5
159,5
159,5
159,4
159,4
159,3
159,3
159,3
159,3
159,3
159,3
159,2
159,2
159,2
159,2
159,2
159,2
159,2
159,2
159,2
159,2
159,1
159,1
159,1
159,1
159,1
159,1
159,1
159,1
159,1
159,1
159,1
159,1
159,1
159,1
159,1
159,1
159,1
159,1
159,1
159,1
159,1
159,1
159,1
159,1
159,1
159,1
159,1
159,1
159,1
159,1
159,1
159,1
159,1
159,1
159,1
159,1
159,1
159,1
159,1
159,1
159,1
159,1
159,1
159,1
159,1
159,1
159,1
159,1
159,1
159,1
160,105
160,45
160,29
160,20
160,17
160,13
160,12
160,11
160,9
160,9
160,7
160,5
160,4
160,3
160,3
160,3
160,3
160,2
160,2
160,2
160,2
160,2
160,2
160,2
160,2
160,2
160,2
160,2
160,2
160,2
160,2
160,2
160,1
160,1
160,1
160,1
160,1
160,1
160,1
160,1
160,1
160,1
160,1
160,1
160,1
160,1
160,1
160,1
160,1
160,1
160,1
160,1
160,1
160,1
160,1
160,1
160,1
160,1
160,1
160,1
160,1
160,1
160,1
160,1
160,1
160,1
160,1
160,1
160,1
160,1
160,1
160,1
161,143
161,58
161,15
161,13
161,9
161,7
161,6
161,5
161,4
161,4
161,4
161,4
161,4
161,3
161,2
161,2
161,2
161,2
161,2
161,2
161,2
161,2
161,2
161,2
161,2
161,2
161,2
161,2
161,1
161,1
161,1
161,1
161,1
161,1
161,1
161,1
161,1
161,1
161,1
161,1
161,1
161,1
161,1
161,1
161,1
161,1
161,1
161,1
161,1
161,1
161,1
161,1
161,1
161,1
161,1
161,1
161,1
161,1
161,1
161,1
161,1
162,143
162,30
162,12
162,12
162,9
162,8
162,8
162,7
162,7
162,6
162,6
162,5
162,4
162,4
162,3
162,3
162,3
162,2
162,2
162,2
162,2
162,2
162,2
162,2
162,2
162,2
162,2
162,2
162,2
162,1
162,1
162,1
162,1
162,1
162,1
162,1
162,1
162,1
162,1
162,1
162,1
162,1
162,1
162,1
162,1
162,1
162,1
162,1
162,1
162,1
162,1
162,1
162,1
162,1
162,1
162,1
162,1
162,1
162,1
162,1
162,1
162,1
162,1
162,1
162,1
162,1
162,1
162,1
162,1
162,1
162,1
162,1
162,1
163,94
163,83
163,30
163,21
163,11
163,11
163,10
163,9
163,9
163,5
163,4
163,4
163,4
163,4
163,4
163,3
163,3
163,3
163,3
163,3
163,2
163,2
163,2
163,2
163,2
163,2
163,2
163,2
163,2
163,2
163,2
163,1
163,1
163,1
163,1
163,1
163,1
163,1
163,1
163,1
163,1
163,1
163,1
163,1
163,1
163,1
163,1
163,1
163,1
163,1
163,1
163,1
163,1
163,1
163,1
163,1
163,1
163,1
163,1
163,1
163,1
163,1
163,1
163,1
163,1
163,1
163,1
163,1
163,1
163,1
163,1
163,1
163,1
163,1
163,1
163,1
163,1
164,96
164,56
164,36
164,13
164,12
164,10
164,8
164,7
164,6
164,6
164,6
164,4
164,4
164,3
164,3
164,3
164,3
164,3
164,3
164,3
164,2
164,2
164,2
164,2
164,2
164,2
164,2
164,2
164,2
164,2
164,1
164,1
164,1
164,1
164,1
164,1
164,1
164,1
164,1
164,1
164,1
164,1
164,1
164,1
164,1
164,1
164,1
164,1
164,1
164,1
164,1
164,1
164,1
164,1
164,1
164,1
164,1
164,1
164,1
164,1
164,1
164,1
164,1
164,1
164,1
164,1
164,1
164,1
164,1
164,1
164,1
165,135
165,81
165,45
165,11
165,11
165,10
165,6
165,5
165,5
165,5
165,4
165,4
165,4
165,3
165,3
165,3
165,2
165,2
165,2
165,2
165,2
165,2
165,2
165,2
165,2
165,2
165,2
165,1
165,1
165,1
165,1
165,1
165,1
165,1
165,1
165,1
165,1
165,1
165,1
165,1
165,1
165,1
165,1
165,1
165,1
165,1
165,1
165,1
165,1
165,1
165,1
165,1
165,1
165,1
165,1
165,1
165,1
165,1
165,1
165,1
165,1
165,1
165,1
165,1
165,1
165,1
165,1
165,1
165,1
165,1
165,1
165,1
165,1
165,1
165,1
165,1
166,178
166,53
166,18
166,9
166,9
166,8
166,5
166,3
166,3
166,3
166,3
166,3
166,3
166,3
166,2
166,2
166,2
166,2
166,2
166,2
166,2
166,2
166,2
166,2
166,1
166,1
166,1
166,1
166,1
166,1
166,1
166,1
166,1
166,1
166,1
166,1
166,1
166,1
166,1
166,1
166,1
166,1
166,1
166,1
166,1
166,1
166,1
166,1
166,1
166,1
166,1
166,1
166,1
166,1
166,1
166,1
166,1
166,1
166,1
166,1
166,1
166,1
166,1
166,1
166,1
166,1
166,1
166,1
166,1
166,1
166,1
167,133
167,50
167,11
167,10
167,9
167,8
167,7
167,7
167,6
167,6
167,5
167,4
167,4
167,4
167,4
167,3
167,3
167,3
167,3
167,3
167,2
167,2
167,2
167,2
167,2
167,2
167,2
167,2
167,1
167,1
167,1
167,1
167,1
167,1
167,1
167,1
167,1
167,1
167,1
167,1
167,1
167,1
167,1
167,1
167,1
167,1
167,1
167,1
167,1
167,1
167,1
167,1
167,1
167,1
167,1
167,1
167,1
167,1
167,1
167,1
168,143
168,90
168,22
168,20
168,10
168,9
168,5
168,4
168,4
168,4
168,3
168,3
168,3
168,3
168,3
168,2
168,2
168,2
168,2
168,2
168,2
168,2
168,2
168,2
168,2
168,2
168,2
168,2
168,2
168,1
168,1
168,1
168,1
168,1
168,1
168,1
168,1
168,1
168,1
168,1
168,1
168,1
168,1
168,1
168,1
168,1
168,1
168,1
168,1
168,1
168,1
168,1
168,1
168,1
168,1
168,1
168,1
168,1
168,1
168,1
168,1
168,1
168,1
168,1
168,1
168,1
168,1
168,1
168,1
168,1
168,1
168,1
168,1
168,1
169,95
169,71
169,64
169,22
169,14
169,9
169,5
169,5
169,5
169,4
169,4
169,3
169,3
169,3
169,3
169,3
169,2
169,2
169,2
169,2
169,2
169,2
169,2
169,2
169,2
169,2
169,1
169,1
169,1
169,1
169,1
169,1
169,1
169,1
169,1
169,1
169,1
169,1
169,1
169,1
169,1
169,1
169,1
169,1
169,1
169,1
169,1
169,1
169,1
169,1
169,1
169,1
169,1
169,1
169,1
169,1
169,1
169,1
169,1
169,1
169,1
169,1
169,1
169,1
169,1
169,1
169,1
169,1
169,1
169,1
169,1
170,122
170,32
170,20
170,20
170,14
170,11
170,7
170,7
170,4
170,4
170,3
170,3
170,3
170,3
170,3
170,3
170,2
170,2
170,2
170,2
170,2
170,2
170,2
170,2
170,2
170,2
170,2
170,2
170,2
170,2
170,1
170,1
170,1
170,1
170,1
170,1
170,1
170,1
170,1
170,1
170,1
170,1
170,1
170,1
170,1
170,1
170,1
170,1
170,1
170,1
170,1
170,1
170,1
170,1
170,1
170,1
170,1
170,1
170,1
170,1
170,1
170,1
170,1
170,1
170,1
170,1
171,125
171,87
171,26
171,23
171,10
171,7
171,6
171,6
171,6
171,5
171,4
171,4
171,4
171,4
171,3
171,3
171,2
171,2
171,2
171,2
171,2
171,2
171,2
171,2
171,2
171,2
171,2
171,2
171,1
171,1
171,1
171,1
171,1
171,1
171,1
171,1
171,1
171,1
171,1
171,1
171,1
171,1
171,1
171,1
171,1
171,1
171,1
171,1
171,1
171,1
171,1
171,1
171,1
171,1
171,1
171,1
171,1
171,1
171,1
171,1
171,1
171,1
171,1
171,1
171,1
171,1
171,1
171,1
171,1
171,1
172,128
172,58
172,18
172,18
172,13
172,10
172,9
172,7
172,5
172,4
172,4
172,4
172,4
172,4
172,3
172,3
172,3
172,3
172,2
172,2
172,2
172,2
172,2
172,2
172,2
172,2
172,2
172,2
172,2
172,2
172,2
172,2
172,2
172,1
172,1
172,1
172,1
172,1
172,1
172,1
172,1
172,1
172,1
172,1
172,1
172,1
172,1
172,1
172,1
172,1
172,1
172,1
172,1
172,1
172,1
172,1
172,1
172,1
172,1
172,1
172,1
172,1
172,1
172,1
172,1
172,1
172,1
172,1
172,1
172,1
172,1
172,1
172,1
173,184
173,29
173,21
173,14
173,14
173,12
173,6
173,4
173,4
173,4
173,4
173,3
173,3
173,3
173,2
173,2
173,2
173,2
173,2
173,2
173,2
173,2
173,2
173,1
173,1
173,1
173,1
173,1
173,1
173,1
173,1
173,1
173,1
173,1
173,1
173,1
173,1
173,1
173,1
173,1
173,1
173,1
173,1
173,1
173,1
173,1
173,1
173,1
173,1
173,1
173,1
173,1
173,1
173,1
173,1
173,1
173,1
173,1
173,1
173,1
173,1
173,1
173,1
173,1
173,1
173,1
173,1
173,1
173,1
173,1
174,111
174,64
174,36
174,9
174,8
174,7
174,6
174,5
174,5
174,4
174,3
174,3
174,3
174,3
174,3
174,3
174,3
174,3
174,2
174,2
174,2
174,2
174,2
174,2
174,2
174,2
174,2
174,2
174,2
174,2
174,2
174,2
174,1
174,1
174,1
174,1
174,1
174,1
174,1
174,1
174,1
174,1
174,1
174,1
174,1
174,1
174,1
174,1
174,1
174,1
174,1
174,1
174,1
174,1
174,1
174,1
174,1
174,1
174,1
174,1
174,1
174,1
174,1
174,1
174,1
174,1
174,1
174,1
174,1
174,1
174,1
174,1
174,1
175,106
175,100
175,21
175,15
175,13
175,12
175,9
175,9
175,7
175,6
175,6
175,5
175,4
175,3
175,3
175,3
175,3
175,3
175,3
175,2
175,2
175,2
175,2
175,2
175,2
175,2
175,2
175,2
175,2
175,2
175,1
175,1
175,1
175,1
175,1
175,1
175,1
175,1
175,1
175,1
175,1
175,1
175,1
175,1
175,1
175,1
175,1
175,1
175,1
175,1
175,1
175,1
175,1
175,1
175,1
175,1
175,1
175,1
175,1
175,1
175,1
175,1
175,1
175,1
175,1
175,1
175,1
175,1
176,104
176,72
176,62
176,7
176,5
176,4
176,4
176,4
176,3
176,3
176,3
176,3
176,3
176,2
176,2
176,2
176,2
176,2
176,2
176,2
176,2
176,2
176,2
176,2
176,2
176,2
176,2
176,1
176,1
176,1
176,1
176,1
176,1
176,1
176,1
176,1
176,1
176,1
176,1
176,1
176,1
176,1
176,1
176,1
176,1
176,1
176,1
176,1
176,1
176,1
176,1
176,1
176,1
176,1
176,1
176,1
176,1
176,1
176,1
176,1
176,1
176,1
176,1
176,1
176,1
176,1
176,1
176,1
176,1
176,1
177,176
177,13
177,7
177,6
177,6
177,5
177,4
177,4
177,3
177,3
177,3
177,3
177,3
177,3
177,3
177,2
177,2
177,2
177,2
177,2
177,2
177,2
177,2
177,2
177,2
177,2
177,1
177,1
177,1
177,1
177,1
177,1
177,1
177,1
177,1
177,1
177,1
177,1
177,1
177,1
177,1
177,1
177,1
177,1
177,1
177,1
177,1
177,1
177,1
177,1
177,1
177,1
177,1
177,1
177,1
177,1
177,1
177,1
177,1
177,1
177,1
177,1
177,1
177,1
177,1
177,1
177,1
177,1
177,1
177,1
177,1
177,1
177,1
178,109
178,67
178,42
178,22
178,18
178,10
178,8
178,7
178,4
178,4
178,3
178,3
178,3
178,3
178,3
178,3
178,3
178,3
178,2
178,2
178,2
178,2
178,2
178,2
178,2
178,2
178,2
178,2
178,2
178,2
178,2
178,1
178,1
178,1
178,1
178,1
178,1
178,1
178,1
178,1
178,1
178,1
178,1
178,1
178,1
178,1
178,1
178,1
178,1
178,1
178,1
178,1
178,1
178,1
178,1
178,1
178,1
178,1
178,1
178,1
178,1
178,1
178,1
178,1
178,1
179,91
179,63
179,21
179,18
179,14
179,13
179,8
179,7
179,7
179,5
179,4
179,3
179,3
179,3
179,2
179,2
179,2
179,2
179,2
179,2
179,2
179,2
179,2
179,2
179,2
179,2
179,2
179,1
179,1
179,1
179,1
179,1
179,1
179,1
179,1
179,1
179,1
179,1
179,1
179,1
179,1
179,1
179,1
179,1
179,1
179,1
179,1
179,1
179,1
179,1
179,1
179,1
179,1
179,1
179,1
179,1
179,1
179,1
179,1
179,1
179,1
179,1
179,1
179,1
179,1
179,1
179,1
179,1
179,1
179,1
180,261
180,15
180,8
180,5
180,5
180,4
180,3
180,3
180,3
180,3
180,3
180,3
180,2
180,2
180,2
180,2
180,2
180,2
180,2
180,2
180,2
180,1
180,1
180,1
180,1
180,1
180,1
180,1
180,1
180,1
180,1
180,1
180,1
180,1
180,1
180,1
180,1
180,1
180,1
180,1
180,1
180,1
180,1
180,1
180,1
180,1
180,1
180,1
180,1
180,1
180,1
180,1
180,1
180,1
180,1
180,1
180,1
180,1
180,1
180,1
180,1
180,1
180,1
180,1
180,1
180,1
180,1
180,1
180,1
180,1
180,1
180,1
180,1
180,1
181,206
181,19
181,19
181,19
181,15
181,12
181,8
181,6
181,6
181,5
181,4
181,4
181,3
181,3
181,3
181,3
181,3
181,3
181,2
181,2
181,2
181,2
181,2
181,2
181,2
181,2
181,2
181,2
181,2
181,1
181,1
181,1
181,1
181,1
181,1
181,1
181,1
181,1
181,1
181,1
181,1
181,1
181,1
181,1
181,1
181,1
181,1
181,1
181,1
181,1
181,1
181,1
181,1
181,1
181,1
181,1
181,1
181,1
181,1
181,1
181,1
181,1
181,1
181,1
181,1
181,1
181,1
181,1
181,1
181,1
181,1
181,1
181,1
181,1
182,171
182,22
182,12
182,10
182,9
182,8
182,8
182,8
182,7
182,6
182,5
182,5
182,4
182,4
182,3
182,3
182,3
182,3
182,3
182,3
182,2
182,2
182,2
182,2
182,2
182,2
182,2
182,2
182,2
182,2
182,1
182,1
182,1
182,1
182,1
182,1
182,1
182,1
182,1
182,1
182,1
182,1
182,1
182,1
182,1
182,1
182,1
182,1
182,1
182,1
182,1
182,1
182,1
182,1
182,1
182,1
182,1
182,1
182,1
182,1
182,1
182,1
182,1
182,1
182,1
182,1
182,1
182,1
182,1
182,1
182,1
182,1
182,1
182,1
182,1
182,1
182,1
182,1
182,1
182,1
182,1
182,1
182,1
182,1
182,1
182,1
182,1
182,1
183,234
183,41
183,16
183,11
183,9
183,8
183,7
183,7
183,7
183,6
183,5
183,4
183,4
183,4
183,4
183,3
183,2
183,2
183,2
183,2
183,2
183,2
183,2
183,2
183,2
183,2
183,2
183,2
183,1
183,1
183,1
183,1
183,1
183,1
183,1
183,1
183,1
183,1
183,1
183,1
183,1
183,1
183,1
183,1
183,1
183,1
183,1
183,1
183,1
183,1
183,1
183,1
183,1
183,1
183,1
183,1
183,1
183,1
183,1
183,1
183,1
183,1
183,1
183,1
183,1
183,1
183,1
184,128
184,80
184,51
184,10
184,5
184,4
184,4
184,4
184,3
184,3
184,3
184,3
184,3
184,3
184,3
184,3
184,3
184,2
184,2
184,2
184,2
184,2
184,2
184,2
184,2
184,2
184,2
184,2
184,2
184,1
184,1
184,1
184,1
184,1
184,1
184,1
184,1
184,1
184,1
184,1
184,1
184,1
184,1
184,1
184,1
184,1
184,1
184,1
184,1
184,1
184,1
184,1
184,1
184,1
184,1
184,1
184,1
184,1
184,1
184,1
184,1
184,1
184,1
184,1
184,1
184,1
184,1
184,1
184,1
184,1
184,1
184,1
184,1
184,1
184,1
184,1
184,1
184,1
184,1
184,1
184,1
184,1
184,1
184,1
184,1
185,100
185,68
185,36
185,18
185,15
185,12
185,11
185,10
185,6
185,6
185,5
185,5
185,5
185,4
185,4
185,4
185,3
185,3
185,3
185,3
185,3
185,3
185,3
185,3
185,2
185,2
185,2
185,2
185,2
185,2
185,2
185,1
185,1
185,1
185,1
185,1
185,1
185,1
185,1
185,1
185,1
185,1
185,1
185,1
185,1
185,1
185,1
185,1
185,1
185,1
185,1
185,1
185,1
185,1
185,1
185,1
185,1
185,1
185,1
185,1
185,1
185,1
185,1
185,1
185,1
185,1
185,1
185,1
185,1
185,1
185,1
185,1
185,1
185,1
185,1
185,1
186,128
186,37
186,24
186,22
186,15
186,8
186,7
186,7
186,6
186,4
186,4
186,4
186,3
186,3
186,3
186,3
186,2
186,2
186,2
186,2
186,2
186,2
186,2
186,2
186,2
186,2
186,1
186,1
186,1
186,1
186,1
186,1
186,1
186,1
186,1
186,1
186,1
186,1
186,1
186,1
186,1
186,1
186,1
186,1
186,1
186,1
186,1
186,1
186,1
186,1
186,1
186,1
186,1
186,1
186,1
186,1
186,1
186,1
186,1
186,1
186,1
187,195
187,62
187,8
187,7
187,7
187,6
187,6
187,5
187,4
187,4
187,4
187,4
187,3
187,3
187,3
187,3
187,3
187,2
187,2
187,2
187,2
187,2
187,2
187,2
187,2
187,2
187,2
187,2
187,2
187,2
187,2
187,1
187,1
187,1
187,1
187,1
187,1
187,1
187,1
187,1
187,1
187,1
187,1
187,1
187,1
187,1
187,1
187,1
187,1
187,1
187,1
187,1
187,1
187,1
187,1
187,1
187,1
187,1
187,1
187,1
187,1
187,1
187,1
187,1
187,1
187,1
187,1
187,1
187,1
187,1
187,1
188,152
188,53
188,27
188,15
188,6
188,4
188,4
188,4
188,3
188,3
188,3
188,2
188,2
188,2
188,2
188,2
188,2
188,2
188,2
188,2
188,2
188,2
188,2
188,2
188,2
188,1
188,1
188,1
188,1
188,1
188,1
188,1
188,1
188,1
188,1
188,1
188,1
188,1
188,1
188,1
188,1
188,1
188,1
188,1
188,1
188,1
188,1
188,1
188,1
188,1
188,1
188,1
188,1
188,1
188,1
188,1
188,1
188,1
188,1
188,1
188,1
188,1
188,1
188,1
188,1
188,1
188,1
188,1
188,1
188,1
188,1
188,1
189,62
189,60
189,54
189,16
189,13
189,8
189,7
189,5
189,5
189,5
189,5
189,4
189,4
189,4
189,3
189,3
189,3
189,3
189,3
189,3
189,3
189,3
189,3
189,3
189,2
189,2
189,2
189,2
189,2
189,2
189,2
189,2
189,2
189,2
189,1
189,1
189,1
189,1
189,1
189,1
189,1
189,1
189,1
189,1
189,1
189,1
189,1
189,1
189,1
189,1
189,1
189,1
189,1
189,1
189,1
189,1
189,1
189,1
189,1
189,1
189,1
189,1
189,1
189,1
189,1
189,1
189,1
189,1
189,1
189,1
189,1
189,1
190,217
190,57
190,20
190,9
190,8
190,7
190,4
190,4
190,4
190,3
190,3
190,3
190,2
190,2
190,2
190,2
190,2
190,2
190,2
190,2
190,2
190,2
190,2
190,1
190,1
190,1
190,1
190,1
190,1
190,1
190,1
190,1
190,1
190,1
190,1
190,1
190,1
190,1
190,1
190,1
190,1
190,1
190,1
190,1
190,1
190,1
190,1
190,1
190,1
190,1
190,1
190,1
190,1
190,1
190,1
190,1
190,1
190,1
190,1
190,1
190,1
190,1
190,1
190,1
190,1
190,1
190,1
191,159
191,54
191,24
191,20
191,11
191,9
191,8
191,8
191,7
191,6
191,5
191,4
191,4
191,3
191,3
191,2
191,2
191,2
191,2
191,2
191,2
191,2
191,2
191,1
191,1
191,1
191,1
191,1
191,1
191,1
191,1
191,1
191,1
191,1
191,1
191,1
191,1
191,1
191,1
191,1
191,1
191,1
191,1
191,1
191,1
191,1
191,1
191,1
191,1
191,1
191,1
191,1
191,1
191,1
191,1
191,1
191,1
191,1
191,1
191,1
191,1
191,1
191,1
191,1
191,1
191,1
191,1
191,1
192,60
192,42
192,38
192,22
192,13
192,11
192,11
192,10
192,8
192,5
192,5
192,5
192,4
192,3
192,3
192,3
192,3
192,3
192,3
192,2
192,2
192,2
192,2
192,2
192,2
192,2
192,2
192,2
192,2
192,2
192,2
192,2
192,2
192,2
192,2
192,1
192,1
192,1
192,1
192,1
192,1
192,1
192,1
192,1
192,1
192,1
192,1
192,1
192,1
192,1
192,1
192,1
192,1
192,1
192,1
192,1
192,1
192,1
192,1
192,1
192,1
192,1
192,1
192,1
192,1
192,1
192,1
192,1
192,1
192,1
192,1
192,1
192,1
192,1
192,1
192,1
192,1
192,1
192,1
192,1
192,1
192,1
192,1
192,1
192,1
192,1
192,1
193,169
193,46
193,37
193,13
193,6
193,5
193,5
193,4
193,4
193,3
193,3
193,3
193,3
193,2
193,2
193,2
193,2
193,2
193,2
193,2
193,2
193,2
193,2
193,2
193,2
193,2
193,1
193,1
193,1
193,1
193,1
193,1
193,1
193,1
193,1
193,1
193,1
193,1
193,1
193,1
193,1
193,1
193,1
193,1
193,1
193,1
193,1
193,1
193,1
193,1
193,1
193,1
193,1
193,1
193,1
193,1
193,1
193,1
193,1
193,1
193,1
193,1
193,1
193,1
193,1
193,1
193,1
193,1
193,1
193,1
193,1
193,1
193,1
193,1
193,1
193,1
193,1
194,58
194,52
194,47
194,20
194,19
194,16
194,12
194,10
194,8
194,7
194,5
194,5
194,4
194,4
194,4
194,3
194,3
194,3
194,3
194,2
194,2
194,2
194,2
194,2
194,2
194,2
194,2
194,2
194,2
194,2
194,2
194,2
194,2
194,1
194,1
194,1
194,1
194,1
194,1
194,1
194,1
194,1
194,1
194,1
194,1
194,1
194,1
194,1
194,1
194,1
194,1
194,1
194,1
194,1
194,1
194,1
194,1
194,1
194,1
194,1
194,1
194,1
194,1
194,1
194,1
194,1
194,1
194,1
194,1
194,1
194,1
194,1
194,1
194,1
194,1
194,1
194,1
194,1
194,1
195,194
195,47
195,14
195,10
195,8
195,6
195,5
195,5
195,5
195,4
195,4
195,4
195,3
195,3
195,3
195,3
195,3
195,3
195,3
195,2
195,2
195,2
195,2
195,2
195,2
195,2
195,2
195,2
195,1
195,1
195,1
195,1
195,1
195,1
195,1
195,1
195,1
195,1
195,1
195,1
195,1
195,1
195,1
195,1
195,1
195,1
195,1
195,1
195,1
195,1
195,1
195,1
195,1
195,1
195,1
195,1
195,1
195,1
195,1
195,1
195,1
195,1
195,1
195,1
195,1
195,1
195,1
196,186
196,28
196,23
196,11
196,8
196,7
196,5
196,5
196,5
196,3
196,3
196,3
196,3
196,3
196,3
196,2
196,2
196,2
196,2
196,2
196,2
196,2
196,2
196,1
196,1
196,1
196,1
196,1
196,1
196,1
196,1
196,1
196,1
196,1
196,1
196,1
196,1
196,1
196,1
196,1
196,1
196,1
196,1
196,1
196,1
196,1
196,1
196,1
196,1
196,1
196,1
196,1
196,1
196,1
196,1
196,1
196,1
196,1
196,1
196,1
196,1
196,1
196,1
196,1
196,1
196,1
196,1
196,1
196,1
196,1
196,1
196,1
196,1
196,1
197,108
197,19
197,18
197,12
197,10
197,10
197,7
197,7
197,6
197,5
197,5
197,4
197,4
197,4
197,3
197,3
197,3
197,3
197,3
197,2
197,2
197,2
197,2
197,1
197,1
197,1
197,1
197,1
197,1
197,1
197,1
197,1
197,1
197,1
197,1
197,1
197,1
197,1
197,1
197,1
197,1
197,1
197,1
197,1
197,1
197,1
197,1
197,1
197,1
197,1
197,1
197,1
197,1
197,1
197,1
197,1
197,1
197,1
197,1
197,1
197,1
197,1
197,1
197,1
197,1
197,1
197,1
198,60
198,50
198,32
198,27
198,13
198,12
198,11
198,10
198,6
198,6
198,5
198,4
198,4
198,4
198,4
198,4
198,3
198,3
198,3
198,3
198,2
198,2
198,2
198,2
198,2
198,2
198,2
198,2
198,1
198,1
198,1
198,1
198,1
198,1
198,1
198,1
198,1
198,1
198,1
198,1
198,1
198,1
198,1
198,1
198,1
198,1
198,1
198,1
198,1
198,1
198,1
198,1
198,1
198,1
198,1
198,1
198,1
198,1
198,1
198,1
198,1
198,1
198,1
198,1
198,1
198,1
198,1
198,1
198,1
198,1
198,1
198,1
199,122
199,42
199,40
199,13
199,11
199,8
199,7
199,6
199,5
199,3
199,3
199,3
199,3
199,3
199,3
199,2
199,2
199,2
199,2
199,2
199,2
199,2
199,2
199,2
199,2
199,2
199,2
199,2
199,2
199,1
199,1
199,1
199,1
199,1
199,1
199,1
199,1
199,1
199,1
199,1
199,1
199,1
199,1
199,1
199,1
199,1
199,1
199,1
199,1
199,1
199,1
199,1
199,1
199,1
199,1
199,1
199,1
199,1
199,1
199,1
199,1
199,1
199,1
199,1
199,1
199,1
199,1
199,1
199,1
199,1
199,1
199,1
199,1
199,1
199,1
199,1
199,1
199,1
199,1
200,182
200,42
200,28
200,9
200,8
200,8
200,6
200,6
200,4
200,4
200,4
200,4
200,4
200,3
200,3
200,3
200,3
200,2
200,2
200,2
200,2
200,2
200,2
200,2
200,2
200,1
200,1
200,1
200,1
200,1
200,1
200,1
200,1
200,1
200,1
200,1
200,1
200,1
200,1
200,1
200,1
200,1
200,1
200,1
200,1
200,1
200,1
200,1
200,1
200,1
200,1
200,1
200,1
200,1
200,1
200,1
200,1
200,1
200,1
200,1
200,1
200,1
200,1
200,1
200,1
200,1
200,1
200,1
200,1
200,1
200,1
200,1
200,1
200,1
200,1
201,134
201,124
201,40
201,22
201,9
201,7
201,4
201,4
201,3
201,3
201,3
201,3
201,3
201,2
201,2
201,2
201,2
201,2
201,2
201,2
201,2
201,2
201,2
201,2
201,2
201,1
201,1
201,1
201,1
201,1
201,1
201,1
201,1
201,1
201,1
201,1
201,1
201,1
201,1
201,1
201,1
201,1
201,1
201,1
201,1
201,1
201,1
201,1
201,1
201,1
201,1
201,1
201,1
201,1
201,1
201,1
202,82
202,79
202,23
202,14
202,14
202,8
202,7
202,6
202,4
202,4
202,4
202,3
202,3
202,3
202,2
202,2
202,2
202,2
202,2
202,2
202,2
202,2
202,2
202,2
202,2
202,2
202,2
202,2
202,2
202,2
202,2
202,1
202,1
202,1
202,1
202,1
202,1
202,1
202,1
202,1
202,1
202,1
202,1
202,1
202,1
202,1
202,1
202,1
202,1
202,1
202,1
202,1
202,1
202,1
202,1
202,1
202,1
202,1
202,1
202,1
202,1
202,1
202,1
202,1
202,1
202,1
202,1
202,1
202,1
202,1
202,1
202,1
202,1
202,1
202,1
202,1
202,1
202,1
202,1
202,1
202,1
202,1
202,1
203,166
203,15
203,14
203,12
203,9
203,9
203,8
203,8
203,5
203,5
203,4
203,4
203,4
203,4
203,3
203,3
203,3
203,3
203,3
203,2
203,2
203,2
203,2
203,2
203,2
203,2
203,2
203,1
203,1
203,1
203,1
203,1
203,1
203,1
203,1
203,1
203,1
203,1
203,1
203,1
203,1
203,1
203,1
203,1
203,1
203,1
203,1
203,1
203,1
203,1
203,1
203,1
203,1
203,1
203,1
203,1
203,1
203,1
203,1
203,1
203,1
203,1
203,1
203,1
203,1
203,1
204,211
204,13
204,12
204,11
204,9
204,6
204,5
204,5
204,5
204,4
204,4
204,3
204,3
204,3
204,2
204,2
204,2
204,2
204,2
204,2
204,2
204,2
204,2
204,2
204,2
204,2
204,1
204,1
204,1
204,1
204,1
204,1
204,1
204,1
204,1
204,1
204,1
204,1
204,1
204,1
204,1
204,1
204,1
204,1
204,1
204,1
204,1
204,1
204,1
204,1
204,1
204,1
204,1
204,1
204,1
204,1
204,1
204,1
204,1
204,1
204,1
204,1
204,1
204,1
204,1
204,1
204,1
204,1
204,1
204,1
205,88
205,41
205,32
205,31
205,11
205,8
205,7
205,5
205,4
205,4
205,4
205,4
205,4
205,4
205,3
205,3
205,2
205,2
205,2
205,2
205,2
205,2
205,2
205,2
205,2
205,2
205,2
205,2
205,2
205,2
205,2
205,2
205,2
205,2
205,2
205,2
205,1
205,1
205,1
205,1
205,1
205,1
205,1
205,1
205,1
205,1
205,1
205,1
205,1
205,1
205,1
205,1
205,1
205,1
205,1
205,1
205,1
205,1
205,1
205,1
205,1
205,1
205,1
205,1
205,1
205,1
205,1
205,1
205,1
205,1
205,1
205,1
205,1
205,1
205,1
205,1
206,81
206,30
206,16
206,10
206,10
206,9
206,8
206,8
206,5
206,5
206,4
206,4
206,4
206,3
206,3
206,3
206,3
206,3
206,3
206,3
206,2
206,2
206,2
206,2
206,2
206,2
206,2
206,2
206,2
206,2
206,2
206,2
206,2
206,1
206,1
206,1
206,1
206,1
206,1
206,1
206,1
206,1
206,1
206,1
206,1
206,1
206,1
206,1
206,1
206,1
206,1
206,1
206,1
206,1
206,1
206,1
206,1
206,1
206,1
206,1
206,1
206,1
206,1
206,1
206,1
206,1
206,1
206,1
206,1
206,1
206,1
206,1
206,1
206,1
206,1
206,1
206,1
206,1
206,1
206,1
206,1
206,1
206,1
206,1
207,203
207,18
207,16
207,9
207,7
207,5
207,4
207,4
207,4
207,4
207,4
207,3
207,3
207,3
207,3
207,3
207,2
207,2
207,2
207,2
207,2
207,2
207,2
207,2
207,2
207,2
207,2
207,2
207,2
207,2
207,2
207,1
207,1
207,1
207,1
207,1
207,1
207,1
207,1
207,1
207,1
207,1
207,1
207,1
207,1
207,1
207,1
207,1
207,1
207,1
207,1
207,1
207,1
207,1
207,1
207,1
207,1
207,1
207,1
207,1
207,1
207,1
207,1
207,1
207,1
207,1
207,1
207,1
207,1
208,174
208,79
208,79
208,14
208,7
208,6
208,5
208,4
208,3
208,3
208,3
208,3
208,2
208,2
208,2
208,2
208,2
208,2
208,2
208,2
208,2
208,2
208,2
208,2
208,1
208,1
208,1
208,1
208,1
208,1
208,1
208,1
208,1
208,1
208,1
208,1
208,1
208,1
208,1
208,1
208,1
208,1
208,1
208,1
208,1
208,1
208,1
208,1
208,1
208,1
208,1
208,1
208,1
208,1
208,1
208,1
208,1
208,1
208,1
208,1
208,1
208,1
208,1
208,1
208,1
208,1
208,1
208,1
208,1
208,1
209,224
209,35
209,19
209,9
209,7
209,5
209,5
209,5
209,5
209,4
209,4
209,3
209,3
209,3
209,3
209,3
209,3
209,3
209,2
209,2
209,2
209,2
209,2
209,2
209,2
209,2
209,2
209,2
209,1
209,1
209,1
209,1
209,1
209,1
209,1
209,1
209,1
209,1
209,1
209,1
209,1
209,1
209,1
209,1
209,1
209,1
209,1
209,1
209,1
209,1
209,1
209,1
209,1
209,1
209,1
209,1
209,1
209,1
209,1
209,1
209,1
209,1
209,1
209,1
209,1
209,1
209,1
210,277
210,27
210,8
210,6
210,6
210,5
210,5
210,5
210,5
210,3
210,3
210,3
210,2
210,2
210,2
210,2
210,2
210,2
210,2
210,2
210,2
210,2
210,2
210,2
210,1
210,1
210,1
210,1
210,1
210,1
210,1
210,1
210,1
210,1
210,1
210,1
210,1
210,1
210,1
210,1
210,1
210,1
210,1
210,1
210,1
210,1
210,1
210,1
210,1
210,1
210,1
210,1
210,1
210,1
210,1
210,1
210,1
210,1
210,1
210,1
210,1
210,1
210,1
210,1
210,1
210,1
211,77
211,45
211,39
211,25
211,24
211,13
211,13
211,13
211,12
211,7
211,5
211,4
211,3
211,3
211,3
211,3
211,3
211,2
211,2
211,2
211,2
211,2
211,2
211,2
211,2
211,2
211,2
211,2
211,2
211,2
211,2
211,2
211,2
211,2
211,1
211,1
211,1
211,1
211,1
211,1
211,1
211,1
211,1
211,1
211,1
211,1
211,1
211,1
211,1
211,1
211,1
211,1
211,1
211,1
211,1
211,1
211,1
211,1
211,1
211,1
211,1
211,1
211,1
211,1
211,1
211,1
211,1
211,1
211,1
211,1
211,1
211,1
211,1
211,1
211,1
211,1
212,118
212,118
212,47
212,7
212,6
212,6
212,6
212,5
212,4
212,4
212,4
212,3
212,3
212,2
212,2
212,2
212,2
212,2
212,2
212,2
212,2
212,2
212,2
212,2
212,2
212,2
212,1
212,1
212,1
212,1
212,1
212,1
212,1
212,1
212,1
212,1
212,1
212,1
212,1
212,1
212,1
212,1
212,1
212,1
212,1
212,1
212,1
212,1
212,1
212,1
212,1
212,1
212,1
212,1
212,1
212,1
212,1
212,1
212,1
212,1
212,1
212,1
212,1
212,1
212,1
212,1
212,1
212,1
212,1
212,1
212,1
212,1
213,145
213,12
213,12
213,12
213,10
213,8
213,7
213,6
213,6
213,5
213,4
213,3
213,3
213,3
213,3
213,3
213,3
213,2
213,2
213,2
213,2
213,2
213,2
213,2
213,2
213,2
213,2
213,2
213,2
213,2
213,2
213,2
213,1
213,1
213,1
213,1
213,1
213,1
213,1
213,1
213,1
213,1
213,1
213,1
213,1
213,1
213,1
213,1
213,1
213,1
213,1
213,1
213,1
213,1
213,1
213,1
213,1
213,1
213,1
213,1
213,1
213,1
213,1
213,1
213,1
213,1
213,1
213,1
213,1
213,1
213,1
213,1
214,138
214,61
214,42
214,10
214,9
214,8
214,6
214,6
214,5
214,4
214,4
214,2
214,2
214,2
214,2
214,2
214,2
214,2
214,2
214,2
214,2
214,2
214,2
214,2
214,2
214,2
214,2
214,1
214,1
214,1
214,1
214,1
214,1
214,1
214,1
214,1
214,1
214,1
214,1
214,1
214,1
214,1
214,1
214,1
214,1
214,1
214,1
214,1
214,1
214,1
214,1
214,1
214,1
214,1
214,1
214,1
214,1
214,1
214,1
214,1
214,1
214,1
214,1
214,1
214,1
214,1
214,1
214,1
214,1
214,1
214,1
214,1
214,1
214,1
215,133
215,34
215,28
215,24
215,8
215,6
215,5
215,4
215,4
215,4
215,4
215,4
215,3
215,3
215,3
215,3
215,3
215,3
215,2
215,2
215,2
215,2
215,2
215,2
215,2
215,2
215,2
215,2
215,2
215,2
215,2
215,2
215,1
215,1
215,1
215,1
215,1
215,1
215,1
215,1
215,1
215,1
215,1
215,1
215,1
215,1
215,1
215,1
215,1
215,1
215,1
215,1
215,1
215,1
215,1
215,1
215,1
215,1
215,1
215,1
215,1
215,1
215,1
215,1
215,1
215,1
215,1
215,1
215,1
216,52
216,36
216,28
216,18
216,17
216,15
216,10
216,9
216,8
216,6
216,6
216,5
216,5
216,4
216,4
216,4
216,3
216,3
216,3
216,3
216,3
216,3
216,3
216,3
216,3
216,3
216,2
216,2
216,2
216,2
216,2
216,2
216,2
216,2
216,2
216,2
216,2
216,2
216,1
216,1
216,1
216,1
216,1
216,1
216,1
216,1
216,1
216,1
216,1
216,1
216,1
216,1
216,1
216,1
216,1
216,1
216,1
216,1
216,1
216,1
216,1
216,1
216,1
216,1
216,1
216,1
216,1
216,1
216,1
216,1
216,1
216,1
216,1
216,1
216,1
217,143
217,18
217,18
217,13
217,12
217,10
217,5
217,4
217,4
217,3
217,3
217,3
217,3
217,3
217,2
217,2
217,2
217,2
217,2
217,2
217,2
217,2
217,2
217,2
217,2
217,1
217,1
217,1
217,1
217,1
217,1
217,1
217,1
217,1
217,1
217,1
217,1
217,1
217,1
217,1
217,1
217,1
217,1
217,1
217,1
217,1
217,1
217,1
217,1
217,1
217,1
217,1
217,1
217,1
217,1
217,1
217,1
217,1
217,1
217,1
218,144
218,22
218,16
218,13
218,12
218,8
218,8
218,7
218,6
218,6
218,5
218,5
218,5
218,5
218,4
218,4
218,4
218,3
218,3
218,3
218,3
218,3
218,3
218,3
218,2
218,2
218,2
218,2
218,2
218,2
218,2
218,2
218,2
218,1
218,1
218,1
218,1
218,1
218,1
218,1
218,1
218,1
218,1
218,1
218,1
218,1
218,1
218,1
218,1
218,1
218,1
218,1
218,1
218,1
218,1
218,1
218,1
218,1
218,1
218,1
218,1
218,1
218,1
218,1
218,1
218,1
218,1
218,1
218,1
218,1
218,1
218,1
218,1
218,1
218,1
218,1
218,1
218,1
218,1
218,1
218,1
218,1
218,1
218,1
218,1
218,1
218,1
219,125
219,37
219,31
219,22
219,19
219,12
219,9
219,6
219,5
219,4
219,4
219,4
219,4
219,3
219,3
219,3
219,3
219,3
219,3
219,2
219,2
219,2
219,2
219,2
219,2
219,2
219,2
219,2
219,2
219,2
219,2
219,2
219,2
219,1
219,1
219,1
219,1
219,1
219,1
219,1
219,1
219,1
219,1
219,1
219,1
219,1
219,1
219,1
219,1
219,1
219,1
219,1
219,1
219,1
219,1
219,1
219,1
219,1
219,1
219,1
219,1
219,1
219,1
219,1
219,1
219,1
219,1
219,1
220,46
220,34
220,21
220,14
220,13
220,6
220,5
220,5
220,4
220,4
220,4
220,4
220,3
220,3
220,2
220,2
220,2
220,2
220,2
220,2
220,2
220,2
220,1
220,1
220,1
220,1
220,1
220,1
220,1
220,1
220,1
220,1
220,1
220,1
220,1
220,1
220,1
220,1
220,1
220,1
220,1
220,1
220,1
220,1
220,1
220,1
220,1
220,1
220,1
220,1
220,1
220,1
220,1
220,1
220,1
221,180
221,39
221,22
221,18
221,12
221,5
221,5
221,5
221,5
221,4
221,4
221,4
221,4
221,3
221,3
221,3
221,3
221,3
221,2
221,2
221,2
221,2
221,2
221,2
221,2
221,2
221,2
221,2
221,2
221,1
221,1
221,1
221,1
221,1
221,1
221,1
221,1
221,1
221,1
221,1
221,1
221,1
221,1
221,1
221,1
221,1
221,1
221,1
221,1
221,1
221,1
221,1
221,1
221,1
221,1
221,1
221,1
221,1
221,1
221,1
221,1
221,1
221,1
221,1
221,1
222,127
222,66
222,28
222,16
222,10
222,9
222,8
222,7
222,4
222,4
222,3
222,3
222,3
222,3
222,3
222,3
222,3
222,3
222,3
222,2
222,2
222,2
222,2
222,2
222,2
222,2
222,2
222,2
222,1
222,1
222,1
222,1
222,1
222,1
222,1
222,1
222,1
222,1
222,1
222,1
222,1
222,1
222,1
222,1
222,1
222,1
222,1
222,1
222,1
222,1
222,1
222,1
222,1
222,1
222,1
222,1
222,1
222,1
222,1
222,1
222,1
222,1
222,1
222,1
222,1
222,1
222,1
222,1
222,1
222,1
222,1
222,1
222,1
222,1
222,1
222,1
223,76
223,72
223,58
223,24
223,5
223,5
223,5
223,4
223,4
223,4
223,3
223,3
223,3
223,3
223,3
223,3
223,2
223,2
223,2
223,2
223,2
223,2
223,2
223,2
223,2
223,2
223,2
223,1
223,1
223,1
223,1
223,1
223,1
223,1
223,1
223,1
223,1
223,1
223,1
223,1
223,1
223,1
223,1
223,1
223,1
223,1
223,1
223,1
223,1
223,1
223,1
223,1
223,1
223,1
223,1
223,1
223,1
223,1
223,1
223,1
223,1
223,1
223,1
223,1
223,1
223,1
223,1
223,1
223,1
223,1
223,1
223,1
223,1
223,1
223,1
223,1
223,1
223,1
223,1
223,1
224,181
224,20
224,13
224,11
224,10
224,10
224,6
224,6
224,6
224,5
224,4
224,4
224,4
224,3
224,3
224,3
224,3
224,3
224,3
224,3
224,2
224,2
224,2
224,1
224,1
224,1
224,1
224,1
224,1
224,1
224,1
224,1
224,1
224,1
224,1
224,1
224,1
224,1
224,1
224,1
224,1
224,1
224,1
224,1
224,1
224,1
224,1
224,1
224,1
224,1
224,1
224,1
225,115
225,23
225,14
225,7
225,6
225,6
225,5
225,5
225,4
225,4
225,4
225,3
225,3
225,3
225,2
225,2
225,2
225,2
225,2
225,2
225,2
225,2
225,2
225,2
225,2
225,2
225,1
225,1
225,1
225,1
225,1
225,1
225,1
225,1
225,1
225,1
225,1
225,1
225,1
225,1
225,1
225,1
225,1
225,1
225,1
225,1
225,1
225,1
225,1
225,1
225,1
225,1
225,1
225,1
225,1
225,1
225,1
225,1
225,1
225,1
225,1
225,1
225,1
225,1
225,1
225,1
226,179
226,30
226,22
226,19
226,19
226,6
226,6
226,5
226,5
226,5
226,4
226,3
226,3
226,2
226,2
226,2
226,2
226,2
226,2
226,2
226,2
226,2
226,2
226,2
226,2
226,2
226,2
226,2
226,1
226,1
226,1
226,1
226,1
226,1
226,1
226,1
226,1
226,1
226,1
226,1
226,1
226,1
226,1
226,1
226,1
226,1
226,1
226,1
226,1
226,1
226,1
226,1
226,1
226,1
226,1
226,1
226,1
226,1
226,1
226,1
226,1
226,1
226,1
226,1
226,1
226,1
226,1
226,1
226,1
226,1
226,1
226,1
227,185
227,68
227,20
227,12
227,8
227,8
227,6
227,5
227,5
227,4
227,3
227,3
227,3
227,3
227,2
227,2
227,2
227,2
227,2
227,2
227,2
227,2
227,2
227,2
227,2
227,2
227,2
227,1
227,1
227,1
227,1
227,1
227,1
227,1
227,1
227,1
227,1
227,1
227,1
227,1
227,1
227,1
227,1
227,1
227,1
227,1
227,1
227,1
227,1
227,1
227,1
227,1
227,1
227,1
227,1
227,1
227,1
227,1
228,112
228,78
228,30
228,13
228,10
228,9
228,6
228,6
228,5
228,4
228,4
228,4
228,4
228,3
228,3
228,3
228,3
228,3
228,2
228,2
228,2
228,2
228,2
228,2
228,2
228,2
228,2
228,2
228,2
228,2
228,2
228,1
228,1
228,1
228,1
228,1
228,1
228,1
228,1
228,1
228,1
228,1
228,1
228,1
228,1
228,1
228,1
228,1
228,1
228,1
228,1
228,1
228,1
228,1
228,1
228,1
228,1
228,1
228,1
228,1
228,1
228,1
228,1
228,1
228,1
228,1
228,1
228,1
228,1
228,1
228,1
228,1
228,1
228,1
228,1
228,1
228,1
228,1
228,1
228,1
228,1
228,1
228,1
228,1
229,167
229,27
229,17
229,6
229,5
229,5
229,5
229,4
229,4
229,4
229,4
229,3
229,3
229,3
229,3
229,3
229,2
229,2
229,2
229,2
229,2
229,2
229,2
229,2
229,2
229,2
229,2
229,2
229,2
229,2
229,1
229,1
229,1
229,1
229,1
229,1
229,1
229,1
229,1
229,1
229,1
229,1
229,1
229,1
229,1
229,1
229,1
229,1
229,1
229,1
229,1
229,1
229,1
229,1
229,1
229,1
229,1
229,1
229,1
229,1
229,1
229,1
229,1
229,1
229,1
229,1
229,1
229,1
229,1
229,1
229,1
229,1
230,50
230,29
230,21
230,14
230,11
230,9
230,7
230,7
230,7
230,6
230,6
230,5
230,5
230,4
230,3
230,3
230,3
230,3
230,3
230,2
230,2
230,2
230,2
230,2
230,2
230,2
230,2
230,2
230,2
230,1
230,1
230,1
230,1
230,1
230,1
230,1
230,1
230,1
230,1
230,1
230,1
230,1
230,1
230,1
230,1
230,1
230,1
230,1
230,1
230,1
230,1
230,1
230,1
230,1
230,1
230,1
230,1
230,1
230,1
230,1
230,1
230,1
230,1
230,1
230,1
230,1
230,1
230,1
230,1
230,1
230,1
230,1
230,1
230,1
230,1
230,1
230,1
230,1
230,1
230,1
231,197
231,43
231,21
231,18
231,16
231,12
231,5
231,4
231,4
231,4
231,3
231,3
231,3
231,3
231,3
231,3
231,3
231,3
231,3
231,2
231,2
231,2
231,2
231,2
231,2
231,2
231,2
231,2
231,1
231,1
231,1
231,1
231,1
231,1
231,1
231,1
231,1
231,1
231,1
231,1
231,1
231,1
231,1
231,1
231,1
231,1
231,1
231,1
231,1
231,1
231,1
231,1
231,1
231,1
231,1
231,1
231,1
231,1
231,1
231,1
231,1
231,1
231,1
231,1
231,1
231,1
231,1
231,1
231,1
231,1
231,1
231,1
232,146
232,38
232,32
232,14
232,8
232,7
232,7
232,7
232,7
232,6
232,5
232,5
232,4
232,4
232,3
232,3
232,3
232,3
232,3
232,3
232,3
232,2
232,2
232,2
232,2
232,2
232,2
232,2
232,2
232,2
232,2
232,2
232,1
232,1
232,1
232,1
232,1
232,1
232,1
232,1
232,1
232,1
232,1
232,1
232,1
232,1
232,1
232,1
232,1
232,1
232,1
232,1
232,1
232,1
232,1
232,1
232,1
232,1
232,1
232,1
232,1
232,1
232,1
232,1
232,1
232,1
232,1
232,1
232,1
232,1
232,1
232,1
232,1
232,1
232,1
232,1
232,1
232,1
232,1
232,1
232,1
232,1
232,1
232,1
233,200
233,72
233,39
233,11
233,8
233,7
233,6
233,4
233,4
233,3
233,3
233,2
233,2
233,2
233,2
233,2
233,2
233,2
233,2
233,2
233,2
233,2
233,2
233,2
233,2
233,2
233,2
233,1
233,1
233,1
233,1
233,1
233,1
233,1
233,1
233,1
233,1
233,1
233,1
233,1
233,1
233,1
233,1
233,1
233,1
233,1
233,1
233,1
233,1
233,1
233,1
233,1
233,1
233,1
233,1
233,1
233,1
233,1
233,1
233,1
233,1
233,1
233,1
233,1
233,1
233,1
233,1
233,1
233,1
233,1
233,1
233,1
233,1
233,1
233,1
233,1
234,176
234,83
234,21
234,12
234,9
234,8
234,7
234,5
234,5
234,5
234,5
234,5
234,4
234,4
234,4
234,3
234,3
234,3
234,3
234,3
234,2
234,2
234,2
234,2
234,2
234,2
234,2
234,2
234,2
234,2
234,1
234,1
234,1
234,1
234,1
234,1
234,1
234,1
234,1
234,1
234,1
234,1
234,1
234,1
234,1
234,1
234,1
234,1
234,1
234,1
234,1
234,1
234,1
234,1
234,1
234,1
234,1
234,1
234,1
234,1
234,1
234,1
234,1
234,1
234,1
234,1
234,1
234,1
234,1
234,1
234,1
234,1
234,1
234,1
234,1
234,1
235,64
235,58
235,56
235,29
235,27
235,16
235,13
235,9
235,6
235,5
235,4
235,4
235,4
235,4
235,4
235,3
235,3
235,2
235,2
235,2
235,2
235,2
235,2
235,2
235,1
235,1
235,1
235,1
235,1
235,1
235,1
235,1
235,1
235,1
235,1
235,1
235,1
235,1
235,1
235,1
235,1
235,1
235,1
235,1
235,1
235,1
235,1
235,1
235,1
235,1
235,1
235,1
235,1
235,1
235,1
235,1
235,1
235,1
235,1
235,1
235,1
235,1
236,184
236,114
236,16
236,10
236,10
236,9
236,4
236,3
236,3
236,3
236,3
236,3
236,2
236,2
236,2
236,2
236,2
236,2
236,2
236,2
236,2
236,2
236,2
236,2
236,2
236,2
236,1
236,1
236,1
236,1
236,1
236,1
236,1
236,1
236,1
236,1
236,1
236,1
236,1
236,1
236,1
236,1
236,1
236,1
236,1
236,1
236,1
236,1
236,1
236,1
236,1
236,1
236,1
236,1
236,1
236,1
236,1
236,1
236,1
236,1
236,1
236,1
236,1
236,1
236,1
236,1
236,1
237,61
237,44
237,28
237,23
237,12
237,7
237,6
237,6
237,5
237,4
237,4
237,4
237,4
237,4
237,3
237,3
237,3
237,3
237,3
237,3
237,3
237,2
237,2
237,2
237,2
237,2
237,2
237,2
237,2
237,2
237,1
237,1
237,1
237,1
237,1
237,1
237,1
237,1
237,1
237,1
237,1
237,1
237,1
237,1
237,1
237,1
237,1
237,1
237,1
237,1
237,1
237,1
237,1
237,1
237,1
237,1
237,1
237,1
237,1
237,1
237,1
237,1
238,137
238,39
238,13
238,11
238,7
238,7
238,7
238,6
238,5
238,4
238,4
238,4
238,4
238,3
238,3
238,3
238,3
238,2
238,2
238,2
238,2
238,2
238,1
238,1
238,1
238,1
238,1
238,1
238,1
238,1
238,1
238,1
238,1
238,1
238,1
238,1
238,1
238,1
238,1
238,1
238,1
238,1
238,1
238,1
238,1
238,1
238,1
238,1
238,1
238,1
238,1
238,1
238,1
238,1
238,1
238,1
238,1
238,1
238,1
238,1
238,1
238,1
238,1
238,1
238,1
238,1
238,1
238,1
238,1
238,1
238,1
238,1
238,1
238,1
238,1
239,123
239,88
239,47
239,17
239,7
239,7
239,6
239,4
239,4
239,4
239,4
239,3
239,3
239,3
239,3
239,3
239,2
239,2
239,2
239,2
239,2
239,2
239,2
239,1
239,1
239,1
239,1
239,1
239,1
239,1
239,1
239,1
239,1
239,1
239,1
239,1
239,1
239,1
239,1
239,1
239,1
239,1
239,1
239,1
239,1
239,1
239,1
239,1
239,1
239,1
239,1
239,1
239,1
239,1
239,1
239,1
239,1
239,1
239,1
239,1
239,1
239,1
239,1
239,1
239,1
240,102
240,64
240,50
240,23
240,11
240,8
240,6
240,5
240,5
240,4
240,4
240,4
240,3
240,3
240,3
240,3
240,3
240,2
240,2
240,2
240,2
240,2
240,2
240,2
240,2
240,2
240,2
240,1
240,1
240,1
240,1
240,1
240,1
240,1
240,1
240,1
240,1
240,1
240,1
240,1
240,1
240,1
240,1
240,1
240,1
240,1
240,1
240,1
240,1
240,1
240,1
240,1
240,1
240,1
240,1
240,1
240,1
240,1
240,1
240,1
240,1
240,1
240,1
240,1
240,1
240,1
240,1
240,1
240,1
240,1
240,1
240,1
240,1
240,1
240,1
240,1
240,1
240,1
240,1
241,107
241,77
241,18
241,9
241,6
241,6
241,5
241,5
241,4
241,4
241,4
241,4
241,3
241,3
241,3
241,3
241,3
241,3
241,3
241,2
241,2
241,2
241,2
241,2
241,2
241,2
241,2
241,2
241,2
241,2
241,2
241,2
241,2
241,2
241,1
241,1
241,1
241,1
241,1
241,1
241,1
241,1
241,1
241,1
241,1
241,1
241,1
241,1
241,1
241,1
241,1
241,1
241,1
241,1
241,1
241,1
241,1
241,1
241,1
241,1
241,1
241,1
241,1
241,1
241,1
241,1
241,1
241,1
241,1
241,1
241,1
241,1
241,1
242,239
242,11
242,9
242,4
242,4
242,4
242,3
242,3
242,3
242,2
242,2
242,2
242,2
242,2
242,2
242,2
242,2
242,2
242,2
242,2
242,1
242,1
242,1
242,1
242,1
242,1
242,1
242,1
242,1
242,1
242,1
242,1
242,1
242,1
242,1
242,1
242,1
242,1
242,1
242,1
242,1
242,1
242,1
242,1
242,1
242,1
242,1
242,1
242,1
242,1
242,1
242,1
242,1
242,1
242,1
242,1
242,1
242,1
242,1
242,1
242,1
243,139
243,77
243,20
243,10
243,9
243,6
243,6
243,5
243,4
243,3
243,3
243,3
243,3
243,3
243,3
243,2
243,2
243,2
243,2
243,2
243,2
243,2
243,2
243,2
243,2
243,2
243,1
243,1
243,1
243,1
243,1
243,1
243,1
243,1
243,1
243,1
243,1
243,1
243,1
243,1
243,1
243,1
243,1
243,1
243,1
243,1
243,1
243,1
243,1
243,1
243,1
243,1
243,1
243,1
243,1
243,1
243,1
243,1
243,1
243,1
243,1
243,1
243,1
243,1
243,1
243,1
243,1
243,1
243,1
243,1
243,1
244,113
244,74
244,16
244,10
244,10
244,9
244,8
244,7
244,6
244,5
244,5
244,4
244,4
244,4
244,4
244,4
244,3
244,3
244,3
244,3
244,2
244,2
244,2
244,2
244,2
244,2
244,2
244,2
244,2
244,2
244,2
244,2
244,2
244,1
244,1
244,1
244,1
244,1
244,1
244,1
244,1
244,1
244,1
244,1
244,1
244,1
244,1
244,1
244,1
244,1
244,1
244,1
244,1
244,1
244,1
244,1
244,1
244,1
244,1
244,1
244,1
244,1
244,1
244,1
244,1
244,1
244,1
245,190
245,13
245,11
245,8
245,6
245,5
245,5
245,5
245,4
245,4
245,4
245,4
245,4
245,3
245,3
245,3
245,2
245,2
245,2
245,2
245,2
245,2
245,2
245,2
245,2
245,2
245,2
245,2
245,2
245,2
245,2
245,1
245,1
245,1
245,1
245,1
245,1
245,1
245,1
245,1
245,1
245,1
245,1
245,1
245,1
245,1
245,1
245,1
245,1
245,1
245,1
245,1
245,1
245,1
245,1
245,1
245,1
245,1
245,1
245,1
245,1
245,1
245,1
245,1
245,1
245,1
245,1
245,1
246,83
246,44
246,15
246,13
246,12
246,10
246,9
246,7
246,6
246,6
246,4
246,3
246,3
246,3
246,2
246,2
246,2
246,2
246,2
246,2
246,2
246,2
246,2
246,2
246,2
246,2
246,1
246,1
246,1
246,1
246,1
246,1
246,1
246,1
246,1
246,1
246,1
246,1
246,1
246,1
246,1
246,1
246,1
246,1
246,1
246,1
246,1
246,1
246,1
246,1
246,1
246,1
246,1
246,1
246,1
246,1
246,1
246,1
246,1
246,1
246,1
246,1
246,1
246,1
246,1
246,1
246,1
246,1
246,1
246,1
247,64
247,58
247,30
247,22
247,17
247,16
247,9
247,9
247,7
247,6
247,6
247,4
247,4
247,4
247,4
247,3
247,3
247,3
247,3
247,2
247,2
247,2
247,2
247,2
247,2
247,2
247,2
247,2
247,2
247,2
247,2
247,2
247,2
247,1
247,1
247,1
247,1
247,1
247,1
247,1
247,1
247,1
247,1
247,1
247,1
247,1
247,1
247,1
247,1
247,1
247,1
247,1
247,1
247,1
247,1
247,1
247,1
247,1
247,1
247,1
247,1
247,1
247,1
247,1
247,1
248,143
248,31
248,28
248,14
248,12
248,10
248,9
248,8
248,5
248,5
248,4
248,4
248,4
248,4
248,3
248,3
248,3
248,2
248,2
248,2
248,2
248,2
248,2
248,2
248,2
248,2
248,2
248,1
248,1
248,1
248,1
248,1
248,1
248,1
248,1
248,1
248,1
248,1
248,1
248,1
248,1
248,1
248,1
248,1
248,1
248,1
248,1
248,1
248,1
248,1
248,1
248,1
248,1
248,1
248,1
248,1
248,1
248,1
248,1
248,1
248,1
248,1
248,1
248,1
248,1
248,1
248,1
248,1
248,1
249,68
249,31
249,21
249,21
249,10
249,8
249,7
249,6
249,6
249,6
249,5
249,5
249,4
249,4
249,4
249,4
249,3
249,3
249,3
249,3
249,3
249,3
249,2
249,2
249,2
249,2
249,2
249,2
249,2
249,2
249,2
249,1
249,1
249,1
249,1
249,1
249,1
249,1
249,1
249,1
249,1
249,1
249,1
249,1
249,1
249,1
249,1
249,1
249,1
249,1
249,1
249,1
249,1
249,1
249,1
249,1
249,1
249,1
249,1
249,1
249,1
249,1
249,1
249,1
249,1
249,1
249,1
249,1
249,1
249,1
249,1
249,1
249,1
249,1
249,1
249,1
249,1
249,1
250,167
250,44
250,15
250,14
250,11
250,9
250,7
250,5
250,4
250,4
250,3
250,3
250,3
250,3
250,3
250,2
250,2
250,2
250,2
250,2
250,2
250,2
250,2
250,2
250,2
250,2
250,2
250,2
250,2
250,2
250,2
250,2
250,1
250,1
250,1
250,1
250,1
250,1
250,1
250,1
250,1
250,1
250,1
250,1
250,1
250,1
250,1
250,1
250,1
250,1
250,1
250,1
250,1
250,1
250,1
250,1
250,1
250,1
250,1
250,1
250,1
250,1
250,1
250,1
250,1
250,1
250,1
250,1
250,1
250,1
250,1
250,1
250,1
250,1
250,1
250,1
250,1
250,1
250,1
250,1
251,143
251,21
251,13
251,13
251,6
251,6
251,5
251,4
251,4
251,3
251,3
251,3
251,3
251,3
251,3
251,3
251,2
251,2
251,2
251,2
251,2
251,2
251,2
251,2
251,2
251,2
251,2
251,1
251,1
251,1
251,1
251,1
251,1
251,1
251,1
251,1
251,1
251,1
251,1
251,1
251,1
251,1
251,1
251,1
251,1
251,1
251,1
251,1
251,1
251,1
251,1
251,1
251,1
251,1
251,1
251,1
251,1
251,1
251,1
251,1
251,1
251,1
251,1
251,1
251,1
251,1
251,1
251,1
251,1
251,1
251,1
252,139
252,31
252,29
252,16
252,14
252,13
252,8
252,7
252,6
252,5
252,4
252,4
252,4
252,4
252,4
252,4
252,3
252,3
252,3
252,2
252,2
252,2
252,2
252,2
252,2
252,2
252,2
252,2
252,2
252,1
252,1
252,1
252,1
252,1
252,1
252,1
252,1
252,1
252,1
252,1
252,1
252,1
252,1
252,1
252,1
252,1
252,1
252,1
252,1
252,1
252,1
252,1
252,1
252,1
252,1
252,1
252,1
252,1
252,1
252,1
252,1
252,1
252,1
252,1
252,1
252,1
252,1
253,118
253,53
253,21
253,13
253,11
253,10
253,9
253,6
253,5
253,4
253,3
253,3
253,2
253,2
253,2
253,2
253,2
253,2
253,2
253,2
253,2
253,2
253,2
253,1
253,1
253,1
253,1
253,1
253,1
253,1
253,1
253,1
253,1
253,1
253,1
253,1
253,1
253,1
253,1
253,1
253,1
253,1
253,1
253,1
253,1
253,1
253,1
253,1
253,1
253,1
253,1
253,1
253,1
253,1
253,1
253,1
253,1
253,1
253,1
253,1
253,1
253,1
253,1
253,1
253,1
253,1
253,1
253,1
253,1
253,1
253,1
253,1
253,1
253,1
253,1
253,1
253,1
253,1
253,1
254,201
254,21
254,15
254,15
254,7
254,6
254,6
254,5
254,5
254,4
254,4
254,4
254,3
254,3
254,3
254,3
254,3
254,2
254,2
254,2
254,2
254,2
254,2
254,2
254,2
254,2
254,2
254,2
254,2
254,2
254,2
254,2
254,2
254,2
254,2
254,1
254,1
254,1
254,1
254,1
254,1
254,1
254,1
254,1
254,1
254,1
254,1
254,1
254,1
254,1
254,1
254,1
254,1
254,1
254,1
254,1
254,1
254,1
254,1
254,1
254,1
254,1
254,1
254,1
254,1
254,1
254,1
254,1
254,1
254,1
254,1
254,1
254,1
254,1
254,1
254,1
254,1
254,1
254,1
254,1
254,1
254,1
255,88
255,46
255,37
255,23
255,11
255,7
255,7
255,6
255,5
255,5
255,4
255,3
255,3
255,3
255,2
255,2
255,2
255,2
255,2
255,2
255,1
255,1
255,1
255,1
255,1
255,1
255,1
255,1
255,1
255,1
255,1
255,1
255,1
255,1
255,1
255,1
255,1
255,1
255,1
255,1
255,1
255,1
255,1
255,1
255,1
255,1
255,1
255,1
255,1
255,1
255,1
255,1
255,1
255,1
255,1
255,1
255,1
255,1
255,1
255,1
256,139
256,20
256,14
256,11
256,8
256,8
256,6
256,6
256,5
256,5
256,5
256,4
256,4
256,4
256,3
256,3
256,3
256,3
256,3
256,3
256,3
256,2
256,2
256,2
256,2
256,2
256,2
256,1
256,1
256,1
256,1
256,1
256,1
256,1
256,1
256,1
256,1
256,1
256,1
256,1
256,1
256,1
256,1
256,1
256,1
256,1
256,1
256,1
256,1
256,1
256,1
256,1
256,1
256,1
256,1
256,1
256,1
256,1
256,1
256,1
256,1
256,1
256,1
256,1
256,1
256,1
256,1
256,1
256,1
256,1
256,1
256,1
256,1
256,1
256,1
256,1
256,1
257,52
257,51
257,48
257,40
257,22
257,13
257,8
257,7
257,7
257,5
257,5
257,5
257,5
257,4
257,3
257,3
257,3
257,3
257,3
257,3
257,2
257,2
257,2
257,2
257,2
257,2
257,2
257,2
257,1
257,1
257,1
257,1
257,1
257,1
257,1
257,1
257,1
257,1
257,1
257,1
257,1
257,1
257,1
257,1
257,1
257,1
257,1
257,1
257,1
257,1
257,1
257,1
257,1
257,1
257,1
257,1
257,1
257,1
257,1
257,1
257,1
257,1
257,1
257,1
257,1
257,1
257,1
257,1
257,1
257,1
258,171
258,46
258,14
258,7
258,6
258,6
258,5
258,5
258,4
258,3
258,3
258,3
258,3
258,3
258,3
258,2
258,2
258,2
258,2
258,2
258,2
258,2
258,2
258,2
258,2
258,2
258,2
258,2
258,1
258,1
258,1
258,1
258,1
258,1
258,1
258,1
258,1
258,1
258,1
258,1
258,1
258,1
258,1
258,1
258,1
258,1
258,1
258,1
258,1
258,1
258,1
258,1
258,1
258,1
258,1
258,1
258,1
258,1
258,1
258,1
258,1
258,1
258,1
258,1
258,1
258,1
258,1
258,1
258,1
258,1
258,1
258,1
259,241
259,29
259,28
259,23
259,9
259,5
259,5
259,4
259,4
259,4
259,4
259,4
259,3
259,3
259,3
259,3
259,3
259,3
259,2
259,2
259,2
259,2
259,2
259,2
259,2
259,2
259,2
259,2
259,2
259,2
259,2
259,1
259,1
259,1
259,1
259,1
259,1
259,1
259,1
259,1
259,1
259,1
259,1
259,1
259,1
259,1
259,1
259,1
259,1
259,1
259,1
259,1
259,1
259,1
259,1
259,1
259,1
259,1
259,1
259,1
259,1
259,1
259,1
259,1
259,1
259,1
259,1
259,1
259,1
259,1
259,1
259,1
259,1
259,1
259,1
260,170
260,58
260,26
260,26
260,19
260,9
260,9
260,7
260,7
260,5
260,5
260,4
260,4
260,3
260,2
260,2
260,2
260,2
260,2
260,2
260,2
260,1
260,1
260,1
260,1
260,1
260,1
260,1
260,1
260,1
260,1
260,1
260,1
260,1
260,1
260,1
260,1
260,1
260,1
260,1
260,1
260,1
260,1
260,1
260,1
260,1
260,1
260,1
260,1
260,1
260,1
260,1
260,1
260,1
260,1
260,1
260,1
260,1
260,1
260,1
260,1
260,1
260,1
260,1
260,1
260,1
260,1
260,1
260,1
261,152
261,44
261,20
261,9
261,6
261,6
261,5
261,5
261,5
261,5
261,5
261,4
261,4
261,3
261,3
261,3
261,3
261,3
261,3
261,2
261,2
261,2
261,2
261,2
261,2
261,2
261,2
261,1
261,1
261,1
261,1
261,1
261,1
261,1
261,1
261,1
261,1
261,1
261,1
261,1
261,1
261,1
261,1
261,1
261,1
261,1
261,1
261,1
261,1
261,1
261,1
261,1
261,1
261,1
261,1
261,1
261,1
261,1
261,1
261,1
261,1
261,1
261,1
261,1
261,1
261,1
261,1
261,1
261,1
261,1
261,1
261,1
262,39
262,38
262,31
262,28
262,16
262,11
262,10
262,8
262,7
262,7
262,6
262,6
262,6
262,5
262,5
262,5
262,4
262,4
262,4
262,4
262,4
262,3
262,3
262,3
262,3
262,3
262,3
262,3
262,2
262,2
262,2
262,2
262,2
262,2
262,2
262,2
262,1
262,1
262,1
262,1
262,1
262,1
262,1
262,1
262,1
262,1
262,1
262,1
262,1
262,1
262,1
262,1
262,1
262,1
262,1
262,1
262,1
262,1
262,1
262,1
262,1
262,1
262,1
262,1
262,1
262,1
262,1
262,1
262,1
262,1
262,1
262,1
262,1
262,1
262,1
262,1
262,1
262,1
262,1
262,1
262,1
262,1
262,1
262,1
263,219
263,45
263,26
263,16
263,9
263,8
263,6
263,4
263,3
263,3
263,3
263,2
263,2
263,2
263,2
263,2
263,2
263,2
263,2
263,2
263,2
263,2
263,2
263,2
263,2
263,2
263,1
263,1
263,1
263,1
263,1
263,1
263,1
263,1
263,1
263,1
263,1
263,1
263,1
263,1
263,1
263,1
263,1
263,1
263,1
263,1
263,1
263,1
263,1
263,1
263,1
263,1
263,1
263,1
263,1
263,1
263,1
263,1
263,1
263,1
263,1
263,1
263,1
263,1
263,1
263,1
263,1
263,1
263,1
263,1
263,1
263,1
264,130
264,81
264,36
264,23
264,21
264,7
264,6
264,5
264,5
264,4
264,4
264,4
264,3
264,3
264,3
264,3
264,3
264,2
264,2
264,2
264,2
264,2
264,2
264,2
264,2
264,2
264,2
264,2
264,2
264,2
264,2
264,2
264,1
264,1
264,1
264,1
264,1
264,1
264,1
264,1
264,1
264,1
264,1
264,1
264,1
264,1
264,1
264,1
264,1
264,1
264,1
264,1
264,1
264,1
264,1
264,1
264,1
264,1
264,1
264,1
264,1
264,1
264,1
264,1
264,1
264,1
264,1
264,1
264,1
264,1
264,1
264,1
264,1
265,144
265,139
265,8
265,7
265,6
265,5
265,5
265,4
265,3
265,2
265,2
265,2
265,2
265,2
265,2
265,2
265,2
265,2
265,2
265,2
265,2
265,2
265,2
265,2
265,2
265,1
265,1
265,1
265,1
265,1
265,1
265,1
265,1
265,1
265,1
265,1
265,1
265,1
265,1
265,1
265,1
265,1
265,1
265,1
265,1
265,1
265,1
265,1
265,1
265,1
265,1
265,1
265,1
265,1
265,1
265,1
265,1
265,1
265,1
265,1
265,1
265,1
265,1
265,1
265,1
265,1
265,1
265,1
265,1
265,1
265,1
266,241
266,56
266,20
266,11
266,9
266,9
266,6
266,6
266,6
266,6
266,5
266,4
266,3
266,3
266,3
266,3
266,3
266,3
266,3
266,2
266,2
266,2
266,2
266,2
266,2
266,2
266,2
266,2
266,2
266,1
266,1
266,1
266,1
266,1
266,1
266,1
266,1
266,1
266,1
266,1
266,1
266,1
266,1
266,1
266,1
266,1
266,1
266,1
266,1
266,1
266,1
266,1
266,1
266,1
266,1
266,1
266,1
266,1
266,1
266,1
266,1
266,1
266,1
266,1
266,1
266,1
266,1
266,1
266,1
266,1
266,1
266,1
266,1
266,1
266,1
266,1
267,47
267,46
267,38
267,25
267,7
267,6
267,6
267,5
267,4
267,4
267,3
267,3
267,3
267,3
267,3
267,3
267,2
267,2
267,2
267,2
267,2
267,2
267,2
267,2
267,2
267,1
267,1
267,1
267,1
267,1
267,1
267,1
267,1
267,1
267,1
267,1
267,1
267,1
267,1
267,1
267,1
267,1
267,1
267,1
267,1
267,1
267,1
267,1
267,1
267,1
267,1
267,1
267,1
267,1
267,1
267,1
267,1
267,1
267,1
267,1
267,1
267,1
267,1
267,1
267,1
267,1
267,1
267,1
267,1
267,1
267,1
267,1
267,1
267,1
267,1
267,1
268,152
268,47
268,20
268,11
268,9
268,8
268,6
268,4
268,3
268,3
268,3
268,3
268,2
268,2
268,2
268,2
268,2
268,2
268,2
268,2
268,2
268,2
268,2
268,2
268,2
268,1
268,1
268,1
268,1
268,1
268,1
268,1
268,1
268,1
268,1
268,1
268,1
268,1
268,1
268,1
268,1
268,1
268,1
268,1
268,1
268,1
268,1
268,1
268,1
268,1
268,1
268,1
268,1
268,1
268,1
268,1
268,1
268,1
268,1
268,1
268,1
268,1
268,1
268,1
268,1
268,1
268,1
268,1
268,1
268,1
268,1
268,1
268,1
268,1
268,1
268,1
268,1
268,1
269,106
269,40
269,24
269,23
269,17
269,7
269,5
269,4
269,3
269,3
269,3
269,3
269,3
269,3
269,2
269,2
269,2
269,2
269,2
269,2
269,2
269,2
269,2
269,2
269,2
269,1
269,1
269,1
269,1
269,1
269,1
269,1
269,1
269,1
269,1
269,1
269,1
269,1
269,1
269,1
269,1
269,1
269,1
269,1
269,1
269,1
269,1
269,1
269,1
269,1
269,1
269,1
269,1
269,1
269,1
269,1
269,1
269,1
269,1
269,1
269,1
269,1
269,1
269,1
269,1
269,1
269,1
269,1
269,1
269,1
269,1
269,1
269,1
269,1
269,1
269,1
269,1
269,1
270,90
270,50
270,29
270,27
270,25
270,5
270,5
270,5
270,4
270,3
270,3
270,3
270,3
270,3
270,3
270,3
270,2
270,2
270,2
270,2
270,2
270,2
270,2
270,2
270,2
270,2
270,2
270,2
270,2
270,2
270,2
270,2
270,2
270,1
270,1
270,1
270,1
270,1
270,1
270,1
270,1
270,1
270,1
270,1
270,1
270,1
270,1
270,1
270,1
270,1
270,1
270,1
270,1
270,1
270,1
270,1
270,1
270,1
270,1
270,1
270,1
270,1
270,1
270,1
270,1
270,1
270,1
270,1
270,1
270,1
270,1
270,1
270,1
270,1
270,1
270,1
270,1
270,1
270,1
270,1
271,73
271,45
271,30
271,29
271,21
271,12
271,9
271,8
271,8
271,7
271,5
271,4
271,4
271,3
271,3
271,3
271,3
271,2
271,2
271,2
271,2
271,2
271,2
271,2
271,2
271,2
271,1
271,1
271,1
271,1
271,1
271,1
271,1
271,1
271,1
271,1
271,1
271,1
271,1
271,1
271,1
271,1
271,1
271,1
271,1
271,1
271,1
271,1
271,1
271,1
271,1
271,1
271,1
271,1
271,1
271,1
271,1
271,1
271,1
271,1
271,1
271,1
271,1
271,1
271,1
271,1
271,1
271,1
271,1
271,1
271,1
271,1
271,1
271,1
271,1
271,1
271,1
271,1
271,1
271,1
271,1
271,1
271,1
272,236
272,57
272,15
272,9
272,7
272,6
272,3
272,3
272,3
272,3
272,3
272,3
272,2
272,2
272,2
272,2
272,2
272,2
272,2
272,2
272,2
272,2
272,2
272,2
272,2
272,2
272,2
272,2
272,2
272,1
272,1
272,1
272,1
272,1
272,1
272,1
272,1
272,1
272,1
272,1
272,1
272,1
272,1
272,1
272,1
272,1
272,1
272,1
272,1
272,1
272,1
272,1
272,1
272,1
272,1
272,1
272,1
272,1
272,1
272,1
272,1
272,1
272,1
272,1
272,1
272,1
272,1
273,234
273,47
273,22
273,13
273,8
273,6
273,4
273,4
273,4
273,3
273,2
273,2
273,2
273,2
273,2
273,2
273,2
273,2
273,1
273,1
273,1
273,1
273,1
273,1
273,1
273,1
273,1
273,1
273,1
273,1
273,1
273,1
273,1
273,1
273,1
273,1
273,1
273,1
273,1
273,1
273,1
273,1
273,1
273,1
273,1
273,1
273,1
273,1
273,1
273,1
273,1
273,1
273,1
273,1
273,1
274,135
274,84
274,40
274,15
274,14
274,13
274,9
274,5
274,4
274,4
274,3
274,3
274,3
274,3
274,3
274,2
274,2
274,2
274,2
274,2
274,2
274,2
274,2
274,2
274,2
274,1
274,1
274,1
274,1
274,1
274,1
274,1
274,1
274,1
274,1
274,1
274,1
274,1
274,1
274,1
274,1
274,1
274,1
274,1
274,1
274,1
274,1
274,1
274,1
274,1
274,1
274,1
274,1
274,1
274,1
274,1
274,1
274,1
274,1
274,1
274,1
274,1
274,1
274,1
274,1
274,1
274,1
274,1
274,1
275,131
275,30
275,29
275,19
275,8
275,7
275,7
275,6
275,5
275,5
275,4
275,4
275,3
275,3
275,3
275,3
275,3
275,3
275,3
275,2
275,2
275,2
275,2
275,2
275,2
275,2
275,2
275,2
275,2
275,1
275,1
275,1
275,1
275,1
275,1
275,1
275,1
275,1
275,1
275,1
275,1
275,1
275,1
275,1
275,1
275,1
275,1
275,1
275,1
275,1
275,1
275,1
275,1
275,1
275,1
275,1
275,1
275,1
275,1
275,1
275,1
275,1
275,1
275,1
275,1
275,1
275,1
275,1
275,1
275,1
275,1
276,239
276,50
276,7
276,6
276,6
276,5
276,5
276,5
276,4
276,4
276,3
276,3
276,3
276,3
276,3
276,3
276,2
276,2
276,2
276,2
276,2
276,2
276,2
276,2
276,2
276,2
276,2
276,2
276,2
276,2
276,1
276,1
276,1
276,1
276,1
276,1
276,1
276,1
276,1
276,1
276,1
276,1
276,1
276,1
276,1
276,1
276,1
276,1
276,1
276,1
276,1
276,1
276,1
276,1
276,1
276,1
276,1
276,1
276,1
276,1
276,1
276,1
276,1
276,1
276,1
276,1
276,1
276,1
276,1
276,1
276,1
276,1
277,84
277,68
277,40
277,39
277,11
277,6
277,6
277,6
277,5
277,5
277,5
277,4
277,3
277,3
277,3
277,3
277,2
277,2
277,2
277,2
277,2
277,2
277,2
277,2
277,2
277,2
277,2
277,2
277,2
277,1
277,1
277,1
277,1
277,1
277,1
277,1
277,1
277,1
277,1
277,1
277,1
277,1
277,1
277,1
277,1
277,1
277,1
277,1
277,1
277,1
277,1
277,1
277,1
277,1
277,1
277,1
277,1
277,1
277,1
277,1
278,129
278,29
278,27
278,18
278,6
278,5
278,5
278,5
278,4
278,4
278,4
278,4
278,4
278,3
278,3
278,3
278,3
278,3
278,3
278,3
278,3
278,2
278,2
278,2
278,2
278,2
278,2
278,2
278,2
278,2
278,2
278,2
278,2
278,1
278,1
278,1
278,1
278,1
278,1
278,1
278,1
278,1
278,1
278,1
278,1
278,1
278,1
278,1
278,1
278,1
278,1
278,1
278,1
278,1
278,1
278,1
278,1
278,1
278,1
278,1
278,1
278,1
278,1
278,1
278,1
278,1
278,1
279,50
279,29
279,21
279,14
279,11
279,9
279,7
279,7
279,7
279,6
279,6
279,5
279,5
279,4
279,3
279,3
279,3
279,3
279,3
279,2
279,2
279,2
279,2
279,2
279,2
279,2
279,2
279,2
279,2
279,1
279,1
279,1
279,1
279,1
279,1
279,1
279,1
279,1
279,1
279,1
279,1
279,1
279,1
279,1
279,1
279,1
279,1
279,1
279,1
279,1
279,1
279,1
279,1
279,1
279,1
279,1
279,1
279,1
279,1
279,1
279,1
279,1
279,1
279,1
279,1
279,1
279,1
279,1
279,1
279,1
279,1
279,1
279,1
279,1
279,1
279,1
279,1
279,1
279,1
279,1
280,119
280,32
280,22
280,18
280,9
280,8
280,5
280,4
280,4
280,4
280,4
280,3
280,3
280,3
280,3
280,2
280,2
280,2
280,2
280,2
280,2
280,2
280,2
280,2
280,2
280,1
280,1
280,1
280,1
280,1
280,1
280,1
280,1
280,1
280,1
280,1
280,1
280,1
280,1
280,1
280,1
280,1
280,1
280,1
280,1
280,1
280,1
280,1
280,1
280,1
280,1
280,1
280,1
280,1
280,1
280,1
280,1
280,1
280,1
280,1
280,1
280,1
280,1
280,1
280,1
280,1
281,185
281,15
281,13
281,12
281,6
281,5
281,4
281,4
281,4
281,3
281,3
281,3
281,3
281,3
281,3
281,2
281,2
281,2
281,2
281,2
281,2
281,2
281,2
281,1
281,1
281,1
281,1
281,1
281,1
281,1
281,1
281,1
281,1
281,1
281,1
281,1
281,1
281,1
281,1
281,1
281,1
281,1
281,1
281,1
281,1
281,1
281,1
281,1
281,1
281,1
281,1
281,1
281,1
281,1
281,1
281,1
281,1
282,130
282,31
282,29
282,16
282,8
282,7
282,6
282,6
282,5
282,4
282,4
282,4
282,3
282,3
282,3
282,2
282,2
282,2
282,2
282,2
282,2
282,2
282,2
282,2
282,2
282,2
282,1
282,1
282,1
282,1
282,1
282,1
282,1
282,1
282,1
282,1
282,1
282,1
282,1
282,1
282,1
282,1
282,1
282,1
282,1
282,1
282,1
282,1
282,1
282,1
282,1
282,1
282,1
282,1
282,1
282,1
282,1
282,1
282,1
282,1
282,1
282,1
282,1
282,1
282,1
282,1
283,217
283,57
283,20
283,9
283,8
283,7
283,4
283,4
283,4
283,3
283,3
283,3
283,2
283,2
283,2
283,2
283,2
283,2
283,2
283,2
283,2
283,2
283,2
283,1
283,1
283,1
283,1
283,1
283,1
283,1
283,1
283,1
283,1
283,1
283,1
283,1
283,1
283,1
283,1
283,1
283,1
283,1
283,1
283,1
283,1
283,1
283,1
283,1
283,1
283,1
283,1
283,1
283,1
283,1
283,1
283,1
283,1
283,1
283,1
283,1
283,1
283,1
283,1
283,1
283,1
283,1
283,1
284,244
284,125
284,9
284,7
284,5
284,4
284,4
284,3
284,3
284,3
284,3
284,3
284,3
284,3
284,3
284,3
284,2
284,2
284,2
284,2
284,2
284,2
284,2
284,2
284,2
284,2
284,2
284,2
284,2
284,2
284,2
284,2
284,2
284,2
284,1
284,1
284,1
284,1
284,1
284,1
284,1
284,1
284,1
284,1
284,1
284,1
284,1
284,1
284,1
284,1
284,1
284,1
284,1
284,1
284,1
284,1
284,1
284,1
284,1
284,1
284,1
284,1
284,1
284,1
284,1
284,1
284,1
284,1
284,1
284,1
284,1
284,1
284,1
284,1
284,1
284,1
284,1
284,1
284,1
284,1
284,1
284,1
284,1
285,136
285,59
285,32
285,29
285,13
285,9
285,7
285,5
285,4
285,4
285,4
285,3
285,3
285,3
285,3
285,3
285,3
285,2
285,2
285,2
285,2
285,2
285,2
285,2
285,2
285,2
285,2
285,2
285,1
285,1
285,1
285,1
285,1
285,1
285,1
285,1
285,1
285,1
285,1
285,1
285,1
285,1
285,1
285,1
285,1
285,1
285,1
285,1
285,1
285,1
285,1
285,1
285,1
285,1
285,1
285,1
285,1
285,1
285,1
285,1
285,1
285,1
285,1
285,1
285,1
285,1
285,1
285,1
285,1
285,1
285,1
285,1
285,1
285,1
285,1
285,1
285,1
286,75
286,75
286,22
286,16
286,10
286,10
286,10
286,6
286,4
286,4
286,4
286,4
286,4
286,4
286,3
286,3
286,3
286,3
286,2
286,2
286,2
286,2
286,2
286,2
286,2
286,2
286,2
286,2
286,2
286,2
286,2
286,2
286,1
286,1
286,1
286,1
286,1
286,1
286,1
286,1
286,1
286,1
286,1
286,1
286,1
286,1
286,1
286,1
286,1
286,1
286,1
286,1
286,1
286,1
286,1
286,1
286,1
286,1
286,1
286,1
286,1
286,1
286,1
286,1
286,1
286,1
286,1
286,1
286,1
286,1
286,1
286,1
286,1
286,1
286,1
286,1
286,1
286,1
286,1
286,1
286,1
286,1
286,1
286,1
286,1
286,1
287,174
287,50
287,37
287,28
287,8
287,5
287,5
287,4
287,4
287,4
287,4
287,4
287,3
287,3
287,3
287,2
287,2
287,2
287,2
287,2
287,2
287,2
287,2
287,2
287,2
287,2
287,2
287,2
287,1
287,1
287,1
287,1
287,1
287,1
287,1
287,1
287,1
287,1
287,1
287,1
287,1
287,1
287,1
287,1
287,1
287,1
287,1
287,1
287,1
287,1
287,1
287,1
287,1
287,1
287,1
287,1
287,1
287,1
287,1
287,1
287,1
287,1
287,1
287,1
287,1
287,1
287,1
287,1
287,1
287,1
288,226
288,35
288,18
288,14
288,13
288,13
288,12
288,7
288,7
288,7
288,5
288,4
288,4
288,4
288,3
288,3
288,3
288,3
288,3
288,2
288,2
288,2
288,2
288,2
288,2
288,2
288,2
288,1
288,1
288,1
288,1
288,1
288,1
288,1
288,1
288,1
288,1
288,1
288,1
288,1
288,1
288,1
288,1
288,1
288,1
288,1
288,1
288,1
288,1
288,1
288,1
288,1
288,1
288,1
288,1
288,1
288,1
288,1
288,1
288,1
288,1
288,1
288,1
288,1
288,1
288,1
288,1
288,1
288,1
288,1
288,1
288,1
288,1
288,1
288,1
288,1
288,1
288,1
289,147
289,107
289,13
289,10
289,6
289,5
289,3
289,3
289,3
289,3
289,3
289,3
289,3
289,3
289,2
289,2
289,2
289,2
289,2
289,2
289,2
289,2
289,2
289,2
289,1
289,1
289,1
289,1
289,1
289,1
289,1
289,1
289,1
289,1
289,1
289,1
289,1
289,1
289,1
289,1
289,1
289,1
289,1
289,1
289,1
289,1
289,1
289,1
289,1
289,1
289,1
289,1
289,1
289,1
289,1
289,1
289,1
289,1
289,1
289,1
289,1
289,1
289,1
289,1
289,1
289,1
289,1
289,1
289,1
289,1
289,1
289,1
289,1
290,186
290,28
290,23
290,11
290,8
290,7
290,5
290,5
290,5
290,3
290,3
290,3
290,3
290,3
290,3
290,2
290,2
290,2
290,2
290,2
290,2
290,2
290,2
290,1
290,1
290,1
290,1
290,1
290,1
290,1
290,1
290,1
290,1
290,1
290,1
290,1
290,1
290,1
290,1
290,1
290,1
290,1
290,1
290,1
290,1
290,1
290,1
290,1
290,1
290,1
290,1
290,1
290,1
290,1
290,1
290,1
290,1
290,1
290,1
290,1
290,1
290,1
290,1
290,1
290,1
290,1
290,1
290,1
290,1
290,1
290,1
290,1
290,1
290,1
291,119
291,50
291,19
291,18
291,14
291,11
291,8
291,5
291,5
291,5
291,4
291,4
291,3
291,3
291,3
291,3
291,2
291,2
291,2
291,2
291,2
291,2
291,2
291,2
291,2
291,2
291,2
291,2
291,2
291,2
291,2
291,2
291,2
291,2
291,2
291,2
291,1
291,1
291,1
291,1
291,1
291,1
291,1
291,1
291,1
291,1
291,1
291,1
291,1
291,1
291,1
291,1
291,1
291,1
291,1
291,1
291,1
291,1
291,1
291,1
291,1
291,1
291,1
291,1
291,1
291,1
291,1
291,1
291,1
291,1
291,1
291,1
291,1
291,1
291,1
291,1
291,1
291,1
291,1
291,1
291,1
291,1
292,195
292,31
292,21
292,12
292,6
292,5
292,5
292,5
292,4
292,4
292,3
292,3
292,2
292,2
292,2
292,2
292,2
292,2
292,2
292,2
292,1
292,1
292,1
292,1
292,1
292,1
292,1
292,1
292,1
292,1
292,1
292,1
292,1
292,1
292,1
292,1
292,1
292,1
292,1
292,1
292,1
292,1
292,1
292,1
292,1
292,1
292,1
292,1
292,1
292,1
292,1
292,1
292,1
292,1
292,1
293,115
293,48
293,27
293,17
293,16
293,6
293,6
293,6
293,5
293,5
293,4
293,4
293,4
293,4
293,4
293,3
293,3
293,3
293,3
293,3
293,2
293,2
293,2
293,2
293,2
293,2
293,2
293,2
293,2
293,2
293,1
293,1
293,1
293,1
293,1
293,1
293,1
293,1
293,1
293,1
293,1
293,1
293,1
293,1
293,1
293,1
293,1
293,1
293,1
293,1
293,1
293,1
293,1
293,1
293,1
293,1
293,1
293,1
293,1
294,239
294,82
294,15
294,12
294,10
294,6
294,5
294,4
294,4
294,3
294,3
294,3
294,3
294,3
294,3
294,2
294,2
294,2
294,2
294,2
294,2
294,2
294,2
294,2
294,2
294,2
294,2
294,1
294,1
294,1
294,1
294,1
294,1
294,1
294,1
294,1
294,1
294,1
294,1
294,1
294,1
294,1
294,1
294,1
294,1
294,1
294,1
294,1
294,1
294,1
294,1
294,1
294,1
294,1
294,1
294,1
294,1
294,1
294,1
294,1
294,1
294,1
294,1
294,1
294,1
294,1
294,1
294,1
294,1
295,42
295,40
295,36
295,28
295,24
295,23
295,17
295,13
295,8
295,8
295,7
295,6
295,5
295,3
295,3
295,3
295,2
295,2
295,2
295,2
295,2
295,2
295,2
295,2
295,2
295,2
295,2
295,2
295,2
295,2
295,2
295,1
295,1
295,1
295,1
295,1
295,1
295,1
295,1
295,1
295,1
295,1
295,1
295,1
295,1
295,1
295,1
295,1
295,1
295,1
295,1
295,1
295,1
295,1
295,1
295,1
295,1
295,1
295,1
295,1
295,1
295,1
295,1
295,1
295,1
295,1
295,1
295,1
295,1
295,1
295,1
295,1
295,1
295,1
295,1
295,1
296,80
296,58
296,18
296,16
296,15
296,10
296,8
296,8
296,8
296,6
296,6
296,6
296,5
296,4
296,3
296,3
296,3
296,3
296,3
296,3
296,3
296,2
296,2
296,2
296,2
296,2
296,2
296,2
296,2
296,2
296,2
296,2
296,2
296,2
296,1
296,1
296,1
296,1
296,1
296,1
296,1
296,1
296,1
296,1
296,1
296,1
296,1
296,1
296,1
296,1
296,1
296,1
296,1
296,1
296,1
296,1
296,1
296,1
296,1
296,1
296,1
296,1
296,1
296,1
296,1
296,1
296,1
296,1
296,1
296,1
296,1
296,1
296,1
296,1
296,1
296,1
296,1
296,1
296,1
296,1
296,1
296,1
296,1
296,1
296,1
296,1
296,1
296,1
296,1
296,1
297,153
297,16
297,13
297,8
297,8
297,4
297,4
297,4
297,4
297,4
297,3
297,3
297,3
297,2
297,2
297,2
297,2
297,2
297,2
297,2
297,2
297,2
297,2
297,2
297,2
297,2
297,2
297,2
297,2
297,2
297,1
297,1
297,1
297,1
297,1
297,1
297,1
297,1
297,1
297,1
297,1
297,1
297,1
297,1
297,1
297,1
297,1
297,1
297,1
297,1
297,1
297,1
297,1
297,1
297,1
297,1
297,1
297,1
297,1
297,1
297,1
297,1
298,170
298,101
298,26
298,7
298,6
298,5
298,5
298,4
298,4
298,4
298,4
298,4
298,3
298,3
298,3
298,3
298,2
298,2
298,2
298,2
298,2
298,2
298,2
298,2
298,2
298,2
298,2
298,1
298,1
298,1
298,1
298,1
298,1
298,1
298,1
298,1
298,1
298,1
298,1
298,1
298,1
298,1
298,1
298,1
298,1
298,1
298,1
298,1
298,1
298,1
298,1
298,1
298,1
298,1
298,1
298,1
298,1
298,1
298,1
298,1
298,1
298,1
298,1
298,1
298,1
298,1
298,1
298,1
299,171
299,30
299,24
299,12
299,9
299,6
299,6
299,5
299,4
299,4
299,4
299,4
299,4
299,4
299,3
299,3
299,3
299,3
299,3
299,3
299,2
299,2
299,2
299,2
299,2
299,2
299,2
299,2
299,1
299,1
299,1
299,1
299,1
299,1
299,1
299,1
299,1
299,1
299,1
299,1
299,1
299,1
299,1
299,1
299,1
299,1
299,1
299,1
299,1
299,1
299,1
299,1
299,1
299,1
299,1
299,1
299,1
299,1
299,1
299,1
299,1
299,1
299,1
299,1
299,1
299,1
299,1
299,1
299,1
299,1
299,1
299,1
299,1
299,1
299,1
299,1
