task,size
0,716
0,452
0,16
0,10
0,7
0,4
0,4
0,4
0,4
0,4
0,4
0,3
0,3
0,3
0,3
0,3
0,3
0,3
0,3
0,2
0,2
0,2
0,2
0,2
0,2
0,2
0,2
0,2
0,2
0,2
0,2
0,2
0,2
0,2
0,2
0,2
0,2
0,2
0,2
0,2
0,2
0,1
0,1
0,1
0,1
0,1
0,1
0,1
0,1
0,1
0,1
0,1
0,1
0,1
0,1
0,1
0,1
0,1
0,1
0,1
0,1
0,1
0,1
0,1
0,1
0,1
0,1
0,1
0,1
0,1
0,1
0,1
0,1
0,1
0,1
0,1
0,1
0,1
0,1
0,1
0,1
0,1
0,1
0,1
0,1
0,1
0,1
0,1
0,1
0,1
0,1
0,1
0,1
0,1
0,1
0,1
0,1
0,1
0,1
0,1
0,1
0,1
0,1
0,1
0,1
0,1
0,1
0,1
0,1
0,1
0,1
0,1
0,1
0,1
0,1
0,1
0,1
1,1198
1,89
1,40
1,22
1,20
1,19
1,9
1,6
1,5
1,4
1,4
1,4
1,4
1,4
1,4
1,4
1,4
1,4
1,3
1,3
1,3
1,3
1,3
1,3
1,3
1,3
1,3
1,3
1,3
1,3
1,2
1,2
1,2
1,2
1,2
1,2
1,2
1,2
1,2
1,2
1,2
1,2
1,2
1,2
1,2
1,1
1,1
1,1
1,1
1,1
1,1
1,1
1,1
1,1
1,1
1,1
1,1
1,1
1,1
1,1
1,1
1,1
1,1
1,1
1,1
1,1
1,1
1,1
1,1
1,1
1,1
1,1
1,1
1,1
1,1
1,1
1,1
1,1
1,1
1,1
1,1
1,1
1,1
1,1
1,1
1,1
1,1
1,1
1,1
1,1
1,1
1,1
1,1
1,1
1,1
1,1
1,1
1,1
1,1
1,1
1,1
1,1
1,1
1,1
1,1
1,1
1,1
1,1
1,1
1,1
1,1
1,1
1,1
1,1
1,1
1,1
1,1
1,1
1,1
1,1
1,1
1,1
1,1
2,562
2,494
2,28
2,15
2,12
2,10
2,8
2,8
2,7
2,7
2,6
2,5
2,5
2,5
2,5
2,4
2,3
2,3
2,3
2,3
2,3
2,3
2,3
2,3
2,3
2,3
2,3
2,3
2,3
2,2
2,2
2,2
2,2
2,2
2,2
2,2
2,2
2,2
2,2
2,2
2,2
2,2
2,2
2,2
2,2
2,2
2,2
2,2
2,2
2,2
2,2
2,2
2,2
2,2
2,2
2,2
2,2
2,2
2,2
2,2
2,2
2,2
2,1
2,1
2,1
2,1
2,1
2,1
2,1
2,1
2,1
2,1
2,1
2,1
2,1
2,1
2,1
2,1
2,1
2,1
2,1
2,1
2,1
2,1
2,1
2,1
2,1
2,1
2,1
2,1
2,1
2,1
2,1
2,1
2,1
2,1
2,1
2,1
2,1
2,1
2,1
2,1
2,1
2,1
2,1
2,1
2,1
2,1
2,1
2,1
2,1
2,1
2,1
2,1
2,1
2,1
2,1
2,1
2,1
2,1
2,1
2,1
2,1
2,1
2,1
2,1
2,1
2,1
2,1
2,1
2,1
2,1
2,1
2,1
2,1
2,1
2,1
2,1
2,1
2,1
2,1
2,1
2,1
2,1
2,1
2,1
2,1
2,1
2,1
2,1
2,1
3,976
3,48
3,5
3,5
3,5
3,4
3,3
3,3
3,3
3,3
3,3
3,3
3,2
3,2
3,2
3,2
3,2
3,2
3,2
3,2
3,2
3,2
3,2
3,2
3,2
3,2
3,1
3,1
3,1
3,1
3,1
3,1
3,1
3,1
3,1
3,1
3,1
3,1
3,1
3,1
3,1
3,1
3,1
3,1
3,1
3,1
3,1
3,1
3,1
3,1
3,1
3,1
3,1
3,1
3,1
3,1
3,1
3,1
3,1
3,1
3,1
3,1
3,1
3,1
3,1
3,1
3,1
3,1
3,1
3,1
3,1
3,1
3,1
3,1
3,1
3,1
3,1
3,1
3,1
3,1
3,1
3,1
3,1
3,1
3,1
3,1
3,1
3,1
3,1
3,1
4,1005
4,87
4,21
4,10
4,8
4,8
4,8
4,8
4,7
4,6
4,5
4,5
4,5
4,5
4,5
4,5
4,5
4,5
4,4
4,4
4,4
4,4
4,4
4,4
4,4
4,4
4,4
4,3
4,3
4,3
4,3
4,3
4,3
4,3
4,2
4,2
4,2
4,2
4,2
4,2
4,2
4,2
4,2
4,2
4,2
4,2
4,2
4,2
4,2
4,2
4,2
4,2
4,2
4,2
4,2
4,2
4,2
4,2
4,1
4,1
4,1
4,1
4,1
4,1
4,1
4,1
4,1
4,1
4,1
4,1
4,1
4,1
4,1
4,1
4,1
4,1
4,1
4,1
4,1
4,1
4,1
4,1
4,1
4,1
4,1
4,1
4,1
4,1
4,1
4,1
4,1
4,1
4,1
4,1
4,1
4,1
4,1
4,1
4,1
4,1
4,1
4,1
4,1
4,1
4,1
4,1
4,1
4,1
4,1
4,1
4,1
4,1
4,1
4,1
4,1
4,1
4,1
4,1
4,1
4,1
4,1
4,1
4,1
4,1
4,1
4,1
4,1
4,1
4,1
4,1
4,1
4,1
4,1
4,1
4,1
4,1
4,1
4,1
4,1
4,1
4,1
4,1
4,1
4,1
4,1
4,1
4,1
4,1
4,1
4,1
4,1
4,1
4,1
4,1
4,1
4,1
4,1
4,1
4,1
4,1
4,1
4,1
4,1
4,1
4,1
4,1
4,1
4,1
5,515
5,410
5,390
5,93
5,11
5,10
5,6
5,5
5,5
5,5
5,4
5,4
5,4
5,3
5,3
5,3
5,3
5,3
5,3
5,2
5,2
5,2
5,2
5,2
5,2
5,2
5,2
5,2
5,2
5,2
5,2
5,2
5,2
5,2
5,1
5,1
5,1
5,1
5,1
5,1
5,1
5,1
5,1
5,1
5,1
5,1
5,1
5,1
5,1
5,1
5,1
5,1
5,1
5,1
5,1
5,1
5,1
5,1
5,1
5,1
5,1
5,1
5,1
5,1
5,1
5,1
5,1
5,1
5,1
5,1
5,1
5,1
5,1
5,1
5,1
5,1
5,1
5,1
5,1
5,1
5,1
5,1
5,1
5,1
5,1
5,1
5,1
5,1
5,1
5,1
5,1
5,1
5,1
5,1
5,1
5,1
5,1
5,1
5,1
5,1
5,1
5,1
5,1
5,1
5,1
5,1
5,1
5,1
5,1
5,1
5,1
5,1
5,1
5,1
5,1
5,1
5,1
5,1
5,1
5,1
5,1
5,1
5,1
5,1
5,1
5,1
5,1
5,1
5,1
5,1
5,1
5,1
5,1
5,1
5,1
5,1
5,1
5,1
5,1
5,1
5,1
5,1
5,1
5,1
6,1028
6,15
6,9
6,8
6,7
6,7
6,5
6,5
6,4
6,4
6,4
6,4
6,4
6,4
6,4
6,4
6,3
6,3
6,3
6,3
6,3
6,3
6,3
6,3
6,3
6,3
6,3
6,3
6,3
6,3
6,3
6,3
6,2
6,2
6,2
6,2
6,2
6,2
6,2
6,2
6,2
6,2
6,2
6,2
6,2
6,2
6,2
6,2
6,2
6,2
6,2
6,2
6,2
6,2
6,2
6,2
6,1
6,1
6,1
6,1
6,1
6,1
6,1
6,1
6,1
6,1
6,1
6,1
6,1
6,1
6,1
6,1
6,1
6,1
6,1
6,1
6,1
6,1
6,1
6,1
6,1
6,1
6,1
6,1
6,1
6,1
6,1
6,1
6,1
6,1
6,1
6,1
6,1
6,1
6,1
6,1
6,1
6,1
6,1
6,1
6,1
6,1
6,1
6,1
6,1
6,1
6,1
6,1
6,1
6,1
6,1
6,1
6,1
6,1
6,1
6,1
6,1
6,1
6,1
6,1
6,1
6,1
6,1
6,1
6,1
6,1
6,1
7,1107
7,105
7,26
7,17
7,11
7,9
7,7
7,5
7,5
7,4
7,3
7,3
7,3
7,3
7,3
7,2
7,2
7,2
7,2
7,2
7,2
7,2
7,2
7,2
7,2
7,2
7,2
7,2
7,2
7,1
7,1
7,1
7,1
7,1
7,1
7,1
7,1
7,1
7,1
7,1
7,1
7,1
7,1
7,1
7,1
7,1
7,1
7,1
7,1
7,1
7,1
7,1
7,1
7,1
7,1
7,1
7,1
7,1
7,1
7,1
7,1
7,1
7,1
7,1
7,1
7,1
7,1
7,1
7,1
7,1
7,1
7,1
7,1
7,1
7,1
7,1
7,1
7,1
7,1
7,1
7,1
7,1
7,1
7,1
7,1
7,1
7,1
7,1
7,1
7,1
7,1
7,1
7,1
7,1
7,1
7,1
7,1
7,1
7,1
7,1
7,1
7,1
7,1
7,1
7,1
7,1
7,1
7,1
7,1
7,1
7,1
7,1
7,1
7,1
7,1
8,1097
8,47
8,34
8,20
8,16
8,15
8,10
8,8
8,8
8,6
8,5
8,5
8,4
8,4
8,4
8,4
8,3
8,3
8,3
8,3
8,3
8,3
8,3
8,3
8,3
8,2
8,2
8,2
8,2
8,2
8,2
8,2
8,2
8,2
8,2
8,2
8,2
8,2
8,2
8,2
8,2
8,2
8,2
8,2
8,2
8,2
8,2
8,1
8,1
8,1
8,1
8,1
8,1
8,1
8,1
8,1
8,1
8,1
8,1
8,1
8,1
8,1
8,1
8,1
8,1
8,1
8,1
8,1
8,1
8,1
8,1
8,1
8,1
8,1
8,1
8,1
8,1
8,1
8,1
8,1
8,1
8,1
8,1
8,1
8,1
8,1
8,1
8,1
8,1
8,1
8,1
8,1
8,1
8,1
8,1
8,1
8,1
8,1
8,1
8,1
8,1
8,1
8,1
8,1
8,1
8,1
8,1
8,1
8,1
8,1
8,1
8,1
8,1
8,1
8,1
8,1
8,1
8,1
8,1
8,1
8,1
8,1
8,1
8,1
8,1
8,1
8,1
8,1
8,1
8,1
8,1
8,1
8,1
8,1
8,1
8,1
9,600
9,498
9,46
9,45
9,28
9,14
9,8
9,7
9,6
9,6
9,5
9,5
9,4
9,4
9,4
9,4
9,4
9,4
9,3
9,3
9,3
9,3
9,3
9,3
9,3
9,3
9,3
9,3
9,3
9,3
9,2
9,2
9,2
9,2
9,2
9,2
9,1
9,1
9,1
9,1
9,1
9,1
9,1
9,1
9,1
9,1
9,1
9,1
9,1
9,1
9,1
9,1
9,1
9,1
9,1
9,1
9,1
9,1
9,1
9,1
9,1
9,1
9,1
9,1
9,1
9,1
9,1
9,1
9,1
9,1
9,1
9,1
9,1
9,1
9,1
9,1
9,1
9,1
9,1
9,1
9,1
9,1
9,1
9,1
9,1
9,1
9,1
9,1
9,1
9,1
9,1
9,1
9,1
9,1
9,1
9,1
9,1
9,1
9,1
9,1
9,1
9,1
9,1
9,1
9,1
9,1
9,1
9,1
9,1
10,650
10,458
10,37
10,18
10,16
10,13
10,12
10,11
10,8
10,8
10,8
10,7
10,7
10,7
10,6
10,6
10,6
10,5
10,5
10,5
10,4
10,4
10,4
10,4
10,4
10,3
10,3
10,3
10,3
10,3
10,3
10,3
10,3
10,3
10,3
10,2
10,2
10,2
10,2
10,2
10,2
10,2
10,2
10,2
10,2
10,2
10,2
10,2
10,2
10,2
10,2
10,2
10,2
10,2
10,2
10,2
10,2
10,2
10,2
10,2
10,2
10,2
10,2
10,1
10,1
10,1
10,1
10,1
10,1
10,1
10,1
10,1
10,1
10,1
10,1
10,1
10,1
10,1
10,1
10,1
10,1
10,1
10,1
10,1
10,1
10,1
10,1
10,1
10,1
10,1
10,1
10,1
10,1
10,1
10,1
10,1
10,1
10,1
10,1
10,1
10,1
10,1
10,1
10,1
10,1
10,1
10,1
10,1
10,1
10,1
10,1
10,1
10,1
10,1
10,1
10,1
10,1
10,1
10,1
10,1
10,1
10,1
10,1
10,1
10,1
10,1
10,1
10,1
10,1
10,1
10,1
10,1
10,1
10,1
10,1
10,1
10,1
10,1
10,1
10,1
10,1
10,1
10,1
10,1
10,1
10,1
10,1
10,1
10,1
10,1
10,1
10,1
10,1
10,1
10,1
10,1
10,1
11,1280
11,51
11,19
11,14
11,11
11,10
11,8
11,7
11,6
11,5
11,5
11,4
11,4
11,3
11,3
11,3
11,3
11,3
11,3
11,3
11,3
11,3
11,3
11,3
11,3
11,2
11,2
11,2
11,2
11,2
11,2
11,2
11,2
11,2
11,2
11,2
11,2
11,2
11,2
11,2
11,2
11,2
11,2
11,2
11,2
11,2
11,1
11,1
11,1
11,1
11,1
11,1
11,1
11,1
11,1
11,1
11,1
11,1
11,1
11,1
11,1
11,1
11,1
11,1
11,1
11,1
11,1
11,1
11,1
11,1
11,1
11,1
11,1
11,1
11,1
11,1
11,1
11,1
11,1
11,1
11,1
11,1
11,1
11,1
11,1
11,1
11,1
11,1
11,1
11,1
11,1
11,1
11,1
11,1
11,1
11,1
11,1
11,1
11,1
11,1
11,1
11,1
11,1
11,1
11,1
11,1
11,1
11,1
11,1
11,1
11,1
11,1
11,1
11,1
11,1
11,1
11,1
11,1
11,1
11,1
11,1
11,1
11,1
11,1
11,1
11,1
11,1
12,970
12,91
12,14
12,11
12,11
12,7
12,4
12,4
12,4
12,4
12,4
12,4
12,4
12,4
12,3
12,3
12,3
12,3
12,3
12,3
12,3
12,3
12,3
12,3
12,2
12,2
12,2
12,2
12,2
12,2
12,2
12,2
12,2
12,2
12,2
12,2
12,2
12,2
12,2
12,2
12,2
12,2
12,1
12,1
12,1
12,1
12,1
12,1
12,1
12,1
12,1
12,1
12,1
12,1
12,1
12,1
12,1
12,1
12,1
12,1
12,1
12,1
12,1
12,1
12,1
12,1
12,1
12,1
12,1
12,1
12,1
12,1
12,1
12,1
12,1
12,1
12,1
12,1
12,1
12,1
12,1
12,1
12,1
12,1
12,1
12,1
12,1
12,1
12,1
12,1
12,1
12,1
12,1
12,1
12,1
12,1
12,1
12,1
12,1
12,1
12,1
12,1
12,1
12,1
12,1
12,1
12,1
12,1
12,1
13,949
13,96
13,65
13,60
13,15
13,13
13,12
13,11
13,11
13,9
13,7
13,7
13,6
13,6
13,5
13,5
13,5
13,5
13,5
13,5
13,4
13,4
13,4
13,4
13,4
13,4
13,4
13,4
13,4
13,4
13,4
13,4
13,4
13,3
13,3
13,3
13,3
13,3
13,3
13,3
13,3
13,3
13,3
13,3
13,3
13,2
13,2
13,2
13,2
13,2
13,2
13,2
13,2
13,2
13,2
13,2
13,2
13,2
13,2
13,2
13,2
13,2
13,2
13,2
13,2
13,2
13,2
13,2
13,2
13,2
13,2
13,2
13,2
13,2
13,2
13,2
13,2
13,2
13,2
13,2
13,2
13,2
13,2
13,2
13,1
13,1
13,1
13,1
13,1
13,1
13,1
13,1
13,1
13,1
13,1
13,1
13,1
13,1
13,1
13,1
13,1
13,1
13,1
13,1
13,1
13,1
13,1
13,1
13,1
13,1
13,1
13,1
13,1
13,1
13,1
13,1
13,1
13,1
13,1
13,1
13,1
13,1
13,1
13,1
13,1
13,1
13,1
13,1
13,1
13,1
13,1
13,1
13,1
13,1
13,1
13,1
13,1
13,1
13,1
13,1
13,1
13,1
13,1
13,1
13,1
13,1
13,1
13,1
13,1
13,1
13,1
13,1
13,1
13,1
13,1
13,1
13,1
13,1
13,1
13,1
13,1
13,1
13,1
13,1
13,1
13,1
13,1
13,1
13,1
13,1
13,1
13,1
13,1
13,1
13,1
13,1
13,1
13,1
13,1
13,1
13,1
13,1
13,1
13,1
13,1
13,1
13,1
13,1
13,1
13,1
13,1
13,1
13,1
13,1
13,1
13,1
13,1
13,1
13,1
13,1
13,1
13,1
13,1
13,1
13,1
13,1
13,1
13,1
13,1
14,707
14,409
14,58
14,7
14,7
14,6
14,6
14,6
14,5
14,5
14,5
14,4
14,4
14,4
14,4
14,4
14,3
14,3
14,3
14,3
14,3
14,3
14,3
14,2
14,2
14,2
14,2
14,2
14,2
14,2
14,2
14,2
14,2
14,2
14,2
14,2
14,2
14,2
14,2
14,2
14,2
14,2
14,2
14,1
14,1
14,1
14,1
14,1
14,1
14,1
14,1
14,1
14,1
14,1
14,1
14,1
14,1
14,1
14,1
14,1
14,1
14,1
14,1
14,1
14,1
14,1
14,1
14,1
14,1
14,1
14,1
14,1
14,1
14,1
14,1
14,1
14,1
14,1
14,1
14,1
14,1
14,1
14,1
14,1
14,1
14,1
14,1
14,1
14,1
14,1
14,1
14,1
14,1
14,1
14,1
14,1
14,1
14,1
14,1
14,1
14,1
14,1
14,1
14,1
14,1
14,1
14,1
14,1
14,1
14,1
14,1
14,1
15,1106
15,11
15,9
15,8
15,7
15,7
15,7
15,6
15,5
15,5
15,4
15,4
15,4
15,4
15,4
15,4
15,3
15,3
15,3
15,3
15,3
15,3
15,3
15,2
15,2
15,2
15,2
15,2
15,2
15,2
15,2
15,2
15,2
15,2
15,2
15,2
15,2
15,2
15,2
15,2
15,2
15,1
15,1
15,1
15,1
15,1
15,1
15,1
15,1
15,1
15,1
15,1
15,1
15,1
15,1
15,1
15,1
15,1
15,1
15,1
15,1
15,1
15,1
15,1
15,1
15,1
15,1
15,1
15,1
15,1
15,1
15,1
15,1
15,1
15,1
15,1
15,1
15,1
15,1
15,1
15,1
15,1
15,1
15,1
15,1
15,1
15,1
15,1
15,1
15,1
15,1
15,1
15,1
15,1
15,1
15,1
15,1
15,1
15,1
15,1
15,1
15,1
15,1
15,1
15,1
15,1
15,1
15,1
15,1
15,1
15,1
15,1
15,1
15,1
15,1
15,1
15,1
15,1
15,1
15,1
15,1
15,1
15,1
15,1
15,1
15,1
15,1
15,1
15,1
16,1012
16,58
16,42
16,24
16,15
16,11
16,9
16,7
16,7
16,7
16,5
16,5
16,5
16,5
16,5
16,5
16,5
16,5
16,5
16,5
16,4
16,4
16,4
16,4
16,4
16,4
16,4
16,4
16,3
16,3
16,3
16,3
16,3
16,3
16,3
16,3
16,3
16,3
16,3
16,3
16,3
16,2
16,2
16,2
16,2
16,2
16,2
16,2
16,2
16,2
16,2
16,2
16,2
16,2
16,2
16,2
16,2
16,2
16,2
16,2
16,2
16,2
16,2
16,2
16,2
16,2
16,2
16,2
16,2
16,2
16,2
16,2
16,2
16,2
16,2
16,2
16,2
16,2
16,1
16,1
16,1
16,1
16,1
16,1
16,1
16,1
16,1
16,1
16,1
16,1
16,1
16,1
16,1
16,1
16,1
16,1
16,1
16,1
16,1
16,1
16,1
16,1
16,1
16,1
16,1
16,1
16,1
16,1
16,1
16,1
16,1
16,1
16,1
16,1
16,1
16,1
16,1
16,1
16,1
16,1
16,1
16,1
16,1
16,1
16,1
16,1
16,1
16,1
16,1
16,1
16,1
16,1
16,1
16,1
16,1
16,1
16,1
16,1
16,1
16,1
16,1
16,1
16,1
16,1
16,1
16,1
16,1
16,1
16,1
16,1
16,1
16,1
16,1
16,1
16,1
16,1
16,1
16,1
16,1
16,1
16,1
16,1
16,1
16,1
16,1
16,1
16,1
16,1
16,1
16,1
16,1
16,1
16,1
16,1
17,1059
17,106
17,17
17,10
17,10
17,9
17,6
17,6
17,6
17,6
17,5
17,5
17,5
17,5
17,4
17,4
17,4
17,4
17,4
17,4
17,4
17,4
17,4
17,4
17,4
17,4
17,4
17,4
17,4
17,4
17,4
17,4
17,4
17,3
17,3
17,3
17,3
17,2
17,2
17,2
17,2
17,2
17,2
17,2
17,2
17,2
17,2
17,2
17,2
17,2
17,2
17,2
17,2
17,1
17,1
17,1
17,1
17,1
17,1
17,1
17,1
17,1
17,1
17,1
17,1
17,1
17,1
17,1
17,1
17,1
17,1
17,1
17,1
17,1
17,1
17,1
17,1
17,1
17,1
17,1
17,1
17,1
17,1
17,1
17,1
17,1
17,1
17,1
17,1
17,1
17,1
17,1
17,1
17,1
17,1
17,1
17,1
17,1
17,1
17,1
17,1
17,1
17,1
17,1
17,1
17,1
17,1
17,1
17,1
17,1
17,1
17,1
17,1
17,1
17,1
17,1
17,1
17,1
17,1
17,1
17,1
17,1
17,1
17,1
17,1
17,1
17,1
17,1
17,1
17,1
17,1
17,1
17,1
17,1
17,1
17,1
17,1
17,1
18,691
18,197
18,12
18,6
18,5
18,5
18,4
18,4
18,4
18,3
18,3
18,3
18,3
18,3
18,3
18,3
18,3
18,3
18,3
18,2
18,2
18,2
18,2
18,2
18,2
18,2
18,2
18,2
18,2
18,2
18,2
18,2
18,2
18,2
18,2
18,1
18,1
18,1
18,1
18,1
18,1
18,1
18,1
18,1
18,1
18,1
18,1
18,1
18,1
18,1
18,1
18,1
18,1
18,1
18,1
18,1
18,1
18,1
18,1
18,1
18,1
18,1
18,1
18,1
18,1
18,1
18,1
18,1
18,1
18,1
18,1
18,1
18,1
18,1
18,1
18,1
18,1
18,1
18,1
18,1
18,1
18,1
18,1
18,1
18,1
18,1
18,1
18,1
18,1
18,1
18,1
18,1
18,1
19,1188
19,117
19,55
19,32
19,31
19,9
19,9
19,7
19,7
19,7
19,7
19,7
19,7
19,4
19,4
19,4
19,4
19,4
19,4
19,4
19,4
19,3
19,3
19,3
19,3
19,3
19,3
19,3
19,3
19,3
19,3
19,3
19,3
19,3
19,2
19,2
19,2
19,2
19,2
19,2
19,2
19,2
19,2
19,2
19,2
19,2
19,2
19,2
19,2
19,2
19,2
19,2
19,2
19,2
19,2
19,2
19,2
19,2
19,2
19,1
19,1
19,1
19,1
19,1
19,1
19,1
19,1
19,1
19,1
19,1
19,1
19,1
19,1
19,1
19,1
19,1
19,1
19,1
19,1
19,1
19,1
19,1
19,1
19,1
19,1
19,1
19,1
19,1
19,1
19,1
19,1
19,1
19,1
19,1
19,1
19,1
19,1
19,1
19,1
19,1
19,1
19,1
19,1
19,1
19,1
19,1
19,1
19,1
19,1
19,1
19,1
19,1
19,1
19,1
19,1
19,1
19,1
19,1
19,1
19,1
19,1
19,1
19,1
19,1
19,1
19,1
19,1
19,1
19,1
19,1
19,1
19,1
19,1
19,1
19,1
19,1
19,1
19,1
19,1
19,1
19,1
20,965
20,318
20,21
20,17
20,9
20,8
20,8
20,7
20,7
20,6
20,6
20,6
20,6
20,6
20,5
20,5
20,4
20,4
20,4
20,4
20,4
20,4
20,4
20,4
20,3
20,3
20,3
20,3
20,3
20,3
20,3
20,3
20,3
20,3
20,2
20,2
20,2
20,2
20,2
20,2
20,2
20,2
20,2
20,2
20,2
20,2
20,2
20,2
20,2
20,2
20,2
20,2
20,2
20,2
20,1
20,1
20,1
20,1
20,1
20,1
20,1
20,1
20,1
20,1
20,1
20,1
20,1
20,1
20,1
20,1
20,1
20,1
20,1
20,1
20,1
20,1
20,1
20,1
20,1
20,1
20,1
20,1
20,1
20,1
20,1
20,1
20,1
20,1
20,1
20,1
20,1
20,1
20,1
20,1
20,1
20,1
20,1
20,1
20,1
20,1
20,1
20,1
20,1
20,1
20,1
20,1
20,1
20,1
20,1
20,1
20,1
20,1
20,1
20,1
20,1
20,1
20,1
20,1
20,1
20,1
20,1
20,1
20,1
20,1
20,1
20,1
20,1
20,1
20,1
21,1236
21,60
21,10
21,9
21,8
21,7
21,7
21,6
21,6
21,5
21,5
21,4
21,4
21,4
21,4
21,4
21,3
21,3
21,3
21,3
21,3
21,3
21,3
21,3
21,2
21,2
21,2
21,2
21,2
21,2
21,2
21,2
21,2
21,2
21,2
21,2
21,2
21,2
21,2
21,2
21,2
21,2
21,2
21,2
21,2
21,2
21,2
21,2
21,2
21,2
21,2
21,2
21,2
21,2
21,2
21,2
21,1
21,1
21,1
21,1
21,1
21,1
21,1
21,1
21,1
21,1
21,1
21,1
21,1
21,1
21,1
21,1
21,1
21,1
21,1
21,1
21,1
21,1
21,1
21,1
21,1
21,1
21,1
21,1
21,1
21,1
21,1
21,1
21,1
21,1
21,1
21,1
21,1
21,1
21,1
21,1
21,1
21,1
21,1
21,1
21,1
21,1
21,1
21,1
21,1
21,1
21,1
21,1
21,1
21,1
21,1
21,1
21,1
21,1
21,1
21,1
21,1
21,1
21,1
21,1
21,1
21,1
21,1
21,1
21,1
21,1
21,1
21,1
21,1
21,1
21,1
21,1
21,1
21,1
21,1
21,1
21,1
21,1
21,1
21,1
21,1
21,1
21,1
21,1
21,1
21,1
21,1
21,1
21,1
21,1
21,1
21,1
21,1
21,1
21,1
21,1
21,1
22,970
22,91
22,14
22,11
22,11
22,7
22,4
22,4
22,4
22,4
22,4
22,4
22,4
22,4
22,3
22,3
22,3
22,3
22,3
22,3
22,3
22,3
22,3
22,3
22,2
22,2
22,2
22,2
22,2
22,2
22,2
22,2
22,2
22,2
22,2
22,2
22,2
22,2
22,2
22,2
22,2
22,1
22,1
22,1
22,1
22,1
22,1
22,1
22,1
22,1
22,1
22,1
22,1
22,1
22,1
22,1
22,1
22,1
22,1
22,1
22,1
22,1
22,1
22,1
22,1
22,1
22,1
22,1
22,1
22,1
22,1
22,1
22,1
22,1
22,1
22,1
22,1
22,1
22,1
22,1
22,1
22,1
22,1
22,1
22,1
22,1
22,1
22,1
22,1
22,1
22,1
22,1
22,1
22,1
22,1
22,1
22,1
22,1
22,1
22,1
22,1
22,1
22,1
22,1
22,1
22,1
22,1
22,1
22,1
22,1
23,955
23,151
23,28
23,23
23,12
23,9
23,7
23,7
23,6
23,6
23,6
23,5
23,5
23,4
23,4
23,4
23,4
23,4
23,4
23,4
23,4
23,4
23,3
23,3
23,3
23,3
23,3
23,3
23,3
23,3
23,3
23,3
23,3
23,3
23,3
23,2
23,2
23,2
23,2
23,2
23,2
23,2
23,2
23,2
23,2
23,2
23,2
23,2
23,2
23,2
23,2
23,2
23,2
23,2
23,2
23,2
23,2
23,1
23,1
23,1
23,1
23,1
23,1
23,1
23,1
23,1
23,1
23,1
23,1
23,1
23,1
23,1
23,1
23,1
23,1
23,1
23,1
23,1
23,1
23,1
23,1
23,1
23,1
23,1
23,1
23,1
23,1
23,1
23,1
23,1
23,1
23,1
23,1
23,1
23,1
23,1
23,1
23,1
23,1
23,1
23,1
23,1
23,1
23,1
23,1
23,1
23,1
23,1
23,1
23,1
23,1
23,1
23,1
23,1
23,1
23,1
23,1
23,1
23,1
23,1
23,1
23,1
23,1
23,1
23,1
23,1
23,1
23,1
23,1
23,1
23,1
23,1
23,1
23,1
23,1
23,1
23,1
23,1
23,1
23,1
23,1
23,1
23,1
23,1
23,1
23,1
23,1
23,1
23,1
23,1
23,1
23,1
23,1
23,1
23,1
24,1040
24,26
24,23
24,21
24,17
24,17
24,14
24,14
24,11
24,10
24,9
24,8
24,5
24,5
24,5
24,5
24,5
24,5
24,4
24,4
24,4
24,4
24,3
24,3
24,3
24,3
24,3
24,3
24,3
24,3
24,2
24,2
24,2
24,2
24,2
24,2
24,2
24,2
24,2
24,2
24,2
24,2
24,2
24,2
24,2
24,2
24,2
24,2
24,2
24,2
24,2
24,2
24,2
24,2
24,2
24,2
24,2
24,2
24,1
24,1
24,1
24,1
24,1
24,1
24,1
24,1
24,1
24,1
24,1
24,1
24,1
24,1
24,1
24,1
24,1
24,1
24,1
24,1
24,1
24,1
24,1
24,1
24,1
24,1
24,1
24,1
24,1
24,1
24,1
24,1
24,1
24,1
24,1
24,1
24,1
24,1
24,1
24,1
24,1
24,1
24,1
24,1
24,1
24,1
24,1
24,1
24,1
24,1
24,1
24,1
24,1
24,1
24,1
24,1
24,1
24,1
24,1
24,1
24,1
24,1
24,1
24,1
24,1
24,1
24,1
24,1
24,1
24,1
24,1
24,1
24,1
24,1
24,1
24,1
24,1
24,1
24,1
24,1
24,1
24,1
24,1
24,1
24,1
24,1
24,1
24,1
24,1
24,1
24,1
24,1
24,1
24,1
24,1
24,1
24,1
24,1
24,1
24,1
25,676
25,356
25,63
25,23
25,13
25,9
25,9
25,5
25,5
25,5
25,5
25,4
25,4
25,4
25,3
25,3
25,3
25,3
25,3
25,3
25,3
25,3
25,2
25,2
25,2
25,2
25,2
25,2
25,2
25,2
25,2
25,2
25,2
25,2
25,2
25,2
25,2
25,2
25,2
25,1
25,1
25,1
25,1
25,1
25,1
25,1
25,1
25,1
25,1
25,1
25,1
25,1
25,1
25,1
25,1
25,1
25,1
25,1
25,1
25,1
25,1
25,1
25,1
25,1
25,1
25,1
25,1
25,1
25,1
25,1
25,1
25,1
25,1
25,1
25,1
25,1
25,1
25,1
25,1
25,1
25,1
25,1
25,1
25,1
25,1
25,1
25,1
25,1
25,1
25,1
25,1
25,1
25,1
25,1
25,1
26,1159
26,81
26,15
26,14
26,7
26,5
26,5
26,5
26,5
26,5
26,5
26,4
26,4
26,4
26,4
26,4
26,3
26,3
26,3
26,3
26,2
26,2
26,2
26,2
26,2
26,2
26,2
26,2
26,2
26,2
26,2
26,2
26,2
26,2
26,2
26,2
26,1
26,1
26,1
26,1
26,1
26,1
26,1
26,1
26,1
26,1
26,1
26,1
26,1
26,1
26,1
26,1
26,1
26,1
26,1
26,1
26,1
26,1
26,1
26,1
26,1
26,1
26,1
26,1
26,1
26,1
26,1
26,1
26,1
26,1
26,1
26,1
26,1
26,1
26,1
26,1
26,1
26,1
26,1
26,1
26,1
26,1
26,1
26,1
26,1
26,1
26,1
26,1
26,1
26,1
26,1
26,1
26,1
26,1
26,1
26,1
26,1
26,1
26,1
26,1
26,1
26,1
26,1
26,1
26,1
26,1
26,1
26,1
26,1
27,901
27,181
27,13
27,10
27,10
27,8
27,6
27,6
27,6
27,5
27,5
27,5
27,5
27,5
27,4
27,4
27,4
27,4
27,3
27,3
27,3
27,3
27,3
27,3
27,3
27,3
27,3
27,3
27,3
27,3
27,2
27,2
27,2
27,2
27,2
27,2
27,2
27,2
27,2
27,2
27,2
27,2
27,2
27,2
27,2
27,2
27,2
27,2
27,2
27,2
27,2
27,2
27,2
27,2
27,2
27,2
27,2
27,2
27,2
27,2
27,2
27,2
27,1
27,1
27,1
27,1
27,1
27,1
27,1
27,1
27,1
27,1
27,1
27,1
27,1
27,1
27,1
27,1
27,1
27,1
27,1
27,1
27,1
27,1
27,1
27,1
27,1
27,1
27,1
27,1
27,1
27,1
27,1
27,1
27,1
27,1
27,1
27,1
27,1
27,1
27,1
27,1
27,1
27,1
27,1
27,1
27,1
27,1
27,1
27,1
27,1
27,1
27,1
27,1
27,1
27,1
27,1
27,1
27,1
27,1
27,1
27,1
27,1
27,1
27,1
27,1
27,1
27,1
27,1
27,1
27,1
27,1
27,1
27,1
27,1
27,1
27,1
27,1
27,1
27,1
27,1
27,1
27,1
27,1
27,1
27,1
27,1
27,1
27,1
27,1
27,1
27,1
27,1
27,1
27,1
27,1
28,801
28,19
28,16
28,13
28,12
28,11
28,11
28,9
28,8
28,7
28,6
28,5
28,5
28,4
28,4
28,4
28,4
28,4
28,4
28,3
28,3
28,3
28,3
28,3
28,3
28,3
28,3
28,3
28,3
28,3
28,3
28,3
28,3
28,3
28,3
28,3
28,3
28,2
28,2
28,2
28,2
28,2
28,2
28,2
28,2
28,2
28,2
28,2
28,2
28,2
28,2
28,2
28,2
28,2
28,2
28,2
28,2
28,2
28,2
28,2
28,2
28,2
28,2
28,2
28,2
28,2
28,2
28,1
28,1
28,1
28,1
28,1
28,1
28,1
28,1
28,1
28,1
28,1
28,1
28,1
28,1
28,1
28,1
28,1
28,1
28,1
28,1
28,1
28,1
28,1
28,1
28,1
28,1
28,1
28,1
28,1
28,1
28,1
28,1
28,1
28,1
28,1
28,1
28,1
28,1
28,1
28,1
28,1
28,1
28,1
28,1
28,1
28,1
28,1
28,1
28,1
28,1
28,1
28,1
28,1
28,1
28,1
28,1
28,1
28,1
28,1
28,1
28,1
28,1
28,1
28,1
28,1
28,1
28,1
28,1
28,1
28,1
28,1
28,1
28,1
28,1
28,1
28,1
28,1
28,1
28,1
28,1
28,1
28,1
28,1
28,1
28,1
28,1
28,1
28,1
28,1
28,1
28,1
28,1
29,1106
29,94
29,41
29,19
29,12
29,12
29,9
29,8
29,8
29,7
29,6
29,5
29,4
29,4
29,4
29,3
29,3
29,3
29,3
29,3
29,3
29,3
29,3
29,3
29,3
29,2
29,2
29,2
29,2
29,2
29,2
29,2
29,2
29,2
29,2
29,2
29,2
29,2
29,2
29,2
29,2
29,2
29,2
29,2
29,1
29,1
29,1
29,1
29,1
29,1
29,1
29,1
29,1
29,1
29,1
29,1
29,1
29,1
29,1
29,1
29,1
29,1
29,1
29,1
29,1
29,1
29,1
29,1
29,1
29,1
29,1
29,1
29,1
29,1
29,1
29,1
29,1
29,1
29,1
29,1
29,1
29,1
29,1
29,1
29,1
29,1
29,1
29,1
29,1
29,1
29,1
29,1
29,1
29,1
29,1
29,1
29,1
29,1
29,1
29,1
29,1
29,1
29,1
29,1
29,1
29,1
29,1
29,1
29,1
29,1
29,1
29,1
29,1
29,1
29,1
29,1
29,1
29,1
29,1
29,1
29,1
29,1
29,1
29,1
29,1
29,1
29,1
29,1
29,1
29,1
29,1
29,1
29,1
30,938
30,8
30,8
30,7
30,7
30,7
30,6
30,6
30,4
30,4
30,3
30,3
30,3
30,3
30,3
30,3
30,3
30,3
30,2
30,2
30,2
30,2
30,2
30,2
30,2
30,2
30,2
30,2
30,2
30,2
30,2
30,2
30,2
30,2
30,2
30,2
30,1
30,1
30,1
30,1
30,1
30,1
30,1
30,1
30,1
30,1
30,1
30,1
30,1
30,1
30,1
30,1
30,1
30,1
30,1
30,1
30,1
30,1
30,1
30,1
30,1
30,1
30,1
30,1
30,1
30,1
30,1
30,1
30,1
30,1
30,1
30,1
30,1
30,1
30,1
30,1
30,1
30,1
30,1
30,1
30,1
30,1
30,1
30,1
30,1
30,1
30,1
30,1
30,1
30,1
30,1
30,1
30,1
30,1
30,1
30,1
30,1
30,1
30,1
30,1
30,1
30,1
30,1
30,1
30,1
30,1
30,1
30,1
30,1
30,1
30,1
30,1
31,984
31,281
31,16
31,10
31,9
31,9
31,8
31,8
31,6
31,6
31,6
31,5
31,5
31,4
31,4
31,4
31,4
31,4
31,4
31,4
31,3
31,3
31,3
31,3
31,3
31,3
31,3
31,3
31,2
31,2
31,2
31,2
31,2
31,2
31,2
31,2
31,2
31,2
31,2
31,2
31,2
31,2
31,2
31,2
31,2
31,2
31,2
31,2
31,2
31,2
31,2
31,2
31,1
31,1
31,1
31,1
31,1
31,1
31,1
31,1
31,1
31,1
31,1
31,1
31,1
31,1
31,1
31,1
31,1
31,1
31,1
31,1
31,1
31,1
31,1
31,1
31,1
31,1
31,1
31,1
31,1
31,1
31,1
31,1
31,1
31,1
31,1
31,1
31,1
31,1
31,1
31,1
31,1
31,1
31,1
31,1
31,1
31,1
31,1
31,1
31,1
31,1
31,1
31,1
31,1
31,1
31,1
31,1
31,1
31,1
31,1
31,1
31,1
31,1
31,1
31,1
31,1
31,1
31,1
31,1
31,1
31,1
31,1
31,1
31,1
31,1
31,1
31,1
31,1
31,1
31,1
31,1
31,1
31,1
31,1
31,1
31,1
31,1
31,1
31,1
31,1
31,1
31,1
31,1
32,1335
32,24
32,22
32,13
32,11
32,8
32,8
32,7
32,6
32,6
32,6
32,6
32,6
32,6
32,4
32,4
32,3
32,3
32,3
32,3
32,3
32,3
32,3
32,3
32,3
32,3
32,3
32,3
32,2
32,2
32,2
32,2
32,2
32,2
32,2
32,2
32,2
32,2
32,2
32,2
32,2
32,2
32,2
32,2
32,2
32,2
32,2
32,2
32,1
32,1
32,1
32,1
32,1
32,1
32,1
32,1
32,1
32,1
32,1
32,1
32,1
32,1
32,1
32,1
32,1
32,1
32,1
32,1
32,1
32,1
32,1
32,1
32,1
32,1
32,1
32,1
32,1
32,1
32,1
32,1
32,1
32,1
32,1
32,1
32,1
32,1
32,1
32,1
32,1
32,1
32,1
32,1
32,1
32,1
32,1
32,1
32,1
32,1
32,1
32,1
32,1
32,1
32,1
32,1
32,1
32,1
32,1
32,1
32,1
32,1
32,1
32,1
32,1
32,1
32,1
32,1
32,1
32,1
32,1
32,1
32,1
32,1
32,1
32,1
32,1
32,1
32,1
33,1045
33,47
33,39
33,13
33,13
33,11
33,10
33,9
33,9
33,7
33,7
33,6
33,6
33,5
33,5
33,5
33,4
33,4
33,4
33,3
33,3
33,3
33,3
33,3
33,3
33,3
33,3
33,3
33,3
33,2
33,2
33,2
33,2
33,2
33,2
33,2
33,2
33,2
33,2
33,2
33,2
33,2
33,2
33,2
33,2
33,2
33,2
33,2
33,2
33,2
33,2
33,2
33,2
33,2
33,2
33,2
33,2
33,2
33,1
33,1
33,1
33,1
33,1
33,1
33,1
33,1
33,1
33,1
33,1
33,1
33,1
33,1
33,1
33,1
33,1
33,1
33,1
33,1
33,1
33,1
33,1
33,1
33,1
33,1
33,1
33,1
33,1
33,1
33,1
33,1
33,1
33,1
33,1
33,1
33,1
33,1
33,1
33,1
33,1
33,1
33,1
33,1
33,1
33,1
33,1
33,1
33,1
33,1
33,1
33,1
33,1
33,1
33,1
33,1
33,1
33,1
33,1
33,1
33,1
33,1
33,1
33,1
33,1
33,1
33,1
33,1
33,1
33,1
33,1
33,1
33,1
33,1
33,1
33,1
33,1
33,1
33,1
33,1
33,1
33,1
33,1
33,1
33,1
33,1
33,1
33,1
33,1
33,1
33,1
33,1
33,1
33,1
33,1
33,1
33,1
33,1
33,1
33,1
33,1
33,1
33,1
33,1
33,1
33,1
34,582
34,79
34,35
34,22
34,9
34,9
34,9
34,6
34,6
34,6
34,6
34,5
34,5
34,4
34,3
34,3
34,3
34,3
34,3
34,3
34,3
34,3
34,3
34,3
34,3
34,3
34,3
34,2
34,2
34,2
34,2
34,2
34,2
34,2
34,2
34,2
34,2
34,2
34,2
34,2
34,2
34,2
34,2
34,2
34,2
34,2
34,2
34,2
34,2
34,2
34,2
34,2
34,2
34,2
34,2
34,1
34,1
34,1
34,1
34,1
34,1
34,1
34,1
34,1
34,1
34,1
34,1
34,1
34,1
34,1
34,1
34,1
34,1
34,1
34,1
34,1
34,1
34,1
34,1
34,1
34,1
34,1
34,1
34,1
34,1
34,1
34,1
34,1
34,1
34,1
34,1
34,1
34,1
34,1
34,1
34,1
34,1
34,1
34,1
34,1
34,1
34,1
34,1
34,1
34,1
34,1
34,1
34,1
34,1
34,1
34,1
34,1
34,1
34,1
34,1
34,1
34,1
34,1
34,1
34,1
34,1
34,1
34,1
34,1
34,1
34,1
34,1
34,1
34,1
34,1
34,1
34,1
34,1
34,1
34,1
34,1
34,1
34,1
34,1
34,1
34,1
34,1
34,1
34,1
34,1
35,1087
35,8
35,8
35,7
35,7
35,7
35,6
35,6
35,6
35,5
35,5
35,5
35,5
35,4
35,4
35,4
35,3
35,3
35,3
35,3
35,3
35,3
35,3
35,3
35,3
35,3
35,3
35,3
35,3
35,3
35,3
35,3
35,2
35,2
35,2
35,2
35,2
35,2
35,2
35,2
35,2
35,2
35,2
35,2
35,2
35,2
35,2
35,2
35,1
35,1
35,1
35,1
35,1
35,1
35,1
35,1
35,1
35,1
35,1
35,1
35,1
35,1
35,1
35,1
35,1
35,1
35,1
35,1
35,1
35,1
35,1
35,1
35,1
35,1
35,1
35,1
35,1
35,1
35,1
35,1
35,1
35,1
35,1
35,1
35,1
35,1
35,1
35,1
35,1
35,1
35,1
35,1
35,1
35,1
35,1
35,1
35,1
36,841
36,24
36,22
36,17
36,10
36,9
36,8
36,6
36,6
36,6
36,6
36,5
36,5
36,5
36,5
36,5
36,4
36,3
36,3
36,3
36,3
36,3
36,3
36,3
36,3
36,3
36,2
36,2
36,2
36,2
36,2
36,2
36,2
36,2
36,2
36,2
36,2
36,2
36,2
36,2
36,2
36,2
36,2
36,2
36,2
36,2
36,2
36,2
36,2
36,2
36,2
36,2
36,2
36,2
36,2
36,2
36,1
36,1
36,1
36,1
36,1
36,1
36,1
36,1
36,1
36,1
36,1
36,1
36,1
36,1
36,1
36,1
36,1
36,1
36,1
36,1
36,1
36,1
36,1
36,1
36,1
36,1
36,1
36,1
36,1
36,1
36,1
36,1
36,1
36,1
36,1
36,1
36,1
36,1
36,1
36,1
36,1
36,1
36,1
36,1
36,1
36,1
36,1
36,1
36,1
36,1
36,1
36,1
36,1
36,1
36,1
36,1
36,1
36,1
36,1
36,1
36,1
36,1
36,1
36,1
36,1
37,1031
37,20
37,17
37,11
37,9
37,8
37,8
37,8
37,8
37,6
37,6
37,6
37,5
37,5
37,5
37,5
37,5
37,5
37,5
37,5
37,4
37,4
37,3
37,3
37,3
37,3
37,3
37,3
37,3
37,3
37,3
37,3
37,3
37,3
37,2
37,2
37,2
37,2
37,2
37,2
37,2
37,2
37,2
37,2
37,2
37,2
37,2
37,2
37,2
37,2
37,2
37,2
37,2
37,2
37,2
37,1
37,1
37,1
37,1
37,1
37,1
37,1
37,1
37,1
37,1
37,1
37,1
37,1
37,1
37,1
37,1
37,1
37,1
37,1
37,1
37,1
37,1
37,1
37,1
37,1
37,1
37,1
37,1
37,1
37,1
37,1
37,1
37,1
37,1
37,1
37,1
37,1
37,1
37,1
37,1
37,1
37,1
37,1
37,1
37,1
37,1
37,1
37,1
37,1
37,1
37,1
37,1
37,1
37,1
37,1
37,1
37,1
37,1
37,1
37,1
37,1
37,1
37,1
37,1
37,1
37,1
37,1
37,1
37,1
37,1
37,1
37,1
37,1
37,1
37,1
37,1
37,1
37,1
37,1
37,1
37,1
37,1
37,1
37,1
37,1
37,1
37,1
37,1
37,1
37,1
37,1
37,1
37,1
37,1
37,1
37,1
37,1
38,812
38,436
38,77
38,25
38,19
38,19
38,10
38,6
38,5
38,4
38,4
38,3
38,3
38,3
38,3
38,3
38,3
38,3
38,3
38,3
38,3
38,2
38,2
38,2
38,2
38,2
38,2
38,2
38,2
38,2
38,2
38,2
38,2
38,2
38,2
38,2
38,1
38,1
38,1
38,1
38,1
38,1
38,1
38,1
38,1
38,1
38,1
38,1
38,1
38,1
38,1
38,1
38,1
38,1
38,1
38,1
38,1
38,1
38,1
38,1
38,1
38,1
38,1
38,1
38,1
38,1
38,1
38,1
38,1
38,1
38,1
38,1
38,1
38,1
38,1
38,1
38,1
38,1
38,1
38,1
38,1
38,1
38,1
38,1
38,1
38,1
38,1
38,1
38,1
38,1
38,1
38,1
38,1
38,1
38,1
38,1
38,1
38,1
38,1
38,1
38,1
38,1
38,1
38,1
38,1
38,1
38,1
38,1
38,1
38,1
38,1
38,1
39,1336
39,59
39,12
39,10
39,9
39,9
39,8
39,8
39,8
39,6
39,5
39,5
39,4
39,4
39,4
39,4
39,3
39,3
39,3
39,3
39,3
39,3
39,3
39,3
39,3
39,3
39,3
39,2
39,2
39,2
39,2
39,2
39,2
39,2
39,2
39,2
39,2
39,2
39,2
39,2
39,1
39,1
39,1
39,1
39,1
39,1
39,1
39,1
39,1
39,1
39,1
39,1
39,1
39,1
39,1
39,1
39,1
39,1
39,1
39,1
39,1
39,1
39,1
39,1
39,1
39,1
39,1
39,1
39,1
39,1
39,1
39,1
39,1
39,1
39,1
39,1
39,1
39,1
39,1
39,1
39,1
39,1
39,1
39,1
39,1
39,1
39,1
39,1
39,1
39,1
39,1
39,1
39,1
39,1
39,1
39,1
39,1
39,1
39,1
39,1
39,1
39,1
39,1
39,1
39,1
39,1
39,1
39,1
39,1
39,1
39,1
39,1
39,1
39,1
39,1
39,1
39,1
39,1
39,1
39,1
39,1
39,1
39,1
39,1
39,1
39,1
39,1
39,1
39,1
39,1
39,1
39,1
39,1
39,1
39,1
39,1
40,1037
40,22
40,21
40,18
40,11
40,9
40,9
40,8
40,4
40,4
40,4
40,3
40,3
40,3
40,3
40,3
40,3
40,3
40,3
40,3
40,2
40,2
40,2
40,2
40,2
40,2
40,2
40,2
40,2
40,2
40,2
40,2
40,2
40,2
40,2
40,2
40,2
40,2
40,2
40,2
40,2
40,2
40,2
40,2
40,2
40,2
40,2
40,2
40,1
40,1
40,1
40,1
40,1
40,1
40,1
40,1
40,1
40,1
40,1
40,1
40,1
40,1
40,1
40,1
40,1
40,1
40,1
40,1
40,1
40,1
40,1
40,1
40,1
40,1
40,1
40,1
40,1
40,1
40,1
40,1
40,1
40,1
40,1
40,1
40,1
40,1
40,1
40,1
40,1
40,1
40,1
40,1
40,1
40,1
40,1
40,1
40,1
40,1
40,1
40,1
40,1
40,1
40,1
40,1
40,1
40,1
40,1
40,1
40,1
40,1
40,1
40,1
40,1
40,1
40,1
40,1
40,1
40,1
40,1
40,1
40,1
40,1
40,1
40,1
40,1
40,1
40,1
41,786
41,132
41,71
41,45
41,17
41,17
41,8
41,7
41,6
41,5
41,5
41,4
41,4
41,4
41,4
41,3
41,3
41,3
41,3
41,3
41,3
41,3
41,3
41,3
41,3
41,3
41,3
41,3
41,2
41,2
41,2
41,2
41,2
41,2
41,2
41,2
41,2
41,2
41,2
41,2
41,2
41,2
41,2
41,2
41,2
41,2
41,2
41,2
41,2
41,1
41,1
41,1
41,1
41,1
41,1
41,1
41,1
41,1
41,1
41,1
41,1
41,1
41,1
41,1
41,1
41,1
41,1
41,1
41,1
41,1
41,1
41,1
41,1
41,1
41,1
41,1
41,1
41,1
41,1
41,1
41,1
41,1
41,1
41,1
41,1
41,1
41,1
41,1
41,1
41,1
41,1
41,1
41,1
41,1
41,1
41,1
41,1
41,1
41,1
41,1
41,1
41,1
41,1
41,1
41,1
41,1
41,1
41,1
41,1
41,1
41,1
41,1
41,1
41,1
41,1
41,1
41,1
41,1
41,1
41,1
41,1
41,1
41,1
41,1
41,1
41,1
41,1
41,1
41,1
41,1
41,1
41,1
41,1
41,1
41,1
41,1
41,1
41,1
41,1
41,1
41,1
41,1
41,1
41,1
41,1
41,1
41,1
41,1
41,1
41,1
41,1
41,1
42,969
42,221
42,58
42,16
42,14
42,10
42,8
42,5
42,5
42,4
42,4
42,4
42,4
42,3
42,3
42,3
42,3
42,3
42,3
42,3
42,3
42,3
42,3
42,3
42,3
42,3
42,3
42,2
42,2
42,2
42,2
42,2
42,2
42,2
42,2
42,2
42,2
42,2
42,2
42,2
42,2
42,2
42,2
42,2
42,2
42,2
42,2
42,2
42,2
42,2
42,2
42,2
42,2
42,2
42,2
42,2
42,2
42,2
42,2
42,1
42,1
42,1
42,1
42,1
42,1
42,1
42,1
42,1
42,1
42,1
42,1
42,1
42,1
42,1
42,1
42,1
42,1
42,1
42,1
42,1
42,1
42,1
42,1
42,1
42,1
42,1
42,1
42,1
42,1
42,1
42,1
42,1
42,1
42,1
42,1
42,1
42,1
42,1
42,1
42,1
42,1
42,1
42,1
42,1
42,1
42,1
42,1
42,1
42,1
42,1
42,1
42,1
42,1
42,1
42,1
42,1
42,1
42,1
42,1
42,1
42,1
42,1
42,1
42,1
42,1
42,1
42,1
42,1
42,1
42,1
42,1
42,1
42,1
42,1
42,1
42,1
42,1
42,1
42,1
42,1
42,1
42,1
42,1
42,1
42,1
42,1
42,1
42,1
43,1089
43,63
43,50
43,23
43,8
43,7
43,6
43,6
43,6
43,6
43,6
43,4
43,4
43,4
43,3
43,3
43,2
43,2
43,2
43,2
43,2
43,2
43,2
43,2
43,2
43,2
43,2
43,2
43,2
43,2
43,2
43,2
43,1
43,1
43,1
43,1
43,1
43,1
43,1
43,1
43,1
43,1
43,1
43,1
43,1
43,1
43,1
43,1
43,1
43,1
43,1
43,1
43,1
43,1
43,1
43,1
43,1
43,1
43,1
43,1
43,1
43,1
43,1
43,1
43,1
43,1
43,1
43,1
43,1
43,1
43,1
43,1
43,1
43,1
43,1
43,1
43,1
43,1
43,1
43,1
43,1
43,1
43,1
43,1
43,1
43,1
43,1
43,1
43,1
43,1
43,1
43,1
43,1
43,1
43,1
43,1
43,1
43,1
43,1
43,1
43,1
43,1
43,1
43,1
43,1
43,1
43,1
43,1
43,1
43,1
43,1
43,1
44,628
44,297
44,68
44,42
44,31
44,19
44,13
44,12
44,11
44,10
44,5
44,4
44,3
44,3
44,3
44,3
44,3
44,3
44,3
44,3
44,3
44,3
44,3
44,3
44,3
44,2
44,2
44,2
44,2
44,2
44,2
44,2
44,2
44,2
44,2
44,2
44,2
44,2
44,2
44,2
44,2
44,1
44,1
44,1
44,1
44,1
44,1
44,1
44,1
44,1
44,1
44,1
44,1
44,1
44,1
44,1
44,1
44,1
44,1
44,1
44,1
44,1
44,1
44,1
44,1
44,1
44,1
44,1
44,1
44,1
44,1
44,1
44,1
44,1
44,1
44,1
44,1
44,1
44,1
44,1
44,1
44,1
44,1
44,1
44,1
44,1
44,1
44,1
44,1
44,1
44,1
44,1
44,1
44,1
44,1
44,1
44,1
44,1
44,1
44,1
44,1
44,1
44,1
44,1
44,1
44,1
44,1
44,1
44,1
44,1
44,1
44,1
44,1
44,1
44,1
44,1
44,1
44,1
44,1
45,590
45,384
45,159
45,76
45,56
45,27
45,10
45,8
45,8
45,7
45,7
45,7
45,6
45,6
45,5
45,4
45,4
45,3
45,3
45,3
45,3
45,3
45,3
45,3
45,3
45,3
45,3
45,3
45,3
45,3
45,3
45,3
45,2
45,2
45,2
45,2
45,2
45,2
45,2
45,2
45,2
45,2
45,2
45,2
45,2
45,2
45,2
45,2
45,2
45,2
45,2
45,2
45,2
45,2
45,1
45,1
45,1
45,1
45,1
45,1
45,1
45,1
45,1
45,1
45,1
45,1
45,1
45,1
45,1
45,1
45,1
45,1
45,1
45,1
45,1
45,1
45,1
45,1
45,1
45,1
45,1
45,1
45,1
45,1
45,1
45,1
45,1
45,1
45,1
45,1
45,1
45,1
45,1
45,1
45,1
45,1
45,1
45,1
45,1
45,1
45,1
45,1
45,1
45,1
45,1
45,1
45,1
45,1
45,1
45,1
45,1
45,1
45,1
45,1
45,1
45,1
45,1
45,1
45,1
45,1
45,1
45,1
45,1
45,1
45,1
45,1
45,1
45,1
45,1
45,1
45,1
45,1
45,1
45,1
45,1
45,1
45,1
45,1
45,1
45,1
45,1
45,1
45,1
45,1
45,1
45,1
45,1
45,1
45,1
45,1
45,1
45,1
46,1004
46,220
46,41
46,25
46,14
46,13
46,10
46,7
46,6
46,5
46,5
46,5
46,5
46,5
46,5
46,5
46,5
46,5
46,4
46,4
46,4
46,4
46,4
46,3
46,3
46,3
46,3
46,3
46,3
46,3
46,3
46,3
46,3
46,3
46,2
46,2
46,2
46,2
46,2
46,2
46,2
46,2
46,2
46,2
46,2
46,2
46,2
46,2
46,2
46,2
46,2
46,2
46,2
46,2
46,2
46,2
46,2
46,2
46,2
46,2
46,2
46,2
46,2
46,2
46,2
46,2
46,2
46,2
46,2
46,2
46,1
46,1
46,1
46,1
46,1
46,1
46,1
46,1
46,1
46,1
46,1
46,1
46,1
46,1
46,1
46,1
46,1
46,1
46,1
46,1
46,1
46,1
46,1
46,1
46,1
46,1
46,1
46,1
46,1
46,1
46,1
46,1
46,1
46,1
46,1
46,1
46,1
46,1
46,1
46,1
46,1
46,1
46,1
46,1
46,1
46,1
46,1
46,1
46,1
46,1
46,1
46,1
46,1
46,1
46,1
46,1
46,1
46,1
46,1
46,1
46,1
46,1
46,1
46,1
46,1
46,1
46,1
46,1
46,1
46,1
46,1
46,1
46,1
46,1
46,1
46,1
46,1
46,1
46,1
46,1
46,1
46,1
46,1
46,1
46,1
46,1
46,1
46,1
46,1
46,1
46,1
46,1
46,1
46,1
46,1
46,1
46,1
46,1
46,1
46,1
46,1
46,1
46,1
46,1
46,1
46,1
46,1
46,1
46,1
46,1
46,1
46,1
46,1
46,1
46,1
46,1
46,1
46,1
46,1
46,1
46,1
46,1
46,1
46,1
46,1
46,1
46,1
46,1
46,1
46,1
47,1406
47,28
47,9
47,9
47,6
47,6
47,6
47,5
47,5
47,4
47,4
47,4
47,4
47,4
47,4
47,3
47,3
47,3
47,3
47,3
47,3
47,3
47,3
47,3
47,3
47,2
47,2
47,2
47,2
47,2
47,2
47,2
47,2
47,2
47,2
47,2
47,2
47,2
47,2
47,2
47,2
47,2
47,2
47,2
47,2
47,2
47,1
47,1
47,1
47,1
47,1
47,1
47,1
47,1
47,1
47,1
47,1
47,1
47,1
47,1
47,1
47,1
47,1
47,1
47,1
47,1
47,1
47,1
47,1
47,1
47,1
47,1
47,1
47,1
47,1
47,1
47,1
47,1
47,1
47,1
47,1
47,1
47,1
47,1
47,1
47,1
47,1
47,1
47,1
47,1
47,1
47,1
47,1
47,1
47,1
47,1
47,1
47,1
47,1
47,1
47,1
47,1
47,1
47,1
47,1
47,1
47,1
47,1
47,1
47,1
47,1
47,1
47,1
47,1
47,1
47,1
47,1
47,1
47,1
47,1
47,1
47,1
47,1
47,1
47,1
47,1
47,1
47,1
47,1
47,1
47,1
47,1
47,1
47,1
47,1
47,1
47,1
47,1
47,1
47,1
47,1
48,1346
48,23
48,12
48,6
48,5
48,5
48,5
48,5
48,4
48,4
48,4
48,4
48,4
48,3
48,3
48,3
48,3
48,3
48,3
48,3
48,3
48,3
48,3
48,3
48,3
48,3
48,2
48,2
48,2
48,2
48,2
48,2
48,2
48,2
48,2
48,2
48,2
48,2
48,2
48,2
48,2
48,2
48,2
48,2
48,2
48,2
48,2
48,2
48,2
48,2
48,2
48,1
48,1
48,1
48,1
48,1
48,1
48,1
48,1
48,1
48,1
48,1
48,1
48,1
48,1
48,1
48,1
48,1
48,1
48,1
48,1
48,1
48,1
48,1
48,1
48,1
48,1
48,1
48,1
48,1
48,1
48,1
48,1
48,1
48,1
48,1
48,1
48,1
48,1
48,1
48,1
48,1
48,1
48,1
48,1
48,1
48,1
48,1
48,1
48,1
48,1
48,1
48,1
48,1
48,1
48,1
48,1
48,1
48,1
48,1
48,1
48,1
48,1
48,1
48,1
48,1
48,1
48,1
48,1
48,1
48,1
48,1
48,1
48,1
48,1
48,1
48,1
48,1
48,1
48,1
48,1
48,1
49,1335
49,24
49,22
49,13
49,11
49,8
49,8
49,7
49,6
49,6
49,6
49,6
49,6
49,6
49,4
49,4
49,3
49,3
49,3
49,3
49,3
49,3
49,3
49,3
49,3
49,3
49,3
49,3
49,2
49,2
49,2
49,2
49,2
49,2
49,2
49,2
49,2
49,2
49,2
49,2
49,2
49,2
49,2
49,2
49,2
49,2
49,2
49,2
49,1
49,1
49,1
49,1
49,1
49,1
49,1
49,1
49,1
49,1
49,1
49,1
49,1
49,1
49,1
49,1
49,1
49,1
49,1
49,1
49,1
49,1
49,1
49,1
49,1
49,1
49,1
49,1
49,1
49,1
49,1
49,1
49,1
49,1
49,1
49,1
49,1
49,1
49,1
49,1
49,1
49,1
49,1
49,1
49,1
49,1
49,1
49,1
49,1
49,1
49,1
49,1
49,1
49,1
49,1
49,1
49,1
49,1
49,1
49,1
49,1
49,1
49,1
49,1
49,1
49,1
49,1
49,1
49,1
49,1
49,1
49,1
49,1
49,1
49,1
49,1
49,1
49,1
49,1
50,883
50,80
50,34
50,34
50,14
50,11
50,10
50,7
50,7
50,6
50,5
50,5
50,5
50,5
50,5
50,4
50,4
50,4
50,4
50,3
50,3
50,3
50,3
50,3
50,3
50,3
50,3
50,3
50,3
50,2
50,2
50,2
50,2
50,2
50,2
50,2
50,2
50,2
50,2
50,2
50,2
50,2
50,2
50,2
50,2
50,2
50,2
50,2
50,2
50,2
50,2
50,2
50,2
50,2
50,2
50,2
50,2
50,2
50,1
50,1
50,1
50,1
50,1
50,1
50,1
50,1
50,1
50,1
50,1
50,1
50,1
50,1
50,1
50,1
50,1
50,1
50,1
50,1
50,1
50,1
50,1
50,1
50,1
50,1
50,1
50,1
50,1
50,1
50,1
50,1
50,1
50,1
50,1
50,1
50,1
50,1
50,1
50,1
50,1
50,1
50,1
50,1
50,1
50,1
50,1
50,1
50,1
50,1
50,1
50,1
50,1
50,1
50,1
50,1
50,1
50,1
50,1
50,1
50,1
50,1
50,1
50,1
50,1
50,1
50,1
50,1
50,1
50,1
50,1
50,1
50,1
50,1
50,1
50,1
50,1
50,1
50,1
50,1
50,1
50,1
50,1
50,1
50,1
50,1
50,1
50,1
50,1
50,1
50,1
50,1
50,1
50,1
50,1
50,1
50,1
50,1
50,1
50,1
51,867
51,295
51,18
51,12
51,11
51,11
51,9
51,7
51,6
51,6
51,6
51,6
51,5
51,4
51,4
51,4
51,4
51,4
51,4
51,3
51,3
51,3
51,3
51,3
51,3
51,3
51,3
51,3
51,3
51,3
51,3
51,3
51,3
51,3
51,2
51,2
51,2
51,2
51,2
51,2
51,2
51,2
51,2
51,2
51,2
51,2
51,2
51,2
51,2
51,2
51,2
51,2
51,2
51,2
51,1
51,1
51,1
51,1
51,1
51,1
51,1
51,1
51,1
51,1
51,1
51,1
51,1
51,1
51,1
51,1
51,1
51,1
51,1
51,1
51,1
51,1
51,1
51,1
51,1
51,1
51,1
51,1
51,1
51,1
51,1
51,1
51,1
51,1
51,1
51,1
51,1
51,1
51,1
51,1
51,1
51,1
51,1
51,1
51,1
51,1
51,1
51,1
51,1
51,1
51,1
51,1
51,1
51,1
51,1
51,1
51,1
51,1
51,1
51,1
51,1
51,1
51,1
51,1
51,1
51,1
51,1
51,1
51,1
51,1
51,1
51,1
51,1
51,1
51,1
51,1
51,1
51,1
51,1
51,1
51,1
51,1
51,1
51,1
51,1
51,1
51,1
51,1
51,1
52,1028
52,15
52,9
52,8
52,7
52,7
52,5
52,5
52,4
52,4
52,4
52,4
52,4
52,4
52,4
52,4
52,3
52,3
52,3
52,3
52,3
52,3
52,3
52,3
52,3
52,3
52,3
52,3
52,3
52,3
52,3
52,3
52,2
52,2
52,2
52,2
52,2
52,2
52,2
52,2
52,2
52,2
52,2
52,2
52,2
52,2
52,2
52,2
52,2
52,2
52,2
52,2
52,2
52,2
52,2
52,2
52,1
52,1
52,1
52,1
52,1
52,1
52,1
52,1
52,1
52,1
52,1
52,1
52,1
52,1
52,1
52,1
52,1
52,1
52,1
52,1
52,1
52,1
52,1
52,1
52,1
52,1
52,1
52,1
52,1
52,1
52,1
52,1
52,1
52,1
52,1
52,1
52,1
52,1
52,1
52,1
52,1
52,1
52,1
52,1
52,1
52,1
52,1
52,1
52,1
52,1
52,1
52,1
52,1
52,1
52,1
52,1
52,1
52,1
52,1
52,1
52,1
52,1
52,1
52,1
52,1
52,1
52,1
52,1
52,1
52,1
52,1
53,613
53,468
53,45
53,40
53,7
53,4
53,4
53,4
53,4
53,3
53,3
53,3
53,3
53,3
53,3
53,3
53,2
53,2
53,2
53,2
53,2
53,2
53,2
53,2
53,2
53,2
53,2
53,2
53,2
53,2
53,2
53,2
53,2
53,2
53,2
53,2
53,2
53,1
53,1
53,1
53,1
53,1
53,1
53,1
53,1
53,1
53,1
53,1
53,1
53,1
53,1
53,1
53,1
53,1
53,1
53,1
53,1
53,1
53,1
53,1
53,1
53,1
53,1
53,1
53,1
53,1
53,1
53,1
53,1
53,1
53,1
53,1
53,1
53,1
53,1
53,1
53,1
53,1
53,1
53,1
53,1
53,1
53,1
53,1
53,1
53,1
53,1
53,1
53,1
53,1
53,1
53,1
53,1
53,1
53,1
53,1
53,1
53,1
53,1
53,1
53,1
53,1
53,1
53,1
53,1
53,1
53,1
53,1
53,1
53,1
53,1
53,1
53,1
53,1
53,1
53,1
53,1
53,1
53,1
53,1
53,1
53,1
53,1
53,1
53,1
53,1
54,600
54,333
54,127
54,20
54,19
54,16
54,16
54,6
54,5
54,5
54,5
54,4
54,4
54,4
54,3
54,3
54,3
54,3
54,2
54,2
54,2
54,2
54,2
54,2
54,2
54,2
54,2
54,2
54,2
54,2
54,2
54,2
54,2
54,2
54,2
54,1
54,1
54,1
54,1
54,1
54,1
54,1
54,1
54,1
54,1
54,1
54,1
54,1
54,1
54,1
54,1
54,1
54,1
54,1
54,1
54,1
54,1
54,1
54,1
54,1
54,1
54,1
54,1
54,1
54,1
54,1
54,1
54,1
54,1
54,1
54,1
54,1
54,1
54,1
54,1
54,1
54,1
54,1
54,1
54,1
54,1
54,1
54,1
54,1
54,1
54,1
54,1
54,1
54,1
54,1
54,1
54,1
54,1
54,1
54,1
54,1
54,1
54,1
54,1
54,1
54,1
54,1
54,1
54,1
54,1
54,1
54,1
54,1
54,1
54,1
54,1
54,1
54,1
54,1
54,1
54,1
54,1
54,1
54,1
54,1
54,1
54,1
54,1
54,1
54,1
54,1
54,1
54,1
54,1
54,1
54,1
54,1
54,1
54,1
54,1
54,1
54,1
55,1208
55,47
55,47
55,12
55,11
55,8
55,8
55,7
55,6
55,5
55,5
55,5
55,5
55,4
55,4
55,3
55,3
55,3
55,3
55,3
55,2
55,2
55,2
55,2
55,2
55,2
55,2
55,2
55,2
55,2
55,2
55,2
55,2
55,2
55,2
55,2
55,2
55,2
55,2
55,2
55,2
55,1
55,1
55,1
55,1
55,1
55,1
55,1
55,1
55,1
55,1
55,1
55,1
55,1
55,1
55,1
55,1
55,1
55,1
55,1
55,1
55,1
55,1
55,1
55,1
55,1
55,1
55,1
55,1
55,1
55,1
55,1
55,1
55,1
55,1
55,1
55,1
55,1
55,1
55,1
55,1
55,1
55,1
55,1
55,1
55,1
55,1
55,1
55,1
55,1
55,1
55,1
55,1
55,1
55,1
55,1
55,1
55,1
55,1
55,1
55,1
55,1
55,1
55,1
55,1
55,1
55,1
55,1
55,1
55,1
55,1
55,1
55,1
55,1
56,486
56,262
56,252
56,194
56,23
56,21
56,20
56,20
56,20
56,13
56,9
56,8
56,7
56,5
56,5
56,5
56,4
56,4
56,4
56,4
56,4
56,3
56,3
56,3
56,3
56,3
56,3
56,3
56,3
56,3
56,2
56,2
56,2
56,2
56,2
56,2
56,2
56,2
56,2
56,2
56,2
56,2
56,2
56,2
56,2
56,2
56,1
56,1
56,1
56,1
56,1
56,1
56,1
56,1
56,1
56,1
56,1
56,1
56,1
56,1
56,1
56,1
56,1
56,1
56,1
56,1
56,1
56,1
56,1
56,1
56,1
56,1
56,1
56,1
56,1
56,1
56,1
56,1
56,1
56,1
56,1
56,1
56,1
56,1
56,1
56,1
56,1
56,1
56,1
56,1
56,1
56,1
56,1
56,1
56,1
56,1
56,1
56,1
56,1
56,1
56,1
56,1
56,1
56,1
56,1
56,1
56,1
56,1
56,1
56,1
56,1
56,1
56,1
56,1
56,1
56,1
56,1
56,1
56,1
56,1
56,1
56,1
56,1
56,1
56,1
56,1
56,1
56,1
56,1
56,1
56,1
56,1
56,1
56,1
56,1
56,1
56,1
56,1
56,1
56,1
56,1
56,1
56,1
56,1
56,1
56,1
56,1
56,1
56,1
56,1
57,437
57,385
57,176
57,125
57,42
57,37
57,17
57,12
57,9
57,8
57,7
57,6
57,6
57,6
57,5
57,5
57,5
57,4
57,4
57,4
57,4
57,4
57,3
57,3
57,3
57,3
57,3
57,2
57,2
57,2
57,2
57,2
57,2
57,2
57,2
57,2
57,2
57,2
57,2
57,2
57,2
57,2
57,2
57,2
57,2
57,2
57,2
57,2
57,2
57,2
57,2
57,2
57,1
57,1
57,1
57,1
57,1
57,1
57,1
57,1
57,1
57,1
57,1
57,1
57,1
57,1
57,1
57,1
57,1
57,1
57,1
57,1
57,1
57,1
57,1
57,1
57,1
57,1
57,1
57,1
57,1
57,1
57,1
57,1
57,1
57,1
57,1
57,1
57,1
57,1
57,1
57,1
57,1
57,1
57,1
57,1
57,1
57,1
57,1
57,1
57,1
57,1
57,1
57,1
57,1
57,1
57,1
57,1
57,1
57,1
57,1
57,1
57,1
57,1
57,1
57,1
57,1
57,1
57,1
57,1
57,1
57,1
57,1
57,1
57,1
57,1
57,1
57,1
57,1
57,1
57,1
57,1
57,1
57,1
57,1
57,1
57,1
57,1
57,1
57,1
57,1
57,1
57,1
57,1
57,1
57,1
57,1
57,1
58,991
58,92
58,71
58,34
58,32
58,17
58,13
58,11
58,8
58,7
58,7
58,6
58,4
58,3
58,3
58,3
58,3
58,3
58,3
58,3
58,3
58,3
58,3
58,2
58,2
58,2
58,2
58,2
58,2
58,2
58,2
58,2
58,2
58,2
58,2
58,2
58,2
58,2
58,2
58,2
58,2
58,2
58,2
58,2
58,2
58,2
58,2
58,2
58,2
58,2
58,2
58,2
58,2
58,2
58,2
58,2
58,2
58,2
58,2
58,2
58,1
58,1
58,1
58,1
58,1
58,1
58,1
58,1
58,1
58,1
58,1
58,1
58,1
58,1
58,1
58,1
58,1
58,1
58,1
58,1
58,1
58,1
58,1
58,1
58,1
58,1
58,1
58,1
58,1
58,1
58,1
58,1
58,1
58,1
58,1
58,1
58,1
58,1
58,1
58,1
58,1
58,1
58,1
58,1
58,1
58,1
58,1
58,1
58,1
58,1
58,1
58,1
58,1
58,1
58,1
58,1
58,1
58,1
58,1
58,1
58,1
58,1
58,1
58,1
58,1
58,1
58,1
58,1
58,1
58,1
58,1
58,1
58,1
58,1
58,1
58,1
58,1
58,1
58,1
58,1
58,1
58,1
58,1
58,1
58,1
58,1
58,1
58,1
58,1
58,1
59,1111
59,43
59,15
59,7
59,6
59,6
59,5
59,5
59,4
59,4
59,4
59,3
59,3
59,3
59,3
59,3
59,3
59,2
59,2
59,2
59,2
59,2
59,2
59,2
59,2
59,2
59,2
59,2
59,2
59,2
59,2
59,2
59,2
59,2
59,2
59,1
59,1
59,1
59,1
59,1
59,1
59,1
59,1
59,1
59,1
59,1
59,1
59,1
59,1
59,1
59,1
59,1
59,1
59,1
59,1
59,1
59,1
59,1
59,1
59,1
59,1
59,1
59,1
59,1
59,1
59,1
59,1
59,1
59,1
59,1
59,1
59,1
59,1
59,1
59,1
59,1
59,1
59,1
59,1
59,1
59,1
59,1
59,1
59,1
59,1
59,1
59,1
59,1
59,1
59,1
59,1
59,1
59,1
59,1
59,1
59,1
59,1
59,1
59,1
59,1
59,1
59,1
59,1
59,1
59,1
59,1
59,1
59,1
59,1
59,1
59,1
59,1
59,1
59,1
59,1
59,1
59,1
59,1
59,1
59,1
59,1
59,1
60,968
60,324
60,12
60,4
60,4
60,3
60,3
60,3
60,3
60,2
60,2
60,2
60,2
60,2
60,2
60,2
60,2
60,2
60,2
60,2
60,2
60,2
60,2
60,2
60,2
60,1
60,1
60,1
60,1
60,1
60,1
60,1
60,1
60,1
60,1
60,1
60,1
60,1
60,1
60,1
60,1
60,1
60,1
60,1
60,1
60,1
60,1
60,1
60,1
60,1
60,1
60,1
60,1
60,1
60,1
60,1
60,1
60,1
60,1
60,1
60,1
60,1
60,1
60,1
60,1
60,1
60,1
60,1
60,1
60,1
60,1
60,1
61,1301
61,23
61,11
61,6
61,6
61,5
61,5
61,4
61,4
61,4
61,4
61,4
61,4
61,3
61,3
61,3
61,3
61,3
61,3
61,3
61,3
61,3
61,3
61,3
61,3
61,3
61,2
61,2
61,2
61,2
61,2
61,2
61,2
61,2
61,2
61,2
61,2
61,2
61,2
61,2
61,2
61,2
61,2
61,2
61,2
61,2
61,2
61,2
61,2
61,1
61,1
61,1
61,1
61,1
61,1
61,1
61,1
61,1
61,1
61,1
61,1
61,1
61,1
61,1
61,1
61,1
61,1
61,1
61,1
61,1
61,1
61,1
61,1
61,1
61,1
61,1
61,1
61,1
61,1
61,1
61,1
61,1
61,1
61,1
61,1
61,1
61,1
61,1
61,1
61,1
61,1
61,1
61,1
61,1
61,1
61,1
61,1
61,1
61,1
61,1
61,1
61,1
61,1
61,1
61,1
61,1
61,1
61,1
61,1
61,1
61,1
61,1
61,1
61,1
61,1
61,1
61,1
61,1
61,1
61,1
61,1
61,1
61,1
61,1
61,1
61,1
61,1
61,1
61,1
61,1
61,1
61,1
61,1
61,1
62,1126
62,73
62,8
62,7
62,6
62,5
62,4
62,4
62,3
62,3
62,3
62,3
62,3
62,3
62,3
62,3
62,3
62,3
62,3
62,3
62,2
62,2
62,2
62,2
62,2
62,2
62,2
62,2
62,2
62,2
62,2
62,2
62,2
62,2
62,2
62,2
62,2
62,2
62,2
62,2
62,2
62,2
62,2
62,2
62,2
62,2
62,2
62,2
62,2
62,2
62,2
62,2
62,2
62,2
62,2
62,1
62,1
62,1
62,1
62,1
62,1
62,1
62,1
62,1
62,1
62,1
62,1
62,1
62,1
62,1
62,1
62,1
62,1
62,1
62,1
62,1
62,1
62,1
62,1
62,1
62,1
62,1
62,1
62,1
62,1
62,1
62,1
62,1
62,1
62,1
62,1
62,1
62,1
62,1
62,1
62,1
62,1
62,1
62,1
62,1
62,1
62,1
62,1
62,1
62,1
62,1
62,1
62,1
62,1
62,1
62,1
62,1
62,1
62,1
62,1
62,1
62,1
62,1
62,1
62,1
62,1
62,1
62,1
62,1
62,1
62,1
62,1
62,1
62,1
62,1
62,1
62,1
62,1
62,1
62,1
62,1
62,1
62,1
62,1
62,1
62,1
62,1
62,1
62,1
62,1
62,1
62,1
62,1
62,1
62,1
62,1
62,1
62,1
62,1
62,1
62,1
62,1
62,1
62,1
62,1
62,1
62,1
62,1
62,1
62,1
62,1
62,1
62,1
62,1
62,1
62,1
62,1
63,1101
63,136
63,16
63,7
63,6
63,4
63,4
63,4
63,3
63,3
63,3
63,3
63,3
63,3
63,3
63,3
63,2
63,2
63,2
63,2
63,2
63,2
63,2
63,2
63,2
63,2
63,2
63,2
63,2
63,2
63,2
63,2
63,2
63,2
63,2
63,2
63,2
63,2
63,2
63,2
63,2
63,2
63,1
63,1
63,1
63,1
63,1
63,1
63,1
63,1
63,1
63,1
63,1
63,1
63,1
63,1
63,1
63,1
63,1
63,1
63,1
63,1
63,1
63,1
63,1
63,1
63,1
63,1
63,1
63,1
63,1
63,1
63,1
63,1
63,1
63,1
63,1
63,1
63,1
63,1
63,1
63,1
63,1
63,1
63,1
63,1
63,1
63,1
63,1
63,1
63,1
63,1
63,1
63,1
63,1
63,1
63,1
63,1
63,1
63,1
63,1
63,1
63,1
63,1
63,1
63,1
63,1
63,1
63,1
63,1
63,1
63,1
63,1
63,1
63,1
63,1
63,1
63,1
63,1
63,1
63,1
63,1
63,1
63,1
63,1
64,526
64,295
64,85
64,57
64,56
64,39
64,22
64,18
64,14
64,9
64,8
64,6
64,5
64,5
64,4
64,4
64,4
64,4
64,4
64,4
64,4
64,3
64,3
64,3
64,3
64,3
64,3
64,3
64,3
64,2
64,2
64,2
64,2
64,2
64,2
64,2
64,2
64,2
64,2
64,2
64,2
64,2
64,2
64,2
64,2
64,2
64,2
64,2
64,2
64,2
64,2
64,2
64,2
64,2
64,2
64,2
64,1
64,1
64,1
64,1
64,1
64,1
64,1
64,1
64,1
64,1
64,1
64,1
64,1
64,1
64,1
64,1
64,1
64,1
64,1
64,1
64,1
64,1
64,1
64,1
64,1
64,1
64,1
64,1
64,1
64,1
64,1
64,1
64,1
64,1
64,1
64,1
64,1
64,1
64,1
64,1
64,1
64,1
64,1
64,1
64,1
64,1
64,1
64,1
64,1
64,1
64,1
64,1
64,1
64,1
64,1
64,1
64,1
64,1
64,1
64,1
64,1
64,1
64,1
64,1
64,1
64,1
64,1
64,1
64,1
64,1
64,1
64,1
64,1
64,1
65,749
65,547
65,137
65,18
65,17
65,6
65,6
65,5
65,5
65,5
65,4
65,4
65,4
65,4
65,4
65,3
65,3
65,3
65,3
65,3
65,3
65,3
65,3
65,3
65,3
65,2
65,2
65,2
65,2
65,2
65,2
65,2
65,2
65,2
65,2
65,2
65,2
65,2
65,2
65,2
65,2
65,2
65,2
65,2
65,2
65,2
65,2
65,2
65,2
65,2
65,2
65,2
65,1
65,1
65,1
65,1
65,1
65,1
65,1
65,1
65,1
65,1
65,1
65,1
65,1
65,1
65,1
65,1
65,1
65,1
65,1
65,1
65,1
65,1
65,1
65,1
65,1
65,1
65,1
65,1
65,1
65,1
65,1
65,1
65,1
65,1
65,1
65,1
65,1
65,1
65,1
65,1
65,1
65,1
65,1
65,1
65,1
65,1
65,1
65,1
65,1
65,1
65,1
65,1
65,1
65,1
65,1
65,1
65,1
65,1
65,1
65,1
65,1
65,1
65,1
65,1
65,1
65,1
65,1
65,1
65,1
65,1
65,1
66,1157
66,62
66,47
66,37
66,14
66,11
66,8
66,8
66,7
66,5
66,5
66,5
66,5
66,5
66,4
66,3
66,3
66,3
66,3
66,3
66,3
66,3
66,3
66,2
66,2
66,2
66,2
66,2
66,2
66,2
66,2
66,2
66,2
66,2
66,2
66,2
66,2
66,2
66,2
66,2
66,2
66,2
66,2
66,2
66,2
66,1
66,1
66,1
66,1
66,1
66,1
66,1
66,1
66,1
66,1
66,1
66,1
66,1
66,1
66,1
66,1
66,1
66,1
66,1
66,1
66,1
66,1
66,1
66,1
66,1
66,1
66,1
66,1
66,1
66,1
66,1
66,1
66,1
66,1
66,1
66,1
66,1
66,1
66,1
66,1
66,1
66,1
66,1
66,1
66,1
66,1
66,1
66,1
66,1
66,1
66,1
66,1
66,1
66,1
66,1
66,1
66,1
66,1
66,1
66,1
66,1
66,1
66,1
66,1
66,1
66,1
66,1
66,1
66,1
66,1
66,1
66,1
66,1
66,1
66,1
66,1
66,1
66,1
66,1
66,1
66,1
66,1
66,1
66,1
66,1
66,1
66,1
66,1
66,1
66,1
66,1
66,1
66,1
66,1
66,1
66,1
66,1
66,1
66,1
66,1
67,1025
67,25
67,25
67,9
67,7
67,7
67,6
67,6
67,5
67,4
67,3
67,3
67,3
67,3
67,2
67,2
67,2
67,2
67,2
67,2
67,2
67,2
67,2
67,2
67,2
67,2
67,2
67,2
67,2
67,1
67,1
67,1
67,1
67,1
67,1
67,1
67,1
67,1
67,1
67,1
67,1
67,1
67,1
67,1
67,1
67,1
67,1
67,1
67,1
67,1
67,1
67,1
67,1
67,1
67,1
67,1
67,1
67,1
67,1
67,1
67,1
67,1
67,1
67,1
67,1
67,1
67,1
67,1
67,1
67,1
67,1
67,1
67,1
67,1
67,1
67,1
67,1
67,1
67,1
67,1
67,1
67,1
67,1
67,1
67,1
67,1
67,1
67,1
67,1
67,1
67,1
67,1
67,1
67,1
68,1013
68,71
68,21
68,16
68,11
68,11
68,11
68,9
68,9
68,8
68,8
68,6
68,5
68,5
68,5
68,5
68,5
68,4
68,4
68,4
68,4
68,4
68,3
68,3
68,3
68,3
68,3
68,3
68,3
68,3
68,2
68,2
68,2
68,2
68,2
68,2
68,2
68,2
68,2
68,2
68,2
68,2
68,2
68,2
68,2
68,2
68,2
68,2
68,2
68,2
68,2
68,1
68,1
68,1
68,1
68,1
68,1
68,1
68,1
68,1
68,1
68,1
68,1
68,1
68,1
68,1
68,1
68,1
68,1
68,1
68,1
68,1
68,1
68,1
68,1
68,1
68,1
68,1
68,1
68,1
68,1
68,1
68,1
68,1
68,1
68,1
68,1
68,1
68,1
68,1
68,1
68,1
68,1
68,1
68,1
68,1
68,1
68,1
68,1
68,1
68,1
68,1
68,1
68,1
68,1
68,1
68,1
68,1
68,1
68,1
68,1
68,1
68,1
68,1
68,1
68,1
68,1
68,1
68,1
68,1
68,1
68,1
68,1
68,1
68,1
68,1
69,885
69,49
69,25
69,23
69,16
69,11
69,10
69,9
69,8
69,8
69,8
69,8
69,6
69,6
69,5
69,5
69,5
69,4
69,3
69,3
69,3
69,3
69,3
69,3
69,3
69,3
69,2
69,2
69,2
69,2
69,2
69,2
69,2
69,2
69,2
69,2
69,2
69,2
69,2
69,2
69,2
69,2
69,2
69,2
69,2
69,2
69,2
69,2
69,2
69,1
69,1
69,1
69,1
69,1
69,1
69,1
69,1
69,1
69,1
69,1
69,1
69,1
69,1
69,1
69,1
69,1
69,1
69,1
69,1
69,1
69,1
69,1
69,1
69,1
69,1
69,1
69,1
69,1
69,1
69,1
69,1
69,1
69,1
69,1
69,1
69,1
69,1
69,1
69,1
69,1
69,1
69,1
69,1
69,1
69,1
69,1
69,1
69,1
69,1
69,1
69,1
69,1
69,1
69,1
69,1
69,1
69,1
69,1
69,1
69,1
69,1
69,1
69,1
69,1
69,1
69,1
69,1
69,1
69,1
69,1
69,1
69,1
69,1
69,1
69,1
69,1
69,1
69,1
69,1
69,1
69,1
69,1
69,1
70,812
70,76
70,75
70,69
70,17
70,10
70,9
70,6
70,6
70,6
70,6
70,5
70,5
70,4
70,4
70,4
70,4
70,4
70,3
70,3
70,3
70,3
70,3
70,3
70,3
70,3
70,2
70,2
70,2
70,2
70,2
70,2
70,2
70,2
70,2
70,2
70,2
70,2
70,2
70,2
70,2
70,2
70,2
70,2
70,2
70,2
70,2
70,2
70,2
70,2
70,2
70,2
70,2
70,1
70,1
70,1
70,1
70,1
70,1
70,1
70,1
70,1
70,1
70,1
70,1
70,1
70,1
70,1
70,1
70,1
70,1
70,1
70,1
70,1
70,1
70,1
70,1
70,1
70,1
70,1
70,1
70,1
70,1
70,1
70,1
70,1
70,1
70,1
70,1
70,1
70,1
70,1
70,1
70,1
70,1
70,1
70,1
70,1
70,1
70,1
70,1
70,1
70,1
70,1
70,1
70,1
70,1
70,1
70,1
70,1
70,1
70,1
70,1
70,1
70,1
70,1
70,1
70,1
70,1
70,1
70,1
70,1
70,1
70,1
70,1
70,1
70,1
70,1
70,1
70,1
70,1
70,1
70,1
70,1
70,1
70,1
70,1
70,1
70,1
70,1
70,1
70,1
70,1
70,1
70,1
70,1
70,1
70,1
70,1
70,1
70,1
70,1
70,1
70,1
70,1
70,1
70,1
70,1
70,1
70,1
70,1
70,1
70,1
70,1
70,1
70,1
70,1
70,1
70,1
70,1
70,1
70,1
70,1
70,1
71,1138
71,58
71,29
71,21
71,11
71,11
71,11
71,11
71,7
71,6
71,5
71,4
71,4
71,4
71,4
71,4
71,4
71,4
71,3
71,3
71,3
71,3
71,3
71,3
71,3
71,3
71,3
71,2
71,2
71,2
71,2
71,2
71,2
71,2
71,2
71,2
71,2
71,2
71,2
71,2
71,2
71,2
71,2
71,2
71,2
71,2
71,2
71,2
71,2
71,2
71,2
71,2
71,2
71,2
71,2
71,2
71,2
71,2
71,1
71,1
71,1
71,1
71,1
71,1
71,1
71,1
71,1
71,1
71,1
71,1
71,1
71,1
71,1
71,1
71,1
71,1
71,1
71,1
71,1
71,1
71,1
71,1
71,1
71,1
71,1
71,1
71,1
71,1
71,1
71,1
71,1
71,1
71,1
71,1
71,1
71,1
71,1
71,1
71,1
71,1
71,1
71,1
71,1
71,1
71,1
71,1
71,1
71,1
71,1
71,1
71,1
71,1
71,1
71,1
71,1
71,1
71,1
71,1
71,1
71,1
71,1
71,1
71,1
71,1
71,1
71,1
71,1
71,1
71,1
71,1
71,1
71,1
71,1
71,1
71,1
71,1
71,1
71,1
71,1
71,1
71,1
71,1
72,948
72,48
72,33
72,32
72,21
72,18
72,14
72,13
72,13
72,10
72,9
72,9
72,7
72,7
72,7
72,6
72,5
72,5
72,5
72,5
72,4
72,4
72,4
72,4
72,4
72,3
72,3
72,3
72,3
72,3
72,3
72,3
72,3
72,2
72,2
72,2
72,2
72,2
72,2
72,2
72,2
72,2
72,2
72,2
72,2
72,2
72,2
72,2
72,2
72,2
72,2
72,2
72,2
72,2
72,2
72,2
72,2
72,2
72,2
72,2
72,2
72,1
72,1
72,1
72,1
72,1
72,1
72,1
72,1
72,1
72,1
72,1
72,1
72,1
72,1
72,1
72,1
72,1
72,1
72,1
72,1
72,1
72,1
72,1
72,1
72,1
72,1
72,1
72,1
72,1
72,1
72,1
72,1
72,1
72,1
72,1
72,1
72,1
72,1
72,1
72,1
72,1
72,1
72,1
72,1
72,1
72,1
72,1
72,1
72,1
72,1
72,1
72,1
72,1
72,1
72,1
72,1
72,1
72,1
72,1
72,1
72,1
72,1
72,1
72,1
72,1
72,1
72,1
72,1
72,1
72,1
72,1
72,1
72,1
72,1
72,1
72,1
72,1
72,1
72,1
72,1
72,1
72,1
72,1
72,1
72,1
72,1
72,1
73,712
73,263
73,50
73,30
73,26
73,23
73,21
73,10
73,7
73,5
73,5
73,4
73,3
73,3
73,3
73,3
73,3
73,3
73,2
73,2
73,2
73,2
73,2
73,2
73,2
73,2
73,2
73,2
73,2
73,2
73,2
73,2
73,2
73,2
73,2
73,2
73,2
73,2
73,1
73,1
73,1
73,1
73,1
73,1
73,1
73,1
73,1
73,1
73,1
73,1
73,1
73,1
73,1
73,1
73,1
73,1
73,1
73,1
73,1
73,1
73,1
73,1
73,1
73,1
73,1
73,1
73,1
73,1
73,1
73,1
73,1
73,1
73,1
73,1
73,1
73,1
73,1
73,1
73,1
73,1
73,1
73,1
73,1
73,1
73,1
73,1
73,1
73,1
73,1
73,1
73,1
73,1
73,1
73,1
73,1
73,1
73,1
73,1
73,1
74,649
74,332
74,158
74,24
74,18
74,14
74,9
74,6
74,5
74,5
74,4
74,4
74,4
74,4
74,4
74,3
74,3
74,3
74,3
74,3
74,3
74,3
74,3
74,3
74,3
74,3
74,2
74,2
74,2
74,2
74,2
74,2
74,2
74,2
74,2
74,2
74,2
74,2
74,2
74,2
74,2
74,2
74,2
74,2
74,2
74,2
74,2
74,2
74,2
74,2
74,1
74,1
74,1
74,1
74,1
74,1
74,1
74,1
74,1
74,1
74,1
74,1
74,1
74,1
74,1
74,1
74,1
74,1
74,1
74,1
74,1
74,1
74,1
74,1
74,1
74,1
74,1
74,1
74,1
74,1
74,1
74,1
74,1
74,1
74,1
74,1
74,1
74,1
74,1
74,1
74,1
74,1
74,1
74,1
74,1
74,1
74,1
74,1
74,1
74,1
74,1
74,1
74,1
74,1
74,1
74,1
74,1
74,1
74,1
74,1
74,1
74,1
74,1
74,1
74,1
74,1
74,1
74,1
74,1
74,1
74,1
74,1
74,1
74,1
74,1
74,1
74,1
74,1
74,1
74,1
74,1
74,1
74,1
74,1
74,1
74,1
74,1
74,1
74,1
74,1
75,1421
75,22
75,15
75,15
75,11
75,8
75,7
75,5
75,5
75,5
75,5
75,5
75,5
75,5
75,4
75,4
75,4
75,4
75,4
75,4
75,4
75,3
75,3
75,3
75,3
75,3
75,3
75,3
75,3
75,3
75,3
75,3
75,3
75,3
75,3
75,3
75,2
75,2
75,2
75,2
75,2
75,2
75,2
75,2
75,2
75,2
75,2
75,2
75,2
75,2
75,2
75,2
75,2
75,2
75,2
75,2
75,2
75,2
75,2
75,2
75,2
75,2
75,2
75,2
75,2
75,2
75,2
75,2
75,2
75,2
75,2
75,2
75,2
75,1
75,1
75,1
75,1
75,1
75,1
75,1
75,1
75,1
75,1
75,1
75,1
75,1
75,1
75,1
75,1
75,1
75,1
75,1
75,1
75,1
75,1
75,1
75,1
75,1
75,1
75,1
75,1
75,1
75,1
75,1
75,1
75,1
75,1
75,1
75,1
75,1
75,1
75,1
75,1
75,1
75,1
75,1
75,1
75,1
75,1
75,1
75,1
75,1
75,1
75,1
75,1
75,1
75,1
75,1
75,1
75,1
75,1
75,1
75,1
75,1
75,1
75,1
75,1
75,1
75,1
75,1
75,1
75,1
75,1
75,1
75,1
75,1
75,1
75,1
75,1
75,1
75,1
75,1
75,1
75,1
75,1
75,1
75,1
75,1
75,1
75,1
75,1
75,1
75,1
75,1
75,1
75,1
75,1
75,1
75,1
75,1
75,1
75,1
76,976
76,80
76,47
76,15
76,10
76,10
76,10
76,8
76,8
76,8
76,7
76,6
76,6
76,6
76,6
76,5
76,5
76,5
76,4
76,3
76,3
76,3
76,3
76,3
76,3
76,3
76,2
76,2
76,2
76,2
76,2
76,2
76,2
76,2
76,2
76,2
76,2
76,2
76,2
76,2
76,2
76,2
76,2
76,2
76,2
76,2
76,2
76,2
76,2
76,2
76,2
76,2
76,2
76,2
76,2
76,2
76,1
76,1
76,1
76,1
76,1
76,1
76,1
76,1
76,1
76,1
76,1
76,1
76,1
76,1
76,1
76,1
76,1
76,1
76,1
76,1
76,1
76,1
76,1
76,1
76,1
76,1
76,1
76,1
76,1
76,1
76,1
76,1
76,1
76,1
76,1
76,1
76,1
76,1
76,1
76,1
76,1
76,1
76,1
76,1
76,1
76,1
76,1
76,1
76,1
76,1
76,1
76,1
76,1
76,1
76,1
76,1
76,1
76,1
76,1
76,1
76,1
76,1
76,1
76,1
76,1
76,1
76,1
76,1
76,1
76,1
76,1
76,1
76,1
76,1
76,1
76,1
76,1
76,1
76,1
76,1
76,1
76,1
76,1
76,1
76,1
76,1
76,1
76,1
76,1
76,1
76,1
76,1
76,1
76,1
76,1
76,1
76,1
76,1
76,1
77,826
77,295
77,38
77,21
77,11
77,10
77,9
77,5
77,4
77,4
77,4
77,4
77,4
77,4
77,3
77,3
77,3
77,3
77,3
77,3
77,3
77,3
77,2
77,2
77,2
77,2
77,2
77,2
77,2
77,2
77,2
77,2
77,2
77,2
77,2
77,2
77,2
77,2
77,2
77,2
77,2
77,2
77,2
77,2
77,2
77,2
77,2
77,2
77,2
77,2
77,2
77,1
77,1
77,1
77,1
77,1
77,1
77,1
77,1
77,1
77,1
77,1
77,1
77,1
77,1
77,1
77,1
77,1
77,1
77,1
77,1
77,1
77,1
77,1
77,1
77,1
77,1
77,1
77,1
77,1
77,1
77,1
77,1
77,1
77,1
77,1
77,1
77,1
77,1
77,1
77,1
77,1
77,1
77,1
77,1
77,1
77,1
77,1
77,1
77,1
77,1
77,1
77,1
77,1
77,1
77,1
77,1
77,1
77,1
77,1
77,1
77,1
77,1
77,1
77,1
77,1
77,1
77,1
77,1
77,1
77,1
77,1
77,1
77,1
77,1
77,1
77,1
77,1
77,1
77,1
77,1
77,1
77,1
77,1
77,1
77,1
77,1
77,1
77,1
77,1
77,1
78,716
78,294
78,22
78,18
78,18
78,17
78,15
78,10
78,8
78,8
78,7
78,6
78,5
78,5
78,5
78,5
78,4
78,4
78,4
78,3
78,3
78,3
78,3
78,3
78,3
78,3
78,3
78,3
78,3
78,3
78,3
78,3
78,3
78,3
78,2
78,2
78,2
78,2
78,2
78,2
78,2
78,2
78,2
78,2
78,2
78,2
78,2
78,2
78,2
78,2
78,2
78,2
78,2
78,2
78,2
78,2
78,2
78,2
78,1
78,1
78,1
78,1
78,1
78,1
78,1
78,1
78,1
78,1
78,1
78,1
78,1
78,1
78,1
78,1
78,1
78,1
78,1
78,1
78,1
78,1
78,1
78,1
78,1
78,1
78,1
78,1
78,1
78,1
78,1
78,1
78,1
78,1
78,1
78,1
78,1
78,1
78,1
78,1
78,1
78,1
78,1
78,1
78,1
78,1
78,1
78,1
78,1
78,1
78,1
78,1
78,1
78,1
78,1
78,1
78,1
78,1
78,1
78,1
78,1
78,1
78,1
78,1
78,1
78,1
78,1
78,1
78,1
78,1
78,1
78,1
78,1
78,1
78,1
78,1
78,1
78,1
78,1
78,1
78,1
78,1
78,1
78,1
78,1
78,1
79,1144
79,34
79,25
79,9
79,8
79,7
79,7
79,7
79,6
79,6
79,6
79,5
79,5
79,5
79,4
79,4
79,4
79,4
79,4
79,4
79,4
79,4
79,4
79,3
79,3
79,3
79,3
79,3
79,3
79,3
79,3
79,3
79,2
79,2
79,2
79,2
79,2
79,2
79,2
79,2
79,2
79,2
79,2
79,2
79,2
79,2
79,2
79,2
79,2
79,2
79,2
79,2
79,2
79,2
79,2
79,1
79,1
79,1
79,1
79,1
79,1
79,1
79,1
79,1
79,1
79,1
79,1
79,1
79,1
79,1
79,1
79,1
79,1
79,1
79,1
79,1
79,1
79,1
79,1
79,1
79,1
79,1
79,1
79,1
79,1
79,1
79,1
79,1
79,1
79,1
79,1
79,1
79,1
79,1
79,1
79,1
79,1
79,1
79,1
79,1
79,1
79,1
79,1
79,1
79,1
79,1
79,1
79,1
79,1
79,1
79,1
79,1
79,1
79,1
79,1
79,1
79,1
79,1
79,1
79,1
79,1
79,1
79,1
79,1
79,1
79,1
79,1
79,1
79,1
79,1
79,1
79,1
79,1
79,1
79,1
79,1
79,1
79,1
79,1
79,1
79,1
79,1
79,1
79,1
79,1
79,1
79,1
80,1020
80,9
80,6
80,5
80,4
80,4
80,4
80,3
80,3
80,3
80,3
80,3
80,3
80,3
80,3
80,3
80,2
80,2
80,2
80,2
80,2
80,2
80,2
80,2
80,2
80,2
80,2
80,2
80,2
80,2
80,2
80,2
80,2
80,2
80,2
80,2
80,1
80,1
80,1
80,1
80,1
80,1
80,1
80,1
80,1
80,1
80,1
80,1
80,1
80,1
80,1
80,1
80,1
80,1
80,1
80,1
80,1
80,1
80,1
80,1
80,1
80,1
80,1
80,1
80,1
80,1
80,1
80,1
80,1
80,1
80,1
80,1
80,1
80,1
80,1
80,1
80,1
80,1
80,1
80,1
80,1
80,1
80,1
80,1
80,1
80,1
81,829
81,220
81,43
81,29
81,11
81,8
81,6
81,6
81,6
81,5
81,4
81,4
81,4
81,3
81,3
81,3
81,3
81,3
81,3
81,3
81,3
81,3
81,2
81,2
81,2
81,2
81,2
81,2
81,2
81,2
81,2
81,2
81,2
81,2
81,2
81,2
81,2
81,1
81,1
81,1
81,1
81,1
81,1
81,1
81,1
81,1
81,1
81,1
81,1
81,1
81,1
81,1
81,1
81,1
81,1
81,1
81,1
81,1
81,1
81,1
81,1
81,1
81,1
81,1
81,1
81,1
81,1
81,1
81,1
81,1
81,1
81,1
81,1
81,1
81,1
81,1
81,1
81,1
81,1
81,1
81,1
81,1
81,1
81,1
81,1
81,1
81,1
81,1
81,1
81,1
81,1
81,1
81,1
81,1
81,1
81,1
81,1
81,1
81,1
81,1
81,1
81,1
81,1
81,1
81,1
81,1
81,1
82,483
82,298
82,205
82,47
82,44
82,15
82,13
82,11
82,10
82,7
82,7
82,6
82,6
82,6
82,5
82,5
82,5
82,5
82,4
82,4
82,4
82,4
82,4
82,4
82,4
82,4
82,4
82,4
82,4
82,3
82,3
82,3
82,3
82,3
82,3
82,3
82,3
82,3
82,2
82,2
82,2
82,2
82,2
82,2
82,2
82,2
82,2
82,2
82,2
82,2
82,2
82,2
82,2
82,2
82,2
82,2
82,2
82,2
82,2
82,2
82,2
82,2
82,2
82,2
82,2
82,1
82,1
82,1
82,1
82,1
82,1
82,1
82,1
82,1
82,1
82,1
82,1
82,1
82,1
82,1
82,1
82,1
82,1
82,1
82,1
82,1
82,1
82,1
82,1
82,1
82,1
82,1
82,1
82,1
82,1
82,1
82,1
82,1
82,1
82,1
82,1
82,1
82,1
82,1
82,1
82,1
82,1
82,1
82,1
82,1
82,1
82,1
82,1
82,1
82,1
82,1
82,1
82,1
82,1
82,1
82,1
82,1
82,1
82,1
82,1
82,1
82,1
82,1
82,1
82,1
82,1
82,1
82,1
82,1
82,1
82,1
82,1
82,1
82,1
82,1
82,1
82,1
82,1
82,1
82,1
82,1
82,1
82,1
83,1075
83,143
83,52
83,40
83,18
83,16
83,10
83,8
83,8
83,8
83,7
83,6
83,6
83,6
83,6
83,5
83,5
83,4
83,4
83,4
83,4
83,4
83,4
83,4
83,4
83,4
83,4
83,4
83,4
83,3
83,3
83,3
83,3
83,3
83,3
83,3
83,3
83,3
83,2
83,2
83,2
83,2
83,2
83,2
83,2
83,2
83,2
83,2
83,2
83,2
83,2
83,2
83,2
83,2
83,2
83,2
83,2
83,2
83,2
83,1
83,1
83,1
83,1
83,1
83,1
83,1
83,1
83,1
83,1
83,1
83,1
83,1
83,1
83,1
83,1
83,1
83,1
83,1
83,1
83,1
83,1
83,1
83,1
83,1
83,1
83,1
83,1
83,1
83,1
83,1
83,1
83,1
83,1
83,1
83,1
83,1
83,1
83,1
83,1
83,1
83,1
83,1
83,1
83,1
83,1
83,1
83,1
83,1
83,1
83,1
83,1
83,1
83,1
83,1
83,1
83,1
83,1
83,1
83,1
83,1
83,1
83,1
83,1
83,1
83,1
83,1
83,1
83,1
83,1
83,1
83,1
83,1
83,1
83,1
83,1
83,1
83,1
83,1
83,1
83,1
83,1
83,1
83,1
83,1
83,1
83,1
83,1
83,1
83,1
83,1
83,1
83,1
83,1
83,1
83,1
83,1
83,1
83,1
83,1
83,1
83,1
83,1
83,1
83,1
83,1
83,1
83,1
84,442
84,403
84,301
84,32
84,8
84,7
84,7
84,5
84,4
84,4
84,4
84,3
84,3
84,3
84,3
84,3
84,3
84,2
84,2
84,2
84,2
84,2
84,2
84,2
84,2
84,2
84,2
84,2
84,2
84,2
84,2
84,2
84,2
84,2
84,1
84,1
84,1
84,1
84,1
84,1
84,1
84,1
84,1
84,1
84,1
84,1
84,1
84,1
84,1
84,1
84,1
84,1
84,1
84,1
84,1
84,1
84,1
84,1
84,1
84,1
84,1
84,1
84,1
84,1
84,1
84,1
84,1
84,1
84,1
84,1
84,1
84,1
84,1
84,1
84,1
84,1
84,1
84,1
84,1
84,1
84,1
84,1
84,1
84,1
84,1
84,1
84,1
84,1
84,1
84,1
84,1
84,1
84,1
85,590
85,384
85,159
85,76
85,56
85,27
85,10
85,8
85,8
85,7
85,7
85,7
85,6
85,6
85,5
85,4
85,4
85,3
85,3
85,3
85,3
85,3
85,3
85,3
85,3
85,3
85,3
85,3
85,3
85,3
85,3
85,3
85,2
85,2
85,2
85,2
85,2
85,2
85,2
85,2
85,2
85,2
85,2
85,2
85,2
85,2
85,2
85,2
85,2
85,2
85,2
85,2
85,2
85,2
85,1
85,1
85,1
85,1
85,1
85,1
85,1
85,1
85,1
85,1
85,1
85,1
85,1
85,1
85,1
85,1
85,1
85,1
85,1
85,1
85,1
85,1
85,1
85,1
85,1
85,1
85,1
85,1
85,1
85,1
85,1
85,1
85,1
85,1
85,1
85,1
85,1
85,1
85,1
85,1
85,1
85,1
85,1
85,1
85,1
85,1
85,1
85,1
85,1
85,1
85,1
85,1
85,1
85,1
85,1
85,1
85,1
85,1
85,1
85,1
85,1
85,1
85,1
85,1
85,1
85,1
85,1
85,1
85,1
85,1
85,1
85,1
85,1
85,1
85,1
85,1
85,1
85,1
85,1
85,1
85,1
85,1
85,1
85,1
85,1
85,1
85,1
85,1
85,1
85,1
85,1
85,1
85,1
85,1
85,1
85,1
85,1
85,1
86,1362
86,5
86,5
86,3
86,3
86,3
86,3
86,3
86,2
86,2
86,2
86,2
86,2
86,2
86,2
86,2
86,2
86,2
86,2
86,2
86,2
86,2
86,2
86,1
86,1
86,1
86,1
86,1
86,1
86,1
86,1
86,1
86,1
86,1
86,1
86,1
86,1
86,1
86,1
86,1
86,1
86,1
86,1
86,1
86,1
86,1
86,1
86,1
86,1
86,1
86,1
86,1
86,1
86,1
86,1
86,1
86,1
86,1
86,1
86,1
86,1
86,1
86,1
86,1
86,1
86,1
86,1
86,1
86,1
86,1
86,1
86,1
86,1
86,1
86,1
86,1
86,1
86,1
86,1
86,1
86,1
86,1
86,1
86,1
86,1
87,1295
87,17
87,7
87,7
87,6
87,6
87,5
87,4
87,4
87,4
87,3
87,3
87,3
87,3
87,3
87,2
87,2
87,2
87,2
87,2
87,2
87,2
87,2
87,2
87,2
87,2
87,2
87,2
87,2
87,2
87,2
87,2
87,2
87,2
87,2
87,2
87,2
87,2
87,1
87,1
87,1
87,1
87,1
87,1
87,1
87,1
87,1
87,1
87,1
87,1
87,1
87,1
87,1
87,1
87,1
87,1
87,1
87,1
87,1
87,1
87,1
87,1
87,1
87,1
87,1
87,1
87,1
87,1
87,1
87,1
87,1
87,1
87,1
87,1
87,1
87,1
87,1
87,1
87,1
87,1
87,1
87,1
87,1
87,1
87,1
87,1
87,1
87,1
87,1
87,1
87,1
87,1
87,1
87,1
87,1
87,1
87,1
87,1
87,1
87,1
87,1
87,1
87,1
87,1
87,1
87,1
87,1
87,1
87,1
87,1
87,1
87,1
87,1
87,1
87,1
87,1
87,1
87,1
87,1
87,1
87,1
87,1
88,1198
88,89
88,40
88,22
88,20
88,19
88,9
88,6
88,6
88,5
88,4
88,4
88,4
88,4
88,4
88,4
88,4
88,4
88,3
88,3
88,3
88,3
88,3
88,3
88,3
88,3
88,3
88,3
88,3
88,3
88,2
88,2
88,2
88,2
88,2
88,2
88,2
88,2
88,2
88,2
88,2
88,2
88,2
88,2
88,1
88,1
88,1
88,1
88,1
88,1
88,1
88,1
88,1
88,1
88,1
88,1
88,1
88,1
88,1
88,1
88,1
88,1
88,1
88,1
88,1
88,1
88,1
88,1
88,1
88,1
88,1
88,1
88,1
88,1
88,1
88,1
88,1
88,1
88,1
88,1
88,1
88,1
88,1
88,1
88,1
88,1
88,1
88,1
88,1
88,1
88,1
88,1
88,1
88,1
88,1
88,1
88,1
88,1
88,1
88,1
88,1
88,1
88,1
88,1
88,1
88,1
88,1
88,1
88,1
88,1
88,1
88,1
88,1
88,1
88,1
88,1
88,1
88,1
88,1
88,1
88,1
88,1
89,839
89,105
89,37
89,34
89,34
89,20
89,18
89,6
89,6
89,6
89,6
89,5
89,5
89,5
89,4
89,4
89,4
89,4
89,3
89,3
89,3
89,3
89,3
89,3
89,3
89,3
89,2
89,2
89,2
89,2
89,2
89,2
89,2
89,2
89,2
89,2
89,2
89,2
89,2
89,2
89,2
89,2
89,2
89,2
89,2
89,2
89,2
89,2
89,2
89,2
89,2
89,1
89,1
89,1
89,1
89,1
89,1
89,1
89,1
89,1
89,1
89,1
89,1
89,1
89,1
89,1
89,1
89,1
89,1
89,1
89,1
89,1
89,1
89,1
89,1
89,1
89,1
89,1
89,1
89,1
89,1
89,1
89,1
89,1
89,1
89,1
89,1
89,1
89,1
89,1
89,1
89,1
89,1
89,1
89,1
89,1
89,1
89,1
89,1
89,1
89,1
89,1
89,1
89,1
89,1
89,1
89,1
89,1
89,1
89,1
89,1
89,1
89,1
89,1
89,1
89,1
89,1
89,1
89,1
89,1
89,1
89,1
89,1
89,1
89,1
89,1
89,1
89,1
89,1
89,1
89,1
89,1
89,1
89,1
89,1
89,1
89,1
89,1
89,1
89,1
89,1
89,1
89,1
90,1108
90,60
90,14
90,14
90,11
90,7
90,5
90,5
90,4
90,4
90,4
90,4
90,4
90,4
90,4
90,4
90,3
90,3
90,3
90,3
90,3
90,3
90,3
90,3
90,2
90,2
90,2
90,2
90,2
90,2
90,2
90,2
90,2
90,2
90,2
90,2
90,2
90,2
90,2
90,2
90,2
90,2
90,2
90,2
90,2
90,2
90,2
90,2
90,1
90,1
90,1
90,1
90,1
90,1
90,1
90,1
90,1
90,1
90,1
90,1
90,1
90,1
90,1
90,1
90,1
90,1
90,1
90,1
90,1
90,1
90,1
90,1
90,1
90,1
90,1
90,1
90,1
90,1
90,1
90,1
90,1
90,1
90,1
90,1
90,1
90,1
90,1
90,1
90,1
90,1
90,1
90,1
90,1
90,1
90,1
90,1
90,1
90,1
90,1
90,1
90,1
90,1
90,1
90,1
90,1
90,1
90,1
90,1
90,1
90,1
90,1
90,1
90,1
90,1
90,1
90,1
90,1
90,1
90,1
90,1
90,1
90,1
90,1
90,1
90,1
90,1
90,1
90,1
90,1
90,1
90,1
90,1
90,1
90,1
90,1
90,1
90,1
90,1
90,1
90,1
90,1
90,1
91,954
91,97
91,33
91,18
91,12
91,9
91,9
91,8
91,8
91,8
91,8
91,8
91,7
91,6
91,6
91,5
91,5
91,5
91,4
91,4
91,4
91,3
91,3
91,3
91,3
91,3
91,3
91,2
91,2
91,2
91,2
91,2
91,2
91,2
91,2
91,2
91,2
91,2
91,2
91,2
91,2
91,2
91,2
91,2
91,2
91,2
91,2
91,2
91,2
91,2
91,2
91,1
91,1
91,1
91,1
91,1
91,1
91,1
91,1
91,1
91,1
91,1
91,1
91,1
91,1
91,1
91,1
91,1
91,1
91,1
91,1
91,1
91,1
91,1
91,1
91,1
91,1
91,1
91,1
91,1
91,1
91,1
91,1
91,1
91,1
91,1
91,1
91,1
91,1
91,1
91,1
91,1
91,1
91,1
91,1
91,1
91,1
91,1
91,1
91,1
91,1
91,1
91,1
91,1
91,1
91,1
91,1
91,1
91,1
91,1
91,1
91,1
91,1
91,1
91,1
91,1
91,1
91,1
91,1
91,1
91,1
91,1
91,1
91,1
91,1
91,1
91,1
91,1
91,1
91,1
91,1
91,1
91,1
91,1
91,1
91,1
92,1152
92,12
92,7
92,6
92,5
92,5
92,5
92,3
92,3
92,3
92,3
92,3
92,2
92,2
92,2
92,2
92,2
92,2
92,2
92,2
92,2
92,2
92,2
92,2
92,2
92,2
92,2
92,2
92,2
92,2
92,2
92,2
92,2
92,2
92,2
92,1
92,1
92,1
92,1
92,1
92,1
92,1
92,1
92,1
92,1
92,1
92,1
92,1
92,1
92,1
92,1
92,1
92,1
92,1
92,1
92,1
92,1
92,1
92,1
92,1
92,1
92,1
92,1
92,1
92,1
92,1
92,1
92,1
92,1
92,1
92,1
92,1
92,1
92,1
92,1
92,1
92,1
92,1
92,1
92,1
92,1
92,1
92,1
92,1
92,1
92,1
92,1
92,1
92,1
92,1
92,1
92,1
92,1
92,1
92,1
92,1
92,1
92,1
92,1
92,1
92,1
92,1
92,1
92,1
92,1
92,1
92,1
92,1
92,1
92,1
92,1
92,1
92,1
92,1
92,1
92,1
92,1
92,1
92,1
93,1050
93,20
93,15
93,11
93,8
93,6
93,6
93,5
93,5
93,4
93,4
93,4
93,4
93,4
93,4
93,4
93,3
93,3
93,3
93,3
93,3
93,3
93,3
93,3
93,3
93,3
93,3
93,3
93,3
93,3
93,2
93,2
93,2
93,2
93,2
93,2
93,2
93,2
93,2
93,2
93,2
93,2
93,2
93,2
93,2
93,2
93,2
93,2
93,2
93,2
93,2
93,2
93,2
93,2
93,2
93,2
93,2
93,1
93,1
93,1
93,1
93,1
93,1
93,1
93,1
93,1
93,1
93,1
93,1
93,1
93,1
93,1
93,1
93,1
93,1
93,1
93,1
93,1
93,1
93,1
93,1
93,1
93,1
93,1
93,1
93,1
93,1
93,1
93,1
93,1
93,1
93,1
93,1
93,1
93,1
93,1
93,1
93,1
93,1
93,1
93,1
93,1
93,1
93,1
93,1
93,1
93,1
93,1
93,1
93,1
93,1
93,1
93,1
93,1
93,1
93,1
93,1
93,1
93,1
93,1
93,1
93,1
93,1
93,1
93,1
93,1
93,1
93,1
93,1
93,1
93,1
93,1
93,1
93,1
93,1
93,1
93,1
93,1
93,1
93,1
93,1
93,1
93,1
93,1
93,1
93,1
93,1
93,1
93,1
94,707
94,330
94,79
94,23
94,16
94,16
94,13
94,9
94,8
94,8
94,8
94,6
94,6
94,5
94,5
94,5
94,5
94,5
94,5
94,4
94,4
94,4
94,3
94,3
94,3
94,3
94,3
94,3
94,3
94,3
94,3
94,3
94,2
94,2
94,2
94,2
94,2
94,2
94,2
94,2
94,2
94,2
94,2
94,2
94,2
94,2
94,2
94,2
94,2
94,2
94,2
94,2
94,2
94,2
94,2
94,2
94,2
94,2
94,2
94,1
94,1
94,1
94,1
94,1
94,1
94,1
94,1
94,1
94,1
94,1
94,1
94,1
94,1
94,1
94,1
94,1
94,1
94,1
94,1
94,1
94,1
94,1
94,1
94,1
94,1
94,1
94,1
94,1
94,1
94,1
94,1
94,1
94,1
94,1
94,1
94,1
94,1
94,1
94,1
94,1
94,1
94,1
94,1
94,1
94,1
94,1
94,1
94,1
94,1
94,1
94,1
94,1
94,1
94,1
94,1
94,1
94,1
94,1
94,1
94,1
94,1
94,1
94,1
94,1
94,1
94,1
94,1
94,1
94,1
94,1
94,1
94,1
94,1
94,1
94,1
94,1
94,1
94,1
94,1
94,1
94,1
94,1
94,1
94,1
94,1
94,1
94,1
94,1
94,1
94,1
94,1
94,1
94,1
94,1
94,1
94,1
94,1
94,1
94,1
94,1
94,1
94,1
94,1
94,1
94,1
94,1
94,1
94,1
94,1
94,1
94,1
94,1
94,1
94,1
94,1
94,1
94,1
94,1
94,1
94,1
94,1
94,1
94,1
94,1
94,1
94,1
94,1
94,1
94,1
94,1
94,1
94,1
94,1
94,1
94,1
94,1
94,1
94,1
94,1
94,1
94,1
94,1
94,1
94,1
94,1
94,1
94,1
94,1
94,1
94,1
95,1038
95,18
95,13
95,13
95,13
95,10
95,6
95,6
95,6
95,6
95,5
95,5
95,4
95,4
95,4
95,4
95,4
95,3
95,3
95,3
95,3
95,3
95,2
95,2
95,2
95,2
95,2
95,2
95,2
95,2
95,2
95,2
95,2
95,2
95,2
95,2
95,2
95,2
95,2
95,1
95,1
95,1
95,1
95,1
95,1
95,1
95,1
95,1
95,1
95,1
95,1
95,1
95,1
95,1
95,1
95,1
95,1
95,1
95,1
95,1
95,1
95,1
95,1
95,1
95,1
95,1
95,1
95,1
95,1
95,1
95,1
95,1
95,1
95,1
95,1
95,1
95,1
95,1
95,1
95,1
95,1
95,1
95,1
95,1
95,1
95,1
95,1
95,1
95,1
95,1
95,1
95,1
95,1
95,1
95,1
95,1
95,1
95,1
95,1
95,1
95,1
95,1
95,1
95,1
95,1
95,1
95,1
95,1
95,1
95,1
95,1
95,1
95,1
95,1
95,1
95,1
95,1
95,1
95,1
96,904
96,134
96,98
96,21
96,12
96,8
96,6
96,6
96,6
96,6
96,6
96,5
96,5
96,5
96,5
96,4
96,4
96,4
96,4
96,4
96,4
96,4
96,3
96,3
96,3
96,3
96,3
96,3
96,3
96,3
96,3
96,3
96,2
96,2
96,2
96,2
96,2
96,2
96,2
96,2
96,2
96,2
96,2
96,2
96,2
96,2
96,2
96,2
96,2
96,2
96,2
96,2
96,2
96,2
96,2
96,2
96,2
96,2
96,2
96,2
96,2
96,2
96,2
96,2
96,2
96,2
96,2
96,2
96,2
96,2
96,2
96,2
96,2
96,1
96,1
96,1
96,1
96,1
96,1
96,1
96,1
96,1
96,1
96,1
96,1
96,1
96,1
96,1
96,1
96,1
96,1
96,1
96,1
96,1
96,1
96,1
96,1
96,1
96,1
96,1
96,1
96,1
96,1
96,1
96,1
96,1
96,1
96,1
96,1
96,1
96,1
96,1
96,1
96,1
96,1
96,1
96,1
96,1
96,1
96,1
96,1
96,1
96,1
96,1
96,1
96,1
96,1
96,1
96,1
96,1
96,1
96,1
96,1
96,1
96,1
96,1
96,1
96,1
96,1
96,1
96,1
96,1
96,1
96,1
96,1
96,1
96,1
96,1
96,1
96,1
96,1
96,1
96,1
96,1
96,1
96,1
96,1
96,1
96,1
96,1
96,1
96,1
96,1
96,1
96,1
96,1
96,1
96,1
96,1
96,1
96,1
96,1
96,1
96,1
96,1
96,1
96,1
96,1
96,1
97,966
97,127
97,21
97,17
97,17
97,14
97,13
97,12
97,10
97,7
97,6
97,6
97,5
97,5
97,5
97,4
97,4
97,4
97,4
97,4
97,4
97,3
97,3
97,3
97,3
97,3
97,3
97,3
97,3
97,3
97,3
97,3
97,3
97,3
97,3
97,3
97,2
97,2
97,2
97,2
97,2
97,2
97,2
97,2
97,2
97,2
97,2
97,2
97,2
97,2
97,2
97,2
97,2
97,2
97,1
97,1
97,1
97,1
97,1
97,1
97,1
97,1
97,1
97,1
97,1
97,1
97,1
97,1
97,1
97,1
97,1
97,1
97,1
97,1
97,1
97,1
97,1
97,1
97,1
97,1
97,1
97,1
97,1
97,1
97,1
97,1
97,1
97,1
97,1
97,1
97,1
97,1
97,1
97,1
97,1
97,1
97,1
97,1
97,1
97,1
97,1
97,1
97,1
97,1
97,1
97,1
97,1
97,1
97,1
97,1
97,1
97,1
97,1
97,1
97,1
97,1
97,1
97,1
97,1
97,1
97,1
97,1
97,1
97,1
97,1
97,1
97,1
97,1
97,1
97,1
97,1
97,1
97,1
97,1
97,1
97,1
97,1
97,1
97,1
97,1
97,1
97,1
98,1164
98,37
98,25
98,18
98,14
98,9
98,9
98,9
98,9
98,8
98,8
98,6
98,6
98,6
98,5
98,5
98,5
98,4
98,4
98,4
98,4
98,4
98,4
98,3
98,3
98,3
98,3
98,3
98,2
98,2
98,2
98,2
98,2
98,2
98,2
98,2
98,2
98,2
98,2
98,2
98,2
98,2
98,2
98,2
98,2
98,2
98,2
98,2
98,2
98,2
98,2
98,2
98,2
98,2
98,2
98,1
98,1
98,1
98,1
98,1
98,1
98,1
98,1
98,1
98,1
98,1
98,1
98,1
98,1
98,1
98,1
98,1
98,1
98,1
98,1
98,1
98,1
98,1
98,1
98,1
98,1
98,1
98,1
98,1
98,1
98,1
98,1
98,1
98,1
98,1
98,1
98,1
98,1
98,1
98,1
98,1
98,1
98,1
98,1
98,1
98,1
98,1
98,1
98,1
98,1
98,1
98,1
98,1
98,1
98,1
98,1
98,1
98,1
98,1
98,1
98,1
98,1
98,1
98,1
98,1
98,1
98,1
98,1
98,1
98,1
98,1
98,1
98,1
98,1
98,1
98,1
98,1
98,1
98,1
98,1
98,1
98,1
98,1
98,1
98,1
98,1
98,1
98,1
98,1
98,1
98,1
98,1
98,1
98,1
98,1
98,1
98,1
98,1
99,830
99,104
99,28
99,19
99,10
99,9
99,8
99,7
99,7
99,6
99,6
99,6
99,6
99,5
99,5
99,5
99,5
99,4
99,4
99,4
99,4
99,4
99,4
99,4
99,3
99,3
99,3
99,3
99,3
99,3
99,3
99,3
99,3
99,3
99,3
99,2
99,2
99,2
99,2
99,2
99,2
99,2
99,2
99,2
99,2
99,2
99,2
99,1
99,1
99,1
99,1
99,1
99,1
99,1
99,1
99,1
99,1
99,1
99,1
99,1
99,1
99,1
99,1
99,1
99,1
99,1
99,1
99,1
99,1
99,1
99,1
99,1
99,1
99,1
99,1
99,1
99,1
99,1
99,1
99,1
99,1
99,1
99,1
99,1
99,1
99,1
99,1
99,1
99,1
99,1
99,1
99,1
99,1
99,1
99,1
99,1
99,1
99,1
99,1
99,1
99,1
99,1
99,1
99,1
99,1
99,1
99,1
99,1
99,1
99,1
99,1
99,1
99,1
99,1
99,1
99,1
99,1
99,1
99,1
99,1
100,1088
100,8
100,8
100,7
100,7
100,7
100,6
100,6
100,6
100,5
100,5
100,5
100,5
100,4
100,4
100,4
100,3
100,3
100,3
100,3
100,3
100,3
100,3
100,3
100,3
100,3
100,3
100,3
100,3
100,3
100,3
100,3
100,2
100,2
100,2
100,2
100,2
100,2
100,2
100,2
100,2
100,2
100,2
100,2
100,2
100,2
100,2
100,2
100,1
100,1
100,1
100,1
100,1
100,1
100,1
100,1
100,1
100,1
100,1
100,1
100,1
100,1
100,1
100,1
100,1
100,1
100,1
100,1
100,1
100,1
100,1
100,1
100,1
100,1
100,1
100,1
100,1
100,1
100,1
100,1
100,1
100,1
100,1
100,1
100,1
100,1
100,1
100,1
100,1
100,1
100,1
100,1
100,1
100,1
100,1
100,1
101,1017
101,9
101,6
101,6
101,5
101,5
101,4
101,4
101,4
101,3
101,3
101,3
101,3
101,3
101,3
101,3
101,3
101,2
101,2
101,2
101,2
101,2
101,2
101,2
101,2
101,2
101,2
101,2
101,2
101,2
101,2
101,2
101,2
101,2
101,2
101,1
101,1
101,1
101,1
101,1
101,1
101,1
101,1
101,1
101,1
101,1
101,1
101,1
101,1
101,1
101,1
101,1
101,1
101,1
101,1
101,1
101,1
101,1
101,1
101,1
101,1
101,1
101,1
101,1
101,1
101,1
101,1
101,1
101,1
101,1
101,1
101,1
101,1
101,1
101,1
101,1
101,1
101,1
101,1
101,1
101,1
101,1
101,1
101,1
101,1
101,1
101,1
101,1
101,1
101,1
101,1
101,1
101,1
101,1
101,1
101,1
101,1
101,1
102,644
102,220
102,28
102,27
102,17
102,16
102,10
102,9
102,7
102,6
102,5
102,5
102,4
102,4
102,4
102,4
102,3
102,3
102,3
102,3
102,3
102,3
102,3
102,3
102,3
102,3
102,3
102,3
102,3
102,3
102,3
102,3
102,3
102,3
102,2
102,2
102,2
102,2
102,2
102,2
102,2
102,2
102,2
102,2
102,2
102,2
102,2
102,2
102,2
102,2
102,2
102,2
102,2
102,2
102,2
102,2
102,2
102,2
102,2
102,2
102,2
102,2
102,2
102,2
102,2
102,1
102,1
102,1
102,1
102,1
102,1
102,1
102,1
102,1
102,1
102,1
102,1
102,1
102,1
102,1
102,1
102,1
102,1
102,1
102,1
102,1
102,1
102,1
102,1
102,1
102,1
102,1
102,1
102,1
102,1
102,1
102,1
102,1
102,1
102,1
102,1
102,1
102,1
102,1
102,1
102,1
102,1
102,1
102,1
102,1
102,1
102,1
102,1
102,1
102,1
102,1
102,1
102,1
102,1
102,1
102,1
102,1
102,1
102,1
102,1
102,1
102,1
102,1
102,1
102,1
102,1
102,1
102,1
102,1
102,1
102,1
102,1
102,1
102,1
102,1
102,1
102,1
102,1
102,1
102,1
102,1
102,1
102,1
102,1
102,1
102,1
102,1
102,1
102,1
102,1
102,1
102,1
102,1
102,1
102,1
102,1
102,1
102,1
102,1
102,1
102,1
102,1
102,1
102,1
102,1
102,1
102,1
102,1
102,1
102,1
102,1
102,1
102,1
102,1
102,1
102,1
102,1
103,1255
103,46
103,45
103,41
103,14
103,11
103,10
103,9
103,7
103,6
103,6
103,5
103,5
103,5
103,4
103,3
103,3
103,3
103,3
103,3
103,3
103,3
103,3
103,3
103,2
103,2
103,2
103,2
103,2
103,2
103,2
103,2
103,2
103,2
103,2
103,2
103,2
103,2
103,2
103,2
103,2
103,2
103,2
103,2
103,2
103,2
103,2
103,2
103,2
103,2
103,2
103,2
103,2
103,2
103,1
103,1
103,1
103,1
103,1
103,1
103,1
103,1
103,1
103,1
103,1
103,1
103,1
103,1
103,1
103,1
103,1
103,1
103,1
103,1
103,1
103,1
103,1
103,1
103,1
103,1
103,1
103,1
103,1
103,1
103,1
103,1
103,1
103,1
103,1
103,1
103,1
103,1
103,1
103,1
103,1
103,1
103,1
103,1
103,1
103,1
103,1
103,1
103,1
103,1
103,1
103,1
103,1
103,1
103,1
103,1
103,1
103,1
103,1
103,1
103,1
103,1
103,1
103,1
103,1
103,1
103,1
103,1
103,1
103,1
103,1
103,1
103,1
103,1
103,1
103,1
103,1
103,1
103,1
103,1
103,1
103,1
103,1
103,1
103,1
103,1
103,1
103,1
103,1
103,1
103,1
104,1094
104,7
104,6
104,5
104,4
104,3
104,3
104,3
104,2
104,2
104,2
104,2
104,2
104,2
104,2
104,2
104,2
104,2
104,2
104,2
104,1
104,1
104,1
104,1
104,1
104,1
104,1
104,1
104,1
104,1
104,1
104,1
104,1
104,1
104,1
104,1
104,1
104,1
104,1
104,1
104,1
104,1
104,1
104,1
104,1
104,1
104,1
104,1
104,1
104,1
104,1
104,1
104,1
104,1
104,1
104,1
104,1
104,1
104,1
104,1
104,1
104,1
104,1
104,1
104,1
104,1
104,1
104,1
104,1
104,1
104,1
104,1
104,1
104,1
104,1
104,1
104,1
104,1
104,1
104,1
104,1
104,1
104,1
104,1
104,1
105,1352
105,58
105,11
105,9
105,6
105,6
105,5
105,5
105,5
105,4
105,4
105,3
105,3
105,3
105,3
105,3
105,3
105,3
105,2
105,2
105,2
105,2
105,2
105,2
105,2
105,2
105,2
105,2
105,2
105,2
105,2
105,2
105,2
105,2
105,2
105,2
105,2
105,2
105,2
105,2
105,2
105,2
105,2
105,2
105,2
105,1
105,1
105,1
105,1
105,1
105,1
105,1
105,1
105,1
105,1
105,1
105,1
105,1
105,1
105,1
105,1
105,1
105,1
105,1
105,1
105,1
105,1
105,1
105,1
105,1
105,1
105,1
105,1
105,1
105,1
105,1
105,1
105,1
105,1
105,1
105,1
105,1
105,1
105,1
105,1
105,1
105,1
105,1
105,1
105,1
105,1
105,1
105,1
105,1
105,1
105,1
105,1
105,1
105,1
105,1
105,1
105,1
105,1
105,1
105,1
105,1
105,1
105,1
105,1
105,1
105,1
105,1
105,1
105,1
105,1
105,1
105,1
105,1
105,1
105,1
105,1
105,1
105,1
105,1
105,1
105,1
105,1
105,1
105,1
105,1
105,1
105,1
105,1
105,1
105,1
105,1
105,1
105,1
106,559
106,523
106,46
106,9
106,9
106,8
106,6
106,5
106,4
106,4
106,4
106,4
106,3
106,3
106,3
106,3
106,3
106,3
106,3
106,3
106,3
106,3
106,3
106,2
106,2
106,2
106,2
106,2
106,2
106,2
106,2
106,2
106,2
106,2
106,2
106,2
106,2
106,2
106,2
106,2
106,2
106,2
106,2
106,1
106,1
106,1
106,1
106,1
106,1
106,1
106,1
106,1
106,1
106,1
106,1
106,1
106,1
106,1
106,1
106,1
106,1
106,1
106,1
106,1
106,1
106,1
106,1
106,1
106,1
106,1
106,1
106,1
106,1
106,1
106,1
106,1
106,1
106,1
106,1
106,1
106,1
106,1
106,1
106,1
106,1
106,1
106,1
106,1
106,1
106,1
106,1
106,1
106,1
106,1
106,1
106,1
106,1
106,1
106,1
106,1
106,1
106,1
106,1
106,1
106,1
106,1
106,1
106,1
106,1
106,1
107,938
107,52
107,14
107,14
107,6
107,6
107,6
107,6
107,5
107,5
107,4
107,3
107,3
107,3
107,3
107,3
107,3
107,3
107,3
107,3
107,2
107,2
107,2
107,2
107,2
107,2
107,2
107,2
107,2
107,2
107,2
107,2
107,2
107,2
107,2
107,2
107,2
107,2
107,2
107,2
107,1
107,1
107,1
107,1
107,1
107,1
107,1
107,1
107,1
107,1
107,1
107,1
107,1
107,1
107,1
107,1
107,1
107,1
107,1
107,1
107,1
107,1
107,1
107,1
107,1
107,1
107,1
107,1
107,1
107,1
107,1
107,1
107,1
107,1
107,1
107,1
107,1
107,1
107,1
107,1
107,1
107,1
107,1
107,1
107,1
107,1
107,1
107,1
107,1
107,1
107,1
107,1
107,1
107,1
107,1
107,1
107,1
107,1
107,1
107,1
107,1
107,1
107,1
107,1
107,1
107,1
107,1
107,1
107,1
107,1
107,1
107,1
107,1
107,1
107,1
107,1
108,1007
108,79
108,61
108,20
108,20
108,19
108,18
108,11
108,10
108,6
108,5
108,4
108,4
108,4
108,4
108,4
108,4
108,4
108,4
108,4
108,3
108,3
108,3
108,3
108,3
108,3
108,3
108,3
108,2
108,2
108,2
108,2
108,2
108,2
108,2
108,2
108,2
108,2
108,2
108,2
108,2
108,2
108,2
108,2
108,2
108,2
108,2
108,2
108,2
108,1
108,1
108,1
108,1
108,1
108,1
108,1
108,1
108,1
108,1
108,1
108,1
108,1
108,1
108,1
108,1
108,1
108,1
108,1
108,1
108,1
108,1
108,1
108,1
108,1
108,1
108,1
108,1
108,1
108,1
108,1
108,1
108,1
108,1
108,1
108,1
108,1
108,1
108,1
108,1
108,1
108,1
108,1
108,1
108,1
108,1
108,1
108,1
108,1
108,1
108,1
108,1
108,1
108,1
108,1
108,1
108,1
108,1
108,1
108,1
108,1
108,1
108,1
108,1
108,1
108,1
108,1
108,1
108,1
108,1
108,1
108,1
108,1
108,1
108,1
108,1
108,1
108,1
108,1
108,1
108,1
108,1
108,1
108,1
108,1
109,1044
109,49
109,29
109,25
109,8
109,7
109,7
109,7
109,6
109,6
109,5
109,5
109,5
109,4
109,4
109,4
109,4
109,4
109,4
109,4
109,3
109,3
109,3
109,3
109,3
109,3
109,3
109,3
109,2
109,2
109,2
109,2
109,2
109,2
109,2
109,2
109,2
109,2
109,2
109,2
109,2
109,2
109,2
109,2
109,2
109,2
109,2
109,2
109,2
109,2
109,2
109,2
109,2
109,2
109,2
109,1
109,1
109,1
109,1
109,1
109,1
109,1
109,1
109,1
109,1
109,1
109,1
109,1
109,1
109,1
109,1
109,1
109,1
109,1
109,1
109,1
109,1
109,1
109,1
109,1
109,1
109,1
109,1
109,1
109,1
109,1
109,1
109,1
109,1
109,1
109,1
109,1
109,1
109,1
109,1
109,1
109,1
109,1
109,1
109,1
109,1
109,1
109,1
109,1
109,1
109,1
109,1
109,1
109,1
109,1
109,1
109,1
109,1
109,1
109,1
109,1
109,1
109,1
109,1
109,1
109,1
109,1
109,1
109,1
109,1
109,1
109,1
109,1
109,1
109,1
109,1
109,1
109,1
109,1
109,1
109,1
109,1
109,1
109,1
109,1
109,1
109,1
109,1
109,1
109,1
109,1
109,1
109,1
109,1
109,1
110,810
110,357
110,27
110,24
110,23
110,14
110,12
110,10
110,9
110,8
110,7
110,7
110,6
110,6
110,5
110,5
110,4
110,4
110,4
110,4
110,4
110,3
110,3
110,3
110,3
110,3
110,3
110,3
110,3
110,3
110,3
110,3
110,3
110,3
110,3
110,3
110,3
110,3
110,3
110,3
110,2
110,2
110,2
110,2
110,2
110,2
110,2
110,2
110,2
110,2
110,2
110,2
110,2
110,2
110,2
110,2
110,2
110,2
110,2
110,2
110,2
110,2
110,2
110,2
110,2
110,2
110,2
110,2
110,2
110,2
110,2
110,2
110,2
110,2
110,1
110,1
110,1
110,1
110,1
110,1
110,1
110,1
110,1
110,1
110,1
110,1
110,1
110,1
110,1
110,1
110,1
110,1
110,1
110,1
110,1
110,1
110,1
110,1
110,1
110,1
110,1
110,1
110,1
110,1
110,1
110,1
110,1
110,1
110,1
110,1
110,1
110,1
110,1
110,1
110,1
110,1
110,1
110,1
110,1
110,1
110,1
110,1
110,1
110,1
110,1
110,1
110,1
110,1
110,1
110,1
110,1
110,1
110,1
110,1
110,1
110,1
110,1
110,1
110,1
110,1
110,1
110,1
110,1
110,1
110,1
110,1
110,1
110,1
110,1
110,1
110,1
110,1
110,1
110,1
110,1
110,1
110,1
110,1
110,1
110,1
110,1
110,1
110,1
110,1
110,1
110,1
110,1
110,1
110,1
110,1
110,1
110,1
110,1
110,1
110,1
110,1
110,1
110,1
110,1
110,1
110,1
110,1
110,1
111,350
111,327
111,102
111,72
111,54
111,40
111,30
111,23
111,20
111,13
111,10
111,10
111,8
111,7
111,7
111,6
111,6
111,6
111,5
111,5
111,4
111,4
111,3
111,3
111,3
111,2
111,2
111,2
111,2
111,2
111,2
111,2
111,2
111,2
111,2
111,2
111,2
111,2
111,2
111,2
111,2
111,2
111,2
111,2
111,1
111,1
111,1
111,1
111,1
111,1
111,1
111,1
111,1
111,1
111,1
111,1
111,1
111,1
111,1
111,1
111,1
111,1
111,1
111,1
111,1
111,1
111,1
111,1
111,1
111,1
111,1
111,1
111,1
111,1
111,1
111,1
111,1
111,1
111,1
111,1
111,1
111,1
111,1
111,1
111,1
111,1
111,1
111,1
111,1
111,1
111,1
111,1
111,1
111,1
111,1
111,1
111,1
111,1
111,1
111,1
111,1
111,1
111,1
111,1
111,1
111,1
111,1
111,1
111,1
111,1
111,1
111,1
111,1
111,1
111,1
111,1
111,1
111,1
111,1
111,1
111,1
111,1
112,1131
112,51
112,31
112,12
112,8
112,5
112,5
112,5
112,5
112,5
112,4
112,4
112,4
112,4
112,4
112,4
112,3
112,3
112,3
112,3
112,3
112,3
112,3
112,3
112,3
112,3
112,2
112,2
112,2
112,2
112,2
112,2
112,2
112,2
112,2
112,2
112,2
112,2
112,2
112,2
112,2
112,2
112,2
112,2
112,2
112,2
112,1
112,1
112,1
112,1
112,1
112,1
112,1
112,1
112,1
112,1
112,1
112,1
112,1
112,1
112,1
112,1
112,1
112,1
112,1
112,1
112,1
112,1
112,1
112,1
112,1
112,1
112,1
112,1
112,1
112,1
112,1
112,1
112,1
112,1
112,1
112,1
112,1
112,1
112,1
112,1
112,1
112,1
112,1
112,1
112,1
112,1
112,1
112,1
112,1
112,1
112,1
112,1
112,1
112,1
112,1
112,1
112,1
112,1
112,1
112,1
112,1
112,1
112,1
112,1
112,1
112,1
113,1243
113,30
113,12
113,12
113,10
113,6
113,6
113,6
113,6
113,5
113,5
113,5
113,4
113,4
113,4
113,4
113,3
113,3
113,3
113,3
113,3
113,3
113,3
113,3
113,3
113,3
113,2
113,2
113,2
113,2
113,2
113,2
113,2
113,2
113,2
113,2
113,2
113,2
113,2
113,2
113,2
113,1
113,1
113,1
113,1
113,1
113,1
113,1
113,1
113,1
113,1
113,1
113,1
113,1
113,1
113,1
113,1
113,1
113,1
113,1
113,1
113,1
113,1
113,1
113,1
113,1
113,1
113,1
113,1
113,1
113,1
113,1
113,1
113,1
113,1
113,1
113,1
113,1
113,1
113,1
113,1
113,1
113,1
113,1
113,1
113,1
113,1
113,1
113,1
113,1
113,1
113,1
113,1
113,1
113,1
113,1
113,1
114,1074
114,50
114,21
114,18
114,18
114,17
114,14
114,9
114,8
114,8
114,8
114,8
114,7
114,7
114,6
114,6
114,6
114,6
114,5
114,5
114,5
114,4
114,4
114,4
114,3
114,3
114,3
114,3
114,3
114,3
114,2
114,2
114,2
114,2
114,2
114,2
114,2
114,2
114,2
114,2
114,2
114,2
114,2
114,2
114,2
114,2
114,2
114,2
114,2
114,2
114,2
114,2
114,2
114,2
114,2
114,2
114,2
114,2
114,1
114,1
114,1
114,1
114,1
114,1
114,1
114,1
114,1
114,1
114,1
114,1
114,1
114,1
114,1
114,1
114,1
114,1
114,1
114,1
114,1
114,1
114,1
114,1
114,1
114,1
114,1
114,1
114,1
114,1
114,1
114,1
114,1
114,1
114,1
114,1
114,1
114,1
114,1
114,1
114,1
114,1
114,1
114,1
114,1
114,1
114,1
114,1
114,1
114,1
114,1
114,1
114,1
114,1
114,1
114,1
114,1
114,1
114,1
114,1
114,1
114,1
114,1
114,1
114,1
114,1
114,1
114,1
114,1
114,1
114,1
114,1
114,1
114,1
114,1
114,1
114,1
114,1
114,1
114,1
114,1
114,1
114,1
114,1
114,1
114,1
114,1
114,1
114,1
114,1
114,1
114,1
115,1000
115,102
115,39
115,19
115,5
115,5
115,5
115,4
115,4
115,4
115,4
115,4
115,4
115,4
115,4
115,4
115,3
115,3
115,3
115,3
115,3
115,3
115,3
115,3
115,3
115,3
115,3
115,3
115,3
115,3
115,3
115,3
115,3
115,3
115,2
115,2
115,2
115,2
115,2
115,2
115,2
115,2
115,2
115,2
115,2
115,2
115,2
115,2
115,2
115,2
115,2
115,2
115,2
115,2
115,2
115,2
115,2
115,2
115,2
115,1
115,1
115,1
115,1
115,1
115,1
115,1
115,1
115,1
115,1
115,1
115,1
115,1
115,1
115,1
115,1
115,1
115,1
115,1
115,1
115,1
115,1
115,1
115,1
115,1
115,1
115,1
115,1
115,1
115,1
115,1
115,1
115,1
115,1
115,1
115,1
115,1
115,1
115,1
115,1
115,1
115,1
115,1
115,1
115,1
115,1
115,1
115,1
115,1
115,1
115,1
115,1
115,1
115,1
115,1
115,1
115,1
115,1
115,1
115,1
115,1
115,1
115,1
115,1
116,1203
116,62
116,8
116,8
116,7
116,7
116,6
116,6
116,6
116,6
116,5
116,4
116,4
116,4
116,3
116,3
116,3
116,3
116,3
116,3
116,3
116,3
116,2
116,2
116,2
116,2
116,2
116,2
116,2
116,2
116,2
116,2
116,2
116,2
116,2
116,2
116,2
116,2
116,2
116,2
116,2
116,2
116,2
116,2
116,1
116,1
116,1
116,1
116,1
116,1
116,1
116,1
116,1
116,1
116,1
116,1
116,1
116,1
116,1
116,1
116,1
116,1
116,1
116,1
116,1
116,1
116,1
116,1
116,1
116,1
116,1
116,1
116,1
116,1
116,1
116,1
116,1
116,1
116,1
116,1
116,1
116,1
116,1
116,1
116,1
116,1
116,1
116,1
116,1
116,1
116,1
116,1
116,1
116,1
116,1
116,1
116,1
116,1
116,1
116,1
116,1
116,1
116,1
116,1
116,1
116,1
116,1
116,1
116,1
116,1
116,1
116,1
116,1
116,1
116,1
116,1
116,1
116,1
116,1
116,1
116,1
116,1
116,1
116,1
116,1
117,1222
117,68
117,21
117,21
117,11
117,11
117,10
117,10
117,8
117,8
117,6
117,4
117,4
117,4
117,4
117,4
117,4
117,3
117,3
117,3
117,3
117,3
117,3
117,3
117,3
117,3
117,3
117,3
117,3
117,3
117,3
117,3
117,3
117,2
117,2
117,2
117,2
117,2
117,2
117,2
117,2
117,2
117,2
117,2
117,2
117,2
117,2
117,2
117,2
117,2
117,2
117,2
117,2
117,2
117,2
117,2
117,2
117,2
117,2
117,2
117,1
117,1
117,1
117,1
117,1
117,1
117,1
117,1
117,1
117,1
117,1
117,1
117,1
117,1
117,1
117,1
117,1
117,1
117,1
117,1
117,1
117,1
117,1
117,1
117,1
117,1
117,1
117,1
117,1
117,1
117,1
117,1
117,1
117,1
117,1
117,1
117,1
117,1
117,1
117,1
117,1
117,1
117,1
117,1
117,1
117,1
117,1
117,1
117,1
117,1
117,1
117,1
117,1
117,1
117,1
117,1
117,1
117,1
117,1
117,1
117,1
117,1
117,1
117,1
117,1
117,1
117,1
117,1
117,1
117,1
117,1
117,1
117,1
117,1
117,1
117,1
117,1
117,1
117,1
117,1
117,1
117,1
117,1
117,1
117,1
117,1
117,1
117,1
117,1
117,1
117,1
117,1
117,1
117,1
117,1
117,1
117,1
117,1
117,1
117,1
118,1130
118,7
118,6
118,6
118,5
118,5
118,4
118,3
118,3
118,3
118,3
118,3
118,3
118,3
118,3
118,3
118,2
118,2
118,2
118,2
118,2
118,2
118,2
118,2
118,2
118,2
118,2
118,2
118,2
118,2
118,2
118,2
118,2
118,2
118,2
118,2
118,2
118,2
118,2
118,2
118,1
118,1
118,1
118,1
118,1
118,1
118,1
118,1
118,1
118,1
118,1
118,1
118,1
118,1
118,1
118,1
118,1
118,1
118,1
118,1
118,1
118,1
118,1
118,1
118,1
118,1
118,1
118,1
118,1
118,1
118,1
118,1
118,1
118,1
118,1
118,1
118,1
118,1
118,1
118,1
118,1
118,1
118,1
118,1
118,1
118,1
118,1
118,1
118,1
118,1
118,1
118,1
118,1
118,1
118,1
118,1
118,1
118,1
118,1
118,1
118,1
118,1
118,1
118,1
118,1
118,1
118,1
118,1
118,1
118,1
118,1
118,1
118,1
118,1
118,1
118,1
119,1109
119,97
119,12
119,11
119,9
119,9
119,9
119,5
119,4
119,4
119,4
119,4
119,4
119,4
119,3
119,3
119,3
119,3
119,3
119,3
119,3
119,3
119,2
119,2
119,2
119,2
119,2
119,2
119,2
119,2
119,2
119,2
119,2
119,2
119,2
119,2
119,2
119,2
119,2
119,2
119,2
119,2
119,2
119,2
119,2
119,2
119,2
119,2
119,2
119,2
119,2
119,1
119,1
119,1
119,1
119,1
119,1
119,1
119,1
119,1
119,1
119,1
119,1
119,1
119,1
119,1
119,1
119,1
119,1
119,1
119,1
119,1
119,1
119,1
119,1
119,1
119,1
119,1
119,1
119,1
119,1
119,1
119,1
119,1
119,1
119,1
119,1
119,1
119,1
119,1
119,1
119,1
119,1
119,1
119,1
119,1
119,1
119,1
119,1
119,1
119,1
119,1
119,1
119,1
119,1
119,1
119,1
119,1
119,1
119,1
119,1
119,1
119,1
119,1
119,1
119,1
119,1
119,1
119,1
119,1
119,1
119,1
119,1
119,1
119,1
119,1
119,1
119,1
119,1
119,1
119,1
119,1
119,1
119,1
119,1
119,1
119,1
119,1
119,1
119,1
119,1
119,1
119,1
119,1
119,1
119,1
119,1
119,1
119,1
119,1
120,1161
120,10
120,7
120,7
120,7
120,6
120,6
120,5
120,5
120,5
120,5
120,4
120,4
120,4
120,4
120,4
120,4
120,4
120,3
120,3
120,3
120,3
120,3
120,3
120,3
120,3
120,3
120,3
120,3
120,2
120,2
120,2
120,2
120,2
120,2
120,2
120,2
120,2
120,2
120,2
120,2
120,2
120,2
120,2
120,2
120,2
120,2
120,2
120,2
120,2
120,2
120,2
120,2
120,1
120,1
120,1
120,1
120,1
120,1
120,1
120,1
120,1
120,1
120,1
120,1
120,1
120,1
120,1
120,1
120,1
120,1
120,1
120,1
120,1
120,1
120,1
120,1
120,1
120,1
120,1
120,1
120,1
120,1
120,1
120,1
120,1
120,1
120,1
120,1
120,1
120,1
120,1
120,1
120,1
120,1
120,1
120,1
120,1
120,1
120,1
120,1
120,1
120,1
120,1
120,1
120,1
120,1
120,1
120,1
120,1
120,1
120,1
120,1
120,1
120,1
120,1
120,1
120,1
120,1
120,1
120,1
120,1
120,1
120,1
120,1
120,1
120,1
120,1
120,1
120,1
120,1
120,1
120,1
120,1
120,1
120,1
120,1
120,1
120,1
120,1
120,1
120,1
120,1
120,1
120,1
120,1
120,1
121,572
121,324
121,81
121,64
121,15
121,8
121,7
121,7
121,7
121,7
121,5
121,5
121,5
121,5
121,4
121,3
121,3
121,3
121,3
121,3
121,3
121,3
121,3
121,3
121,3
121,3
121,3
121,3
121,3
121,2
121,2
121,2
121,2
121,2
121,2
121,2
121,2
121,2
121,2
121,2
121,2
121,2
121,1
121,1
121,1
121,1
121,1
121,1
121,1
121,1
121,1
121,1
121,1
121,1
121,1
121,1
121,1
121,1
121,1
121,1
121,1
121,1
121,1
121,1
121,1
121,1
121,1
121,1
121,1
121,1
121,1
121,1
121,1
121,1
121,1
121,1
121,1
121,1
121,1
121,1
121,1
121,1
121,1
121,1
121,1
121,1
121,1
121,1
121,1
121,1
121,1
121,1
121,1
121,1
121,1
121,1
121,1
121,1
121,1
121,1
121,1
121,1
121,1
121,1
121,1
121,1
121,1
121,1
121,1
121,1
121,1
121,1
121,1
121,1
121,1
121,1
121,1
121,1
121,1
121,1
121,1
121,1
121,1
121,1
121,1
121,1
122,803
122,311
122,14
122,10
122,8
122,6
122,6
122,4
122,4
122,4
122,3
122,3
122,3
122,3
122,3
122,3
122,3
122,3
122,3
122,3
122,3
122,3
122,2
122,2
122,2
122,2
122,2
122,2
122,2
122,2
122,2
122,2
122,2
122,2
122,2
122,2
122,2
122,2
122,2
122,2
122,2
122,2
122,2
122,2
122,2
122,2
122,2
122,2
122,1
122,1
122,1
122,1
122,1
122,1
122,1
122,1
122,1
122,1
122,1
122,1
122,1
122,1
122,1
122,1
122,1
122,1
122,1
122,1
122,1
122,1
122,1
122,1
122,1
122,1
122,1
122,1
122,1
122,1
122,1
122,1
122,1
122,1
122,1
122,1
122,1
122,1
122,1
122,1
122,1
122,1
122,1
122,1
122,1
122,1
122,1
122,1
122,1
122,1
122,1
122,1
122,1
122,1
122,1
122,1
122,1
122,1
122,1
122,1
122,1
122,1
122,1
122,1
122,1
122,1
122,1
122,1
122,1
122,1
122,1
122,1
122,1
122,1
122,1
122,1
122,1
122,1
122,1
122,1
123,1078
123,55
123,26
123,21
123,20
123,15
123,15
123,12
123,11
123,10
123,8
123,7
123,7
123,7
123,7
123,6
123,6
123,5
123,5
123,5
123,5
123,4
123,4
123,4
123,4
123,4
123,4
123,3
123,3
123,3
123,3
123,3
123,3
123,3
123,3
123,3
123,3
123,3
123,3
123,2
123,2
123,2
123,2
123,2
123,2
123,2
123,2
123,2
123,2
123,2
123,2
123,2
123,2
123,2
123,2
123,2
123,2
123,2
123,2
123,2
123,2
123,2
123,2
123,1
123,1
123,1
123,1
123,1
123,1
123,1
123,1
123,1
123,1
123,1
123,1
123,1
123,1
123,1
123,1
123,1
123,1
123,1
123,1
123,1
123,1
123,1
123,1
123,1
123,1
123,1
123,1
123,1
123,1
123,1
123,1
123,1
123,1
123,1
123,1
123,1
123,1
123,1
123,1
123,1
123,1
123,1
123,1
123,1
123,1
123,1
123,1
123,1
123,1
123,1
123,1
123,1
123,1
123,1
123,1
123,1
123,1
123,1
123,1
123,1
123,1
123,1
123,1
123,1
123,1
123,1
123,1
123,1
123,1
123,1
123,1
123,1
123,1
123,1
123,1
123,1
123,1
123,1
123,1
123,1
123,1
123,1
123,1
123,1
123,1
123,1
123,1
123,1
123,1
123,1
123,1
123,1
123,1
123,1
124,964
124,69
124,50
124,21
124,17
124,12
124,7
124,7
124,6
124,5
124,5
124,5
124,5
124,5
124,5
124,5
124,4
124,4
124,4
124,4
124,3
124,3
124,3
124,3
124,3
124,2
124,2
124,2
124,2
124,2
124,2
124,2
124,2
124,2
124,2
124,2
124,2
124,2
124,2
124,2
124,1
124,1
124,1
124,1
124,1
124,1
124,1
124,1
124,1
124,1
124,1
124,1
124,1
124,1
124,1
124,1
124,1
124,1
124,1
124,1
124,1
124,1
124,1
124,1
124,1
124,1
124,1
124,1
124,1
124,1
124,1
124,1
124,1
124,1
124,1
124,1
124,1
124,1
124,1
124,1
124,1
124,1
124,1
124,1
124,1
124,1
124,1
124,1
124,1
124,1
124,1
124,1
124,1
124,1
124,1
124,1
124,1
124,1
124,1
124,1
124,1
124,1
124,1
124,1
124,1
124,1
124,1
124,1
124,1
124,1
124,1
124,1
124,1
124,1
124,1
124,1
124,1
124,1
124,1
124,1
124,1
124,1
124,1
124,1
124,1
124,1
124,1
124,1
125,482
125,382
125,232
125,89
125,21
125,19
125,11
125,9
125,5
125,5
125,4
125,4
125,4
125,4
125,4
125,4
125,4
125,3
125,3
125,3
125,3
125,3
125,3
125,3
125,3
125,3
125,3
125,3
125,2
125,2
125,2
125,2
125,2
125,2
125,2
125,2
125,2
125,2
125,2
125,2
125,2
125,2
125,2
125,1
125,1
125,1
125,1
125,1
125,1
125,1
125,1
125,1
125,1
125,1
125,1
125,1
125,1
125,1
125,1
125,1
125,1
125,1
125,1
125,1
125,1
125,1
125,1
125,1
125,1
125,1
125,1
125,1
125,1
125,1
125,1
125,1
125,1
125,1
125,1
125,1
125,1
125,1
125,1
125,1
125,1
125,1
125,1
125,1
125,1
125,1
125,1
125,1
125,1
125,1
125,1
125,1
125,1
125,1
125,1
125,1
125,1
125,1
125,1
125,1
125,1
125,1
125,1
125,1
125,1
126,723
126,144
126,94
126,40
126,18
126,15
126,13
126,11
126,7
126,7
126,6
126,5
126,5
126,5
126,5
126,4
126,4
126,4
126,4
126,3
126,3
126,3
126,3
126,3
126,3
126,3
126,3
126,2
126,2
126,2
126,2
126,2
126,2
126,2
126,2
126,2
126,2
126,2
126,2
126,2
126,2
126,2
126,2
126,2
126,2
126,2
126,2
126,2
126,2
126,2
126,2
126,2
126,2
126,2
126,2
126,2
126,2
126,2
126,2
126,2
126,2
126,1
126,1
126,1
126,1
126,1
126,1
126,1
126,1
126,1
126,1
126,1
126,1
126,1
126,1
126,1
126,1
126,1
126,1
126,1
126,1
126,1
126,1
126,1
126,1
126,1
126,1
126,1
126,1
126,1
126,1
126,1
126,1
126,1
126,1
126,1
126,1
126,1
126,1
126,1
126,1
126,1
126,1
126,1
126,1
126,1
126,1
126,1
126,1
126,1
126,1
126,1
126,1
126,1
126,1
126,1
126,1
126,1
126,1
126,1
126,1
126,1
126,1
126,1
126,1
126,1
126,1
126,1
126,1
126,1
126,1
126,1
126,1
127,902
127,165
127,55
127,38
127,34
127,29
127,15
127,9
127,8
127,8
127,8
127,7
127,7
127,7
127,7
127,6
127,5
127,5
127,5
127,4
127,4
127,3
127,3
127,3
127,3
127,3
127,3
127,3
127,3
127,3
127,3
127,3
127,3
127,3
127,3
127,3
127,2
127,2
127,2
127,2
127,2
127,2
127,2
127,2
127,2
127,2
127,2
127,2
127,2
127,2
127,2
127,2
127,2
127,2
127,2
127,2
127,2
127,2
127,2
127,2
127,2
127,2
127,2
127,2
127,2
127,1
127,1
127,1
127,1
127,1
127,1
127,1
127,1
127,1
127,1
127,1
127,1
127,1
127,1
127,1
127,1
127,1
127,1
127,1
127,1
127,1
127,1
127,1
127,1
127,1
127,1
127,1
127,1
127,1
127,1
127,1
127,1
127,1
127,1
127,1
127,1
127,1
127,1
127,1
127,1
127,1
127,1
127,1
127,1
127,1
127,1
127,1
127,1
127,1
127,1
127,1
127,1
127,1
127,1
127,1
127,1
127,1
127,1
127,1
127,1
127,1
127,1
127,1
127,1
127,1
127,1
127,1
127,1
127,1
127,1
127,1
127,1
127,1
127,1
127,1
127,1
127,1
127,1
127,1
127,1
127,1
127,1
127,1
127,1
127,1
127,1
127,1
127,1
128,1302
128,33
128,26
128,22
128,18
128,14
128,11
128,8
128,7
128,7
128,6
128,5
128,5
128,4
128,4
128,4
128,4
128,4
128,4
128,4
128,4
128,3
128,3
128,3
128,3
128,3
128,3
128,3
128,3
128,3
128,3
128,3
128,3
128,3
128,2
128,2
128,2
128,2
128,2
128,2
128,2
128,2
128,2
128,2
128,2
128,2
128,2
128,2
128,2
128,2
128,2
128,2
128,2
128,2
128,2
128,2
128,2
128,1
128,1
128,1
128,1
128,1
128,1
128,1
128,1
128,1
128,1
128,1
128,1
128,1
128,1
128,1
128,1
128,1
128,1
128,1
128,1
128,1
128,1
128,1
128,1
128,1
128,1
128,1
128,1
128,1
128,1
128,1
128,1
128,1
128,1
128,1
128,1
128,1
128,1
128,1
128,1
128,1
128,1
128,1
128,1
128,1
128,1
128,1
128,1
128,1
128,1
128,1
128,1
128,1
128,1
128,1
128,1
128,1
128,1
128,1
128,1
128,1
128,1
128,1
128,1
128,1
128,1
128,1
128,1
128,1
128,1
128,1
128,1
128,1
128,1
128,1
128,1
128,1
128,1
128,1
128,1
129,729
129,374
129,12
129,11
129,10
129,7
129,6
129,6
129,6
129,5
129,4
129,4
129,3
129,3
129,3
129,3
129,3
129,3
129,3
129,3
129,3
129,3
129,3
129,3
129,3
129,3
129,3
129,2
129,2
129,2
129,2
129,2
129,2
129,2
129,2
129,2
129,2
129,2
129,2
129,2
129,2
129,2
129,2
129,2
129,2
129,2
129,2
129,2
129,2
129,1
129,1
129,1
129,1
129,1
129,1
129,1
129,1
129,1
129,1
129,1
129,1
129,1
129,1
129,1
129,1
129,1
129,1
129,1
129,1
129,1
129,1
129,1
129,1
129,1
129,1
129,1
129,1
129,1
129,1
129,1
129,1
129,1
129,1
129,1
129,1
129,1
129,1
129,1
129,1
129,1
129,1
129,1
129,1
129,1
129,1
129,1
129,1
129,1
129,1
129,1
129,1
129,1
129,1
129,1
129,1
129,1
129,1
129,1
129,1
129,1
129,1
129,1
129,1
129,1
129,1
129,1
129,1
129,1
129,1
129,1
129,1
129,1
129,1
129,1
129,1
129,1
129,1
129,1
129,1
129,1
129,1
129,1
129,1
129,1
129,1
129,1
129,1
130,542
130,146
130,71
130,68
130,66
130,41
130,24
130,21
130,14
130,7
130,6
130,6
130,5
130,5
130,5
130,5
130,5
130,4
130,4
130,3
130,3
130,3
130,3
130,3
130,3
130,3
130,3
130,3
130,3
130,3
130,3
130,3
130,2
130,2
130,2
130,2
130,2
130,2
130,2
130,2
130,2
130,2
130,2
130,2
130,2
130,2
130,2
130,2
130,2
130,2
130,2
130,2
130,2
130,2
130,2
130,2
130,2
130,2
130,2
130,1
130,1
130,1
130,1
130,1
130,1
130,1
130,1
130,1
130,1
130,1
130,1
130,1
130,1
130,1
130,1
130,1
130,1
130,1
130,1
130,1
130,1
130,1
130,1
130,1
130,1
130,1
130,1
130,1
130,1
130,1
130,1
130,1
130,1
130,1
130,1
130,1
130,1
130,1
130,1
130,1
130,1
130,1
130,1
130,1
130,1
130,1
130,1
130,1
130,1
130,1
130,1
130,1
130,1
130,1
130,1
130,1
130,1
130,1
130,1
130,1
130,1
130,1
130,1
130,1
130,1
130,1
130,1
130,1
130,1
130,1
130,1
130,1
130,1
130,1
130,1
130,1
130,1
130,1
130,1
130,1
130,1
130,1
130,1
130,1
130,1
130,1
130,1
130,1
130,1
130,1
130,1
130,1
130,1
130,1
130,1
130,1
130,1
131,779
131,393
131,114
131,42
131,40
131,16
131,9
131,6
131,6
131,6
131,6
131,6
131,5
131,5
131,4
131,4
131,4
131,4
131,4
131,4
131,3
131,3
131,3
131,3
131,3
131,3
131,3
131,3
131,3
131,2
131,2
131,2
131,2
131,2
131,2
131,2
131,2
131,2
131,2
131,2
131,2
131,2
131,2
131,2
131,2
131,2
131,2
131,2
131,1
131,1
131,1
131,1
131,1
131,1
131,1
131,1
131,1
131,1
131,1
131,1
131,1
131,1
131,1
131,1
131,1
131,1
131,1
131,1
131,1
131,1
131,1
131,1
131,1
131,1
131,1
131,1
131,1
131,1
131,1
131,1
131,1
131,1
131,1
131,1
131,1
131,1
131,1
131,1
131,1
131,1
131,1
131,1
131,1
131,1
131,1
131,1
131,1
131,1
131,1
131,1
131,1
131,1
131,1
131,1
131,1
131,1
131,1
131,1
131,1
131,1
131,1
131,1
131,1
131,1
131,1
131,1
131,1
131,1
131,1
131,1
131,1
131,1
131,1
132,716
132,294
132,22
132,18
132,18
132,17
132,15
132,10
132,8
132,8
132,7
132,6
132,5
132,5
132,5
132,5
132,4
132,4
132,4
132,3
132,3
132,3
132,3
132,3
132,3
132,3
132,3
132,3
132,3
132,3
132,3
132,3
132,3
132,3
132,2
132,2
132,2
132,2
132,2
132,2
132,2
132,2
132,2
132,2
132,2
132,2
132,2
132,2
132,2
132,2
132,2
132,2
132,2
132,2
132,2
132,2
132,2
132,2
132,1
132,1
132,1
132,1
132,1
132,1
132,1
132,1
132,1
132,1
132,1
132,1
132,1
132,1
132,1
132,1
132,1
132,1
132,1
132,1
132,1
132,1
132,1
132,1
132,1
132,1
132,1
132,1
132,1
132,1
132,1
132,1
132,1
132,1
132,1
132,1
132,1
132,1
132,1
132,1
132,1
132,1
132,1
132,1
132,1
132,1
132,1
132,1
132,1
132,1
132,1
132,1
132,1
132,1
132,1
132,1
132,1
132,1
132,1
132,1
132,1
132,1
132,1
132,1
132,1
132,1
132,1
132,1
132,1
132,1
132,1
132,1
132,1
132,1
132,1
132,1
132,1
132,1
132,1
132,1
132,1
132,1
132,1
132,1
132,1
132,1
133,964
133,88
133,52
133,16
133,8
133,7
133,5
133,5
133,5
133,4
133,4
133,4
133,4
133,4
133,3
133,3
133,3
133,3
133,3
133,2
133,2
133,2
133,2
133,2
133,2
133,2
133,2
133,2
133,2
133,2
133,2
133,2
133,1
133,1
133,1
133,1
133,1
133,1
133,1
133,1
133,1
133,1
133,1
133,1
133,1
133,1
133,1
133,1
133,1
133,1
133,1
133,1
133,1
133,1
133,1
133,1
133,1
133,1
133,1
133,1
133,1
133,1
133,1
133,1
133,1
133,1
133,1
133,1
133,1
133,1
133,1
133,1
133,1
133,1
133,1
133,1
133,1
133,1
133,1
133,1
133,1
133,1
133,1
133,1
133,1
134,946
134,34
134,18
134,13
134,12
134,12
134,11
134,8
134,7
134,6
134,6
134,6
134,6
134,5
134,5
134,4
134,4
134,4
134,4
134,3
134,3
134,3
134,3
134,3
134,3
134,3
134,3
134,3
134,3
134,3
134,2
134,2
134,2
134,2
134,2
134,2
134,2
134,2
134,2
134,2
134,2
134,2
134,2
134,2
134,2
134,1
134,1
134,1
134,1
134,1
134,1
134,1
134,1
134,1
134,1
134,1
134,1
134,1
134,1
134,1
134,1
134,1
134,1
134,1
134,1
134,1
134,1
134,1
134,1
134,1
134,1
134,1
134,1
134,1
134,1
134,1
134,1
134,1
134,1
134,1
134,1
134,1
134,1
134,1
134,1
134,1
134,1
134,1
134,1
134,1
134,1
134,1
134,1
134,1
134,1
134,1
134,1
134,1
134,1
134,1
134,1
134,1
134,1
134,1
134,1
134,1
134,1
134,1
134,1
134,1
134,1
134,1
134,1
134,1
134,1
134,1
134,1
134,1
134,1
134,1
134,1
134,1
134,1
135,1086
135,36
135,24
135,11
135,9
135,7
135,6
135,6
135,5
135,4
135,4
135,4
135,3
135,3
135,3
135,3
135,3
135,3
135,3
135,3
135,3
135,2
135,2
135,2
135,2
135,2
135,2
135,2
135,2
135,2
135,2
135,2
135,2
135,2
135,2
135,2
135,2
135,2
135,1
135,1
135,1
135,1
135,1
135,1
135,1
135,1
135,1
135,1
135,1
135,1
135,1
135,1
135,1
135,1
135,1
135,1
135,1
135,1
135,1
135,1
135,1
135,1
135,1
135,1
135,1
135,1
135,1
135,1
135,1
135,1
135,1
135,1
135,1
135,1
135,1
135,1
135,1
135,1
135,1
135,1
135,1
135,1
135,1
135,1
135,1
135,1
135,1
135,1
135,1
135,1
135,1
135,1
135,1
135,1
135,1
135,1
135,1
135,1
135,1
135,1
135,1
135,1
136,1181
136,13
136,11
136,7
136,6
136,5
136,4
136,4
136,4
136,4
136,4
136,4
136,3
136,3
136,3
136,3
136,2
136,2
136,2
136,2
136,2
136,2
136,2
136,2
136,2
136,2
136,2
136,2
136,2
136,2
136,2
136,2
136,2
136,2
136,2
136,2
136,2
136,2
136,2
136,2
136,2
136,2
136,2
136,2
136,2
136,2
136,2
136,1
136,1
136,1
136,1
136,1
136,1
136,1
136,1
136,1
136,1
136,1
136,1
136,1
136,1
136,1
136,1
136,1
136,1
136,1
136,1
136,1
136,1
136,1
136,1
136,1
136,1
136,1
136,1
136,1
136,1
136,1
136,1
136,1
136,1
136,1
136,1
136,1
136,1
136,1
136,1
136,1
136,1
136,1
136,1
136,1
136,1
136,1
136,1
136,1
136,1
136,1
136,1
136,1
136,1
136,1
136,1
136,1
136,1
136,1
136,1
136,1
136,1
136,1
136,1
136,1
136,1
136,1
136,1
136,1
136,1
137,1052
137,90
137,48
137,37
137,17
137,16
137,10
137,9
137,9
137,6
137,6
137,5
137,5
137,5
137,5
137,5
137,4
137,4
137,4
137,4
137,4
137,4
137,3
137,3
137,3
137,3
137,3
137,3
137,3
137,3
137,2
137,2
137,2
137,2
137,2
137,2
137,2
137,2
137,2
137,2
137,2
137,2
137,2
137,2
137,2
137,2
137,2
137,2
137,2
137,2
137,2
137,2
137,2
137,2
137,2
137,2
137,1
137,1
137,1
137,1
137,1
137,1
137,1
137,1
137,1
137,1
137,1
137,1
137,1
137,1
137,1
137,1
137,1
137,1
137,1
137,1
137,1
137,1
137,1
137,1
137,1
137,1
137,1
137,1
137,1
137,1
137,1
137,1
137,1
137,1
137,1
137,1
137,1
137,1
137,1
137,1
137,1
137,1
137,1
137,1
137,1
137,1
137,1
137,1
137,1
137,1
137,1
137,1
137,1
137,1
137,1
137,1
137,1
137,1
137,1
137,1
137,1
137,1
137,1
137,1
137,1
137,1
137,1
137,1
137,1
137,1
137,1
137,1
137,1
137,1
137,1
137,1
137,1
137,1
137,1
137,1
137,1
137,1
137,1
137,1
137,1
137,1
137,1
137,1
137,1
137,1
137,1
137,1
137,1
137,1
137,1
137,1
137,1
137,1
137,1
137,1
137,1
137,1
137,1
137,1
137,1
137,1
137,1
137,1
137,1
137,1
137,1
137,1
137,1
138,756
138,273
138,13
138,12
138,12
138,10
138,10
138,9
138,9
138,6
138,6
138,5
138,5
138,5
138,5
138,5
138,5
138,5
138,4
138,4
138,4
138,4
138,4
138,4
138,4
138,4
138,4
138,3
138,3
138,3
138,3
138,3
138,3
138,3
138,3
138,3
138,3
138,3
138,2
138,2
138,2
138,2
138,2
138,2
138,2
138,2
138,2
138,2
138,2
138,2
138,2
138,2
138,2
138,2
138,2
138,2
138,2
138,1
138,1
138,1
138,1
138,1
138,1
138,1
138,1
138,1
138,1
138,1
138,1
138,1
138,1
138,1
138,1
138,1
138,1
138,1
138,1
138,1
138,1
138,1
138,1
138,1
138,1
138,1
138,1
138,1
138,1
138,1
138,1
138,1
138,1
138,1
138,1
138,1
138,1
138,1
138,1
138,1
138,1
138,1
138,1
138,1
138,1
138,1
138,1
138,1
138,1
138,1
138,1
138,1
138,1
138,1
138,1
138,1
138,1
138,1
138,1
138,1
138,1
138,1
138,1
138,1
138,1
138,1
138,1
138,1
138,1
138,1
138,1
138,1
138,1
138,1
138,1
138,1
139,1106
139,21
139,12
139,10
139,7
139,5
139,4
139,4
139,4
139,4
139,4
139,4
139,4
139,3
139,3
139,3
139,3
139,3
139,3
139,3
139,3
139,2
139,2
139,2
139,2
139,2
139,2
139,2
139,2
139,2
139,2
139,2
139,2
139,2
139,2
139,2
139,2
139,2
139,2
139,2
139,2
139,2
139,2
139,2
139,2
139,1
139,1
139,1
139,1
139,1
139,1
139,1
139,1
139,1
139,1
139,1
139,1
139,1
139,1
139,1
139,1
139,1
139,1
139,1
139,1
139,1
139,1
139,1
139,1
139,1
139,1
139,1
139,1
139,1
139,1
139,1
139,1
139,1
139,1
139,1
139,1
139,1
139,1
139,1
139,1
139,1
139,1
139,1
139,1
139,1
139,1
139,1
139,1
139,1
139,1
139,1
139,1
139,1
139,1
139,1
139,1
139,1
139,1
139,1
139,1
139,1
139,1
139,1
139,1
139,1
139,1
139,1
139,1
139,1
139,1
139,1
139,1
139,1
139,1
139,1
139,1
139,1
139,1
139,1
139,1
139,1
139,1
139,1
139,1
139,1
139,1
139,1
139,1
139,1
139,1
139,1
140,583
140,526
140,92
140,35
140,15
140,14
140,10
140,9
140,8
140,7
140,6
140,6
140,6
140,5
140,5
140,5
140,5
140,4
140,4
140,4
140,4
140,4
140,4
140,4
140,4
140,4
140,3
140,3
140,3
140,3
140,3
140,3
140,2
140,2
140,2
140,2
140,2
140,2
140,2
140,2
140,2
140,2
140,2
140,2
140,2
140,2
140,2
140,2
140,2
140,2
140,2
140,2
140,2
140,2
140,2
140,2
140,1
140,1
140,1
140,1
140,1
140,1
140,1
140,1
140,1
140,1
140,1
140,1
140,1
140,1
140,1
140,1
140,1
140,1
140,1
140,1
140,1
140,1
140,1
140,1
140,1
140,1
140,1
140,1
140,1
140,1
140,1
140,1
140,1
140,1
140,1
140,1
140,1
140,1
140,1
140,1
140,1
140,1
140,1
140,1
140,1
140,1
140,1
140,1
140,1
140,1
140,1
140,1
140,1
140,1
140,1
140,1
140,1
140,1
140,1
140,1
140,1
140,1
140,1
140,1
140,1
140,1
140,1
140,1
140,1
140,1
140,1
140,1
140,1
140,1
140,1
140,1
140,1
140,1
140,1
140,1
140,1
140,1
140,1
140,1
140,1
140,1
140,1
140,1
140,1
140,1
140,1
140,1
140,1
140,1
140,1
140,1
140,1
140,1
140,1
140,1
140,1
140,1
140,1
140,1
140,1
140,1
140,1
140,1
140,1
140,1
140,1
140,1
140,1
140,1
140,1
140,1
140,1
140,1
140,1
140,1
140,1
140,1
141,1073
141,38
141,28
141,25
141,15
141,10
141,8
141,8
141,6
141,5
141,5
141,5
141,5
141,5
141,4
141,4
141,4
141,4
141,4
141,4
141,3
141,3
141,3
141,3
141,3
141,3
141,3
141,3
141,3
141,3
141,3
141,3
141,3
141,2
141,2
141,2
141,2
141,2
141,2
141,2
141,2
141,2
141,2
141,2
141,2
141,2
141,2
141,2
141,2
141,2
141,2
141,2
141,2
141,2
141,2
141,2
141,2
141,2
141,2
141,2
141,2
141,1
141,1
141,1
141,1
141,1
141,1
141,1
141,1
141,1
141,1
141,1
141,1
141,1
141,1
141,1
141,1
141,1
141,1
141,1
141,1
141,1
141,1
141,1
141,1
141,1
141,1
141,1
141,1
141,1
141,1
141,1
141,1
141,1
141,1
141,1
141,1
141,1
141,1
141,1
141,1
141,1
141,1
141,1
141,1
141,1
141,1
141,1
141,1
141,1
141,1
141,1
141,1
141,1
141,1
141,1
141,1
141,1
141,1
141,1
141,1
141,1
141,1
141,1
141,1
142,837
142,129
142,121
142,50
142,16
142,8
142,7
142,7
142,7
142,6
142,6
142,6
142,5
142,5
142,4
142,4
142,4
142,4
142,4
142,4
142,4
142,3
142,3
142,3
142,3
142,2
142,2
142,2
142,2
142,2
142,2
142,2
142,2
142,2
142,2
142,2
142,2
142,2
142,2
142,2
142,2
142,2
142,2
142,2
142,2
142,1
142,1
142,1
142,1
142,1
142,1
142,1
142,1
142,1
142,1
142,1
142,1
142,1
142,1
142,1
142,1
142,1
142,1
142,1
142,1
142,1
142,1
142,1
142,1
142,1
142,1
142,1
142,1
142,1
142,1
142,1
142,1
142,1
142,1
142,1
142,1
142,1
142,1
142,1
142,1
142,1
142,1
142,1
142,1
142,1
142,1
142,1
142,1
142,1
142,1
142,1
142,1
142,1
142,1
142,1
142,1
142,1
142,1
142,1
142,1
142,1
142,1
142,1
142,1
142,1
143,1045
143,14
143,13
143,11
143,8
143,6
143,6
143,5
143,5
143,4
143,4
143,4
143,4
143,3
143,3
143,3
143,3
143,3
143,3
143,3
143,3
143,2
143,2
143,2
143,2
143,2
143,2
143,2
143,2
143,2
143,2
143,2
143,2
143,2
143,2
143,2
143,2
143,1
143,1
143,1
143,1
143,1
143,1
143,1
143,1
143,1
143,1
143,1
143,1
143,1
143,1
143,1
143,1
143,1
143,1
143,1
143,1
143,1
143,1
143,1
143,1
143,1
143,1
143,1
143,1
143,1
143,1
143,1
143,1
143,1
143,1
143,1
143,1
143,1
143,1
143,1
143,1
143,1
143,1
143,1
143,1
143,1
143,1
143,1
143,1
143,1
143,1
143,1
143,1
143,1
143,1
143,1
143,1
143,1
143,1
143,1
143,1
143,1
143,1
143,1
144,571
144,488
144,20
144,7
144,7
144,5
144,5
144,4
144,4
144,4
144,4
144,3
144,3
144,3
144,3
144,3
144,3
144,2
144,2
144,2
144,2
144,2
144,2
144,2
144,2
144,2
144,2
144,2
144,2
144,2
144,2
144,2
144,2
144,1
144,1
144,1
144,1
144,1
144,1
144,1
144,1
144,1
144,1
144,1
144,1
144,1
144,1
144,1
144,1
144,1
144,1
144,1
144,1
144,1
144,1
144,1
144,1
144,1
144,1
144,1
144,1
144,1
144,1
144,1
144,1
144,1
144,1
144,1
144,1
144,1
144,1
144,1
144,1
144,1
144,1
144,1
144,1
144,1
144,1
144,1
144,1
144,1
144,1
144,1
144,1
144,1
144,1
144,1
144,1
144,1
144,1
144,1
144,1
144,1
144,1
144,1
144,1
144,1
144,1
144,1
144,1
144,1
144,1
144,1
144,1
144,1
144,1
144,1
144,1
144,1
144,1
144,1
144,1
144,1
144,1
144,1
144,1
145,783
145,424
145,17
145,9
145,9
145,8
145,7
145,6
145,6
145,5
145,5
145,4
145,4
145,4
145,4
145,4
145,3
145,3
145,3
145,3
145,3
145,3
145,3
145,3
145,3
145,3
145,3
145,3
145,3
145,3
145,2
145,2
145,2
145,2
145,2
145,2
145,2
145,2
145,2
145,2
145,2
145,2
145,2
145,2
145,2
145,2
145,2
145,2
145,2
145,1
145,1
145,1
145,1
145,1
145,1
145,1
145,1
145,1
145,1
145,1
145,1
145,1
145,1
145,1
145,1
145,1
145,1
145,1
145,1
145,1
145,1
145,1
145,1
145,1
145,1
145,1
145,1
145,1
145,1
145,1
145,1
145,1
145,1
145,1
145,1
145,1
145,1
145,1
145,1
145,1
145,1
145,1
145,1
145,1
145,1
145,1
145,1
145,1
145,1
145,1
145,1
145,1
145,1
145,1
145,1
145,1
145,1
145,1
145,1
145,1
145,1
145,1
145,1
145,1
145,1
145,1
145,1
145,1
145,1
145,1
145,1
145,1
145,1
145,1
145,1
145,1
145,1
145,1
145,1
146,739
146,259
146,72
146,17
146,16
146,11
146,10
146,8
146,7
146,6
146,4
146,4
146,4
146,4
146,3
146,3
146,3
146,3
146,3
146,3
146,3
146,3
146,3
146,3
146,3
146,3
146,3
146,3
146,2
146,2
146,2
146,2
146,2
146,2
146,2
146,2
146,2
146,2
146,2
146,2
146,2
146,2
146,2
146,1
146,1
146,1
146,1
146,1
146,1
146,1
146,1
146,1
146,1
146,1
146,1
146,1
146,1
146,1
146,1
146,1
146,1
146,1
146,1
146,1
146,1
146,1
146,1
146,1
146,1
146,1
146,1
146,1
146,1
146,1
146,1
146,1
146,1
146,1
146,1
146,1
146,1
146,1
146,1
146,1
146,1
146,1
146,1
146,1
146,1
146,1
146,1
146,1
146,1
146,1
146,1
146,1
146,1
146,1
146,1
146,1
146,1
146,1
146,1
146,1
146,1
146,1
146,1
146,1
146,1
146,1
146,1
146,1
146,1
146,1
146,1
146,1
146,1
146,1
146,1
146,1
146,1
146,1
146,1
146,1
146,1
147,1143
147,7
147,7
147,6
147,6
147,6
147,6
147,5
147,5
147,5
147,4
147,3
147,3
147,3
147,3
147,3
147,3
147,3
147,3
147,3
147,2
147,2
147,2
147,2
147,2
147,2
147,2
147,2
147,2
147,2
147,2
147,2
147,2
147,2
147,2
147,2
147,2
147,2
147,2
147,1
147,1
147,1
147,1
147,1
147,1
147,1
147,1
147,1
147,1
147,1
147,1
147,1
147,1
147,1
147,1
147,1
147,1
147,1
147,1
147,1
147,1
147,1
147,1
147,1
147,1
147,1
147,1
147,1
147,1
147,1
147,1
147,1
147,1
147,1
147,1
147,1
147,1
147,1
147,1
147,1
147,1
147,1
147,1
147,1
147,1
147,1
147,1
147,1
147,1
147,1
147,1
147,1
147,1
147,1
147,1
147,1
147,1
147,1
147,1
147,1
147,1
147,1
147,1
147,1
147,1
147,1
147,1
147,1
147,1
147,1
147,1
147,1
147,1
147,1
147,1
147,1
148,759
148,375
148,104
148,34
148,10
148,8
148,8
148,7
148,5
148,5
148,3
148,3
148,3
148,3
148,3
148,2
148,2
148,2
148,2
148,2
148,2
148,2
148,2
148,2
148,2
148,2
148,2
148,2
148,2
148,2
148,2
148,2
148,1
148,1
148,1
148,1
148,1
148,1
148,1
148,1
148,1
148,1
148,1
148,1
148,1
148,1
148,1
148,1
148,1
148,1
148,1
148,1
148,1
148,1
148,1
148,1
148,1
148,1
148,1
148,1
148,1
148,1
148,1
148,1
148,1
148,1
148,1
148,1
148,1
148,1
148,1
148,1
148,1
148,1
148,1
148,1
148,1
148,1
148,1
148,1
148,1
148,1
148,1
148,1
148,1
148,1
148,1
148,1
148,1
148,1
148,1
148,1
148,1
148,1
148,1
148,1
148,1
148,1
148,1
149,1028
149,15
149,9
149,8
149,7
149,7
149,5
149,5
149,4
149,4
149,4
149,4
149,4
149,4
149,4
149,4
149,3
149,3
149,3
149,3
149,3
149,3
149,3
149,3
149,3
149,3
149,3
149,3
149,3
149,3
149,3
149,3
149,2
149,2
149,2
149,2
149,2
149,2
149,2
149,2
149,2
149,2
149,2
149,2
149,2
149,2
149,2
149,2
149,2
149,2
149,2
149,2
149,2
149,2
149,2
149,2
149,1
149,1
149,1
149,1
149,1
149,1
149,1
149,1
149,1
149,1
149,1
149,1
149,1
149,1
149,1
149,1
149,1
149,1
149,1
149,1
149,1
149,1
149,1
149,1
149,1
149,1
149,1
149,1
149,1
149,1
149,1
149,1
149,1
149,1
149,1
149,1
149,1
149,1
149,1
149,1
149,1
149,1
149,1
149,1
149,1
149,1
149,1
149,1
149,1
149,1
149,1
149,1
149,1
149,1
149,1
149,1
149,1
149,1
149,1
149,1
149,1
149,1
149,1
149,1
149,1
149,1
149,1
149,1
149,1
149,1
149,1
150,1242
150,26
150,11
150,8
150,5
150,4
150,4
150,3
150,3
150,3
150,3
150,3
150,3
150,3
150,3
150,3
150,3
150,3
150,3
150,3
150,3
150,3
150,2
150,2
150,2
150,2
150,2
150,2
150,2
150,2
150,2
150,2
150,2
150,2
150,2
150,2
150,2
150,2
150,2
150,2
150,2
150,2
150,2
150,2
150,2
150,2
150,2
150,2
150,2
150,2
150,2
150,1
150,1
150,1
150,1
150,1
150,1
150,1
150,1
150,1
150,1
150,1
150,1
150,1
150,1
150,1
150,1
150,1
150,1
150,1
150,1
150,1
150,1
150,1
150,1
150,1
150,1
150,1
150,1
150,1
150,1
150,1
150,1
150,1
150,1
150,1
150,1
150,1
150,1
150,1
150,1
150,1
150,1
150,1
150,1
150,1
150,1
150,1
150,1
150,1
150,1
150,1
150,1
150,1
150,1
150,1
150,1
150,1
150,1
150,1
150,1
150,1
150,1
150,1
150,1
150,1
150,1
150,1
150,1
150,1
150,1
150,1
151,900
151,22
151,11
151,9
151,7
151,7
151,7
151,6
151,6
151,5
151,4
151,4
151,4
151,4
151,4
151,3
151,3
151,2
151,2
151,2
151,2
151,2
151,2
151,2
151,2
151,2
151,2
151,2
151,2
151,2
151,2
151,2
151,2
151,2
151,2
151,2
151,2
151,2
151,2
151,2
151,2
151,2
151,1
151,1
151,1
151,1
151,1
151,1
151,1
151,1
151,1
151,1
151,1
151,1
151,1
151,1
151,1
151,1
151,1
151,1
151,1
151,1
151,1
151,1
151,1
151,1
151,1
151,1
151,1
151,1
151,1
151,1
151,1
151,1
151,1
151,1
151,1
151,1
151,1
151,1
151,1
151,1
151,1
151,1
151,1
151,1
151,1
151,1
151,1
151,1
151,1
151,1
151,1
151,1
151,1
151,1
151,1
151,1
151,1
151,1
151,1
151,1
152,1305
152,37
152,11
152,10
152,5
152,4
152,4
152,3
152,3
152,3
152,3
152,3
152,3
152,3
152,3
152,3
152,2
152,2
152,2
152,2
152,2
152,2
152,2
152,2
152,2
152,2
152,2
152,2
152,2
152,2
152,2
152,2
152,2
152,2
152,2
152,2
152,2
152,2
152,2
152,2
152,2
152,2
152,2
152,2
152,1
152,1
152,1
152,1
152,1
152,1
152,1
152,1
152,1
152,1
152,1
152,1
152,1
152,1
152,1
152,1
152,1
152,1
152,1
152,1
152,1
152,1
152,1
152,1
152,1
152,1
152,1
152,1
152,1
152,1
152,1
152,1
152,1
152,1
152,1
152,1
152,1
152,1
152,1
152,1
152,1
152,1
152,1
152,1
152,1
152,1
152,1
152,1
152,1
152,1
152,1
152,1
152,1
152,1
152,1
152,1
152,1
152,1
152,1
152,1
152,1
152,1
152,1
152,1
152,1
152,1
152,1
152,1
152,1
152,1
152,1
152,1
152,1
152,1
152,1
152,1
152,1
152,1
152,1
152,1
152,1
152,1
152,1
152,1
152,1
152,1
152,1
152,1
152,1
152,1
152,1
152,1
152,1
152,1
152,1
152,1
152,1
152,1
152,1
153,772
153,391
153,52
153,37
153,20
153,12
153,10
153,9
153,8
153,8
153,6
153,5
153,5
153,5
153,5
153,4
153,4
153,4
153,4
153,4
153,4
153,3
153,3
153,3
153,3
153,2
153,2
153,2
153,2
153,2
153,2
153,2
153,2
153,2
153,2
153,2
153,2
153,2
153,2
153,2
153,2
153,2
153,2
153,2
153,1
153,1
153,1
153,1
153,1
153,1
153,1
153,1
153,1
153,1
153,1
153,1
153,1
153,1
153,1
153,1
153,1
153,1
153,1
153,1
153,1
153,1
153,1
153,1
153,1
153,1
153,1
153,1
153,1
153,1
153,1
153,1
153,1
153,1
153,1
153,1
153,1
153,1
153,1
153,1
153,1
153,1
153,1
153,1
153,1
153,1
153,1
153,1
153,1
153,1
153,1
153,1
153,1
153,1
153,1
153,1
153,1
153,1
153,1
153,1
153,1
153,1
153,1
153,1
153,1
153,1
153,1
153,1
154,1112
154,19
154,15
154,14
154,8
154,6
154,6
154,5
154,5
154,5
154,5
154,5
154,4
154,4
154,4
154,4
154,4
154,3
154,3
154,3
154,3
154,3
154,3
154,3
154,3
154,2
154,2
154,2
154,2
154,2
154,2
154,2
154,2
154,2
154,2
154,2
154,2
154,2
154,2
154,2
154,2
154,2
154,2
154,2
154,2
154,2
154,2
154,2
154,2
154,2
154,1
154,1
154,1
154,1
154,1
154,1
154,1
154,1
154,1
154,1
154,1
154,1
154,1
154,1
154,1
154,1
154,1
154,1
154,1
154,1
154,1
154,1
154,1
154,1
154,1
154,1
154,1
154,1
154,1
154,1
154,1
154,1
154,1
154,1
154,1
154,1
154,1
154,1
154,1
154,1
154,1
154,1
154,1
154,1
154,1
154,1
154,1
154,1
154,1
154,1
154,1
154,1
154,1
154,1
154,1
154,1
154,1
154,1
154,1
154,1
154,1
154,1
154,1
154,1
154,1
154,1
154,1
154,1
154,1
154,1
154,1
154,1
154,1
154,1
154,1
154,1
154,1
154,1
154,1
154,1
154,1
154,1
154,1
154,1
154,1
154,1
154,1
154,1
154,1
154,1
154,1
154,1
154,1
154,1
154,1
154,1
154,1
154,1
154,1
154,1
155,1065
155,17
155,15
155,10
155,9
155,9
155,8
155,8
155,8
155,7
155,7
155,7
155,5
155,5
155,5
155,5
155,5
155,4
155,4
155,4
155,4
155,3
155,3
155,3
155,3
155,3
155,3
155,3
155,3
155,3
155,3
155,3
155,3
155,3
155,2
155,2
155,2
155,2
155,2
155,2
155,2
155,2
155,2
155,2
155,2
155,2
155,2
155,2
155,2
155,2
155,2
155,2
155,2
155,2
155,2
155,1
155,1
155,1
155,1
155,1
155,1
155,1
155,1
155,1
155,1
155,1
155,1
155,1
155,1
155,1
155,1
155,1
155,1
155,1
155,1
155,1
155,1
155,1
155,1
155,1
155,1
155,1
155,1
155,1
155,1
155,1
155,1
155,1
155,1
155,1
155,1
155,1
155,1
155,1
155,1
155,1
155,1
155,1
155,1
155,1
155,1
155,1
155,1
155,1
155,1
155,1
155,1
155,1
155,1
155,1
155,1
155,1
155,1
155,1
155,1
155,1
155,1
155,1
155,1
155,1
155,1
155,1
155,1
155,1
155,1
155,1
155,1
155,1
155,1
155,1
155,1
155,1
155,1
155,1
155,1
155,1
155,1
155,1
155,1
155,1
156,968
156,41
156,14
156,9
156,9
156,9
156,8
156,8
156,8
156,8
156,6
156,6
156,5
156,4
156,4
156,4
156,4
156,4
156,3
156,3
156,3
156,2
156,2
156,2
156,2
156,2
156,2
156,2
156,2
156,2
156,2
156,2
156,2
156,2
156,2
156,2
156,2
156,2
156,2
156,2
156,2
156,2
156,2
156,1
156,1
156,1
156,1
156,1
156,1
156,1
156,1
156,1
156,1
156,1
156,1
156,1
156,1
156,1
156,1
156,1
156,1
156,1
156,1
156,1
156,1
156,1
156,1
156,1
156,1
156,1
156,1
156,1
156,1
156,1
156,1
156,1
156,1
156,1
156,1
156,1
156,1
156,1
156,1
156,1
156,1
156,1
156,1
156,1
156,1
156,1
156,1
156,1
156,1
156,1
156,1
156,1
156,1
156,1
156,1
156,1
156,1
156,1
156,1
156,1
156,1
156,1
156,1
156,1
157,1185
157,85
157,54
157,19
157,18
157,16
157,9
157,9
157,9
157,8
157,7
157,7
157,6
157,6
157,6
157,5
157,4
157,4
157,3
157,3
157,3
157,3
157,3
157,3
157,3
157,3
157,3
157,3
157,3
157,2
157,2
157,2
157,2
157,2
157,2
157,2
157,2
157,2
157,2
157,2
157,2
157,2
157,2
157,2
157,2
157,2
157,2
157,2
157,2
157,2
157,2
157,2
157,2
157,2
157,2
157,2
157,2
157,2
157,2
157,2
157,2
157,1
157,1
157,1
157,1
157,1
157,1
157,1
157,1
157,1
157,1
157,1
157,1
157,1
157,1
157,1
157,1
157,1
157,1
157,1
157,1
157,1
157,1
157,1
157,1
157,1
157,1
157,1
157,1
157,1
157,1
157,1
157,1
157,1
157,1
157,1
157,1
157,1
157,1
157,1
157,1
157,1
157,1
157,1
157,1
157,1
157,1
157,1
157,1
157,1
157,1
157,1
157,1
157,1
157,1
157,1
157,1
157,1
157,1
157,1
157,1
157,1
157,1
157,1
157,1
157,1
157,1
157,1
157,1
157,1
157,1
157,1
157,1
157,1
157,1
157,1
157,1
157,1
157,1
157,1
157,1
157,1
157,1
157,1
157,1
157,1
157,1
157,1
157,1
157,1
157,1
157,1
157,1
157,1
157,1
157,1
157,1
157,1
157,1
157,1
157,1
157,1
157,1
157,1
157,1
157,1
157,1
157,1
157,1
157,1
157,1
157,1
157,1
157,1
157,1
157,1
157,1
157,1
158,1019
158,68
158,14
158,9
158,8
158,7
158,7
158,7
158,5
158,4
158,4
158,3
158,3
158,3
158,3
158,3
158,3
158,3
158,3
158,2
158,2
158,2
158,2
158,2
158,2
158,2
158,2
158,2
158,2
158,2
158,2
158,2
158,2
158,2
158,2
158,2
158,1
158,1
158,1
158,1
158,1
158,1
158,1
158,1
158,1
158,1
158,1
158,1
158,1
158,1
158,1
158,1
158,1
158,1
158,1
158,1
158,1
158,1
158,1
158,1
158,1
158,1
158,1
158,1
158,1
158,1
158,1
158,1
158,1
158,1
158,1
158,1
158,1
158,1
158,1
158,1
158,1
158,1
158,1
158,1
158,1
158,1
158,1
158,1
158,1
158,1
158,1
158,1
158,1
158,1
158,1
158,1
158,1
158,1
158,1
158,1
158,1
158,1
158,1
158,1
158,1
158,1
158,1
158,1
158,1
158,1
158,1
158,1
158,1
158,1
159,858
159,235
159,33
159,11
159,9
159,5
159,5
159,5
159,5
159,3
159,3
159,3
159,3
159,3
159,2
159,2
159,2
159,2
159,2
159,2
159,2
159,2
159,2
159,2
159,2
159,2
159,1
159,1
159,1
159,1
159,1
159,1
159,1
159,1
159,1
159,1
159,1
159,1
159,1
159,1
159,1
159,1
159,1
159,1
159,1
159,1
159,1
159,1
159,1
159,1
159,1
159,1
159,1
159,1
159,1
159,1
159,1
159,1
159,1
159,1
159,1
159,1
159,1
159,1
159,1
159,1
159,1
159,1
159,1
159,1
159,1
159,1
159,1
160,1249
160,16
160,10
160,7
160,6
160,5
160,5
160,5
160,4
160,4
160,4
160,4
160,4
160,4
160,4
160,4
160,3
160,3
160,3
160,3
160,3
160,3
160,3
160,3
160,2
160,2
160,2
160,2
160,2
160,2
160,2
160,2
160,2
160,2
160,2
160,2
160,2
160,2
160,2
160,2
160,2
160,2
160,2
160,2
160,2
160,2
160,2
160,2
160,2
160,2
160,2
160,2
160,1
160,1
160,1
160,1
160,1
160,1
160,1
160,1
160,1
160,1
160,1
160,1
160,1
160,1
160,1
160,1
160,1
160,1
160,1
160,1
160,1
160,1
160,1
160,1
160,1
160,1
160,1
160,1
160,1
160,1
160,1
160,1
160,1
160,1
160,1
160,1
160,1
160,1
160,1
160,1
160,1
160,1
160,1
160,1
160,1
160,1
160,1
160,1
160,1
160,1
160,1
160,1
160,1
160,1
160,1
160,1
160,1
160,1
160,1
160,1
160,1
160,1
160,1
160,1
160,1
160,1
160,1
160,1
160,1
160,1
160,1
160,1
160,1
160,1
160,1
160,1
160,1
160,1
160,1
160,1
160,1
160,1
160,1
160,1
160,1
160,1
160,1
160,1
160,1
160,1
161,922
161,44
161,8
161,7
161,7
161,5
161,5
161,4
161,4
161,3
161,3
161,3
161,3
161,3
161,3
161,3
161,3
161,2
161,2
161,2
161,2
161,2
161,2
161,2
161,2
161,2
161,2
161,2
161,2
161,2
161,2
161,2
161,2
161,2
161,2
161,1
161,1
161,1
161,1
161,1
161,1
161,1
161,1
161,1
161,1
161,1
161,1
161,1
161,1
161,1
161,1
161,1
161,1
161,1
161,1
161,1
161,1
161,1
161,1
161,1
161,1
161,1
161,1
161,1
161,1
161,1
161,1
161,1
161,1
161,1
161,1
161,1
161,1
161,1
161,1
161,1
161,1
161,1
161,1
161,1
161,1
161,1
161,1
161,1
161,1
161,1
161,1
161,1
161,1
161,1
161,1
161,1
161,1
161,1
161,1
161,1
161,1
161,1
161,1
161,1
161,1
161,1
161,1
161,1
161,1
161,1
161,1
161,1
162,971
162,66
162,19
162,12
162,12
162,9
162,8
162,7
162,7
162,7
162,7
162,7
162,6
162,6
162,5
162,5
162,5
162,5
162,4
162,4
162,4
162,3
162,3
162,3
162,3
162,3
162,3
162,3
162,3
162,2
162,2
162,2
162,2
162,2
162,2
162,2
162,2
162,2
162,2
162,2
162,2
162,2
162,1
162,1
162,1
162,1
162,1
162,1
162,1
162,1
162,1
162,1
162,1
162,1
162,1
162,1
162,1
162,1
162,1
162,1
162,1
162,1
162,1
162,1
162,1
162,1
162,1
162,1
162,1
162,1
162,1
162,1
162,1
162,1
162,1
162,1
162,1
162,1
162,1
162,1
162,1
162,1
162,1
162,1
162,1
162,1
162,1
162,1
162,1
162,1
162,1
162,1
162,1
162,1
162,1
162,1
162,1
162,1
162,1
162,1
162,1
162,1
162,1
162,1
162,1
162,1
162,1
163,1197
163,12
163,9
163,8
163,8
163,5
163,4
163,4
163,4
163,4
163,4
163,4
163,4
163,4
163,3
163,3
163,3
163,3
163,3
163,3
163,3
163,3
163,3
163,3
163,3
163,3
163,3
163,3
163,2
163,2
163,2
163,2
163,2
163,2
163,2
163,2
163,2
163,2
163,2
163,2
163,2
163,2
163,2
163,2
163,2
163,2
163,2
163,2
163,2
163,2
163,2
163,2
163,2
163,2
163,2
163,2
163,2
163,2
163,2
163,2
163,2
163,1
163,1
163,1
163,1
163,1
163,1
163,1
163,1
163,1
163,1
163,1
163,1
163,1
163,1
163,1
163,1
163,1
163,1
163,1
163,1
163,1
163,1
163,1
163,1
163,1
163,1
163,1
163,1
163,1
163,1
163,1
163,1
163,1
163,1
163,1
163,1
163,1
163,1
163,1
163,1
163,1
163,1
163,1
163,1
163,1
163,1
163,1
163,1
163,1
163,1
163,1
163,1
163,1
163,1
163,1
163,1
163,1
163,1
163,1
163,1
163,1
163,1
163,1
163,1
163,1
163,1
163,1
163,1
163,1
163,1
163,1
163,1
163,1
163,1
163,1
163,1
163,1
163,1
163,1
163,1
163,1
163,1
163,1
163,1
163,1
163,1
163,1
163,1
163,1
163,1
163,1
163,1
163,1
163,1
163,1
163,1
163,1
164,1107
164,105
164,26
164,17
164,11
164,9
164,7
164,5
164,5
164,4
164,3
164,3
164,3
164,3
164,3
164,2
164,2
164,2
164,2
164,2
164,2
164,2
164,2
164,2
164,2
164,2
164,2
164,2
164,2
164,1
164,1
164,1
164,1
164,1
164,1
164,1
164,1
164,1
164,1
164,1
164,1
164,1
164,1
164,1
164,1
164,1
164,1
164,1
164,1
164,1
164,1
164,1
164,1
164,1
164,1
164,1
164,1
164,1
164,1
164,1
164,1
164,1
164,1
164,1
164,1
164,1
164,1
164,1
164,1
164,1
164,1
164,1
164,1
164,1
164,1
164,1
164,1
164,1
164,1
164,1
164,1
164,1
164,1
164,1
164,1
164,1
164,1
164,1
164,1
164,1
164,1
164,1
164,1
164,1
164,1
164,1
164,1
164,1
164,1
164,1
164,1
164,1
164,1
164,1
164,1
164,1
164,1
164,1
164,1
164,1
164,1
164,1
164,1
164,1
164,1
165,1179
165,24
165,9
165,7
165,6
165,5
165,5
165,4
165,4
165,4
165,3
165,3
165,3
165,2
165,2
165,2
165,2
165,2
165,2
165,2
165,2
165,2
165,2
165,2
165,2
165,2
165,2
165,2
165,2
165,1
165,1
165,1
165,1
165,1
165,1
165,1
165,1
165,1
165,1
165,1
165,1
165,1
165,1
165,1
165,1
165,1
165,1
165,1
165,1
165,1
165,1
165,1
165,1
165,1
165,1
165,1
165,1
165,1
165,1
165,1
165,1
165,1
165,1
165,1
165,1
165,1
165,1
165,1
165,1
165,1
165,1
165,1
165,1
165,1
165,1
165,1
165,1
165,1
165,1
165,1
165,1
165,1
165,1
165,1
165,1
165,1
165,1
165,1
165,1
165,1
165,1
165,1
165,1
165,1
165,1
165,1
165,1
165,1
165,1
165,1
165,1
165,1
165,1
165,1
166,1169
166,61
166,20
166,17
166,11
166,8
166,7
166,7
166,7
166,6
166,6
166,5
166,4
166,4
166,4
166,4
166,4
166,4
166,4
166,3
166,3
166,3
166,3
166,3
166,3
166,3
166,3
166,3
166,3
166,2
166,2
166,2
166,2
166,2
166,2
166,2
166,2
166,2
166,2
166,2
166,2
166,2
166,2
166,2
166,2
166,2
166,2
166,2
166,1
166,1
166,1
166,1
166,1
166,1
166,1
166,1
166,1
166,1
166,1
166,1
166,1
166,1
166,1
166,1
166,1
166,1
166,1
166,1
166,1
166,1
166,1
166,1
166,1
166,1
166,1
166,1
166,1
166,1
166,1
166,1
166,1
166,1
166,1
166,1
166,1
166,1
166,1
166,1
166,1
166,1
166,1
166,1
166,1
166,1
166,1
166,1
166,1
166,1
166,1
166,1
166,1
166,1
166,1
166,1
166,1
166,1
166,1
166,1
166,1
166,1
166,1
166,1
166,1
166,1
166,1
166,1
166,1
166,1
167,1295
167,17
167,7
167,7
167,6
167,6
167,5
167,4
167,4
167,4
167,3
167,3
167,3
167,3
167,3
167,2
167,2
167,2
167,2
167,2
167,2
167,2
167,2
167,2
167,2
167,2
167,2
167,2
167,2
167,2
167,2
167,2
167,2
167,2
167,2
167,2
167,2
167,2
167,1
167,1
167,1
167,1
167,1
167,1
167,1
167,1
167,1
167,1
167,1
167,1
167,1
167,1
167,1
167,1
167,1
167,1
167,1
167,1
167,1
167,1
167,1
167,1
167,1
167,1
167,1
167,1
167,1
167,1
167,1
167,1
167,1
167,1
167,1
167,1
167,1
167,1
167,1
167,1
167,1
167,1
167,1
167,1
167,1
167,1
167,1
167,1
167,1
167,1
167,1
167,1
167,1
167,1
167,1
167,1
167,1
167,1
167,1
167,1
167,1
167,1
167,1
167,1
167,1
167,1
167,1
167,1
167,1
167,1
167,1
167,1
167,1
167,1
167,1
167,1
167,1
167,1
167,1
167,1
167,1
167,1
167,1
167,1
168,503
168,392
168,49
168,25
168,16
168,14
168,11
168,10
168,9
168,6
168,6
168,6
168,4
168,4
168,3
168,3
168,3
168,3
168,2
168,2
168,2
168,2
168,2
168,2
168,2
168,2
168,2
168,2
168,2
168,2
168,2
168,2
168,2
168,1
168,1
168,1
168,1
168,1
168,1
168,1
168,1
168,1
168,1
168,1
168,1
168,1
168,1
168,1
168,1
168,1
168,1
168,1
168,1
168,1
168,1
168,1
168,1
168,1
168,1
168,1
168,1
168,1
168,1
168,1
168,1
168,1
168,1
168,1
168,1
168,1
168,1
168,1
168,1
168,1
168,1
168,1
168,1
168,1
168,1
168,1
168,1
168,1
168,1
168,1
168,1
168,1
168,1
168,1
168,1
168,1
168,1
168,1
168,1
168,1
168,1
168,1
168,1
168,1
168,1
168,1
168,1
168,1
168,1
168,1
168,1
168,1
168,1
168,1
168,1
169,958
169,77
169,16
169,12
169,10
169,7
169,5
169,5
169,4
169,4
169,4
169,3
169,3
169,3
169,3
169,3
169,3
169,3
169,3
169,3
169,2
169,2
169,2
169,2
169,2
169,2
169,2
169,2
169,2
169,2
169,2
169,2
169,2
169,2
169,2
169,2
169,2
169,2
169,2
169,2
169,2
169,2
169,2
169,2
169,1
169,1
169,1
169,1
169,1
169,1
169,1
169,1
169,1
169,1
169,1
169,1
169,1
169,1
169,1
169,1
169,1
169,1
169,1
169,1
169,1
169,1
169,1
169,1
169,1
169,1
169,1
169,1
169,1
169,1
169,1
169,1
169,1
169,1
169,1
169,1
169,1
169,1
169,1
169,1
169,1
169,1
169,1
169,1
169,1
169,1
169,1
169,1
169,1
169,1
169,1
169,1
169,1
169,1
169,1
169,1
169,1
169,1
169,1
169,1
169,1
169,1
169,1
169,1
169,1
169,1
169,1
169,1
169,1
169,1
169,1
169,1
169,1
169,1
169,1
170,1048
170,32
170,29
170,25
170,16
170,12
170,10
170,9
170,7
170,7
170,7
170,6
170,6
170,5
170,5
170,4
170,4
170,4
170,4
170,4
170,3
170,3
170,3
170,3
170,3
170,3
170,3
170,3
170,3
170,3
170,2
170,2
170,2
170,2
170,2
170,2
170,2
170,2
170,2
170,2
170,2
170,2
170,2
170,2
170,2
170,2
170,2
170,2
170,2
170,2
170,2
170,2
170,2
170,2
170,2
170,2
170,2
170,2
170,2
170,2
170,2
170,2
170,2
170,2
170,2
170,1
170,1
170,1
170,1
170,1
170,1
170,1
170,1
170,1
170,1
170,1
170,1
170,1
170,1
170,1
170,1
170,1
170,1
170,1
170,1
170,1
170,1
170,1
170,1
170,1
170,1
170,1
170,1
170,1
170,1
170,1
170,1
170,1
170,1
170,1
170,1
170,1
170,1
170,1
170,1
170,1
170,1
170,1
170,1
170,1
170,1
170,1
170,1
170,1
170,1
170,1
170,1
170,1
170,1
170,1
170,1
170,1
170,1
170,1
170,1
170,1
170,1
170,1
170,1
170,1
170,1
170,1
170,1
170,1
170,1
170,1
170,1
170,1
170,1
170,1
170,1
170,1
170,1
170,1
170,1
170,1
170,1
170,1
170,1
170,1
170,1
170,1
170,1
170,1
170,1
170,1
170,1
170,1
170,1
170,1
170,1
170,1
170,1
170,1
170,1
170,1
170,1
170,1
170,1
170,1
171,1098
171,43
171,9
171,7
171,6
171,4
171,4
171,3
171,3
171,3
171,3
171,2
171,2
171,2
171,2
171,2
171,2
171,2
171,2
171,2
171,2
171,2
171,2
171,2
171,2
171,2
171,2
171,2
171,2
171,2
171,2
171,2
171,1
171,1
171,1
171,1
171,1
171,1
171,1
171,1
171,1
171,1
171,1
171,1
171,1
171,1
171,1
171,1
171,1
171,1
171,1
171,1
171,1
171,1
171,1
171,1
171,1
171,1
171,1
171,1
171,1
171,1
171,1
171,1
171,1
171,1
171,1
171,1
171,1
171,1
171,1
171,1
171,1
171,1
171,1
171,1
171,1
171,1
171,1
171,1
171,1
171,1
171,1
171,1
171,1
171,1
171,1
171,1
171,1
171,1
171,1
171,1
171,1
171,1
171,1
171,1
171,1
171,1
171,1
171,1
171,1
171,1
172,926
172,53
172,34
172,32
172,19
172,18
172,17
172,10
172,8
172,7
172,6
172,5
172,5
172,5
172,4
172,4
172,3
172,3
172,3
172,3
172,3
172,3
172,3
172,3
172,3
172,3
172,3
172,3
172,3
172,2
172,2
172,2
172,2
172,2
172,2
172,2
172,2
172,2
172,2
172,2
172,2
172,2
172,2
172,2
172,2
172,2
172,2
172,2
172,2
172,2
172,2
172,2
172,2
172,2
172,2
172,2
172,2
172,2
172,2
172,2
172,1
172,1
172,1
172,1
172,1
172,1
172,1
172,1
172,1
172,1
172,1
172,1
172,1
172,1
172,1
172,1
172,1
172,1
172,1
172,1
172,1
172,1
172,1
172,1
172,1
172,1
172,1
172,1
172,1
172,1
172,1
172,1
172,1
172,1
172,1
172,1
172,1
172,1
172,1
172,1
172,1
172,1
172,1
172,1
172,1
172,1
172,1
172,1
172,1
172,1
172,1
172,1
172,1
172,1
172,1
172,1
172,1
172,1
172,1
172,1
172,1
172,1
172,1
172,1
172,1
172,1
172,1
172,1
172,1
172,1
172,1
172,1
172,1
172,1
172,1
172,1
172,1
172,1
172,1
172,1
172,1
172,1
172,1
172,1
172,1
172,1
172,1
172,1
172,1
172,1
172,1
173,1086
173,36
173,24
173,11
173,9
173,7
173,6
173,6
173,5
173,4
173,4
173,4
173,3
173,3
173,3
173,3
173,3
173,3
173,3
173,3
173,3
173,2
173,2
173,2
173,2
173,2
173,2
173,2
173,2
173,2
173,2
173,2
173,2
173,2
173,2
173,2
173,2
173,2
173,1
173,1
173,1
173,1
173,1
173,1
173,1
173,1
173,1
173,1
173,1
173,1
173,1
173,1
173,1
173,1
173,1
173,1
173,1
173,1
173,1
173,1
173,1
173,1
173,1
173,1
173,1
173,1
173,1
173,1
173,1
173,1
173,1
173,1
173,1
173,1
173,1
173,1
173,1
173,1
173,1
173,1
173,1
173,1
173,1
173,1
173,1
173,1
173,1
173,1
173,1
173,1
173,1
173,1
173,1
173,1
173,1
173,1
173,1
173,1
173,1
173,1
173,1
173,1
174,483
174,330
174,145
174,33
174,26
174,6
174,5
174,4
174,4
174,4
174,3
174,3
174,3
174,3
174,3
174,3
174,3
174,3
174,3
174,2
174,2
174,2
174,2
174,2
174,2
174,2
174,2
174,2
174,2
174,2
174,2
174,2
174,2
174,2
174,2
174,2
174,2
174,2
174,2
174,2
174,2
174,1
174,1
174,1
174,1
174,1
174,1
174,1
174,1
174,1
174,1
174,1
174,1
174,1
174,1
174,1
174,1
174,1
174,1
174,1
174,1
174,1
174,1
174,1
174,1
174,1
174,1
174,1
174,1
174,1
174,1
174,1
174,1
174,1
174,1
174,1
174,1
174,1
174,1
174,1
174,1
175,748
175,346
175,73
175,18
175,9
175,9
175,9
175,8
175,8
175,7
175,7
175,6
175,6
175,6
175,6
175,6
175,6
175,6
175,6
175,4
175,4
175,4
175,4
175,3
175,3
175,3
175,3
175,2
175,2
175,2
175,2
175,2
175,2
175,2
175,2
175,2
175,2
175,2
175,2
175,2
175,2
175,2
175,2
175,2
175,2
175,2
175,1
175,1
175,1
175,1
175,1
175,1
175,1
175,1
175,1
175,1
175,1
175,1
175,1
175,1
175,1
175,1
175,1
175,1
175,1
175,1
175,1
175,1
175,1
175,1
175,1
175,1
175,1
175,1
175,1
175,1
175,1
175,1
175,1
175,1
175,1
175,1
175,1
175,1
175,1
175,1
175,1
175,1
175,1
175,1
175,1
175,1
175,1
175,1
175,1
175,1
175,1
175,1
175,1
175,1
175,1
175,1
175,1
175,1
175,1
175,1
175,1
175,1
175,1
175,1
176,914
176,67
176,26
176,25
176,14
176,10
176,10
176,9
176,8
176,7
176,6
176,5
176,5
176,4
176,4
176,4
176,4
176,4
176,4
176,4
176,3
176,3
176,3
176,3
176,3
176,3
176,3
176,3
176,3
176,3
176,3
176,3
176,3
176,3
176,3
176,2
176,2
176,2
176,2
176,2
176,2
176,2
176,2
176,2
176,2
176,2
176,2
176,2
176,2
176,2
176,2
176,2
176,2
176,2
176,2
176,1
176,1
176,1
176,1
176,1
176,1
176,1
176,1
176,1
176,1
176,1
176,1
176,1
176,1
176,1
176,1
176,1
176,1
176,1
176,1
176,1
176,1
176,1
176,1
176,1
176,1
176,1
176,1
176,1
176,1
176,1
176,1
176,1
176,1
176,1
176,1
176,1
176,1
176,1
176,1
176,1
176,1
176,1
176,1
176,1
176,1
176,1
176,1
176,1
176,1
176,1
176,1
176,1
176,1
176,1
176,1
176,1
176,1
176,1
176,1
176,1
176,1
176,1
176,1
176,1
176,1
176,1
176,1
176,1
176,1
176,1
176,1
176,1
176,1
176,1
176,1
176,1
176,1
177,1095
177,152
177,93
177,8
177,7
177,7
177,6
177,5
177,5
177,4
177,4
177,4
177,4
177,4
177,4
177,4
177,3
177,3
177,3
177,3
177,3
177,3
177,3
177,3
177,3
177,2
177,2
177,2
177,2
177,2
177,2
177,2
177,2
177,2
177,2
177,2
177,2
177,2
177,2
177,2
177,2
177,2
177,2
177,2
177,2
177,2
177,2
177,2
177,2
177,2
177,1
177,1
177,1
177,1
177,1
177,1
177,1
177,1
177,1
177,1
177,1
177,1
177,1
177,1
177,1
177,1
177,1
177,1
177,1
177,1
177,1
177,1
177,1
177,1
177,1
177,1
177,1
177,1
177,1
177,1
177,1
177,1
177,1
177,1
177,1
177,1
177,1
177,1
177,1
177,1
177,1
177,1
177,1
177,1
177,1
177,1
177,1
177,1
177,1
177,1
177,1
177,1
177,1
177,1
177,1
177,1
178,1091
178,91
178,34
178,29
178,25
178,16
178,9
178,7
178,7
178,6
178,6
178,5
178,4
178,3
178,3
178,2
178,2
178,2
178,2
178,2
178,2
178,2
178,2
178,2
178,2
178,2
178,2
178,2
178,2
178,2
178,2
178,2
178,1
178,1
178,1
178,1
178,1
178,1
178,1
178,1
178,1
178,1
178,1
178,1
178,1
178,1
178,1
178,1
178,1
178,1
178,1
178,1
178,1
178,1
178,1
178,1
178,1
178,1
178,1
178,1
178,1
178,1
178,1
178,1
178,1
178,1
178,1
178,1
178,1
178,1
178,1
178,1
178,1
178,1
178,1
178,1
178,1
178,1
178,1
178,1
178,1
178,1
178,1
178,1
178,1
178,1
178,1
178,1
178,1
178,1
178,1
178,1
178,1
178,1
178,1
178,1
178,1
178,1
178,1
178,1
178,1
178,1
178,1
178,1
178,1
178,1
178,1
178,1
178,1
178,1
178,1
178,1
178,1
178,1
178,1
179,897
179,85
179,16
179,14
179,12
179,12
179,8
179,7
179,7
179,6
179,6
179,6
179,6
179,5
179,5
179,5
179,4
179,4
179,4
179,4
179,4
179,4
179,4
179,3
179,3
179,3
179,3
179,3
179,3
179,3
179,3
179,3
179,3
179,3
179,3
179,3
179,3
179,3
179,3
179,2
179,2
179,2
179,2
179,2
179,2
179,2
179,2
179,2
179,2
179,2
179,2
179,2
179,2
179,2
179,2
179,2
179,2
179,2
179,2
179,2
179,1
179,1
179,1
179,1
179,1
179,1
179,1
179,1
179,1
179,1
179,1
179,1
179,1
179,1
179,1
179,1
179,1
179,1
179,1
179,1
179,1
179,1
179,1
179,1
179,1
179,1
179,1
179,1
179,1
179,1
179,1
179,1
179,1
179,1
179,1
179,1
179,1
179,1
179,1
179,1
179,1
179,1
179,1
179,1
179,1
179,1
179,1
179,1
179,1
179,1
179,1
179,1
179,1
179,1
179,1
179,1
179,1
179,1
179,1
179,1
179,1
179,1
179,1
179,1
179,1
179,1
179,1
179,1
179,1
179,1
179,1
179,1
179,1
179,1
179,1
179,1
179,1
179,1
179,1
179,1
179,1
179,1
179,1
179,1
179,1
179,1
179,1
179,1
179,1
179,1
179,1
179,1
179,1
179,1
179,1
179,1
179,1
179,1
179,1
179,1
179,1
179,1
179,1
179,1
180,842
180,172
180,52
180,23
180,11
180,10
180,10
180,8
180,7
180,6
180,4
180,4
180,4
180,4
180,3
180,3
180,3
180,3
180,3
180,3
180,3
180,3
180,3
180,3
180,3
180,2
180,2
180,2
180,2
180,2
180,2
180,2
180,2
180,2
180,2
180,2
180,2
180,2
180,2
180,2
180,2
180,2
180,2
180,2
180,2
180,2
180,2
180,2
180,2
180,2
180,2
180,2
180,2
180,1
180,1
180,1
180,1
180,1
180,1
180,1
180,1
180,1
180,1
180,1
180,1
180,1
180,1
180,1
180,1
180,1
180,1
180,1
180,1
180,1
180,1
180,1
180,1
180,1
180,1
180,1
180,1
180,1
180,1
180,1
180,1
180,1
180,1
180,1
180,1
180,1
180,1
180,1
180,1
180,1
180,1
180,1
180,1
180,1
180,1
180,1
180,1
180,1
180,1
180,1
180,1
180,1
180,1
180,1
180,1
180,1
180,1
180,1
180,1
180,1
180,1
180,1
180,1
180,1
180,1
180,1
180,1
180,1
180,1
180,1
180,1
180,1
180,1
180,1
180,1
180,1
180,1
180,1
180,1
180,1
180,1
180,1
180,1
180,1
180,1
180,1
180,1
181,1195
181,124
181,37
181,18
181,11
181,7
181,7
181,6
181,6
181,6
181,5
181,5
181,5
181,5
181,5
181,5
181,5
181,4
181,4
181,4
181,4
181,4
181,4
181,4
181,4
181,4
181,3
181,3
181,3
181,3
181,3
181,3
181,3
181,3
181,3
181,3
181,2
181,2
181,2
181,2
181,2
181,2
181,2
181,2
181,2
181,2
181,2
181,2
181,2
181,2
181,2
181,2
181,2
181,1
181,1
181,1
181,1
181,1
181,1
181,1
181,1
181,1
181,1
181,1
181,1
181,1
181,1
181,1
181,1
181,1
181,1
181,1
181,1
181,1
181,1
181,1
181,1
181,1
181,1
181,1
181,1
181,1
181,1
181,1
181,1
181,1
181,1
181,1
181,1
181,1
181,1
181,1
181,1
181,1
181,1
181,1
181,1
181,1
181,1
181,1
181,1
181,1
181,1
181,1
181,1
181,1
181,1
181,1
181,1
181,1
181,1
181,1
181,1
181,1
181,1
181,1
181,1
181,1
181,1
181,1
181,1
181,1
181,1
181,1
181,1
181,1
181,1
181,1
181,1
181,1
181,1
181,1
181,1
181,1
181,1
181,1
181,1
181,1
181,1
181,1
181,1
181,1
181,1
181,1
181,1
181,1
181,1
181,1
181,1
181,1
181,1
181,1
181,1
181,1
181,1
181,1
181,1
181,1
181,1
181,1
181,1
181,1
181,1
181,1
181,1
181,1
181,1
181,1
181,1
181,1
181,1
182,660
182,302
182,139
182,42
182,16
182,10
182,8
182,7
182,6
182,6
182,5
182,4
182,4
182,4
182,4
182,3
182,3
182,3
182,3
182,3
182,3
182,3
182,3
182,3
182,3
182,3
182,3
182,3
182,3
182,3
182,3
182,2
182,2
182,2
182,2
182,2
182,2
182,2
182,2
182,2
182,2
182,2
182,2
182,2
182,2
182,2
182,2
182,2
182,2
182,2
182,2
182,2
182,2
182,2
182,1
182,1
182,1
182,1
182,1
182,1
182,1
182,1
182,1
182,1
182,1
182,1
182,1
182,1
182,1
182,1
182,1
182,1
182,1
182,1
182,1
182,1
182,1
182,1
182,1
182,1
182,1
182,1
182,1
182,1
182,1
182,1
182,1
182,1
182,1
182,1
182,1
182,1
182,1
182,1
182,1
182,1
182,1
182,1
182,1
182,1
182,1
182,1
182,1
182,1
182,1
182,1
182,1
182,1
182,1
182,1
182,1
182,1
182,1
182,1
182,1
182,1
182,1
182,1
182,1
182,1
182,1
182,1
182,1
182,1
182,1
182,1
182,1
182,1
182,1
182,1
182,1
182,1
182,1
182,1
182,1
182,1
182,1
182,1
182,1
182,1
182,1
182,1
182,1
182,1
182,1
182,1
182,1
182,1
182,1
183,617
183,350
183,26
183,17
183,17
183,12
183,11
183,9
183,9
183,9
183,8
183,6
183,6
183,5
183,5
183,5
183,4
183,4
183,4
183,3
183,3
183,3
183,3
183,3
183,3
183,3
183,2
183,2
183,2
183,2
183,2
183,2
183,2
183,2
183,2
183,2
183,2
183,2
183,2
183,2
183,2
183,2
183,2
183,2
183,2
183,2
183,2
183,2
183,2
183,1
183,1
183,1
183,1
183,1
183,1
183,1
183,1
183,1
183,1
183,1
183,1
183,1
183,1
183,1
183,1
183,1
183,1
183,1
183,1
183,1
183,1
183,1
183,1
183,1
183,1
183,1
183,1
183,1
183,1
183,1
183,1
183,1
183,1
183,1
183,1
183,1
183,1
183,1
183,1
183,1
183,1
183,1
183,1
183,1
183,1
183,1
183,1
183,1
183,1
183,1
183,1
183,1
183,1
183,1
183,1
183,1
183,1
183,1
183,1
183,1
183,1
183,1
183,1
183,1
183,1
183,1
183,1
183,1
183,1
183,1
183,1
183,1
183,1
183,1
183,1
183,1
183,1
183,1
183,1
183,1
183,1
183,1
183,1
183,1
183,1
183,1
183,1
183,1
183,1
183,1
183,1
183,1
184,1157
184,20
184,17
184,16
184,14
184,14
184,10
184,9
184,8
184,8
184,7
184,7
184,6
184,5
184,5
184,5
184,5
184,4
184,4
184,4
184,4
184,4
184,3
184,3
184,3
184,3
184,3
184,3
184,3
184,3
184,3
184,3
184,3
184,3
184,3
184,3
184,3
184,2
184,2
184,2
184,2
184,2
184,2
184,2
184,2
184,2
184,2
184,2
184,2
184,2
184,2
184,2
184,2
184,2
184,2
184,2
184,2
184,2
184,2
184,2
184,2
184,2
184,2
184,2
184,2
184,2
184,2
184,2
184,2
184,2
184,2
184,2
184,2
184,2
184,2
184,2
184,2
184,2
184,2
184,2
184,1
184,1
184,1
184,1
184,1
184,1
184,1
184,1
184,1
184,1
184,1
184,1
184,1
184,1
184,1
184,1
184,1
184,1
184,1
184,1
184,1
184,1
184,1
184,1
184,1
184,1
184,1
184,1
184,1
184,1
184,1
184,1
184,1
184,1
184,1
184,1
184,1
184,1
184,1
184,1
184,1
184,1
184,1
184,1
184,1
184,1
184,1
184,1
184,1
184,1
184,1
184,1
184,1
184,1
184,1
184,1
184,1
184,1
184,1
184,1
184,1
184,1
184,1
184,1
184,1
184,1
184,1
184,1
184,1
184,1
184,1
184,1
184,1
184,1
184,1
184,1
184,1
184,1
184,1
184,1
184,1
184,1
184,1
184,1
184,1
184,1
184,1
184,1
184,1
184,1
184,1
184,1
184,1
184,1
184,1
184,1
184,1
184,1
184,1
184,1
184,1
184,1
184,1
184,1
184,1
184,1
184,1
184,1
184,1
184,1
184,1
184,1
184,1
184,1
184,1
184,1
184,1
184,1
184,1
184,1
184,1
184,1
184,1
184,1
184,1
184,1
184,1
184,1
184,1
184,1
184,1
184,1
185,750
185,63
185,34
185,22
185,11
185,10
185,9
185,7
185,6
185,6
185,6
185,6
185,6
185,5
185,4
185,4
185,4
185,4
185,3
185,3
185,3
185,3
185,3
185,3
185,3
185,3
185,2
185,2
185,2
185,2
185,2
185,2
185,2
185,2
185,2
185,2
185,2
185,2
185,2
185,2
185,2
185,2
185,2
185,2
185,2
185,2
185,2
185,2
185,2
185,2
185,2
185,1
185,1
185,1
185,1
185,1
185,1
185,1
185,1
185,1
185,1
185,1
185,1
185,1
185,1
185,1
185,1
185,1
185,1
185,1
185,1
185,1
185,1
185,1
185,1
185,1
185,1
185,1
185,1
185,1
185,1
185,1
185,1
185,1
185,1
185,1
185,1
185,1
185,1
185,1
185,1
185,1
185,1
185,1
185,1
185,1
185,1
185,1
185,1
185,1
185,1
185,1
185,1
185,1
185,1
185,1
185,1
185,1
185,1
185,1
185,1
185,1
185,1
185,1
186,1040
186,17
186,11
186,10
186,10
186,7
186,6
186,6
186,5
186,4
186,4
186,3
186,3
186,3
186,3
186,3
186,3
186,3
186,3
186,2
186,2
186,2
186,2
186,2
186,2
186,2
186,2
186,2
186,2
186,2
186,2
186,2
186,2
186,2
186,2
186,1
186,1
186,1
186,1
186,1
186,1
186,1
186,1
186,1
186,1
186,1
186,1
186,1
186,1
186,1
186,1
186,1
186,1
186,1
186,1
186,1
186,1
186,1
186,1
186,1
186,1
186,1
186,1
186,1
186,1
186,1
186,1
186,1
186,1
186,1
186,1
186,1
186,1
186,1
186,1
186,1
186,1
186,1
186,1
186,1
186,1
186,1
186,1
186,1
186,1
186,1
186,1
186,1
186,1
186,1
186,1
186,1
186,1
186,1
186,1
186,1
186,1
186,1
187,1318
187,22
187,20
187,14
187,10
187,7
187,6
187,5
187,5
187,5
187,5
187,5
187,5
187,4
187,4
187,4
187,4
187,4
187,4
187,4
187,4
187,3
187,3
187,3
187,3
187,3
187,3
187,3
187,3
187,3
187,3
187,3
187,3
187,2
187,2
187,2
187,2
187,2
187,2
187,2
187,2
187,2
187,2
187,2
187,2
187,2
187,2
187,2
187,2
187,2
187,2
187,2
187,2
187,2
187,2
187,2
187,2
187,2
187,2
187,2
187,2
187,2
187,2
187,2
187,1
187,1
187,1
187,1
187,1
187,1
187,1
187,1
187,1
187,1
187,1
187,1
187,1
187,1
187,1
187,1
187,1
187,1
187,1
187,1
187,1
187,1
187,1
187,1
187,1
187,1
187,1
187,1
187,1
187,1
187,1
187,1
187,1
187,1
187,1
187,1
187,1
187,1
187,1
187,1
187,1
187,1
187,1
187,1
187,1
187,1
187,1
187,1
187,1
187,1
187,1
187,1
187,1
187,1
187,1
187,1
187,1
187,1
187,1
187,1
187,1
187,1
187,1
187,1
187,1
187,1
187,1
187,1
187,1
187,1
187,1
187,1
187,1
187,1
187,1
187,1
187,1
187,1
188,607
188,418
188,59
188,29
188,12
188,8
188,8
188,7
188,7
188,6
188,6
188,6
188,4
188,4
188,4
188,4
188,3
188,3
188,3
188,3
188,3
188,3
188,3
188,2
188,2
188,2
188,2
188,2
188,2
188,2
188,2
188,2
188,2
188,2
188,2
188,2
188,2
188,2
188,1
188,1
188,1
188,1
188,1
188,1
188,1
188,1
188,1
188,1
188,1
188,1
188,1
188,1
188,1
188,1
188,1
188,1
188,1
188,1
188,1
188,1
188,1
188,1
188,1
188,1
188,1
188,1
188,1
188,1
188,1
188,1
188,1
188,1
188,1
188,1
188,1
188,1
188,1
188,1
188,1
188,1
188,1
188,1
188,1
188,1
188,1
188,1
188,1
188,1
188,1
188,1
188,1
188,1
188,1
188,1
188,1
188,1
188,1
188,1
188,1
188,1
188,1
188,1
188,1
188,1
188,1
188,1
188,1
188,1
188,1
188,1
189,660
189,607
189,32
189,18
189,10
189,10
189,7
189,7
189,6
189,5
189,5
189,5
189,4
189,4
189,4
189,4
189,4
189,4
189,4
189,3
189,3
189,3
189,3
189,3
189,3
189,3
189,3
189,3
189,3
189,3
189,3
189,3
189,2
189,2
189,2
189,2
189,2
189,2
189,2
189,2
189,2
189,2
189,2
189,2
189,2
189,2
189,2
189,2
189,2
189,2
189,2
189,2
189,2
189,2
189,2
189,2
189,2
189,2
189,2
189,2
189,2
189,1
189,1
189,1
189,1
189,1
189,1
189,1
189,1
189,1
189,1
189,1
189,1
189,1
189,1
189,1
189,1
189,1
189,1
189,1
189,1
189,1
189,1
189,1
189,1
189,1
189,1
189,1
189,1
189,1
189,1
189,1
189,1
189,1
189,1
189,1
189,1
189,1
189,1
189,1
189,1
189,1
189,1
189,1
189,1
189,1
189,1
189,1
189,1
189,1
189,1
189,1
189,1
189,1
189,1
189,1
189,1
189,1
189,1
189,1
189,1
189,1
189,1
189,1
189,1
189,1
189,1
189,1
189,1
189,1
189,1
189,1
189,1
189,1
189,1
189,1
189,1
189,1
189,1
189,1
189,1
189,1
189,1
189,1
189,1
189,1
189,1
189,1
189,1
189,1
189,1
189,1
189,1
189,1
190,1234
190,19
190,16
190,11
190,7
190,7
190,5
190,5
190,5
190,5
190,5
190,4
190,4
190,3
190,3
190,3
190,3
190,3
190,3
190,3
190,3
190,3
190,3
190,3
190,3
190,3
190,3
190,3
190,2
190,2
190,2
190,2
190,2
190,2
190,2
190,2
190,2
190,2
190,2
190,2
190,2
190,2
190,2
190,2
190,2
190,2
190,2
190,2
190,2
190,1
190,1
190,1
190,1
190,1
190,1
190,1
190,1
190,1
190,1
190,1
190,1
190,1
190,1
190,1
190,1
190,1
190,1
190,1
190,1
190,1
190,1
190,1
190,1
190,1
190,1
190,1
190,1
190,1
190,1
190,1
190,1
190,1
190,1
190,1
190,1
190,1
190,1
190,1
190,1
190,1
190,1
190,1
190,1
190,1
190,1
190,1
190,1
190,1
190,1
190,1
190,1
190,1
190,1
190,1
190,1
190,1
190,1
190,1
190,1
190,1
190,1
190,1
190,1
190,1
190,1
190,1
190,1
190,1
190,1
190,1
190,1
190,1
190,1
190,1
190,1
190,1
190,1
190,1
190,1
191,665
191,96
191,29
191,13
191,12
191,11
191,10
191,7
191,7
191,7
191,7
191,7
191,6
191,5
191,5
191,5
191,5
191,5
191,5
191,5
191,4
191,4
191,4
191,4
191,4
191,4
191,3
191,3
191,3
191,3
191,3
191,3
191,3
191,3
191,3
191,3
191,3
191,3
191,3
191,3
191,3
191,3
191,3
191,3
191,3
191,2
191,2
191,2
191,2
191,2
191,2
191,2
191,2
191,2
191,2
191,2
191,2
191,2
191,2
191,2
191,2
191,2
191,2
191,2
191,2
191,2
191,2
191,2
191,2
191,1
191,1
191,1
191,1
191,1
191,1
191,1
191,1
191,1
191,1
191,1
191,1
191,1
191,1
191,1
191,1
191,1
191,1
191,1
191,1
191,1
191,1
191,1
191,1
191,1
191,1
191,1
191,1
191,1
191,1
191,1
191,1
191,1
191,1
191,1
191,1
191,1
191,1
191,1
191,1
191,1
191,1
191,1
191,1
191,1
191,1
191,1
191,1
191,1
191,1
191,1
191,1
191,1
191,1
191,1
191,1
191,1
191,1
191,1
191,1
191,1
191,1
191,1
191,1
191,1
191,1
191,1
191,1
191,1
191,1
191,1
191,1
191,1
191,1
191,1
191,1
192,1148
192,14
192,13
192,12
192,8
192,7
192,6
192,5
192,5
192,5
192,5
192,5
192,4
192,4
192,4
192,4
192,4
192,4
192,4
192,4
192,4
192,3
192,3
192,3
192,3
192,3
192,3
192,3
192,3
192,3
192,2
192,2
192,2
192,2
192,2
192,2
192,2
192,2
192,2
192,2
192,2
192,2
192,2
192,2
192,2
192,2
192,2
192,2
192,1
192,1
192,1
192,1
192,1
192,1
192,1
192,1
192,1
192,1
192,1
192,1
192,1
192,1
192,1
192,1
192,1
192,1
192,1
192,1
192,1
192,1
192,1
192,1
192,1
192,1
192,1
192,1
192,1
192,1
192,1
192,1
192,1
192,1
192,1
192,1
192,1
192,1
192,1
192,1
192,1
192,1
192,1
192,1
192,1
192,1
192,1
192,1
192,1
192,1
192,1
192,1
192,1
192,1
192,1
192,1
192,1
192,1
192,1
192,1
192,1
192,1
192,1
192,1
192,1
192,1
192,1
192,1
192,1
192,1
192,1
192,1
192,1
192,1
192,1
192,1
192,1
192,1
192,1
192,1
192,1
192,1
192,1
192,1
192,1
192,1
192,1
192,1
192,1
192,1
192,1
192,1
192,1
192,1
192,1
192,1
192,1
192,1
192,1
192,1
192,1
192,1
192,1
193,983
193,165
193,13
193,10
193,6
193,6
193,5
193,5
193,5
193,5
193,4
193,4
193,4
193,4
193,4
193,4
193,4
193,4
193,4
193,3
193,3
193,3
193,3
193,3
193,3
193,3
193,2
193,2
193,2
193,2
193,2
193,2
193,2
193,2
193,2
193,2
193,2
193,2
193,2
193,2
193,2
193,2
193,2
193,2
193,2
193,2
193,2
193,2
193,2
193,1
193,1
193,1
193,1
193,1
193,1
193,1
193,1
193,1
193,1
193,1
193,1
193,1
193,1
193,1
193,1
193,1
193,1
193,1
193,1
193,1
193,1
193,1
193,1
193,1
193,1
193,1
193,1
193,1
193,1
193,1
193,1
193,1
193,1
193,1
193,1
193,1
193,1
193,1
193,1
193,1
193,1
193,1
193,1
193,1
193,1
193,1
193,1
193,1
193,1
193,1
193,1
194,904
194,94
194,87
194,23
194,17
194,17
194,9
194,9
194,8
194,8
194,7
194,6
194,5
194,5
194,4
194,4
194,3
194,3
194,3
194,3
194,3
194,3
194,3
194,3
194,3
194,3
194,3
194,3
194,2
194,2
194,2
194,2
194,2
194,2
194,2
194,2
194,2
194,2
194,2
194,2
194,2
194,2
194,2
194,2
194,2
194,2
194,2
194,2
194,2
194,2
194,1
194,1
194,1
194,1
194,1
194,1
194,1
194,1
194,1
194,1
194,1
194,1
194,1
194,1
194,1
194,1
194,1
194,1
194,1
194,1
194,1
194,1
194,1
194,1
194,1
194,1
194,1
194,1
194,1
194,1
194,1
194,1
194,1
194,1
194,1
194,1
194,1
194,1
194,1
194,1
194,1
194,1
194,1
194,1
194,1
194,1
194,1
194,1
194,1
194,1
194,1
194,1
194,1
194,1
194,1
194,1
194,1
194,1
194,1
194,1
194,1
194,1
194,1
194,1
194,1
194,1
194,1
194,1
194,1
194,1
194,1
194,1
194,1
194,1
194,1
194,1
194,1
194,1
194,1
194,1
194,1
194,1
194,1
194,1
194,1
194,1
194,1
194,1
194,1
194,1
194,1
194,1
194,1
194,1
194,1
194,1
194,1
194,1
194,1
194,1
194,1
194,1
194,1
194,1
194,1
194,1
194,1
194,1
194,1
194,1
194,1
194,1
194,1
194,1
194,1
194,1
194,1
194,1
195,1139
195,81
195,16
195,6
195,5
195,5
195,5
195,4
195,4
195,4
195,3
195,3
195,3
195,3
195,3
195,3
195,3
195,3
195,3
195,3
195,3
195,3
195,2
195,2
195,2
195,2
195,2
195,2
195,2
195,2
195,2
195,2
195,2
195,2
195,2
195,2
195,1
195,1
195,1
195,1
195,1
195,1
195,1
195,1
195,1
195,1
195,1
195,1
195,1
195,1
195,1
195,1
195,1
195,1
195,1
195,1
195,1
195,1
195,1
195,1
195,1
195,1
195,1
195,1
195,1
195,1
195,1
195,1
195,1
195,1
195,1
195,1
195,1
195,1
195,1
195,1
195,1
195,1
195,1
195,1
195,1
195,1
195,1
195,1
195,1
195,1
195,1
195,1
195,1
195,1
195,1
195,1
195,1
195,1
195,1
195,1
195,1
195,1
195,1
195,1
195,1
195,1
195,1
195,1
195,1
195,1
195,1
195,1
195,1
195,1
195,1
195,1
195,1
195,1
195,1
195,1
196,1160
196,17
196,13
196,12
196,11
196,10
196,9
196,9
196,8
196,8
196,7
196,5
196,4
196,4
196,4
196,4
196,3
196,3
196,3
196,3
196,3
196,2
196,2
196,2
196,2
196,2
196,2
196,2
196,2
196,2
196,2
196,2
196,2
196,2
196,2
196,2
196,2
196,2
196,2
196,2
196,2
196,2
196,2
196,2
196,2
196,2
196,1
196,1
196,1
196,1
196,1
196,1
196,1
196,1
196,1
196,1
196,1
196,1
196,1
196,1
196,1
196,1
196,1
196,1
196,1
196,1
196,1
196,1
196,1
196,1
196,1
196,1
196,1
196,1
196,1
196,1
196,1
196,1
196,1
196,1
196,1
196,1
196,1
196,1
196,1
196,1
196,1
196,1
196,1
196,1
196,1
196,1
196,1
196,1
196,1
196,1
196,1
196,1
196,1
196,1
196,1
196,1
196,1
196,1
196,1
196,1
196,1
196,1
196,1
196,1
196,1
196,1
196,1
196,1
196,1
196,1
196,1
196,1
196,1
196,1
196,1
196,1
196,1
196,1
196,1
196,1
197,900
197,68
197,33
197,22
197,16
197,10
197,6
197,6
197,6
197,5
197,4
197,4
197,4
197,3
197,3
197,3
197,3
197,3
197,3
197,3
197,3
197,3
197,3
197,2
197,2
197,2
197,2
197,2
197,2
197,2
197,2
197,2
197,2
197,2
197,2
197,2
197,2
197,2
197,2
197,2
197,2
197,2
197,2
197,2
197,2
197,2
197,2
197,2
197,2
197,2
197,2
197,2
197,1
197,1
197,1
197,1
197,1
197,1
197,1
197,1
197,1
197,1
197,1
197,1
197,1
197,1
197,1
197,1
197,1
197,1
197,1
197,1
197,1
197,1
197,1
197,1
197,1
197,1
197,1
197,1
197,1
197,1
197,1
197,1
197,1
197,1
197,1
197,1
197,1
197,1
197,1
197,1
197,1
197,1
197,1
197,1
197,1
197,1
197,1
197,1
197,1
197,1
197,1
197,1
197,1
197,1
197,1
197,1
197,1
197,1
197,1
197,1
197,1
197,1
197,1
197,1
197,1
197,1
197,1
197,1
197,1
197,1
197,1
197,1
197,1
197,1
197,1
197,1
197,1
197,1
197,1
197,1
198,681
198,176
198,16
198,14
198,14
198,12
198,9
198,7
198,5
198,5
198,5
198,5
198,5
198,4
198,4
198,4
198,3
198,3
198,3
198,3
198,3
198,3
198,3
198,2
198,2
198,2
198,2
198,2
198,2
198,2
198,2
198,2
198,2
198,2
198,2
198,2
198,2
198,2
198,2
198,2
198,1
198,1
198,1
198,1
198,1
198,1
198,1
198,1
198,1
198,1
198,1
198,1
198,1
198,1
198,1
198,1
198,1
198,1
198,1
198,1
198,1
198,1
198,1
198,1
198,1
198,1
198,1
198,1
198,1
198,1
198,1
198,1
198,1
198,1
198,1
198,1
198,1
198,1
198,1
198,1
198,1
198,1
198,1
198,1
198,1
198,1
198,1
198,1
198,1
198,1
198,1
198,1
198,1
198,1
198,1
198,1
198,1
198,1
198,1
198,1
198,1
198,1
198,1
198,1
198,1
198,1
198,1
198,1
198,1
198,1
198,1
198,1
198,1
198,1
198,1
198,1
198,1
198,1
198,1
198,1
199,1094
199,64
199,48
199,38
199,37
199,24
199,13
199,8
199,7
199,6
199,6
199,5
199,5
199,5
199,5
199,5
199,5
199,5
199,5
199,5
199,5
199,5
199,5
199,4
199,4
199,4
199,4
199,4
199,4
199,4
199,3
199,3
199,3
199,3
199,3
199,3
199,3
199,3
199,2
199,2
199,2
199,2
199,2
199,2
199,2
199,2
199,2
199,2
199,2
199,2
199,2
199,2
199,2
199,2
199,2
199,2
199,2
199,1
199,1
199,1
199,1
199,1
199,1
199,1
199,1
199,1
199,1
199,1
199,1
199,1
199,1
199,1
199,1
199,1
199,1
199,1
199,1
199,1
199,1
199,1
199,1
199,1
199,1
199,1
199,1
199,1
199,1
199,1
199,1
199,1
199,1
199,1
199,1
199,1
199,1
199,1
199,1
199,1
199,1
199,1
199,1
199,1
199,1
199,1
199,1
199,1
199,1
199,1
199,1
199,1
199,1
199,1
199,1
199,1
199,1
199,1
199,1
199,1
199,1
199,1
199,1
199,1
199,1
199,1
199,1
199,1
199,1
199,1
199,1
199,1
199,1
199,1
199,1
199,1
199,1
199,1
199,1
199,1
199,1
199,1
199,1
199,1
199,1
199,1
199,1
199,1
199,1
199,1
199,1
200,855
200,325
200,43
200,31
200,29
200,13
200,13
200,13
200,12
200,9
200,9
200,9
200,8
200,7
200,7
200,6
200,6
200,4
200,4
200,4
200,4
200,4
200,4
200,4
200,4
200,4
200,4
200,3
200,3
200,3
200,3
200,3
200,3
200,3
200,3
200,3
200,3
200,2
200,2
200,2
200,2
200,2
200,2
200,2
200,2
200,2
200,2
200,2
200,2
200,2
200,2
200,2
200,2
200,2
200,2
200,2
200,2
200,2
200,2
200,2
200,2
200,2
200,2
200,2
200,2
200,2
200,2
200,2
200,1
200,1
200,1
200,1
200,1
200,1
200,1
200,1
200,1
200,1
200,1
200,1
200,1
200,1
200,1
200,1
200,1
200,1
200,1
200,1
200,1
200,1
200,1
200,1
200,1
200,1
200,1
200,1
200,1
200,1
200,1
200,1
200,1
200,1
200,1
200,1
200,1
200,1
200,1
200,1
200,1
200,1
200,1
200,1
200,1
200,1
200,1
200,1
200,1
200,1
200,1
200,1
200,1
200,1
200,1
200,1
200,1
200,1
200,1
200,1
200,1
200,1
200,1
200,1
200,1
200,1
200,1
200,1
200,1
200,1
200,1
200,1
200,1
200,1
200,1
200,1
200,1
200,1
200,1
200,1
200,1
200,1
200,1
200,1
200,1
200,1
200,1
200,1
200,1
200,1
200,1
200,1
200,1
200,1
200,1
200,1
201,1277
201,22
201,20
201,19
201,11
201,11
201,6
201,5
201,5
201,5
201,5
201,5
201,5
201,4
201,4
201,4
201,4
201,3
201,3
201,3
201,3
201,3
201,3
201,3
201,3
201,3
201,3
201,3
201,3
201,3
201,3
201,3
201,2
201,2
201,2
201,2
201,2
201,2
201,2
201,2
201,2
201,2
201,2
201,2
201,2
201,2
201,2
201,2
201,2
201,2
201,2
201,2
201,2
201,2
201,2
201,2
201,2
201,2
201,1
201,1
201,1
201,1
201,1
201,1
201,1
201,1
201,1
201,1
201,1
201,1
201,1
201,1
201,1
201,1
201,1
201,1
201,1
201,1
201,1
201,1
201,1
201,1
201,1
201,1
201,1
201,1
201,1
201,1
201,1
201,1
201,1
201,1
201,1
201,1
201,1
201,1
201,1
201,1
201,1
201,1
201,1
201,1
201,1
201,1
201,1
201,1
201,1
201,1
201,1
201,1
201,1
201,1
201,1
201,1
201,1
201,1
201,1
201,1
201,1
201,1
201,1
201,1
201,1
201,1
201,1
201,1
201,1
201,1
201,1
201,1
201,1
201,1
201,1
201,1
201,1
201,1
201,1
201,1
201,1
201,1
201,1
201,1
201,1
201,1
201,1
201,1
202,830
202,277
202,32
202,21
202,16
202,11
202,11
202,8
202,5
202,5
202,5
202,5
202,5
202,5
202,4
202,4
202,4
202,4
202,4
202,4
202,4
202,4
202,4
202,4
202,4
202,4
202,3
202,3
202,3
202,3
202,3
202,3
202,3
202,3
202,3
202,3
202,3
202,3
202,3
202,3
202,3
202,2
202,2
202,2
202,2
202,2
202,2
202,2
202,2
202,2
202,2
202,2
202,2
202,2
202,2
202,2
202,2
202,2
202,2
202,2
202,2
202,2
202,2
202,2
202,2
202,2
202,2
202,2
202,2
202,2
202,2
202,2
202,2
202,2
202,2
202,2
202,2
202,2
202,2
202,2
202,2
202,2
202,2
202,2
202,2
202,2
202,2
202,2
202,2
202,2
202,2
202,2
202,2
202,1
202,1
202,1
202,1
202,1
202,1
202,1
202,1
202,1
202,1
202,1
202,1
202,1
202,1
202,1
202,1
202,1
202,1
202,1
202,1
202,1
202,1
202,1
202,1
202,1
202,1
202,1
202,1
202,1
202,1
202,1
202,1
202,1
202,1
202,1
202,1
202,1
202,1
202,1
202,1
202,1
202,1
202,1
202,1
202,1
202,1
202,1
202,1
202,1
202,1
202,1
202,1
202,1
202,1
202,1
202,1
202,1
202,1
202,1
202,1
202,1
202,1
202,1
202,1
202,1
202,1
202,1
202,1
202,1
202,1
202,1
202,1
202,1
202,1
202,1
202,1
202,1
202,1
202,1
202,1
202,1
202,1
202,1
202,1
202,1
202,1
202,1
202,1
202,1
202,1
202,1
202,1
202,1
202,1
202,1
202,1
202,1
202,1
202,1
202,1
202,1
202,1
202,1
202,1
202,1
203,878
203,61
203,22
203,20
203,15
203,11
203,9
203,9
203,8
203,8
203,8
203,7
203,7
203,7
203,6
203,6
203,6
203,5
203,5
203,5
203,5
203,5
203,5
203,5
203,4
203,4
203,4
203,4
203,4
203,4
203,4
203,4
203,4
203,3
203,3
203,3
203,3
203,3
203,3
203,3
203,3
203,3
203,3
203,3
203,3
203,2
203,2
203,2
203,2
203,2
203,2
203,2
203,2
203,2
203,2
203,2
203,2
203,2
203,2
203,2
203,2
203,2
203,2
203,2
203,2
203,2
203,2
203,2
203,2
203,2
203,2
203,2
203,2
203,2
203,2
203,1
203,1
203,1
203,1
203,1
203,1
203,1
203,1
203,1
203,1
203,1
203,1
203,1
203,1
203,1
203,1
203,1
203,1
203,1
203,1
203,1
203,1
203,1
203,1
203,1
203,1
203,1
203,1
203,1
203,1
203,1
203,1
203,1
203,1
203,1
203,1
203,1
203,1
203,1
203,1
203,1
203,1
203,1
203,1
203,1
203,1
203,1
203,1
203,1
203,1
203,1
203,1
203,1
203,1
203,1
203,1
203,1
203,1
203,1
203,1
203,1
203,1
203,1
203,1
203,1
203,1
203,1
203,1
203,1
203,1
203,1
203,1
203,1
203,1
203,1
203,1
203,1
203,1
203,1
203,1
203,1
203,1
203,1
203,1
203,1
203,1
203,1
203,1
203,1
203,1
203,1
203,1
203,1
203,1
203,1
203,1
203,1
203,1
203,1
203,1
203,1
203,1
203,1
203,1
203,1
203,1
203,1
203,1
203,1
203,1
203,1
203,1
203,1
203,1
203,1
203,1
203,1
203,1
203,1
204,990
204,172
204,10
204,6
204,5
204,5
204,4
204,4
204,4
204,4
204,3
204,3
204,3
204,3
204,3
204,3
204,3
204,3
204,3
204,3
204,3
204,3
204,3
204,3
204,2
204,2
204,2
204,2
204,2
204,2
204,2
204,2
204,2
204,2
204,2
204,2
204,2
204,2
204,2
204,1
204,1
204,1
204,1
204,1
204,1
204,1
204,1
204,1
204,1
204,1
204,1
204,1
204,1
204,1
204,1
204,1
204,1
204,1
204,1
204,1
204,1
204,1
204,1
204,1
204,1
204,1
204,1
204,1
204,1
204,1
204,1
204,1
204,1
204,1
204,1
204,1
204,1
204,1
204,1
204,1
204,1
204,1
204,1
204,1
204,1
204,1
204,1
204,1
204,1
204,1
204,1
204,1
204,1
204,1
204,1
204,1
204,1
205,969
205,14
205,13
205,11
205,10
205,9
205,9
205,7
205,5
205,5
205,5
205,5
205,5
205,5
205,5
205,5
205,4
205,4
205,4
205,4
205,4
205,3
205,3
205,3
205,3
205,3
205,3
205,3
205,3
205,2
205,2
205,2
205,2
205,2
205,2
205,2
205,2
205,2
205,2
205,2
205,2
205,2
205,2
205,2
205,2
205,2
205,1
205,1
205,1
205,1
205,1
205,1
205,1
205,1
205,1
205,1
205,1
205,1
205,1
205,1
205,1
205,1
205,1
205,1
205,1
205,1
205,1
205,1
205,1
205,1
205,1
205,1
205,1
205,1
205,1
205,1
205,1
205,1
205,1
205,1
205,1
205,1
205,1
205,1
205,1
205,1
205,1
205,1
205,1
205,1
205,1
205,1
205,1
205,1
205,1
205,1
205,1
205,1
205,1
205,1
205,1
205,1
205,1
205,1
205,1
205,1
205,1
205,1
205,1
205,1
205,1
205,1
205,1
205,1
205,1
205,1
205,1
205,1
205,1
205,1
205,1
205,1
205,1
205,1
205,1
205,1
205,1
205,1
205,1
205,1
205,1
205,1
205,1
205,1
206,653
206,377
206,156
206,48
206,11
206,6
206,4
206,4
206,4
206,4
206,4
206,3
206,3
206,3
206,3
206,3
206,3
206,3
206,3
206,3
206,3
206,2
206,2
206,2
206,2
206,2
206,2
206,2
206,2
206,2
206,2
206,2
206,2
206,2
206,2
206,2
206,2
206,2
206,2
206,2
206,2
206,2
206,2
206,2
206,2
206,1
206,1
206,1
206,1
206,1
206,1
206,1
206,1
206,1
206,1
206,1
206,1
206,1
206,1
206,1
206,1
206,1
206,1
206,1
206,1
206,1
206,1
206,1
206,1
206,1
206,1
206,1
206,1
206,1
206,1
206,1
206,1
206,1
206,1
206,1
206,1
206,1
206,1
206,1
206,1
206,1
206,1
206,1
206,1
206,1
206,1
206,1
206,1
206,1
206,1
206,1
206,1
206,1
206,1
206,1
206,1
206,1
206,1
206,1
206,1
206,1
206,1
206,1
206,1
206,1
206,1
206,1
206,1
206,1
206,1
206,1
206,1
207,1154
207,28
207,22
207,19
207,12
207,8
207,8
207,6
207,6
207,6
207,5
207,5
207,5
207,5
207,4
207,4
207,4
207,3
207,3
207,3
207,3
207,3
207,3
207,3
207,3
207,3
207,3
207,2
207,2
207,2
207,2
207,2
207,2
207,2
207,2
207,2
207,2
207,2
207,2
207,2
207,2
207,2
207,2
207,2
207,2
207,2
207,2
207,2
207,2
207,2
207,2
207,2
207,2
207,2
207,2
207,2
207,2
207,2
207,2
207,2
207,2
207,2
207,1
207,1
207,1
207,1
207,1
207,1
207,1
207,1
207,1
207,1
207,1
207,1
207,1
207,1
207,1
207,1
207,1
207,1
207,1
207,1
207,1
207,1
207,1
207,1
207,1
207,1
207,1
207,1
207,1
207,1
207,1
207,1
207,1
207,1
207,1
207,1
207,1
207,1
207,1
207,1
207,1
207,1
207,1
207,1
207,1
207,1
207,1
207,1
207,1
207,1
207,1
207,1
207,1
207,1
207,1
207,1
207,1
207,1
207,1
207,1
207,1
207,1
207,1
207,1
207,1
207,1
207,1
207,1
207,1
207,1
207,1
207,1
207,1
207,1
207,1
207,1
207,1
207,1
207,1
207,1
207,1
207,1
207,1
207,1
207,1
207,1
207,1
207,1
207,1
207,1
207,1
207,1
207,1
207,1
207,1
207,1
207,1
207,1
207,1
207,1
207,1
207,1
207,1
207,1
207,1
207,1
207,1
208,1162
208,10
208,9
208,5
208,4
208,4
208,3
208,3
208,3
208,3
208,3
208,3
208,2
208,2
208,2
208,2
208,2
208,2
208,2
208,2
208,2
208,2
208,2
208,2
208,2
208,2
208,2
208,2
208,2
208,1
208,1
208,1
208,1
208,1
208,1
208,1
208,1
208,1
208,1
208,1
208,1
208,1
208,1
208,1
208,1
208,1
208,1
208,1
208,1
208,1
208,1
208,1
208,1
208,1
208,1
208,1
208,1
208,1
208,1
208,1
208,1
208,1
208,1
208,1
208,1
208,1
208,1
208,1
208,1
208,1
208,1
208,1
208,1
208,1
208,1
208,1
208,1
208,1
208,1
208,1
208,1
208,1
208,1
208,1
208,1
208,1
209,980
209,35
209,16
209,13
209,7
209,6
209,5
209,4
209,4
209,4
209,4
209,4
209,4
209,4
209,4
209,4
209,3
209,3
209,3
209,3
209,3
209,3
209,3
209,3
209,3
209,3
209,2
209,2
209,2
209,2
209,2
209,2
209,2
209,2
209,2
209,2
209,2
209,2
209,2
209,2
209,2
209,2
209,2
209,2
209,2
209,2
209,2
209,2
209,2
209,2
209,2
209,2
209,2
209,2
209,2
209,2
209,2
209,2
209,1
209,1
209,1
209,1
209,1
209,1
209,1
209,1
209,1
209,1
209,1
209,1
209,1
209,1
209,1
209,1
209,1
209,1
209,1
209,1
209,1
209,1
209,1
209,1
209,1
209,1
209,1
209,1
209,1
209,1
209,1
209,1
209,1
209,1
209,1
209,1
209,1
209,1
209,1
209,1
209,1
209,1
209,1
209,1
209,1
209,1
209,1
209,1
209,1
209,1
209,1
209,1
209,1
209,1
209,1
209,1
209,1
209,1
209,1
209,1
209,1
209,1
209,1
209,1
209,1
209,1
209,1
209,1
209,1
209,1
209,1
209,1
209,1
209,1
209,1
209,1
209,1
209,1
209,1
209,1
209,1
209,1
209,1
209,1
209,1
209,1
209,1
209,1
209,1
209,1
209,1
209,1
209,1
209,1
210,1091
210,60
210,40
210,29
210,13
210,10
210,9
210,9
210,8
210,6
210,5
210,4
210,4
210,4
210,4
210,3
210,3
210,3
210,3
210,3
210,2
210,2
210,2
210,2
210,2
210,2
210,2
210,2
210,2
210,2
210,2
210,2
210,2
210,2
210,2
210,2
210,2
210,2
210,2
210,1
210,1
210,1
210,1
210,1
210,1
210,1
210,1
210,1
210,1
210,1
210,1
210,1
210,1
210,1
210,1
210,1
210,1
210,1
210,1
210,1
210,1
210,1
210,1
210,1
210,1
210,1
210,1
210,1
210,1
210,1
210,1
210,1
210,1
210,1
210,1
210,1
210,1
210,1
210,1
210,1
210,1
210,1
210,1
210,1
210,1
210,1
210,1
210,1
210,1
210,1
210,1
210,1
210,1
210,1
210,1
210,1
210,1
210,1
210,1
210,1
210,1
210,1
210,1
210,1
210,1
210,1
210,1
210,1
210,1
210,1
211,686
211,249
211,39
211,15
211,12
211,10
211,9
211,8
211,7
211,6
211,5
211,5
211,5
211,4
211,4
211,3
211,3
211,3
211,3
211,3
211,3
211,3
211,3
211,3
211,3
211,3
211,3
211,3
211,3
211,2
211,2
211,2
211,2
211,2
211,2
211,2
211,2
211,2
211,2
211,2
211,2
211,2
211,2
211,2
211,2
211,2
211,2
211,2
211,2
211,2
211,2
211,2
211,1
211,1
211,1
211,1
211,1
211,1
211,1
211,1
211,1
211,1
211,1
211,1
211,1
211,1
211,1
211,1
211,1
211,1
211,1
211,1
211,1
211,1
211,1
211,1
211,1
211,1
211,1
211,1
211,1
211,1
211,1
211,1
211,1
211,1
211,1
211,1
211,1
211,1
211,1
211,1
211,1
211,1
211,1
211,1
211,1
211,1
211,1
211,1
211,1
211,1
211,1
211,1
211,1
211,1
211,1
211,1
211,1
211,1
211,1
211,1
211,1
211,1
211,1
211,1
211,1
211,1
211,1
211,1
211,1
211,1
211,1
211,1
211,1
211,1
211,1
211,1
211,1
211,1
211,1
211,1
211,1
211,1
211,1
212,999
212,81
212,30
212,10
212,7
212,5
212,5
212,4
212,4
212,4
212,3
212,3
212,3
212,3
212,3
212,3
212,3
212,3
212,3
212,3
212,3
212,3
212,3
212,3
212,3
212,3
212,3
212,2
212,2
212,2
212,2
212,2
212,2
212,2
212,2
212,2
212,2
212,2
212,2
212,2
212,2
212,2
212,2
212,2
212,2
212,2
212,2
212,2
212,2
212,2
212,2
212,2
212,2
212,2
212,2
212,1
212,1
212,1
212,1
212,1
212,1
212,1
212,1
212,1
212,1
212,1
212,1
212,1
212,1
212,1
212,1
212,1
212,1
212,1
212,1
212,1
212,1
212,1
212,1
212,1
212,1
212,1
212,1
212,1
212,1
212,1
212,1
212,1
212,1
212,1
212,1
212,1
212,1
212,1
212,1
212,1
212,1
212,1
212,1
212,1
212,1
212,1
212,1
212,1
212,1
212,1
212,1
212,1
212,1
212,1
212,1
212,1
212,1
212,1
212,1
212,1
212,1
212,1
212,1
212,1
212,1
212,1
212,1
212,1
212,1
212,1
212,1
212,1
212,1
212,1
212,1
212,1
212,1
212,1
212,1
212,1
212,1
212,1
213,1132
213,105
213,10
213,6
213,6
213,5
213,5
213,5
213,4
213,4
213,4
213,4
213,3
213,3
213,3
213,3
213,3
213,3
213,3
213,2
213,2
213,2
213,2
213,2
213,2
213,2
213,2
213,2
213,2
213,2
213,2
213,2
213,2
213,2
213,2
213,2
213,2
213,2
213,2
213,1
213,1
213,1
213,1
213,1
213,1
213,1
213,1
213,1
213,1
213,1
213,1
213,1
213,1
213,1
213,1
213,1
213,1
213,1
213,1
213,1
213,1
213,1
213,1
213,1
213,1
213,1
213,1
213,1
213,1
213,1
213,1
213,1
213,1
213,1
213,1
213,1
213,1
213,1
213,1
213,1
213,1
213,1
213,1
213,1
213,1
213,1
213,1
213,1
213,1
213,1
213,1
213,1
213,1
213,1
213,1
213,1
213,1
213,1
213,1
213,1
213,1
213,1
213,1
213,1
213,1
213,1
213,1
214,528
214,400
214,98
214,38
214,8
214,6
214,6
214,4
214,4
214,4
214,3
214,3
214,3
214,3
214,3
214,3
214,3
214,3
214,2
214,2
214,2
214,2
214,2
214,2
214,2
214,2
214,2
214,2
214,2
214,2
214,2
214,2
214,2
214,2
214,2
214,2
214,2
214,2
214,2
214,1
214,1
214,1
214,1
214,1
214,1
214,1
214,1
214,1
214,1
214,1
214,1
214,1
214,1
214,1
214,1
214,1
214,1
214,1
214,1
214,1
214,1
214,1
214,1
214,1
214,1
214,1
214,1
214,1
214,1
214,1
214,1
214,1
214,1
214,1
214,1
214,1
214,1
214,1
214,1
214,1
214,1
214,1
214,1
214,1
214,1
214,1
214,1
214,1
214,1
214,1
214,1
214,1
214,1
214,1
214,1
214,1
214,1
214,1
214,1
214,1
214,1
214,1
214,1
214,1
214,1
214,1
214,1
214,1
214,1
214,1
214,1
214,1
214,1
214,1
214,1
214,1
214,1
214,1
214,1
214,1
214,1
214,1
214,1
214,1
214,1
214,1
214,1
214,1
214,1
214,1
214,1
214,1
214,1
214,1
214,1
214,1
214,1
214,1
214,1
214,1
214,1
214,1
214,1
214,1
214,1
214,1
214,1
215,1262
215,10
215,10
215,7
215,5
215,4
215,4
215,3
215,3
215,3
215,3
215,3
215,3
215,3
215,3
215,3
215,2
215,2
215,2
215,2
215,2
215,2
215,2
215,2
215,2
215,2
215,2
215,2
215,2
215,2
215,2
215,2
215,1
215,1
215,1
215,1
215,1
215,1
215,1
215,1
215,1
215,1
215,1
215,1
215,1
215,1
215,1
215,1
215,1
215,1
215,1
215,1
215,1
215,1
215,1
215,1
215,1
215,1
215,1
215,1
215,1
215,1
215,1
215,1
215,1
215,1
215,1
215,1
215,1
215,1
215,1
215,1
215,1
215,1
215,1
215,1
215,1
215,1
215,1
215,1
215,1
215,1
215,1
215,1
215,1
215,1
215,1
215,1
215,1
215,1
216,1113
216,32
216,12
216,10
216,10
216,10
216,9
216,9
216,7
216,6
216,6
216,5
216,5
216,5
216,5
216,4
216,4
216,4
216,4
216,3
216,3
216,3
216,3
216,3
216,3
216,3
216,3
216,3
216,3
216,3
216,2
216,2
216,2
216,2
216,2
216,2
216,2
216,2
216,2
216,2
216,2
216,2
216,2
216,2
216,2
216,2
216,2
216,2
216,2
216,2
216,1
216,1
216,1
216,1
216,1
216,1
216,1
216,1
216,1
216,1
216,1
216,1
216,1
216,1
216,1
216,1
216,1
216,1
216,1
216,1
216,1
216,1
216,1
216,1
216,1
216,1
216,1
216,1
216,1
216,1
216,1
216,1
216,1
216,1
216,1
216,1
216,1
216,1
216,1
216,1
216,1
216,1
216,1
216,1
216,1
216,1
216,1
216,1
216,1
216,1
216,1
216,1
216,1
216,1
216,1
216,1
216,1
216,1
216,1
216,1
216,1
216,1
216,1
216,1
216,1
216,1
216,1
216,1
216,1
216,1
216,1
216,1
216,1
216,1
216,1
216,1
216,1
216,1
216,1
216,1
216,1
216,1
216,1
216,1
216,1
216,1
216,1
216,1
216,1
216,1
216,1
216,1
216,1
216,1
216,1
216,1
217,1105
217,24
217,17
217,8
217,7
217,6
217,5
217,5
217,5
217,5
217,4
217,4
217,4
217,4
217,3
217,3
217,3
217,3
217,3
217,3
217,2
217,2
217,2
217,2
217,2
217,2
217,2
217,2
217,2
217,2
217,2
217,2
217,2
217,2
217,2
217,2
217,2
217,2
217,2
217,2
217,2
217,2
217,2
217,2
217,2
217,1
217,1
217,1
217,1
217,1
217,1
217,1
217,1
217,1
217,1
217,1
217,1
217,1
217,1
217,1
217,1
217,1
217,1
217,1
217,1
217,1
217,1
217,1
217,1
217,1
217,1
217,1
217,1
217,1
217,1
217,1
217,1
217,1
217,1
217,1
217,1
217,1
217,1
217,1
217,1
217,1
217,1
217,1
217,1
217,1
217,1
217,1
217,1
217,1
217,1
217,1
217,1
217,1
217,1
217,1
217,1
217,1
217,1
217,1
217,1
217,1
217,1
217,1
217,1
217,1
217,1
217,1
217,1
217,1
217,1
217,1
217,1
217,1
217,1
218,884
218,369
218,70
218,19
218,9
218,7
218,6
218,6
218,5
218,5
218,5
218,5
218,5
218,4
218,4
218,4
218,4
218,4
218,4
218,3
218,3
218,3
218,3
218,3
218,3
218,3
218,3
218,3
218,2
218,2
218,2
218,2
218,2
218,2
218,2
218,2
218,2
218,2
218,2
218,2
218,2
218,2
218,2
218,2
218,2
218,2
218,1
218,1
218,1
218,1
218,1
218,1
218,1
218,1
218,1
218,1
218,1
218,1
218,1
218,1
218,1
218,1
218,1
218,1
218,1
218,1
218,1
218,1
218,1
218,1
218,1
218,1
218,1
218,1
218,1
218,1
218,1
218,1
218,1
218,1
218,1
218,1
218,1
218,1
218,1
218,1
218,1
218,1
218,1
218,1
218,1
218,1
218,1
218,1
218,1
218,1
218,1
218,1
218,1
218,1
218,1
218,1
218,1
218,1
218,1
218,1
218,1
218,1
218,1
218,1
218,1
218,1
218,1
218,1
218,1
218,1
218,1
218,1
218,1
218,1
218,1
218,1
218,1
218,1
218,1
218,1
218,1
218,1
218,1
218,1
218,1
218,1
218,1
218,1
218,1
218,1
218,1
218,1
218,1
219,759
219,140
219,27
219,24
219,11
219,9
219,8
219,8
219,8
219,8
219,7
219,6
219,6
219,6
219,6
219,5
219,5
219,5
219,5
219,5
219,4
219,4
219,4
219,4
219,4
219,3
219,3
219,3
219,3
219,3
219,3
219,3
219,2
219,2
219,2
219,2
219,2
219,2
219,2
219,2
219,2
219,2
219,2
219,2
219,2
219,2
219,2
219,2
219,2
219,2
219,2
219,2
219,2
219,2
219,2
219,2
219,2
219,2
219,2
219,2
219,2
219,2
219,1
219,1
219,1
219,1
219,1
219,1
219,1
219,1
219,1
219,1
219,1
219,1
219,1
219,1
219,1
219,1
219,1
219,1
219,1
219,1
219,1
219,1
219,1
219,1
219,1
219,1
219,1
219,1
219,1
219,1
219,1
219,1
219,1
219,1
219,1
219,1
219,1
219,1
219,1
219,1
219,1
219,1
219,1
219,1
219,1
219,1
219,1
219,1
219,1
219,1
219,1
219,1
219,1
219,1
219,1
219,1
219,1
219,1
219,1
219,1
219,1
219,1
219,1
219,1
219,1
219,1
219,1
219,1
219,1
219,1
219,1
219,1
219,1
219,1
219,1
219,1
219,1
219,1
219,1
219,1
219,1
219,1
219,1
219,1
219,1
219,1
219,1
219,1
219,1
219,1
219,1
219,1
219,1
219,1
219,1
219,1
219,1
219,1
219,1
219,1
219,1
219,1
219,1
219,1
219,1
219,1
219,1
219,1
219,1
219,1
219,1
220,844
220,61
220,50
220,31
220,12
220,11
220,11
220,7
220,7
220,6
220,6
220,6
220,5
220,4
220,4
220,3
220,2
220,2
220,2
220,2
220,2
220,2
220,2
220,2
220,2
220,2
220,2
220,2
220,2
220,2
220,2
220,2
220,2
220,2
220,2
220,2
220,1
220,1
220,1
220,1
220,1
220,1
220,1
220,1
220,1
220,1
220,1
220,1
220,1
220,1
220,1
220,1
220,1
220,1
220,1
220,1
220,1
220,1
220,1
220,1
220,1
220,1
220,1
220,1
220,1
220,1
220,1
220,1
220,1
220,1
220,1
220,1
220,1
220,1
220,1
220,1
220,1
220,1
220,1
220,1
220,1
220,1
220,1
220,1
220,1
220,1
220,1
220,1
220,1
220,1
220,1
220,1
220,1
220,1
220,1
220,1
220,1
220,1
220,1
220,1
220,1
220,1
220,1
220,1
220,1
220,1
220,1
220,1
220,1
220,1
221,1226
221,12
221,11
221,8
221,7
221,6
221,5
221,5
221,5
221,4
221,4
221,4
221,4
221,4
221,4
221,3
221,3
221,3
221,3
221,3
221,3
221,3
221,3
221,3
221,3
221,3
221,3
221,3
221,3
221,3
221,3
221,3
221,3
221,3
221,3
221,2
221,2
221,2
221,2
221,2
221,2
221,2
221,2
221,2
221,2
221,2
221,2
221,2
221,2
221,2
221,2
221,2
221,2
221,2
221,2
221,1
221,1
221,1
221,1
221,1
221,1
221,1
221,1
221,1
221,1
221,1
221,1
221,1
221,1
221,1
221,1
221,1
221,1
221,1
221,1
221,1
221,1
221,1
221,1
221,1
221,1
221,1
221,1
221,1
221,1
221,1
221,1
221,1
221,1
221,1
221,1
221,1
221,1
221,1
221,1
221,1
221,1
221,1
221,1
221,1
221,1
221,1
221,1
221,1
221,1
221,1
221,1
221,1
221,1
221,1
221,1
221,1
221,1
221,1
221,1
221,1
221,1
221,1
221,1
221,1
221,1
221,1
221,1
221,1
221,1
221,1
221,1
221,1
221,1
221,1
221,1
221,1
221,1
221,1
221,1
221,1
221,1
221,1
221,1
221,1
221,1
221,1
222,840
222,55
222,16
222,16
222,12
222,10
222,9
222,7
222,6
222,6
222,5
222,5
222,4
222,4
222,4
222,4
222,3
222,3
222,3
222,3
222,2
222,2
222,2
222,2
222,2
222,2
222,2
222,2
222,2
222,2
222,2
222,2
222,2
222,2
222,2
222,2
222,2
222,2
222,2
222,2
222,2
222,2
222,1
222,1
222,1
222,1
222,1
222,1
222,1
222,1
222,1
222,1
222,1
222,1
222,1
222,1
222,1
222,1
222,1
222,1
222,1
222,1
222,1
222,1
222,1
222,1
222,1
222,1
222,1
222,1
222,1
222,1
222,1
222,1
222,1
222,1
222,1
222,1
222,1
222,1
222,1
222,1
222,1
222,1
222,1
222,1
222,1
222,1
222,1
222,1
222,1
222,1
222,1
222,1
222,1
222,1
222,1
222,1
222,1
222,1
222,1
222,1
222,1
222,1
222,1
222,1
222,1
222,1
222,1
222,1
222,1
222,1
222,1
222,1
222,1
222,1
222,1
222,1
222,1
222,1
222,1
222,1
222,1
222,1
222,1
222,1
222,1
222,1
222,1
222,1
222,1
222,1
222,1
222,1
222,1
222,1
222,1
222,1
223,564
223,419
223,32
223,9
223,9
223,8
223,7
223,6
223,5
223,5
223,5
223,4
223,4
223,4
223,3
223,3
223,3
223,3
223,3
223,3
223,3
223,3
223,3
223,3
223,2
223,2
223,2
223,2
223,2
223,2
223,2
223,2
223,2
223,2
223,2
223,2
223,2
223,2
223,2
223,2
223,2
223,2
223,2
223,2
223,2
223,2
223,1
223,1
223,1
223,1
223,1
223,1
223,1
223,1
223,1
223,1
223,1
223,1
223,1
223,1
223,1
223,1
223,1
223,1
223,1
223,1
223,1
223,1
223,1
223,1
223,1
223,1
223,1
223,1
223,1
223,1
223,1
223,1
223,1
223,1
223,1
223,1
223,1
223,1
223,1
223,1
223,1
223,1
223,1
223,1
223,1
223,1
223,1
223,1
223,1
223,1
223,1
223,1
223,1
223,1
223,1
223,1
223,1
223,1
223,1
223,1
223,1
223,1
223,1
223,1
223,1
223,1
223,1
223,1
223,1
223,1
223,1
223,1
223,1
223,1
223,1
223,1
223,1
223,1
223,1
223,1
223,1
223,1
223,1
223,1
223,1
223,1
223,1
223,1
223,1
223,1
223,1
223,1
223,1
223,1
224,847
224,165
224,29
224,22
224,11
224,10
224,10
224,9
224,7
224,7
224,6
224,6
224,5
224,5
224,5
224,5
224,5
224,5
224,5
224,4
224,4
224,4
224,4
224,3
224,3
224,3
224,3
224,3
224,3
224,3
224,3
224,3
224,3
224,3
224,2
224,2
224,2
224,2
224,2
224,2
224,2
224,2
224,2
224,2
224,2
224,2
224,2
224,2
224,2
224,2
224,2
224,2
224,2
224,2
224,2
224,2
224,1
224,1
224,1
224,1
224,1
224,1
224,1
224,1
224,1
224,1
224,1
224,1
224,1
224,1
224,1
224,1
224,1
224,1
224,1
224,1
224,1
224,1
224,1
224,1
224,1
224,1
224,1
224,1
224,1
224,1
224,1
224,1
224,1
224,1
224,1
224,1
224,1
224,1
224,1
224,1
224,1
224,1
224,1
224,1
224,1
224,1
224,1
224,1
224,1
225,810
225,357
225,27
225,24
225,23
225,14
225,12
225,10
225,9
225,9
225,7
225,7
225,6
225,6
225,5
225,5
225,4
225,4
225,4
225,4
225,4
225,3
225,3
225,3
225,3
225,3
225,3
225,3
225,3
225,3
225,3
225,3
225,3
225,3
225,3
225,3
225,3
225,3
225,3
225,3
225,2
225,2
225,2
225,2
225,2
225,2
225,2
225,2
225,2
225,2
225,2
225,2
225,2
225,2
225,2
225,2
225,2
225,2
225,2
225,2
225,2
225,2
225,2
225,2
225,2
225,2
225,2
225,2
225,2
225,2
225,2
225,2
225,2
225,2
225,1
225,1
225,1
225,1
225,1
225,1
225,1
225,1
225,1
225,1
225,1
225,1
225,1
225,1
225,1
225,1
225,1
225,1
225,1
225,1
225,1
225,1
225,1
225,1
225,1
225,1
225,1
225,1
225,1
225,1
225,1
225,1
225,1
225,1
225,1
225,1
225,1
225,1
225,1
225,1
225,1
225,1
225,1
225,1
225,1
225,1
225,1
225,1
225,1
225,1
225,1
225,1
225,1
225,1
225,1
225,1
225,1
225,1
225,1
225,1
225,1
225,1
225,1
225,1
225,1
225,1
225,1
225,1
225,1
225,1
225,1
225,1
225,1
225,1
225,1
225,1
225,1
225,1
225,1
225,1
225,1
225,1
225,1
225,1
225,1
225,1
225,1
225,1
225,1
225,1
225,1
225,1
225,1
225,1
225,1
225,1
225,1
225,1
225,1
225,1
225,1
225,1
225,1
225,1
225,1
225,1
225,1
225,1
226,1060
226,7
226,6
226,5
226,5
226,4
226,4
226,4
226,3
226,3
226,3
226,3
226,3
226,3
226,2
226,2
226,2
226,2
226,2
226,2
226,2
226,2
226,2
226,2
226,2
226,2
226,2
226,2
226,2
226,2
226,2
226,2
226,2
226,2
226,2
226,2
226,2
226,2
226,1
226,1
226,1
226,1
226,1
226,1
226,1
226,1
226,1
226,1
226,1
226,1
226,1
226,1
226,1
226,1
226,1
226,1
226,1
226,1
226,1
226,1
226,1
226,1
226,1
226,1
226,1
226,1
226,1
226,1
226,1
226,1
226,1
226,1
226,1
226,1
226,1
226,1
226,1
226,1
226,1
226,1
226,1
226,1
226,1
226,1
226,1
226,1
226,1
226,1
226,1
226,1
226,1
226,1
226,1
226,1
226,1
226,1
226,1
226,1
226,1
226,1
226,1
227,839
227,105
227,37
227,34
227,34
227,20
227,18
227,6
227,6
227,6
227,6
227,5
227,5
227,5
227,4
227,4
227,4
227,4
227,3
227,3
227,3
227,3
227,3
227,3
227,3
227,3
227,2
227,2
227,2
227,2
227,2
227,2
227,2
227,2
227,2
227,2
227,2
227,2
227,2
227,2
227,2
227,2
227,2
227,2
227,2
227,2
227,2
227,2
227,2
227,2
227,2
227,1
227,1
227,1
227,1
227,1
227,1
227,1
227,1
227,1
227,1
227,1
227,1
227,1
227,1
227,1
227,1
227,1
227,1
227,1
227,1
227,1
227,1
227,1
227,1
227,1
227,1
227,1
227,1
227,1
227,1
227,1
227,1
227,1
227,1
227,1
227,1
227,1
227,1
227,1
227,1
227,1
227,1
227,1
227,1
227,1
227,1
227,1
227,1
227,1
227,1
227,1
227,1
227,1
227,1
227,1
227,1
227,1
227,1
227,1
227,1
227,1
227,1
227,1
227,1
227,1
227,1
227,1
227,1
227,1
227,1
227,1
227,1
227,1
227,1
227,1
227,1
227,1
227,1
227,1
227,1
227,1
227,1
227,1
227,1
227,1
227,1
227,1
227,1
227,1
227,1
227,1
227,1
228,1286
228,75
228,31
228,9
228,8
228,7
228,7
228,7
228,6
228,6
228,5
228,5
228,4
228,4
228,4
228,4
228,4
228,3
228,3
228,3
228,3
228,3
228,3
228,3
228,3
228,3
228,2
228,2
228,2
228,2
228,2
228,2
228,2
228,2
228,2
228,2
228,2
228,2
228,2
228,2
228,2
228,2
228,2
228,2
228,2
228,2
228,2
228,1
228,1
228,1
228,1
228,1
228,1
228,1
228,1
228,1
228,1
228,1
228,1
228,1
228,1
228,1
228,1
228,1
228,1
228,1
228,1
228,1
228,1
228,1
228,1
228,1
228,1
228,1
228,1
228,1
228,1
228,1
228,1
228,1
228,1
228,1
228,1
228,1
228,1
228,1
228,1
228,1
228,1
228,1
228,1
228,1
228,1
228,1
228,1
228,1
228,1
228,1
228,1
228,1
228,1
228,1
228,1
228,1
228,1
228,1
228,1
228,1
228,1
228,1
228,1
228,1
228,1
228,1
228,1
228,1
228,1
228,1
228,1
228,1
228,1
228,1
228,1
228,1
228,1
228,1
228,1
228,1
228,1
228,1
228,1
228,1
228,1
228,1
228,1
228,1
228,1
228,1
228,1
228,1
228,1
228,1
228,1
228,1
228,1
228,1
229,950
229,66
229,36
229,16
229,15
229,14
229,13
229,11
229,8
229,7
229,6
229,5
229,5
229,5
229,4
229,4
229,4
229,4
229,4
229,4
229,4
229,4
229,4
229,3
229,3
229,3
229,3
229,3
229,3
229,2
229,2
229,2
229,2
229,2
229,2
229,2
229,2
229,2
229,2
229,2
229,2
229,2
229,2
229,1
229,1
229,1
229,1
229,1
229,1
229,1
229,1
229,1
229,1
229,1
229,1
229,1
229,1
229,1
229,1
229,1
229,1
229,1
229,1
229,1
229,1
229,1
229,1
229,1
229,1
229,1
229,1
229,1
229,1
229,1
229,1
229,1
229,1
229,1
229,1
229,1
229,1
229,1
229,1
229,1
229,1
229,1
229,1
229,1
229,1
229,1
229,1
229,1
229,1
229,1
229,1
229,1
229,1
229,1
229,1
229,1
229,1
229,1
229,1
229,1
229,1
229,1
229,1
229,1
229,1
229,1
229,1
229,1
229,1
229,1
229,1
229,1
229,1
229,1
229,1
229,1
229,1
229,1
229,1
229,1
229,1
229,1
229,1
229,1
229,1
229,1
229,1
229,1
229,1
229,1
230,1122
230,85
230,20
230,18
230,11
230,9
230,6
230,6
230,6
230,5
230,5
230,5
230,5
230,4
230,3
230,3
230,3
230,3
230,3
230,3
230,3
230,3
230,2
230,2
230,2
230,2
230,2
230,2
230,2
230,2
230,2
230,2
230,2
230,2
230,2
230,2
230,2
230,2
230,2
230,2
230,2
230,2
230,1
230,1
230,1
230,1
230,1
230,1
230,1
230,1
230,1
230,1
230,1
230,1
230,1
230,1
230,1
230,1
230,1
230,1
230,1
230,1
230,1
230,1
230,1
230,1
230,1
230,1
230,1
230,1
230,1
230,1
230,1
230,1
230,1
230,1
230,1
230,1
230,1
230,1
230,1
230,1
230,1
230,1
230,1
230,1
230,1
230,1
230,1
230,1
230,1
230,1
230,1
230,1
230,1
230,1
230,1
230,1
230,1
230,1
230,1
230,1
230,1
230,1
230,1
230,1
230,1
230,1
230,1
230,1
230,1
230,1
230,1
230,1
230,1
230,1
230,1
230,1
230,1
230,1
230,1
230,1
230,1
230,1
231,777
231,77
231,45
231,11
231,9
231,8
231,7
231,6
231,6
231,5
231,4
231,4
231,4
231,4
231,3
231,3
231,3
231,3
231,3
231,3
231,3
231,3
231,3
231,3
231,3
231,3
231,3
231,2
231,2
231,2
231,2
231,2
231,2
231,2
231,2
231,2
231,2
231,2
231,2
231,2
231,2
231,2
231,2
231,2
231,2
231,2
231,2
231,2
231,2
231,2
231,2
231,2
231,2
231,2
231,2
231,2
231,2
231,2
231,2
231,2
231,2
231,2
231,2
231,1
231,1
231,1
231,1
231,1
231,1
231,1
231,1
231,1
231,1
231,1
231,1
231,1
231,1
231,1
231,1
231,1
231,1
231,1
231,1
231,1
231,1
231,1
231,1
231,1
231,1
231,1
231,1
231,1
231,1
231,1
231,1
231,1
231,1
231,1
231,1
231,1
231,1
231,1
231,1
231,1
231,1
231,1
231,1
231,1
231,1
231,1
231,1
231,1
231,1
231,1
231,1
231,1
231,1
231,1
231,1
231,1
231,1
231,1
231,1
231,1
231,1
231,1
231,1
231,1
231,1
231,1
231,1
231,1
231,1
231,1
232,657
232,146
232,94
232,10
232,9
232,6
232,6
232,6
232,6
232,6
232,6
232,6
232,5
232,5
232,5
232,4
232,4
232,4
232,4
232,4
232,4
232,3
232,3
232,3
232,3
232,3
232,3
232,3
232,3
232,3
232,2
232,2
232,2
232,2
232,2
232,2
232,2
232,2
232,2
232,2
232,2
232,2
232,2
232,2
232,2
232,2
232,2
232,2
232,2
232,1
232,1
232,1
232,1
232,1
232,1
232,1
232,1
232,1
232,1
232,1
232,1
232,1
232,1
232,1
232,1
232,1
232,1
232,1
232,1
232,1
232,1
232,1
232,1
232,1
232,1
232,1
232,1
232,1
232,1
232,1
232,1
232,1
232,1
232,1
232,1
232,1
232,1
232,1
232,1
232,1
232,1
232,1
232,1
232,1
232,1
232,1
232,1
232,1
232,1
232,1
232,1
232,1
232,1
232,1
232,1
232,1
232,1
232,1
232,1
232,1
232,1
232,1
232,1
232,1
232,1
232,1
232,1
232,1
232,1
232,1
232,1
232,1
232,1
232,1
232,1
232,1
232,1
232,1
232,1
232,1
232,1
232,1
232,1
232,1
232,1
232,1
232,1
232,1
232,1
232,1
232,1
232,1
233,620
233,402
233,103
233,27
233,16
233,9
233,7
233,5
233,5
233,4
233,4
233,3
233,3
233,3
233,3
233,2
233,2
233,2
233,2
233,2
233,2
233,2
233,2
233,2
233,2
233,2
233,2
233,2
233,1
233,1
233,1
233,1
233,1
233,1
233,1
233,1
233,1
233,1
233,1
233,1
233,1
233,1
233,1
233,1
233,1
233,1
233,1
233,1
233,1
233,1
233,1
233,1
233,1
233,1
233,1
233,1
233,1
233,1
233,1
233,1
233,1
233,1
233,1
233,1
233,1
233,1
233,1
233,1
233,1
233,1
233,1
233,1
233,1
233,1
233,1
233,1
233,1
233,1
233,1
233,1
233,1
233,1
233,1
233,1
233,1
233,1
233,1
233,1
233,1
233,1
233,1
233,1
233,1
233,1
233,1
233,1
233,1
233,1
233,1
233,1
233,1
233,1
233,1
233,1
233,1
233,1
233,1
233,1
234,1182
234,86
234,13
234,12
234,6
234,6
234,6
234,5
234,5
234,4
234,4
234,4
234,3
234,3
234,3
234,3
234,2
234,2
234,2
234,2
234,2
234,2
234,2
234,2
234,2
234,2
234,2
234,2
234,1
234,1
234,1
234,1
234,1
234,1
234,1
234,1
234,1
234,1
234,1
234,1
234,1
234,1
234,1
234,1
234,1
234,1
234,1
234,1
234,1
234,1
234,1
234,1
234,1
234,1
234,1
234,1
234,1
234,1
234,1
234,1
234,1
234,1
234,1
234,1
234,1
234,1
234,1
234,1
234,1
234,1
234,1
234,1
234,1
234,1
234,1
234,1
234,1
234,1
234,1
234,1
234,1
234,1
234,1
234,1
234,1
234,1
234,1
235,1008
235,32
235,23
235,16
235,9
235,9
235,7
235,7
235,7
235,7
235,6
235,6
235,5
235,5
235,5
235,5
235,5
235,5
235,5
235,4
235,4
235,4
235,4
235,4
235,4
235,4
235,3
235,3
235,3
235,3
235,3
235,3
235,3
235,3
235,3
235,2
235,2
235,2
235,2
235,2
235,2
235,2
235,2
235,2
235,2
235,2
235,2
235,2
235,2
235,2
235,2
235,2
235,2
235,2
235,2
235,2
235,2
235,2
235,2
235,1
235,1
235,1
235,1
235,1
235,1
235,1
235,1
235,1
235,1
235,1
235,1
235,1
235,1
235,1
235,1
235,1
235,1
235,1
235,1
235,1
235,1
235,1
235,1
235,1
235,1
235,1
235,1
235,1
235,1
235,1
235,1
235,1
235,1
235,1
235,1
235,1
235,1
235,1
235,1
235,1
235,1
235,1
235,1
235,1
235,1
235,1
235,1
235,1
235,1
235,1
235,1
235,1
235,1
235,1
235,1
235,1
235,1
235,1
235,1
235,1
235,1
235,1
235,1
235,1
235,1
235,1
235,1
235,1
235,1
235,1
235,1
235,1
235,1
235,1
235,1
235,1
236,804
236,312
236,131
236,46
236,21
236,10
236,8
236,7
236,6
236,6
236,5
236,5
236,5
236,5
236,4
236,4
236,3
236,3
236,3
236,3
236,3
236,3
236,3
236,3
236,3
236,3
236,3
236,2
236,2
236,2
236,2
236,2
236,2
236,2
236,2
236,2
236,2
236,2
236,2
236,2
236,2
236,2
236,2
236,2
236,2
236,2
236,2
236,2
236,2
236,2
236,2
236,2
236,2
236,1
236,1
236,1
236,1
236,1
236,1
236,1
236,1
236,1
236,1
236,1
236,1
236,1
236,1
236,1
236,1
236,1
236,1
236,1
236,1
236,1
236,1
236,1
236,1
236,1
236,1
236,1
236,1
236,1
236,1
236,1
236,1
236,1
236,1
236,1
236,1
236,1
236,1
236,1
236,1
236,1
236,1
236,1
236,1
236,1
236,1
236,1
236,1
236,1
236,1
236,1
236,1
236,1
236,1
236,1
236,1
236,1
236,1
236,1
236,1
236,1
236,1
236,1
236,1
236,1
236,1
236,1
236,1
236,1
236,1
236,1
236,1
236,1
236,1
236,1
236,1
236,1
236,1
236,1
237,861
237,323
237,25
237,8
237,7
237,7
237,6
237,6
237,5
237,5
237,5
237,5
237,5
237,5
237,4
237,4
237,4
237,4
237,4
237,4
237,4
237,4
237,3
237,3
237,3
237,3
237,3
237,3
237,3
237,3
237,3
237,3
237,3
237,3
237,2
237,2
237,2
237,2
237,2
237,2
237,2
237,2
237,2
237,2
237,2
237,2
237,2
237,2
237,2
237,2
237,2
237,2
237,1
237,1
237,1
237,1
237,1
237,1
237,1
237,1
237,1
237,1
237,1
237,1
237,1
237,1
237,1
237,1
237,1
237,1
237,1
237,1
237,1
237,1
237,1
237,1
237,1
237,1
237,1
237,1
237,1
237,1
237,1
237,1
237,1
237,1
237,1
237,1
237,1
237,1
237,1
237,1
237,1
237,1
237,1
237,1
237,1
237,1
237,1
237,1
237,1
237,1
237,1
237,1
237,1
237,1
237,1
237,1
237,1
237,1
237,1
237,1
237,1
237,1
238,1132
238,22
238,14
238,9
238,8
238,8
238,6
238,5
238,4
238,4
238,3
238,3
238,3
238,3
238,3
238,3
238,3
238,3
238,2
238,2
238,2
238,2
238,2
238,2
238,2
238,2
238,2
238,2
238,2
238,2
238,2
238,2
238,2
238,2
238,2
238,2
238,2
238,2
238,2
238,2
238,2
238,2
238,2
238,2
238,2
238,2
238,2
238,2
238,2
238,2
238,2
238,1
238,1
238,1
238,1
238,1
238,1
238,1
238,1
238,1
238,1
238,1
238,1
238,1
238,1
238,1
238,1
238,1
238,1
238,1
238,1
238,1
238,1
238,1
238,1
238,1
238,1
238,1
238,1
238,1
238,1
238,1
238,1
238,1
238,1
238,1
238,1
238,1
238,1
238,1
238,1
238,1
238,1
238,1
238,1
238,1
238,1
238,1
238,1
238,1
238,1
238,1
238,1
238,1
238,1
238,1
238,1
238,1
238,1
238,1
238,1
238,1
238,1
238,1
238,1
238,1
238,1
238,1
238,1
238,1
239,932
239,39
239,18
239,12
239,11
239,9
239,9
239,8
239,6
239,5
239,5
239,4
239,4
239,3
239,3
239,3
239,3
239,3
239,2
239,2
239,2
239,2
239,2
239,2
239,2
239,2
239,2
239,2
239,2
239,2
239,2
239,2
239,2
239,2
239,2
239,2
239,2
239,2
239,2
239,2
239,2
239,2
239,1
239,1
239,1
239,1
239,1
239,1
239,1
239,1
239,1
239,1
239,1
239,1
239,1
239,1
239,1
239,1
239,1
239,1
239,1
239,1
239,1
239,1
239,1
239,1
239,1
239,1
239,1
239,1
239,1
239,1
239,1
239,1
239,1
239,1
239,1
239,1
239,1
239,1
239,1
239,1
239,1
239,1
239,1
239,1
239,1
239,1
239,1
239,1
239,1
240,1297
240,17
240,17
240,15
240,12
240,7
240,6
240,5
240,4
240,4
240,4
240,4
240,4
240,4
240,4
240,4
240,4
240,4
240,4
240,3
240,3
240,3
240,3
240,3
240,3
240,3
240,3
240,3
240,3
240,3
240,3
240,3
240,3
240,3
240,2
240,2
240,2
240,2
240,2
240,2
240,2
240,2
240,2
240,2
240,2
240,2
240,2
240,1
240,1
240,1
240,1
240,1
240,1
240,1
240,1
240,1
240,1
240,1
240,1
240,1
240,1
240,1
240,1
240,1
240,1
240,1
240,1
240,1
240,1
240,1
240,1
240,1
240,1
240,1
240,1
240,1
240,1
240,1
240,1
240,1
240,1
240,1
240,1
240,1
240,1
240,1
240,1
240,1
240,1
240,1
240,1
240,1
240,1
240,1
240,1
240,1
240,1
240,1
240,1
240,1
240,1
240,1
240,1
240,1
240,1
240,1
240,1
240,1
240,1
240,1
240,1
240,1
240,1
240,1
240,1
240,1
240,1
240,1
240,1
240,1
240,1
240,1
240,1
240,1
240,1
240,1
240,1
240,1
240,1
240,1
240,1
240,1
240,1
240,1
240,1
240,1
240,1
240,1
240,1
241,941
241,44
241,43
241,42
241,30
241,25
241,22
241,13
241,12
241,11
241,11
241,9
241,9
241,8
241,8
241,7
241,7
241,6
241,5
241,5
241,4
241,4
241,3
241,3
241,3
241,3
241,2
241,2
241,2
241,2
241,2
241,2
241,2
241,2
241,2
241,2
241,2
241,2
241,2
241,2
241,2
241,2
241,2
241,2
241,2
241,2
241,2
241,2
241,2
241,2
241,2
241,2
241,2
241,2
241,2
241,2
241,2
241,2
241,2
241,2
241,2
241,1
241,1
241,1
241,1
241,1
241,1
241,1
241,1
241,1
241,1
241,1
241,1
241,1
241,1
241,1
241,1
241,1
241,1
241,1
241,1
241,1
241,1
241,1
241,1
241,1
241,1
241,1
241,1
241,1
241,1
241,1
241,1
241,1
241,1
241,1
241,1
241,1
241,1
241,1
241,1
241,1
241,1
241,1
241,1
241,1
241,1
241,1
241,1
241,1
241,1
241,1
241,1
241,1
241,1
241,1
241,1
241,1
241,1
241,1
241,1
241,1
241,1
241,1
241,1
241,1
241,1
241,1
241,1
241,1
241,1
241,1
241,1
241,1
241,1
241,1
241,1
241,1
241,1
241,1
241,1
241,1
241,1
241,1
241,1
241,1
241,1
241,1
241,1
241,1
241,1
241,1
241,1
241,1
241,1
241,1
241,1
241,1
241,1
241,1
241,1
241,1
241,1
241,1
241,1
241,1
241,1
241,1
242,829
242,220
242,43
242,29
242,11
242,8
242,6
242,6
242,6
242,5
242,4
242,4
242,4
242,3
242,3
242,3
242,3
242,3
242,3
242,3
242,3
242,3
242,2
242,2
242,2
242,2
242,2
242,2
242,2
242,2
242,2
242,2
242,2
242,2
242,2
242,2
242,2
242,1
242,1
242,1
242,1
242,1
242,1
242,1
242,1
242,1
242,1
242,1
242,1
242,1
242,1
242,1
242,1
242,1
242,1
242,1
242,1
242,1
242,1
242,1
242,1
242,1
242,1
242,1
242,1
242,1
242,1
242,1
242,1
242,1
242,1
242,1
242,1
242,1
242,1
242,1
242,1
242,1
242,1
242,1
242,1
242,1
242,1
242,1
242,1
242,1
242,1
242,1
242,1
242,1
242,1
242,1
242,1
242,1
242,1
242,1
242,1
242,1
242,1
242,1
242,1
242,1
242,1
242,1
242,1
242,1
242,1
243,1096
243,168
243,16
243,12
243,10
243,8
243,6
243,5
243,5
243,5
243,4
243,4
243,4
243,3
243,3
243,3
243,3
243,3
243,3
243,3
243,2
243,2
243,2
243,2
243,2
243,2
243,2
243,2
243,2
243,2
243,2
243,2
243,2
243,2
243,2
243,2
243,2
243,2
243,2
243,2
243,1
243,1
243,1
243,1
243,1
243,1
243,1
243,1
243,1
243,1
243,1
243,1
243,1
243,1
243,1
243,1
243,1
243,1
243,1
243,1
243,1
243,1
243,1
243,1
243,1
243,1
243,1
243,1
243,1
243,1
243,1
243,1
243,1
243,1
243,1
243,1
243,1
243,1
243,1
243,1
243,1
243,1
243,1
243,1
243,1
243,1
243,1
243,1
243,1
243,1
243,1
243,1
243,1
243,1
243,1
243,1
243,1
243,1
243,1
243,1
243,1
243,1
243,1
243,1
243,1
243,1
243,1
243,1
243,1
243,1
243,1
243,1
243,1
243,1
243,1
243,1
243,1
243,1
243,1
243,1
243,1
244,1073
244,75
244,27
244,14
244,11
244,6
244,6
244,6
244,6
244,6
244,6
244,5
244,5
244,5
244,4
244,4
244,4
244,4
244,4
244,3
244,3
244,3
244,3
244,3
244,3
244,3
244,3
244,3
244,3
244,3
244,3
244,3
244,2
244,2
244,2
244,2
244,2
244,2
244,2
244,2
244,2
244,2
244,2
244,2
244,2
244,2
244,2
244,2
244,2
244,2
244,2
244,2
244,2
244,2
244,2
244,2
244,2
244,2
244,1
244,1
244,1
244,1
244,1
244,1
244,1
244,1
244,1
244,1
244,1
244,1
244,1
244,1
244,1
244,1
244,1
244,1
244,1
244,1
244,1
244,1
244,1
244,1
244,1
244,1
244,1
244,1
244,1
244,1
244,1
244,1
244,1
244,1
244,1
244,1
244,1
244,1
244,1
244,1
244,1
244,1
244,1
244,1
244,1
244,1
244,1
244,1
244,1
244,1
244,1
244,1
244,1
244,1
244,1
244,1
244,1
244,1
244,1
244,1
244,1
244,1
244,1
244,1
244,1
244,1
244,1
244,1
244,1
244,1
244,1
244,1
244,1
244,1
244,1
244,1
244,1
244,1
244,1
244,1
244,1
244,1
244,1
244,1
244,1
244,1
244,1
244,1
244,1
245,700
245,434
245,9
245,8
245,7
245,7
245,6
245,6
245,5
245,4
245,4
245,4
245,4
245,4
245,3
245,2
245,2
245,2
245,2
245,2
245,2
245,2
245,2
245,2
245,2
245,2
245,2
245,2
245,2
245,2
245,1
245,1
245,1
245,1
245,1
245,1
245,1
245,1
245,1
245,1
245,1
245,1
245,1
245,1
245,1
245,1
245,1
245,1
245,1
245,1
245,1
245,1
245,1
245,1
245,1
245,1
245,1
245,1
245,1
245,1
245,1
245,1
245,1
245,1
245,1
245,1
245,1
245,1
245,1
245,1
245,1
245,1
245,1
245,1
245,1
245,1
245,1
245,1
245,1
245,1
245,1
245,1
245,1
245,1
245,1
245,1
245,1
245,1
245,1
245,1
245,1
245,1
245,1
245,1
245,1
245,1
246,869
246,295
246,18
246,13
246,13
246,12
246,8
246,8
246,8
246,7
246,7
246,7
246,7
246,6
246,6
246,6
246,5
246,4
246,4
246,4
246,4
246,4
246,4
246,4
246,4
246,4
246,3
246,3
246,3
246,3
246,3
246,3
246,3
246,2
246,2
246,2
246,2
246,2
246,2
246,2
246,2
246,2
246,2
246,2
246,2
246,2
246,2
246,2
246,2
246,2
246,2
246,2
246,2
246,2
246,1
246,1
246,1
246,1
246,1
246,1
246,1
246,1
246,1
246,1
246,1
246,1
246,1
246,1
246,1
246,1
246,1
246,1
246,1
246,1
246,1
246,1
246,1
246,1
246,1
246,1
246,1
246,1
246,1
246,1
246,1
246,1
246,1
246,1
246,1
246,1
246,1
246,1
246,1
246,1
246,1
246,1
246,1
246,1
246,1
246,1
246,1
246,1
246,1
246,1
246,1
246,1
246,1
246,1
246,1
246,1
246,1
246,1
246,1
246,1
246,1
246,1
246,1
246,1
246,1
246,1
246,1
246,1
246,1
246,1
246,1
246,1
246,1
246,1
246,1
246,1
246,1
246,1
246,1
246,1
246,1
246,1
247,1075
247,42
247,21
247,19
247,18
247,17
247,16
247,11
247,9
247,8
247,7
247,5
247,5
247,4
247,4
247,4
247,4
247,4
247,4
247,4
247,4
247,3
247,3
247,3
247,3
247,3
247,3
247,3
247,3
247,3
247,3
247,3
247,3
247,3
247,2
247,2
247,2
247,2
247,2
247,2
247,2
247,2
247,2
247,2
247,2
247,2
247,2
247,2
247,2
247,2
247,2
247,2
247,2
247,2
247,2
247,2
247,2
247,2
247,2
247,2
247,2
247,1
247,1
247,1
247,1
247,1
247,1
247,1
247,1
247,1
247,1
247,1
247,1
247,1
247,1
247,1
247,1
247,1
247,1
247,1
247,1
247,1
247,1
247,1
247,1
247,1
247,1
247,1
247,1
247,1
247,1
247,1
247,1
247,1
247,1
247,1
247,1
247,1
247,1
247,1
247,1
247,1
247,1
247,1
247,1
247,1
247,1
247,1
247,1
247,1
247,1
247,1
247,1
247,1
247,1
247,1
247,1
247,1
247,1
247,1
247,1
247,1
247,1
247,1
247,1
247,1
247,1
247,1
247,1
247,1
247,1
247,1
247,1
247,1
247,1
247,1
247,1
247,1
247,1
247,1
247,1
247,1
247,1
247,1
247,1
247,1
247,1
248,730
248,554
248,24
248,13
248,12
248,8
248,8
248,7
248,6
248,5
248,4
248,4
248,4
248,4
248,4
248,4
248,4
248,3
248,3
248,3
248,3
248,3
248,3
248,3
248,3
248,3
248,2
248,2
248,2
248,2
248,2
248,2
248,2
248,2
248,2
248,2
248,2
248,2
248,2
248,2
248,2
248,2
248,2
248,2
248,2
248,2
248,2
248,2
248,2
248,2
248,1
248,1
248,1
248,1
248,1
248,1
248,1
248,1
248,1
248,1
248,1
248,1
248,1
248,1
248,1
248,1
248,1
248,1
248,1
248,1
248,1
248,1
248,1
248,1
248,1
248,1
248,1
248,1
248,1
248,1
248,1
248,1
248,1
248,1
248,1
248,1
248,1
248,1
248,1
248,1
248,1
248,1
248,1
248,1
248,1
248,1
248,1
248,1
248,1
248,1
248,1
248,1
248,1
248,1
248,1
248,1
248,1
248,1
248,1
248,1
248,1
249,966
249,127
249,21
249,17
249,17
249,16
249,14
249,13
249,10
249,7
249,6
249,6
249,5
249,5
249,5
249,4
249,4
249,4
249,4
249,4
249,3
249,3
249,3
249,3
249,3
249,3
249,3
249,3
249,3
249,3
249,3
249,3
249,3
249,3
249,3
249,2
249,2
249,2
249,2
249,2
249,2
249,2
249,2
249,2
249,2
249,2
249,2
249,2
249,2
249,2
249,2
249,2
249,2
249,1
249,1
249,1
249,1
249,1
249,1
249,1
249,1
249,1
249,1
249,1
249,1
249,1
249,1
249,1
249,1
249,1
249,1
249,1
249,1
249,1
249,1
249,1
249,1
249,1
249,1
249,1
249,1
249,1
249,1
249,1
249,1
249,1
249,1
249,1
249,1
249,1
249,1
249,1
249,1
249,1
249,1
249,1
249,1
249,1
249,1
249,1
249,1
249,1
249,1
249,1
249,1
249,1
249,1
249,1
249,1
249,1
249,1
249,1
249,1
249,1
249,1
249,1
249,1
249,1
249,1
249,1
249,1
249,1
249,1
249,1
249,1
249,1
249,1
249,1
249,1
249,1
249,1
249,1
249,1
249,1
249,1
249,1
249,1
249,1
249,1
249,1
249,1
250,801
250,136
250,54
250,39
250,33
250,8
250,8
250,7
250,6
250,6
250,4
250,4
250,4
250,4
250,4
250,4
250,4
250,3
250,3
250,3
250,3
250,3
250,3
250,3
250,3
250,3
250,2
250,2
250,2
250,2
250,2
250,2
250,2
250,2
250,2
250,2
250,2
250,2
250,2
250,2
250,2
250,2
250,2
250,2
250,2
250,2
250,1
250,1
250,1
250,1
250,1
250,1
250,1
250,1
250,1
250,1
250,1
250,1
250,1
250,1
250,1
250,1
250,1
250,1
250,1
250,1
250,1
250,1
250,1
250,1
250,1
250,1
250,1
250,1
250,1
250,1
250,1
250,1
250,1
250,1
250,1
250,1
250,1
250,1
250,1
250,1
250,1
250,1
250,1
250,1
250,1
250,1
250,1
250,1
250,1
250,1
250,1
250,1
250,1
250,1
250,1
250,1
250,1
250,1
250,1
250,1
250,1
250,1
250,1
250,1
250,1
250,1
250,1
250,1
250,1
250,1
250,1
250,1
250,1
250,1
250,1
250,1
250,1
250,1
250,1
250,1
250,1
250,1
250,1
250,1
250,1
250,1
250,1
250,1
251,1316
251,29
251,23
251,13
251,10
251,6
251,5
251,4
251,4
251,4
251,4
251,4
251,4
251,3
251,3
251,3
251,3
251,3
251,3
251,3
251,3
251,3
251,3
251,3
251,2
251,2
251,2
251,2
251,2
251,2
251,2
251,2
251,2
251,2
251,2
251,2
251,2
251,2
251,2
251,2
251,2
251,2
251,2
251,2
251,2
251,2
251,2
251,2
251,2
251,2
251,2
251,2
251,2
251,2
251,2
251,1
251,1
251,1
251,1
251,1
251,1
251,1
251,1
251,1
251,1
251,1
251,1
251,1
251,1
251,1
251,1
251,1
251,1
251,1
251,1
251,1
251,1
251,1
251,1
251,1
251,1
251,1
251,1
251,1
251,1
251,1
251,1
251,1
251,1
251,1
251,1
251,1
251,1
251,1
251,1
251,1
251,1
251,1
251,1
251,1
251,1
251,1
251,1
251,1
251,1
251,1
251,1
251,1
251,1
251,1
251,1
251,1
251,1
251,1
251,1
251,1
251,1
251,1
251,1
251,1
251,1
251,1
251,1
251,1
251,1
251,1
251,1
252,1081
252,89
252,77
252,17
252,16
252,14
252,13
252,8
252,8
252,6
252,5
252,5
252,5
252,5
252,4
252,4
252,3
252,3
252,3
252,3
252,3
252,3
252,3
252,3
252,3
252,3
252,3
252,2
252,2
252,2
252,2
252,2
252,2
252,2
252,2
252,2
252,2
252,2
252,2
252,2
252,2
252,2
252,2
252,2
252,1
252,1
252,1
252,1
252,1
252,1
252,1
252,1
252,1
252,1
252,1
252,1
252,1
252,1
252,1
252,1
252,1
252,1
252,1
252,1
252,1
252,1
252,1
252,1
252,1
252,1
252,1
252,1
252,1
252,1
252,1
252,1
252,1
252,1
252,1
252,1
252,1
252,1
252,1
252,1
252,1
252,1
252,1
252,1
252,1
252,1
252,1
252,1
252,1
252,1
252,1
252,1
252,1
252,1
252,1
252,1
252,1
252,1
252,1
252,1
252,1
252,1
252,1
252,1
252,1
252,1
252,1
252,1
252,1
252,1
252,1
253,1048
253,11
253,10
253,9
253,9
253,8
253,6
253,6
253,6
253,5
253,4
253,4
253,4
253,4
253,4
253,4
253,4
253,3
253,3
253,3
253,3
253,3
253,3
253,3
253,3
253,3
253,3
253,3
253,3
253,3
253,3
253,3
253,3
253,2
253,2
253,2
253,2
253,2
253,2
253,2
253,2
253,2
253,2
253,2
253,2
253,2
253,2
253,2
253,2
253,2
253,2
253,2
253,2
253,2
253,2
253,2
253,2
253,2
253,2
253,2
253,2
253,2
253,2
253,2
253,2
253,1
253,1
253,1
253,1
253,1
253,1
253,1
253,1
253,1
253,1
253,1
253,1
253,1
253,1
253,1
253,1
253,1
253,1
253,1
253,1
253,1
253,1
253,1
253,1
253,1
253,1
253,1
253,1
253,1
253,1
253,1
253,1
253,1
253,1
253,1
253,1
253,1
253,1
253,1
253,1
253,1
253,1
253,1
253,1
253,1
253,1
253,1
253,1
253,1
253,1
253,1
253,1
253,1
253,1
253,1
253,1
253,1
253,1
253,1
253,1
253,1
253,1
253,1
253,1
253,1
253,1
253,1
253,1
253,1
253,1
253,1
253,1
253,1
253,1
253,1
253,1
253,1
253,1
253,1
253,1
253,1
253,1
253,1
253,1
253,1
253,1
253,1
253,1
253,1
253,1
253,1
254,941
254,375
254,15
254,8
254,4
254,4
254,3
254,3
254,3
254,3
254,3
254,3
254,3
254,3
254,3
254,3
254,3
254,3
254,2
254,2
254,2
254,2
254,2
254,2
254,2
254,2
254,2
254,2
254,2
254,2
254,2
254,2
254,2
254,2
254,2
254,2
254,2
254,2
254,2
254,2
254,2
254,2
254,2
254,2
254,2
254,2
254,2
254,2
254,2
254,2
254,2
254,1
254,1
254,1
254,1
254,1
254,1
254,1
254,1
254,1
254,1
254,1
254,1
254,1
254,1
254,1
254,1
254,1
254,1
254,1
254,1
254,1
254,1
254,1
254,1
254,1
254,1
254,1
254,1
254,1
254,1
254,1
254,1
254,1
254,1
254,1
254,1
254,1
254,1
254,1
254,1
254,1
254,1
254,1
254,1
254,1
254,1
254,1
254,1
254,1
254,1
254,1
254,1
254,1
254,1
254,1
254,1
254,1
254,1
254,1
254,1
254,1
254,1
254,1
254,1
254,1
254,1
254,1
254,1
254,1
254,1
254,1
254,1
254,1
254,1
254,1
254,1
254,1
254,1
254,1
254,1
254,1
254,1
254,1
254,1
254,1
254,1
254,1
254,1
254,1
254,1
254,1
254,1
254,1
254,1
254,1
254,1
254,1
255,721
255,376
255,91
255,74
255,27
255,12
255,7
255,7
255,6
255,6
255,5
255,5
255,5
255,4
255,4
255,4
255,3
255,3
255,3
255,3
255,3
255,3
255,3
255,3
255,3
255,3
255,3
255,3
255,2
255,2
255,2
255,2
255,2
255,2
255,2
255,2
255,2
255,2
255,2
255,2
255,2
255,2
255,2
255,2
255,2
255,2
255,2
255,2
255,2
255,2
255,2
255,2
255,2
255,2
255,2
255,2
255,2
255,2
255,2
255,2
255,2
255,2
255,2
255,2
255,2
255,2
255,2
255,1
255,1
255,1
255,1
255,1
255,1
255,1
255,1
255,1
255,1
255,1
255,1
255,1
255,1
255,1
255,1
255,1
255,1
255,1
255,1
255,1
255,1
255,1
255,1
255,1
255,1
255,1
255,1
255,1
255,1
255,1
255,1
255,1
255,1
255,1
255,1
255,1
255,1
255,1
255,1
255,1
255,1
255,1
255,1
255,1
255,1
255,1
255,1
255,1
255,1
255,1
255,1
255,1
255,1
255,1
255,1
255,1
255,1
255,1
255,1
255,1
255,1
255,1
255,1
255,1
255,1
255,1
255,1
255,1
255,1
255,1
255,1
255,1
255,1
255,1
255,1
255,1
255,1
255,1
255,1
255,1
255,1
255,1
255,1
255,1
255,1
255,1
255,1
255,1
255,1
255,1
255,1
255,1
255,1
255,1
255,1
255,1
255,1
255,1
255,1
255,1
255,1
255,1
256,884
256,505
256,7
256,6
256,3
256,3
256,3
256,3
256,3
256,3
256,2
256,2
256,2
256,2
256,2
256,2
256,2
256,2
256,2
256,2
256,2
256,2
256,2
256,2
256,2
256,2
256,2
256,2
256,2
256,2
256,2
256,2
256,2
256,2
256,1
256,1
256,1
256,1
256,1
256,1
256,1
256,1
256,1
256,1
256,1
256,1
256,1
256,1
256,1
256,1
256,1
256,1
256,1
256,1
256,1
256,1
256,1
256,1
256,1
256,1
256,1
256,1
256,1
256,1
256,1
256,1
256,1
256,1
256,1
256,1
256,1
256,1
256,1
256,1
256,1
256,1
256,1
256,1
256,1
256,1
256,1
256,1
256,1
256,1
256,1
256,1
256,1
256,1
256,1
256,1
256,1
256,1
256,1
256,1
256,1
256,1
256,1
256,1
256,1
256,1
256,1
256,1
256,1
257,1206
257,43
257,37
257,13
257,12
257,12
257,9
257,8
257,7
257,7
257,6
257,5
257,5
257,5
257,4
257,4
257,4
257,4
257,3
257,3
257,3
257,3
257,3
257,3
257,3
257,3
257,3
257,3
257,3
257,2
257,2
257,2
257,2
257,2
257,2
257,2
257,2
257,2
257,2
257,2
257,2
257,2
257,2
257,2
257,2
257,2
257,2
257,2
257,2
257,2
257,2
257,2
257,2
257,2
257,2
257,1
257,1
257,1
257,1
257,1
257,1
257,1
257,1
257,1
257,1
257,1
257,1
257,1
257,1
257,1
257,1
257,1
257,1
257,1
257,1
257,1
257,1
257,1
257,1
257,1
257,1
257,1
257,1
257,1
257,1
257,1
257,1
257,1
257,1
257,1
257,1
257,1
257,1
257,1
257,1
257,1
257,1
257,1
257,1
257,1
257,1
257,1
257,1
257,1
257,1
257,1
257,1
257,1
257,1
257,1
257,1
257,1
257,1
257,1
257,1
257,1
257,1
257,1
257,1
257,1
257,1
257,1
257,1
257,1
257,1
257,1
257,1
257,1
257,1
257,1
257,1
257,1
257,1
257,1
257,1
257,1
257,1
257,1
257,1
257,1
257,1
257,1
257,1
257,1
257,1
257,1
258,1119
258,57
258,7
258,6
258,6
258,6
258,5
258,4
258,4
258,4
258,4
258,3
258,3
258,3
258,3
258,3
258,3
258,3
258,3
258,2
258,2
258,2
258,2
258,2
258,2
258,2
258,2
258,2
258,2
258,2
258,2
258,2
258,2
258,1
258,1
258,1
258,1
258,1
258,1
258,1
258,1
258,1
258,1
258,1
258,1
258,1
258,1
258,1
258,1
258,1
258,1
258,1
258,1
258,1
258,1
258,1
258,1
258,1
258,1
258,1
258,1
258,1
258,1
258,1
258,1
258,1
258,1
258,1
258,1
258,1
258,1
258,1
258,1
258,1
258,1
258,1
258,1
258,1
258,1
258,1
258,1
258,1
258,1
258,1
258,1
258,1
258,1
258,1
258,1
258,1
258,1
258,1
258,1
258,1
258,1
258,1
259,940
259,30
259,22
259,15
259,12
259,10
259,9
259,8
259,8
259,7
259,7
259,7
259,5
259,5
259,5
259,5
259,5
259,5
259,5
259,5
259,5
259,4
259,4
259,4
259,4
259,3
259,3
259,3
259,3
259,3
259,3
259,3
259,3
259,3
259,3
259,3
259,3
259,3
259,3
259,3
259,3
259,3
259,3
259,3
259,3
259,3
259,3
259,3
259,2
259,2
259,2
259,2
259,2
259,2
259,2
259,2
259,2
259,2
259,2
259,2
259,2
259,2
259,2
259,2
259,2
259,2
259,2
259,2
259,2
259,2
259,1
259,1
259,1
259,1
259,1
259,1
259,1
259,1
259,1
259,1
259,1
259,1
259,1
259,1
259,1
259,1
259,1
259,1
259,1
259,1
259,1
259,1
259,1
259,1
259,1
259,1
259,1
259,1
259,1
259,1
259,1
259,1
259,1
259,1
259,1
259,1
259,1
259,1
259,1
259,1
259,1
259,1
259,1
259,1
259,1
259,1
259,1
259,1
259,1
259,1
259,1
259,1
259,1
259,1
259,1
259,1
259,1
259,1
259,1
259,1
259,1
259,1
259,1
259,1
259,1
259,1
259,1
259,1
259,1
259,1
259,1
259,1
259,1
259,1
259,1
259,1
259,1
259,1
259,1
259,1
259,1
259,1
259,1
259,1
259,1
259,1
259,1
259,1
259,1
259,1
259,1
259,1
259,1
259,1
259,1
259,1
259,1
259,1
259,1
259,1
259,1
259,1
259,1
259,1
259,1
259,1
259,1
259,1
259,1
259,1
259,1
259,1
259,1
259,1
259,1
259,1
259,1
259,1
259,1
259,1
259,1
259,1
259,1
260,1320
260,23
260,13
260,8
260,8
260,7
260,6
260,6
260,6
260,5
260,5
260,5
260,5
260,4
260,4
260,4
260,4
260,4
260,4
260,3
260,3
260,3
260,3
260,3
260,3
260,3
260,3
260,3
260,2
260,2
260,2
260,2
260,2
260,2
260,2
260,2
260,2
260,2
260,2
260,2
260,2
260,2
260,2
260,2
260,2
260,2
260,2
260,2
260,2
260,2
260,1
260,1
260,1
260,1
260,1
260,1
260,1
260,1
260,1
260,1
260,1
260,1
260,1
260,1
260,1
260,1
260,1
260,1
260,1
260,1
260,1
260,1
260,1
260,1
260,1
260,1
260,1
260,1
260,1
260,1
260,1
260,1
260,1
260,1
260,1
260,1
260,1
260,1
260,1
260,1
260,1
260,1
260,1
260,1
260,1
260,1
260,1
260,1
260,1
260,1
260,1
260,1
260,1
260,1
260,1
260,1
260,1
260,1
260,1
260,1
260,1
260,1
260,1
260,1
260,1
260,1
260,1
260,1
260,1
260,1
260,1
260,1
260,1
260,1
260,1
260,1
260,1
260,1
260,1
260,1
260,1
260,1
260,1
261,884
261,258
261,6
261,5
261,4
261,4
261,4
261,4
261,4
261,4
261,3
261,3
261,3
261,3
261,3
261,3
261,3
261,3
261,3
261,3
261,3
261,3
261,2
261,2
261,2
261,2
261,2
261,2
261,2
261,2
261,2
261,2
261,2
261,2
261,2
261,2
261,2
261,2
261,1
261,1
261,1
261,1
261,1
261,1
261,1
261,1
261,1
261,1
261,1
261,1
261,1
261,1
261,1
261,1
261,1
261,1
261,1
261,1
261,1
261,1
261,1
261,1
261,1
261,1
261,1
261,1
261,1
261,1
261,1
261,1
261,1
261,1
261,1
261,1
261,1
261,1
261,1
261,1
261,1
261,1
261,1
261,1
261,1
261,1
261,1
261,1
261,1
261,1
261,1
261,1
261,1
261,1
261,1
261,1
261,1
261,1
261,1
261,1
261,1
261,1
261,1
261,1
261,1
261,1
261,1
261,1
261,1
261,1
261,1
261,1
261,1
261,1
261,1
261,1
261,1
261,1
261,1
262,1190
262,28
262,18
262,12
262,11
262,11
262,7
262,5
262,4
262,4
262,4
262,4
262,3
262,3
262,3
262,3
262,3
262,3
262,3
262,3
262,2
262,2
262,2
262,2
262,2
262,2
262,2
262,2
262,2
262,2
262,2
262,2
262,2
262,2
262,2
262,2
262,2
262,2
262,2
262,2
262,2
262,1
262,1
262,1
262,1
262,1
262,1
262,1
262,1
262,1
262,1
262,1
262,1
262,1
262,1
262,1
262,1
262,1
262,1
262,1
262,1
262,1
262,1
262,1
262,1
262,1
262,1
262,1
262,1
262,1
262,1
262,1
262,1
262,1
262,1
262,1
262,1
262,1
262,1
262,1
262,1
262,1
262,1
262,1
262,1
262,1
262,1
262,1
262,1
262,1
262,1
262,1
262,1
262,1
262,1
262,1
262,1
262,1
262,1
262,1
262,1
262,1
262,1
262,1
262,1
263,652
263,202
263,32
263,22
263,21
263,11
263,11
263,10
263,7
263,6
263,5
263,5
263,4
263,4
263,4
263,4
263,4
263,4
263,4
263,4
263,3
263,3
263,3
263,3
263,3
263,3
263,2
263,2
263,2
263,2
263,2
263,2
263,2
263,2
263,2
263,2
263,2
263,2
263,2
263,2
263,2
263,2
263,2
263,2
263,2
263,2
263,1
263,1
263,1
263,1
263,1
263,1
263,1
263,1
263,1
263,1
263,1
263,1
263,1
263,1
263,1
263,1
263,1
263,1
263,1
263,1
263,1
263,1
263,1
263,1
263,1
263,1
263,1
263,1
263,1
263,1
263,1
263,1
263,1
263,1
263,1
263,1
263,1
263,1
263,1
263,1
263,1
263,1
263,1
263,1
263,1
263,1
263,1
263,1
263,1
263,1
263,1
263,1
263,1
263,1
263,1
263,1
263,1
263,1
263,1
263,1
263,1
263,1
263,1
263,1
263,1
263,1
263,1
263,1
263,1
263,1
263,1
263,1
263,1
263,1
263,1
263,1
263,1
263,1
263,1
263,1
263,1
263,1
263,1
263,1
263,1
263,1
263,1
263,1
263,1
263,1
263,1
263,1
264,745
264,151
264,102
264,82
264,23
264,13
264,10
264,8
264,8
264,7
264,5
264,5
264,5
264,5
264,5
264,4
264,4
264,4
264,3
264,3
264,3
264,3
264,3
264,3
264,3
264,3
264,3
264,3
264,3
264,3
264,3
264,2
264,2
264,2
264,2
264,2
264,2
264,2
264,2
264,2
264,2
264,2
264,2
264,2
264,2
264,2
264,2
264,2
264,1
264,1
264,1
264,1
264,1
264,1
264,1
264,1
264,1
264,1
264,1
264,1
264,1
264,1
264,1
264,1
264,1
264,1
264,1
264,1
264,1
264,1
264,1
264,1
264,1
264,1
264,1
264,1
264,1
264,1
264,1
264,1
264,1
264,1
264,1
264,1
264,1
264,1
264,1
264,1
264,1
264,1
264,1
264,1
264,1
264,1
264,1
264,1
264,1
264,1
264,1
264,1
264,1
264,1
264,1
264,1
264,1
264,1
264,1
264,1
264,1
264,1
264,1
264,1
264,1
264,1
264,1
264,1
264,1
264,1
264,1
264,1
264,1
264,1
264,1
264,1
264,1
264,1
264,1
264,1
264,1
264,1
264,1
264,1
264,1
264,1
264,1
264,1
264,1
264,1
264,1
264,1
264,1
264,1
264,1
264,1
264,1
264,1
264,1
264,1
264,1
264,1
264,1
264,1
264,1
264,1
264,1
264,1
264,1
264,1
264,1
264,1
264,1
264,1
264,1
264,1
264,1
264,1
264,1
264,1
264,1
265,1054
265,29
265,24
265,22
265,18
265,8
265,6
265,6
265,6
265,5
265,5
265,4
265,4
265,4
265,4
265,4
265,4
265,4
265,4
265,3
265,3
265,3
265,3
265,3
265,3
265,2
265,2
265,2
265,2
265,2
265,2
265,2
265,2
265,2
265,2
265,2
265,2
265,2
265,2
265,2
265,2
265,2
265,1
265,1
265,1
265,1
265,1
265,1
265,1
265,1
265,1
265,1
265,1
265,1
265,1
265,1
265,1
265,1
265,1
265,1
265,1
265,1
265,1
265,1
265,1
265,1
265,1
265,1
265,1
265,1
265,1
265,1
265,1
265,1
265,1
265,1
265,1
265,1
265,1
265,1
265,1
265,1
265,1
265,1
265,1
265,1
265,1
265,1
265,1
265,1
265,1
265,1
265,1
265,1
265,1
265,1
265,1
265,1
265,1
265,1
265,1
265,1
266,880
266,49
266,31
266,15
266,12
266,10
266,9
266,9
266,8
266,8
266,8
266,8
266,7
266,6
266,4
266,4
266,4
266,3
266,3
266,3
266,3
266,3
266,2
266,2
266,2
266,2
266,2
266,2
266,2
266,2
266,2
266,2
266,2
266,2
266,2
266,2
266,2
266,2
266,2
266,2
266,2
266,2
266,2
266,2
266,2
266,2
266,2
266,2
266,2
266,2
266,2
266,2
266,2
266,1
266,1
266,1
266,1
266,1
266,1
266,1
266,1
266,1
266,1
266,1
266,1
266,1
266,1
266,1
266,1
266,1
266,1
266,1
266,1
266,1
266,1
266,1
266,1
266,1
266,1
266,1
266,1
266,1
266,1
266,1
266,1
266,1
266,1
266,1
266,1
266,1
266,1
266,1
266,1
266,1
266,1
266,1
266,1
266,1
266,1
266,1
266,1
266,1
266,1
266,1
266,1
266,1
266,1
266,1
266,1
266,1
266,1
266,1
266,1
266,1
266,1
266,1
266,1
266,1
266,1
266,1
266,1
266,1
266,1
266,1
266,1
266,1
266,1
266,1
266,1
266,1
266,1
266,1
266,1
266,1
266,1
266,1
266,1
266,1
266,1
266,1
266,1
266,1
266,1
266,1
266,1
266,1
266,1
266,1
266,1
266,1
267,1220
267,10
267,7
267,6
267,5
267,3
267,3
267,3
267,3
267,2
267,2
267,2
267,2
267,2
267,2
267,2
267,2
267,2
267,2
267,2
267,2
267,2
267,2
267,2
267,1
267,1
267,1
267,1
267,1
267,1
267,1
267,1
267,1
267,1
267,1
267,1
267,1
267,1
267,1
267,1
267,1
267,1
267,1
267,1
267,1
267,1
267,1
267,1
267,1
267,1
267,1
267,1
267,1
267,1
267,1
267,1
267,1
267,1
267,1
267,1
267,1
267,1
267,1
267,1
267,1
267,1
267,1
267,1
267,1
267,1
267,1
267,1
267,1
267,1
267,1
267,1
267,1
267,1
267,1
267,1
267,1
268,690
268,321
268,44
268,13
268,11
268,10
268,9
268,9
268,8
268,6
268,4
268,3
268,3
268,2
268,2
268,2
268,2
268,2
268,2
268,2
268,2
268,2
268,2
268,2
268,2
268,2
268,2
268,2
268,2
268,2
268,2
268,2
268,2
268,1
268,1
268,1
268,1
268,1
268,1
268,1
268,1
268,1
268,1
268,1
268,1
268,1
268,1
268,1
268,1
268,1
268,1
268,1
268,1
268,1
268,1
268,1
268,1
268,1
268,1
268,1
268,1
268,1
268,1
268,1
268,1
268,1
268,1
268,1
268,1
268,1
268,1
268,1
268,1
268,1
268,1
268,1
268,1
268,1
268,1
268,1
268,1
268,1
268,1
268,1
268,1
268,1
268,1
268,1
268,1
268,1
268,1
268,1
268,1
268,1
268,1
268,1
268,1
268,1
268,1
268,1
268,1
268,1
268,1
268,1
268,1
269,805
269,40
269,26
269,22
269,10
269,9
269,8
269,7
269,7
269,7
269,5
269,4
269,4
269,4
269,3
269,3
269,3
269,3
269,3
269,3
269,3
269,3
269,3
269,2
269,2
269,2
269,2
269,2
269,2
269,2
269,2
269,2
269,2
269,2
269,2
269,2
269,2
269,2
269,2
269,2
269,2
269,2
269,2
269,2
269,2
269,1
269,1
269,1
269,1
269,1
269,1
269,1
269,1
269,1
269,1
269,1
269,1
269,1
269,1
269,1
269,1
269,1
269,1
269,1
269,1
269,1
269,1
269,1
269,1
269,1
269,1
269,1
269,1
269,1
269,1
269,1
269,1
269,1
269,1
269,1
269,1
269,1
269,1
269,1
269,1
269,1
269,1
269,1
269,1
269,1
269,1
269,1
269,1
269,1
269,1
269,1
269,1
269,1
269,1
269,1
269,1
269,1
269,1
269,1
269,1
269,1
269,1
269,1
269,1
269,1
269,1
269,1
269,1
269,1
269,1
269,1
269,1
269,1
269,1
269,1
269,1
269,1
270,646
270,536
270,9
270,7
270,6
270,5
270,4
270,3
270,3
270,3
270,3
270,3
270,3
270,3
270,2
270,2
270,2
270,2
270,2
270,2
270,2
270,2
270,2
270,2
270,2
270,2
270,2
270,2
270,2
270,2
270,2
270,2
270,2
270,1
270,1
270,1
270,1
270,1
270,1
270,1
270,1
270,1
270,1
270,1
270,1
270,1
270,1
270,1
270,1
270,1
270,1
270,1
270,1
270,1
270,1
270,1
270,1
270,1
270,1
270,1
270,1
270,1
270,1
270,1
270,1
270,1
270,1
270,1
270,1
270,1
270,1
270,1
270,1
270,1
270,1
270,1
270,1
270,1
270,1
270,1
270,1
270,1
270,1
270,1
270,1
270,1
270,1
270,1
270,1
270,1
270,1
270,1
270,1
270,1
271,1312
271,10
271,8
271,7
271,7
271,6
271,6
271,6
271,5
271,4
271,4
271,4
271,4
271,3
271,3
271,3
271,3
271,3
271,3
271,3
271,3
271,2
271,2
271,2
271,2
271,2
271,2
271,2
271,2
271,2
271,2
271,2
271,2
271,2
271,2
271,2
271,2
271,2
271,2
271,2
271,2
271,2
271,2
271,2
271,2
271,2
271,2
271,1
271,1
271,1
271,1
271,1
271,1
271,1
271,1
271,1
271,1
271,1
271,1
271,1
271,1
271,1
271,1
271,1
271,1
271,1
271,1
271,1
271,1
271,1
271,1
271,1
271,1
271,1
271,1
271,1
271,1
271,1
271,1
271,1
271,1
271,1
271,1
271,1
271,1
271,1
271,1
271,1
271,1
271,1
271,1
271,1
271,1
271,1
271,1
271,1
271,1
271,1
271,1
271,1
271,1
271,1
271,1
271,1
271,1
271,1
271,1
271,1
271,1
272,519
272,468
272,75
272,16
272,15
272,7
272,7
272,5
272,5
272,4
272,4
272,3
272,3
272,3
272,3
272,3
272,3
272,3
272,3
272,3
272,3
272,3
272,3
272,3
272,3
272,3
272,3
272,2
272,2
272,2
272,2
272,2
272,2
272,2
272,2
272,2
272,2
272,2
272,2
272,1
272,1
272,1
272,1
272,1
272,1
272,1
272,1
272,1
272,1
272,1
272,1
272,1
272,1
272,1
272,1
272,1
272,1
272,1
272,1
272,1
272,1
272,1
272,1
272,1
272,1
272,1
272,1
272,1
272,1
272,1
272,1
272,1
272,1
272,1
272,1
272,1
272,1
272,1
272,1
272,1
272,1
272,1
272,1
272,1
272,1
272,1
272,1
272,1
272,1
272,1
272,1
272,1
272,1
272,1
272,1
272,1
272,1
272,1
272,1
272,1
272,1
272,1
272,1
272,1
272,1
272,1
272,1
272,1
272,1
272,1
272,1
272,1
272,1
272,1
272,1
272,1
272,1
272,1
272,1
272,1
272,1
272,1
272,1
272,1
272,1
272,1
272,1
272,1
272,1
272,1
272,1
272,1
272,1
272,1
272,1
272,1
272,1
272,1
272,1
272,1
272,1
272,1
272,1
272,1
272,1
272,1
272,1
272,1
272,1
272,1
272,1
272,1
272,1
272,1
272,1
272,1
272,1
272,1
272,1
272,1
272,1
272,1
273,1005
273,10
273,9
273,6
273,6
273,6
273,5
273,5
273,4
273,4
273,4
273,4
273,4
273,4
273,4
273,4
273,4
273,4
273,4
273,4
273,4
273,3
273,3
273,3
273,3
273,3
273,3
273,3
273,3
273,3
273,3
273,3
273,3
273,2
273,2
273,2
273,2
273,2
273,2
273,2
273,2
273,2
273,2
273,2
273,2
273,2
273,2
273,2
273,2
273,2
273,2
273,2
273,2
273,1
273,1
273,1
273,1
273,1
273,1
273,1
273,1
273,1
273,1
273,1
273,1
273,1
273,1
273,1
273,1
273,1
273,1
273,1
273,1
273,1
273,1
273,1
273,1
273,1
273,1
273,1
273,1
273,1
273,1
273,1
273,1
273,1
273,1
273,1
273,1
273,1
273,1
273,1
273,1
273,1
273,1
273,1
273,1
273,1
273,1
273,1
273,1
273,1
273,1
273,1
273,1
273,1
273,1
273,1
273,1
273,1
273,1
273,1
273,1
273,1
273,1
274,1072
274,92
274,16
274,13
274,10
274,9
274,9
274,7
274,6
274,5
274,5
274,5
274,5
274,4
274,4
274,3
274,3
274,3
274,3
274,3
274,3
274,3
274,3
274,3
274,3
274,3
274,3
274,3
274,2
274,2
274,2
274,2
274,2
274,2
274,2
274,2
274,2
274,2
274,2
274,2
274,2
274,2
274,2
274,2
274,2
274,2
274,2
274,2
274,2
274,2
274,2
274,2
274,2
274,2
274,2
274,2
274,2
274,2
274,2
274,2
274,1
274,1
274,1
274,1
274,1
274,1
274,1
274,1
274,1
274,1
274,1
274,1
274,1
274,1
274,1
274,1
274,1
274,1
274,1
274,1
274,1
274,1
274,1
274,1
274,1
274,1
274,1
274,1
274,1
274,1
274,1
274,1
274,1
274,1
274,1
274,1
274,1
274,1
274,1
274,1
274,1
274,1
274,1
274,1
274,1
274,1
274,1
274,1
274,1
274,1
274,1
274,1
274,1
274,1
274,1
274,1
274,1
274,1
274,1
274,1
274,1
274,1
274,1
274,1
274,1
274,1
274,1
274,1
274,1
274,1
274,1
274,1
274,1
274,1
274,1
274,1
274,1
274,1
274,1
274,1
274,1
274,1
274,1
274,1
275,969
275,98
275,28
275,15
275,10
275,8
275,8
275,7
275,6
275,5
275,5
275,5
275,5
275,4
275,3
275,3
275,3
275,3
275,3
275,2
275,2
275,2
275,2
275,2
275,2
275,2
275,2
275,2
275,2
275,1
275,1
275,1
275,1
275,1
275,1
275,1
275,1
275,1
275,1
275,1
275,1
275,1
275,1
275,1
275,1
275,1
275,1
275,1
275,1
275,1
275,1
275,1
275,1
275,1
275,1
275,1
275,1
275,1
275,1
275,1
275,1
275,1
275,1
275,1
275,1
275,1
275,1
275,1
275,1
275,1
275,1
275,1
275,1
275,1
275,1
275,1
275,1
275,1
275,1
275,1
275,1
275,1
275,1
275,1
275,1
275,1
275,1
275,1
275,1
275,1
275,1
275,1
276,873
276,131
276,44
276,14
276,9
276,7
276,7
276,7
276,7
276,6
276,6
276,6
276,4
276,4
276,4
276,4
276,3
276,3
276,3
276,3
276,3
276,3
276,3
276,3
276,3
276,3
276,3
276,3
276,3
276,3
276,3
276,3
276,2
276,2
276,2
276,2
276,2
276,2
276,2
276,2
276,2
276,2
276,2
276,2
276,2
276,2
276,2
276,2
276,2
276,2
276,2
276,2
276,2
276,2
276,2
276,2
276,2
276,2
276,2
276,2
276,2
276,1
276,1
276,1
276,1
276,1
276,1
276,1
276,1
276,1
276,1
276,1
276,1
276,1
276,1
276,1
276,1
276,1
276,1
276,1
276,1
276,1
276,1
276,1
276,1
276,1
276,1
276,1
276,1
276,1
276,1
276,1
276,1
276,1
276,1
276,1
276,1
276,1
276,1
276,1
276,1
276,1
276,1
276,1
276,1
276,1
276,1
276,1
276,1
276,1
276,1
276,1
276,1
276,1
276,1
276,1
276,1
276,1
276,1
276,1
276,1
276,1
276,1
276,1
276,1
276,1
276,1
276,1
276,1
276,1
276,1
276,1
276,1
276,1
276,1
277,896
277,25
277,21
277,11
277,11
277,11
277,10
277,8
277,7
277,6
277,4
277,4
277,4
277,4
277,3
277,3
277,3
277,3
277,3
277,3
277,3
277,3
277,3
277,3
277,3
277,3
277,2
277,2
277,2
277,2
277,2
277,2
277,2
277,2
277,2
277,2
277,2
277,2
277,2
277,2
277,2
277,1
277,1
277,1
277,1
277,1
277,1
277,1
277,1
277,1
277,1
277,1
277,1
277,1
277,1
277,1
277,1
277,1
277,1
277,1
277,1
277,1
277,1
277,1
277,1
277,1
277,1
277,1
277,1
277,1
277,1
277,1
277,1
277,1
277,1
277,1
277,1
277,1
277,1
277,1
277,1
277,1
277,1
277,1
277,1
277,1
277,1
277,1
277,1
277,1
277,1
277,1
277,1
277,1
277,1
277,1
277,1
277,1
277,1
277,1
277,1
277,1
277,1
277,1
277,1
277,1
277,1
277,1
277,1
277,1
277,1
278,1218
278,66
278,17
278,9
278,8
278,6
278,6
278,5
278,5
278,4
278,4
278,4
278,4
278,3
278,3
278,3
278,3
278,2
278,2
278,2
278,2
278,2
278,2
278,2
278,2
278,2
278,2
278,2
278,2
278,1
278,1
278,1
278,1
278,1
278,1
278,1
278,1
278,1
278,1
278,1
278,1
278,1
278,1
278,1
278,1
278,1
278,1
278,1
278,1
278,1
278,1
278,1
278,1
278,1
278,1
278,1
278,1
278,1
278,1
278,1
278,1
278,1
278,1
278,1
278,1
278,1
278,1
278,1
278,1
278,1
278,1
278,1
278,1
278,1
278,1
278,1
278,1
278,1
278,1
278,1
278,1
278,1
278,1
278,1
278,1
278,1
278,1
278,1
278,1
278,1
278,1
278,1
278,1
278,1
278,1
278,1
278,1
278,1
278,1
278,1
278,1
279,1122
279,85
279,20
279,18
279,11
279,9
279,6
279,6
279,6
279,5
279,5
279,5
279,5
279,4
279,3
279,3
279,3
279,3
279,3
279,3
279,3
279,3
279,2
279,2
279,2
279,2
279,2
279,2
279,2
279,2
279,2
279,2
279,2
279,2
279,2
279,2
279,2
279,2
279,2
279,2
279,2
279,2
279,1
279,1
279,1
279,1
279,1
279,1
279,1
279,1
279,1
279,1
279,1
279,1
279,1
279,1
279,1
279,1
279,1
279,1
279,1
279,1
279,1
279,1
279,1
279,1
279,1
279,1
279,1
279,1
279,1
279,1
279,1
279,1
279,1
279,1
279,1
279,1
279,1
279,1
279,1
279,1
279,1
279,1
279,1
279,1
279,1
279,1
279,1
279,1
279,1
279,1
279,1
279,1
279,1
279,1
279,1
279,1
279,1
279,1
279,1
279,1
279,1
279,1
279,1
279,1
279,1
279,1
279,1
279,1
279,1
279,1
279,1
279,1
279,1
279,1
279,1
279,1
279,1
279,1
279,1
279,1
279,1
279,1
280,1133
280,19
280,12
280,8
280,6
280,6
280,5
280,5
280,4
280,4
280,3
280,3
280,3
280,3
280,2
280,2
280,2
280,2
280,2
280,2
280,2
280,2
280,2
280,2
280,2
280,2
280,2
280,2
280,2
280,2
280,1
280,1
280,1
280,1
280,1
280,1
280,1
280,1
280,1
280,1
280,1
280,1
280,1
280,1
280,1
280,1
280,1
280,1
280,1
280,1
280,1
280,1
280,1
280,1
280,1
280,1
280,1
280,1
280,1
280,1
280,1
280,1
280,1
280,1
280,1
280,1
280,1
280,1
280,1
280,1
280,1
280,1
280,1
280,1
280,1
280,1
280,1
280,1
280,1
280,1
280,1
280,1
280,1
280,1
280,1
280,1
280,1
280,1
280,1
280,1
280,1
280,1
280,1
280,1
280,1
280,1
280,1
280,1
280,1
280,1
280,1
280,1
280,1
280,1
280,1
280,1
280,1
280,1
280,1
280,1
280,1
280,1
280,1
280,1
280,1
280,1
280,1
280,1
280,1
280,1
280,1
280,1
280,1
281,1220
281,28
281,13
281,11
281,8
281,8
281,8
281,7
281,6
281,6
281,6
281,5
281,5
281,3
281,3
281,3
281,3
281,3
281,3
281,3
281,3
281,3
281,3
281,3
281,2
281,2
281,2
281,2
281,2
281,2
281,2
281,2
281,2
281,2
281,2
281,2
281,2
281,2
281,2
281,2
281,2
281,2
281,2
281,2
281,2
281,2
281,2
281,1
281,1
281,1
281,1
281,1
281,1
281,1
281,1
281,1
281,1
281,1
281,1
281,1
281,1
281,1
281,1
281,1
281,1
281,1
281,1
281,1
281,1
281,1
281,1
281,1
281,1
281,1
281,1
281,1
281,1
281,1
281,1
281,1
281,1
281,1
281,1
281,1
281,1
281,1
281,1
281,1
281,1
281,1
281,1
281,1
281,1
281,1
281,1
281,1
281,1
281,1
281,1
281,1
281,1
281,1
281,1
281,1
281,1
281,1
281,1
281,1
281,1
281,1
281,1
281,1
281,1
281,1
281,1
281,1
281,1
281,1
281,1
281,1
281,1
281,1
281,1
281,1
281,1
281,1
281,1
281,1
281,1
281,1
281,1
281,1
281,1
281,1
281,1
281,1
281,1
281,1
281,1
281,1
281,1
281,1
281,1
281,1
281,1
281,1
281,1
281,1
281,1
281,1
281,1
281,1
281,1
281,1
281,1
281,1
281,1
281,1
281,1
281,1
281,1
282,668
282,320
282,76
282,19
282,17
282,17
282,16
282,10
282,10
282,10
282,9
282,8
282,8
282,7
282,6
282,6
282,6
282,6
282,6
282,5
282,5
282,5
282,5
282,4
282,3
282,3
282,3
282,3
282,3
282,3
282,3
282,3
282,3
282,3
282,3
282,3
282,3
282,3
282,2
282,2
282,2
282,2
282,2
282,2
282,2
282,2
282,2
282,2
282,2
282,2
282,2
282,2
282,2
282,2
282,2
282,2
282,2
282,2
282,2
282,2
282,2
282,2
282,2
282,2
282,2
282,2
282,2
282,2
282,2
282,2
282,2
282,2
282,2
282,2
282,2
282,1
282,1
282,1
282,1
282,1
282,1
282,1
282,1
282,1
282,1
282,1
282,1
282,1
282,1
282,1
282,1
282,1
282,1
282,1
282,1
282,1
282,1
282,1
282,1
282,1
282,1
282,1
282,1
282,1
282,1
282,1
282,1
282,1
282,1
282,1
282,1
282,1
282,1
282,1
282,1
282,1
282,1
282,1
282,1
282,1
282,1
282,1
282,1
282,1
282,1
282,1
282,1
282,1
282,1
282,1
282,1
282,1
282,1
282,1
282,1
282,1
282,1
282,1
282,1
282,1
282,1
282,1
282,1
282,1
282,1
282,1
282,1
282,1
282,1
282,1
282,1
282,1
282,1
282,1
282,1
282,1
282,1
282,1
282,1
282,1
282,1
282,1
282,1
282,1
282,1
282,1
282,1
282,1
282,1
283,1234
283,19
283,16
283,11
283,7
283,7
283,5
283,5
283,5
283,5
283,5
283,4
283,4
283,4
283,3
283,3
283,3
283,3
283,3
283,3
283,3
283,3
283,3
283,3
283,3
283,3
283,3
283,3
283,3
283,2
283,2
283,2
283,2
283,2
283,2
283,2
283,2
283,2
283,2
283,2
283,2
283,2
283,2
283,2
283,2
283,2
283,2
283,2
283,1
283,1
283,1
283,1
283,1
283,1
283,1
283,1
283,1
283,1
283,1
283,1
283,1
283,1
283,1
283,1
283,1
283,1
283,1
283,1
283,1
283,1
283,1
283,1
283,1
283,1
283,1
283,1
283,1
283,1
283,1
283,1
283,1
283,1
283,1
283,1
283,1
283,1
283,1
283,1
283,1
283,1
283,1
283,1
283,1
283,1
283,1
283,1
283,1
283,1
283,1
283,1
283,1
283,1
283,1
283,1
283,1
283,1
283,1
283,1
283,1
283,1
283,1
283,1
283,1
283,1
283,1
283,1
283,1
283,1
283,1
283,1
283,1
283,1
283,1
283,1
283,1
283,1
283,1
283,1
284,963
284,39
284,37
284,28
284,27
284,15
284,11
284,11
284,9
284,7
284,7
284,7
284,5
284,4
284,4
284,3
284,3
284,3
284,3
284,3
284,3
284,3
284,2
284,2
284,2
284,2
284,2
284,2
284,2
284,2
284,2
284,2
284,2
284,2
284,2
284,2
284,2
284,1
284,1
284,1
284,1
284,1
284,1
284,1
284,1
284,1
284,1
284,1
284,1
284,1
284,1
284,1
284,1
284,1
284,1
284,1
284,1
284,1
284,1
284,1
284,1
284,1
284,1
284,1
284,1
284,1
284,1
284,1
284,1
284,1
284,1
284,1
284,1
284,1
284,1
284,1
284,1
284,1
284,1
284,1
284,1
284,1
284,1
284,1
284,1
284,1
284,1
284,1
284,1
284,1
284,1
284,1
284,1
284,1
284,1
284,1
284,1
284,1
284,1
284,1
284,1
284,1
284,1
284,1
284,1
284,1
284,1
284,1
284,1
284,1
284,1
284,1
284,1
284,1
284,1
285,1056
285,55
285,54
285,18
285,14
285,14
285,13
285,11
285,7
285,7
285,7
285,6
285,6
285,6
285,4
285,4
285,4
285,4
285,4
285,4
285,3
285,3
285,3
285,3
285,3
285,2
285,2
285,2
285,2
285,2
285,2
285,2
285,2
285,2
285,2
285,2
285,2
285,2
285,2
285,2
285,2
285,2
285,2
285,2
285,1
285,1
285,1
285,1
285,1
285,1
285,1
285,1
285,1
285,1
285,1
285,1
285,1
285,1
285,1
285,1
285,1
285,1
285,1
285,1
285,1
285,1
285,1
285,1
285,1
285,1
285,1
285,1
285,1
285,1
285,1
285,1
285,1
285,1
285,1
285,1
285,1
285,1
285,1
285,1
285,1
285,1
285,1
285,1
285,1
285,1
285,1
285,1
285,1
285,1
285,1
285,1
285,1
285,1
285,1
285,1
285,1
285,1
285,1
285,1
285,1
285,1
285,1
285,1
285,1
285,1
285,1
285,1
285,1
285,1
285,1
285,1
285,1
285,1
286,1339
286,35
286,25
286,8
286,7
286,7
286,7
286,6
286,6
286,6
286,5
286,5
286,4
286,4
286,4
286,4
286,4
286,3
286,3
286,3
286,3
286,3
286,3
286,2
286,2
286,2
286,2
286,2
286,2
286,2
286,2
286,2
286,2
286,2
286,2
286,2
286,2
286,2
286,2
286,2
286,2
286,2
286,2
286,2
286,2
286,2
286,2
286,2
286,2
286,2
286,2
286,2
286,2
286,2
286,2
286,1
286,1
286,1
286,1
286,1
286,1
286,1
286,1
286,1
286,1
286,1
286,1
286,1
286,1
286,1
286,1
286,1
286,1
286,1
286,1
286,1
286,1
286,1
286,1
286,1
286,1
286,1
286,1
286,1
286,1
286,1
286,1
286,1
286,1
286,1
286,1
286,1
286,1
286,1
286,1
286,1
286,1
286,1
286,1
286,1
286,1
286,1
286,1
286,1
286,1
286,1
286,1
286,1
286,1
286,1
286,1
286,1
286,1
286,1
286,1
286,1
286,1
286,1
286,1
286,1
286,1
286,1
286,1
286,1
286,1
286,1
286,1
286,1
286,1
286,1
286,1
286,1
286,1
286,1
286,1
286,1
286,1
286,1
286,1
286,1
286,1
286,1
286,1
286,1
286,1
286,1
286,1
286,1
286,1
287,918
287,16
287,16
287,8
287,8
287,8
287,7
287,7
287,6
287,5
287,5
287,5
287,4
287,3
287,3
287,3
287,3
287,3
287,3
287,3
287,3
287,3
287,3
287,3
287,2
287,2
287,2
287,2
287,2
287,2
287,2
287,2
287,2
287,2
287,2
287,2
287,2
287,2
287,2
287,2
287,2
287,2
287,2
287,1
287,1
287,1
287,1
287,1
287,1
287,1
287,1
287,1
287,1
287,1
287,1
287,1
287,1
287,1
287,1
287,1
287,1
287,1
287,1
287,1
287,1
287,1
287,1
287,1
287,1
287,1
287,1
287,1
287,1
287,1
287,1
287,1
287,1
287,1
287,1
287,1
287,1
287,1
287,1
287,1
287,1
287,1
287,1
287,1
287,1
287,1
287,1
287,1
287,1
287,1
287,1
287,1
287,1
287,1
287,1
287,1
287,1
287,1
287,1
287,1
287,1
287,1
287,1
287,1
287,1
287,1
287,1
287,1
287,1
287,1
288,1101
288,136
288,16
288,7
288,6
288,4
288,4
288,4
288,3
288,3
288,3
288,3
288,3
288,3
288,3
288,3
288,2
288,2
288,2
288,2
288,2
288,2
288,2
288,2
288,2
288,2
288,2
288,2
288,2
288,2
288,2
288,2
288,2
288,2
288,2
288,2
288,2
288,2
288,2
288,2
288,2
288,2
288,1
288,1
288,1
288,1
288,1
288,1
288,1
288,1
288,1
288,1
288,1
288,1
288,1
288,1
288,1
288,1
288,1
288,1
288,1
288,1
288,1
288,1
288,1
288,1
288,1
288,1
288,1
288,1
288,1
288,1
288,1
288,1
288,1
288,1
288,1
288,1
288,1
288,1
288,1
288,1
288,1
288,1
288,1
288,1
288,1
288,1
288,1
288,1
288,1
288,1
288,1
288,1
288,1
288,1
288,1
288,1
288,1
288,1
288,1
288,1
288,1
288,1
288,1
288,1
288,1
288,1
288,1
288,1
288,1
288,1
288,1
288,1
288,1
288,1
288,1
288,1
288,1
288,1
288,1
288,1
288,1
288,1
288,1
289,972
289,87
289,84
289,58
289,19
289,18
289,17
289,15
289,12
289,10
289,9
289,8
289,7
289,7
289,6
289,6
289,6
289,6
289,6
289,5
289,5
289,5
289,5
289,5
289,4
289,4
289,4
289,3
289,3
289,3
289,3
289,3
289,3
289,3
289,3
289,3
289,3
289,3
289,2
289,2
289,2
289,2
289,2
289,2
289,2
289,2
289,2
289,2
289,2
289,2
289,2
289,2
289,2
289,2
289,2
289,2
289,2
289,2
289,2
289,2
289,2
289,2
289,2
289,2
289,2
289,2
289,2
289,2
289,1
289,1
289,1
289,1
289,1
289,1
289,1
289,1
289,1
289,1
289,1
289,1
289,1
289,1
289,1
289,1
289,1
289,1
289,1
289,1
289,1
289,1
289,1
289,1
289,1
289,1
289,1
289,1
289,1
289,1
289,1
289,1
289,1
289,1
289,1
289,1
289,1
289,1
289,1
289,1
289,1
289,1
289,1
289,1
289,1
289,1
289,1
289,1
289,1
289,1
289,1
289,1
289,1
289,1
289,1
289,1
289,1
289,1
289,1
289,1
289,1
289,1
289,1
289,1
289,1
289,1
289,1
289,1
289,1
289,1
289,1
289,1
289,1
289,1
289,1
289,1
289,1
289,1
289,1
289,1
289,1
289,1
289,1
289,1
289,1
289,1
289,1
289,1
289,1
289,1
289,1
289,1
289,1
289,1
289,1
289,1
289,1
289,1
289,1
289,1
289,1
289,1
289,1
289,1
289,1
289,1
289,1
289,1
289,1
289,1
289,1
289,1
289,1
289,1
289,1
289,1
289,1
289,1
289,1
289,1
289,1
289,1
289,1
290,1159
290,17
290,13
290,12
290,11
290,10
290,9
290,9
290,8
290,8
290,7
290,5
290,4
290,4
290,4
290,4
290,3
290,3
290,3
290,3
290,3
290,2
290,2
290,2
290,2
290,2
290,2
290,2
290,2
290,2
290,2
290,2
290,2
290,2
290,2
290,2
290,2
290,2
290,2
290,2
290,2
290,2
290,2
290,2
290,2
290,2
290,1
290,1
290,1
290,1
290,1
290,1
290,1
290,1
290,1
290,1
290,1
290,1
290,1
290,1
290,1
290,1
290,1
290,1
290,1
290,1
290,1
290,1
290,1
290,1
290,1
290,1
290,1
290,1
290,1
290,1
290,1
290,1
290,1
290,1
290,1
290,1
290,1
290,1
290,1
290,1
290,1
290,1
290,1
290,1
290,1
290,1
290,1
290,1
290,1
290,1
290,1
290,1
290,1
290,1
290,1
290,1
290,1
290,1
290,1
290,1
290,1
290,1
290,1
290,1
290,1
290,1
290,1
290,1
290,1
290,1
290,1
290,1
290,1
290,1
290,1
290,1
290,1
290,1
290,1
290,1
290,1
291,1085
291,19
291,11
291,11
291,6
291,6
291,6
291,6
291,6
291,6
291,6
291,5
291,4
291,4
291,4
291,4
291,4
291,4
291,4
291,3
291,3
291,3
291,3
291,3
291,3
291,3
291,3
291,3
291,2
291,2
291,2
291,2
291,2
291,2
291,2
291,2
291,2
291,2
291,2
291,2
291,2
291,2
291,2
291,2
291,2
291,1
291,1
291,1
291,1
291,1
291,1
291,1
291,1
291,1
291,1
291,1
291,1
291,1
291,1
291,1
291,1
291,1
291,1
291,1
291,1
291,1
291,1
291,1
291,1
291,1
291,1
291,1
291,1
291,1
291,1
291,1
291,1
291,1
291,1
291,1
291,1
291,1
291,1
291,1
291,1
291,1
291,1
291,1
291,1
291,1
291,1
291,1
291,1
291,1
291,1
291,1
291,1
291,1
291,1
291,1
291,1
291,1
291,1
291,1
291,1
291,1
291,1
291,1
291,1
291,1
291,1
291,1
291,1
291,1
291,1
291,1
291,1
291,1
291,1
291,1
291,1
291,1
292,916
292,146
292,32
292,24
292,8
292,8
292,7
292,7
292,6
292,5
292,5
292,5
292,5
292,4
292,4
292,4
292,4
292,4
292,3
292,3
292,3
292,2
292,2
292,2
292,2
292,2
292,2
292,2
292,2
292,2
292,2
292,2
292,2
292,2
292,2
292,2
292,2
292,2
292,2
292,2
292,2
292,2
292,2
292,2
292,2
292,2
292,2
292,2
292,2
292,2
292,2
292,2
292,2
292,2
292,1
292,1
292,1
292,1
292,1
292,1
292,1
292,1
292,1
292,1
292,1
292,1
292,1
292,1
292,1
292,1
292,1
292,1
292,1
292,1
292,1
292,1
292,1
292,1
292,1
292,1
292,1
292,1
292,1
292,1
292,1
292,1
292,1
292,1
292,1
292,1
292,1
292,1
292,1
292,1
292,1
292,1
292,1
292,1
292,1
292,1
292,1
292,1
292,1
292,1
292,1
292,1
292,1
292,1
292,1
292,1
292,1
292,1
292,1
292,1
292,1
292,1
292,1
292,1
292,1
292,1
292,1
292,1
292,1
292,1
292,1
292,1
292,1
292,1
292,1
292,1
292,1
292,1
292,1
292,1
292,1
292,1
293,1129
293,12
293,11
293,8
293,7
293,5
293,4
293,4
293,4
293,4
293,4
293,4
293,3
293,3
293,3
293,3
293,3
293,3
293,2
293,2
293,2
293,2
293,2
293,2
293,2
293,2
293,2
293,2
293,2
293,2
293,2
293,2
293,2
293,2
293,2
293,2
293,2
293,2
293,2
293,2
293,2
293,2
293,2
293,2
293,1
293,1
293,1
293,1
293,1
293,1
293,1
293,1
293,1
293,1
293,1
293,1
293,1
293,1
293,1
293,1
293,1
293,1
293,1
293,1
293,1
293,1
293,1
293,1
293,1
293,1
293,1
293,1
293,1
293,1
293,1
293,1
293,1
293,1
293,1
293,1
293,1
293,1
293,1
293,1
293,1
293,1
293,1
293,1
293,1
293,1
293,1
293,1
293,1
293,1
293,1
293,1
293,1
293,1
293,1
293,1
293,1
293,1
293,1
293,1
293,1
293,1
293,1
293,1
293,1
293,1
293,1
293,1
293,1
293,1
293,1
293,1
293,1
293,1
293,1
293,1
293,1
293,1
293,1
293,1
293,1
293,1
293,1
293,1
293,1
293,1
293,1
293,1
293,1
293,1
293,1
293,1
293,1
293,1
293,1
293,1
293,1
293,1
293,1
293,1
293,1
294,1347
294,20
294,13
294,9
294,9
294,9
294,8
294,5
294,5
294,4
294,4
294,3
294,3
294,3
294,3
294,3
294,3
294,3
294,3
294,2
294,2
294,2
294,2
294,2
294,2
294,2
294,2
294,2
294,2
294,2
294,2
294,2
294,2
294,2
294,2
294,2
294,2
294,2
294,2
294,2
294,2
294,2
294,2
294,2
294,2
294,2
294,2
294,1
294,1
294,1
294,1
294,1
294,1
294,1
294,1
294,1
294,1
294,1
294,1
294,1
294,1
294,1
294,1
294,1
294,1
294,1
294,1
294,1
294,1
294,1
294,1
294,1
294,1
294,1
294,1
294,1
294,1
294,1
294,1
294,1
294,1
294,1
294,1
294,1
294,1
294,1
294,1
294,1
294,1
294,1
294,1
294,1
294,1
294,1
294,1
294,1
294,1
294,1
294,1
294,1
294,1
294,1
294,1
294,1
294,1
294,1
294,1
294,1
294,1
294,1
294,1
294,1
294,1
294,1
294,1
294,1
294,1
294,1
294,1
294,1
294,1
294,1
294,1
294,1
294,1
294,1
294,1
294,1
294,1
294,1
294,1
295,990
295,29
295,26
295,17
295,16
295,16
295,11
295,6
295,6
295,6
295,5
295,5
295,5
295,5
295,4
295,4
295,4
295,4
295,4
295,3
295,3
295,3
295,3
295,3
295,3
295,2
295,2
295,2
295,2
295,2
295,2
295,2
295,2
295,2
295,2
295,2
295,2
295,2
295,2
295,2
295,1
295,1
295,1
295,1
295,1
295,1
295,1
295,1
295,1
295,1
295,1
295,1
295,1
295,1
295,1
295,1
295,1
295,1
295,1
295,1
295,1
295,1
295,1
295,1
295,1
295,1
295,1
295,1
295,1
295,1
295,1
295,1
295,1
295,1
295,1
295,1
295,1
295,1
295,1
295,1
295,1
295,1
295,1
295,1
295,1
295,1
295,1
295,1
295,1
295,1
295,1
295,1
295,1
295,1
295,1
295,1
295,1
295,1
295,1
295,1
295,1
295,1
295,1
295,1
295,1
295,1
295,1
295,1
295,1
295,1
295,1
295,1
295,1
295,1
295,1
295,1
295,1
295,1
295,1
295,1
295,1
295,1
295,1
295,1
295,1
295,1
295,1
295,1
296,1037
296,149
296,86
296,24
296,22
296,10
296,9
296,8
296,7
296,6
296,6
296,5
296,5
296,5
296,5
296,4
296,4
296,4
296,4
296,4
296,4
296,4
296,4
296,4
296,4
296,4
296,4
296,4
296,3
296,3
296,3
296,3
296,3
296,3
296,3
296,3
296,3
296,2
296,2
296,2
296,2
296,2
296,2
296,2
296,2
296,2
296,2
296,2
296,2
296,2
296,2
296,2
296,2
296,2
296,2
296,2
296,2
296,2
296,2
296,2
296,2
296,2
296,1
296,1
296,1
296,1
296,1
296,1
296,1
296,1
296,1
296,1
296,1
296,1
296,1
296,1
296,1
296,1
296,1
296,1
296,1
296,1
296,1
296,1
296,1
296,1
296,1
296,1
296,1
296,1
296,1
296,1
296,1
296,1
296,1
296,1
296,1
296,1
296,1
296,1
296,1
296,1
296,1
296,1
296,1
296,1
296,1
296,1
296,1
296,1
296,1
296,1
296,1
296,1
296,1
296,1
296,1
296,1
296,1
296,1
296,1
296,1
296,1
296,1
296,1
296,1
296,1
296,1
296,1
296,1
296,1
296,1
296,1
296,1
296,1
296,1
296,1
296,1
296,1
296,1
296,1
296,1
296,1
296,1
296,1
296,1
296,1
296,1
296,1
296,1
296,1
296,1
296,1
296,1
296,1
296,1
296,1
296,1
297,1257
297,16
297,9
297,8
297,8
297,7
297,6
297,5
297,5
297,5
297,4
297,4
297,4
297,4
297,4
297,4
297,4
297,4
297,3
297,3
297,3
297,3
297,3
297,3
297,3
297,3
297,3
297,3
297,3
297,3
297,3
297,3
297,2
297,2
297,2
297,2
297,2
297,2
297,2
297,2
297,2
297,2
297,2
297,2
297,2
297,2
297,2
297,2
297,2
297,2
297,2
297,2
297,2
297,2
297,2
297,2
297,2
297,2
297,2
297,2
297,2
297,2
297,2
297,1
297,1
297,1
297,1
297,1
297,1
297,1
297,1
297,1
297,1
297,1
297,1
297,1
297,1
297,1
297,1
297,1
297,1
297,1
297,1
297,1
297,1
297,1
297,1
297,1
297,1
297,1
297,1
297,1
297,1
297,1
297,1
297,1
297,1
297,1
297,1
297,1
297,1
297,1
297,1
297,1
297,1
297,1
297,1
297,1
297,1
297,1
297,1
297,1
297,1
297,1
297,1
297,1
297,1
297,1
297,1
297,1
297,1
297,1
297,1
297,1
297,1
297,1
298,709
298,520
298,33
298,24
298,17
298,15
298,9
298,6
298,6
298,6
298,5
298,4
298,4
298,4
298,3
298,3
298,3
298,3
298,3
298,3
298,3
298,3
298,2
298,2
298,2
298,2
298,2
298,2
298,2
298,2
298,2
298,2
298,2
298,2
298,2
298,2
298,2
298,2
298,2
298,2
298,1
298,1
298,1
298,1
298,1
298,1
298,1
298,1
298,1
298,1
298,1
298,1
298,1
298,1
298,1
298,1
298,1
298,1
298,1
298,1
298,1
298,1
298,1
298,1
298,1
298,1
298,1
298,1
298,1
298,1
298,1
298,1
298,1
298,1
298,1
298,1
298,1
298,1
298,1
298,1
298,1
298,1
298,1
298,1
298,1
298,1
298,1
298,1
298,1
298,1
298,1
298,1
298,1
298,1
298,1
298,1
298,1
298,1
298,1
298,1
298,1
298,1
298,1
298,1
298,1
298,1
298,1
298,1
298,1
298,1
298,1
298,1
298,1
298,1
298,1
298,1
298,1
298,1
298,1
298,1
299,1186
299,7
299,6
299,5
299,5
299,5
299,4
299,3
299,3
299,3
299,3
299,3
299,3
299,3
299,2
299,2
299,2
299,2
299,2
299,2
299,2
299,2
299,2
299,2
299,2
299,2
299,2
299,2
299,2
299,2
299,2
299,1
299,1
299,1
299,1
299,1
299,1
299,1
299,1
299,1
299,1
299,1
299,1
299,1
299,1
299,1
299,1
299,1
299,1
299,1
299,1
299,1
299,1
299,1
299,1
299,1
299,1
299,1
299,1
299,1
299,1
299,1
299,1
299,1
299,1
299,1
299,1
299,1
299,1
299,1
299,1
299,1
299,1
299,1
299,1
299,1
299,1
299,1
299,1
299,1
299,1
299,1
299,1
299,1
299,1
299,1
299,1
299,1
299,1
299,1
299,1
299,1
299,1
