task,size
0,10
0,8
0,7
0,5
0,4
0,4
0,4
0,3
0,3
0,3
0,3
0,2
0,2
0,2
0,2
0,2
0,2
0,2
0,2
0,2
0,2
0,2
0,1
0,1
0,1
0,1
0,1
0,1
0,1
0,1
0,1
0,1
0,1
0,1
0,1
0,1
0,1
0,1
0,1
0,1
0,1
0,1
0,1
0,1
0,1
0,1
0,1
0,1
0,1
0,1
0,1
0,1
0,1
0,1
0,1
0,1
0,1
0,1
0,1
0,1
0,1
0,1
0,1
0,1
0,1
0,1
0,1
0,1
1,11
1,5
1,4
1,4
1,3
1,3
1,3
1,3
1,3
1,3
1,2
1,2
1,2
1,2
1,2
1,2
1,2
1,2
1,1
1,1
1,1
1,1
1,1
1,1
1,1
1,1
1,1
1,1
1,1
1,1
1,1
1,1
1,1
1,1
1,1
1,1
1,1
1,1
1,1
1,1
1,1
1,1
1,1
1,1
1,1
1,1
1,1
1,1
1,1
1,1
1,1
1,1
1,1
1,1
2,8
2,5
2,5
2,4
2,4
2,4
2,3
2,3
2,3
2,3
2,3
2,3
2,3
2,2
2,2
2,2
2,1
2,1
2,1
2,1
2,1
2,1
2,1
2,1
2,1
2,1
2,1
2,1
2,1
2,1
2,1
2,1
2,1
2,1
2,1
2,1
2,1
2,1
2,1
2,1
2,1
2,1
2,1
2,1
2,1
2,1
2,1
2,1
2,1
2,1
2,1
2,1
2,1
2,1
2,1
2,1
2,1
2,1
2,1
2,1
2,1
2,1
2,1
2,1
2,1
2,1
3,25
3,12
3,11
3,9
3,9
3,6
3,6
3,5
3,3
3,3
3,2
3,2
3,2
3,2
3,2
3,2
3,2
3,2
3,2
3,1
3,1
3,1
3,1
3,1
3,1
3,1
3,1
3,1
3,1
3,1
3,1
3,1
3,1
3,1
3,1
3,1
3,1
3,1
3,1
3,1
3,1
3,1
3,1
3,1
3,1
3,1
3,1
3,1
3,1
3,1
3,1
4,25
4,6
4,6
4,6
4,5
4,5
4,4
4,3
4,3
4,3
4,3
4,3
4,2
4,2
4,2
4,2
4,2
4,2
4,2
4,2
4,2
4,2
4,1
4,1
4,1
4,1
4,1
4,1
4,1
4,1
4,1
4,1
4,1
4,1
4,1
4,1
4,1
4,1
4,1
4,1
4,1
4,1
4,1
4,1
4,1
4,1
4,1
4,1
4,1
4,1
4,1
4,1
4,1
4,1
4,1
4,1
4,1
4,1
4,1
4,1
5,12
5,9
5,7
5,5
5,5
5,5
5,4
5,4
5,4
5,3
5,3
5,3
5,3
5,3
5,3
5,2
5,2
5,2
5,2
5,2
5,2
5,2
5,2
5,2
5,1
5,1
5,1
5,1
5,1
5,1
5,1
5,1
5,1
5,1
5,1
5,1
5,1
5,1
5,1
5,1
5,1
5,1
5,1
5,1
5,1
5,1
5,1
5,1
5,1
5,1
5,1
5,1
5,1
5,1
5,1
5,1
5,1
5,1
5,1
5,1
5,1
5,1
5,1
5,1
6,19
6,13
6,12
6,11
6,4
6,4
6,4
6,3
6,2
6,2
6,2
6,2
6,2
6,2
6,2
6,2
6,1
6,1
6,1
6,1
6,1
6,1
6,1
6,1
6,1
6,1
6,1
6,1
6,1
6,1
6,1
6,1
6,1
6,1
6,1
6,1
6,1
6,1
6,1
6,1
6,1
6,1
6,1
6,1
6,1
6,1
6,1
6,1
6,1
6,1
6,1
6,1
6,1
6,1
6,1
6,1
6,1
6,1
7,48
7,35
7,10
7,6
7,5
7,4
7,3
7,3
7,3
7,3
7,2
7,2
7,2
7,2
7,2
7,2
7,2
7,2
7,1
7,1
7,1
7,1
7,1
7,1
7,1
7,1
7,1
7,1
7,1
7,1
7,1
7,1
7,1
7,1
7,1
7,1
7,1
7,1
7,1
7,1
7,1
7,1
7,1
7,1
7,1
7,1
7,1
7,1
7,1
7,1
7,1
7,1
7,1
7,1
8,31
8,23
8,9
8,6
8,4
8,4
8,4
8,3
8,3
8,3
8,2
8,2
8,2
8,2
8,2
8,2
8,2
8,2
8,1
8,1
8,1
8,1
8,1
8,1
8,1
8,1
8,1
8,1
8,1
8,1
8,1
8,1
8,1
8,1
8,1
8,1
8,1
8,1
8,1
8,1
8,1
8,1
8,1
8,1
8,1
8,1
8,1
8,1
8,1
8,1
8,1
8,1
8,1
8,1
8,1
9,7
9,6
9,6
9,5
9,5
9,4
9,3
9,3
9,3
9,3
9,3
9,3
9,2
9,2
9,2
9,2
9,2
9,2
9,2
9,2
9,1
9,1
9,1
9,1
9,1
9,1
9,1
9,1
9,1
9,1
9,1
9,1
9,1
9,1
9,1
9,1
9,1
9,1
9,1
9,1
9,1
9,1
9,1
9,1
9,1
9,1
9,1
9,1
9,1
9,1
9,1
9,1
9,1
9,1
9,1
9,1
9,1
9,1
10,15
10,12
10,8
10,6
10,5
10,5
10,4
10,4
10,3
10,3
10,3
10,2
10,2
10,2
10,2
10,2
10,2
10,2
10,2
10,2
10,1
10,1
10,1
10,1
10,1
10,1
10,1
10,1
10,1
10,1
10,1
10,1
10,1
10,1
10,1
10,1
10,1
10,1
10,1
10,1
10,1
10,1
10,1
10,1
10,1
10,1
10,1
10,1
10,1
10,1
10,1
10,1
10,1
10,1
10,1
10,1
10,1
10,1
10,1
11,33
11,23
11,15
11,7
11,7
11,6
11,4
11,4
11,3
11,3
11,3
11,2
11,2
11,2
11,2
11,2
11,2
11,2
11,2
11,2
11,2
11,2
11,1
11,1
11,1
11,1
11,1
11,1
11,1
11,1
11,1
11,1
11,1
11,1
11,1
11,1
11,1
11,1
11,1
11,1
11,1
11,1
11,1
11,1
11,1
11,1
11,1
11,1
11,1
11,1
11,1
11,1
11,1
11,1
11,1
11,1
11,1
11,1
11,1
11,1
11,1
11,1
11,1
11,1
11,1
12,23
12,12
12,7
12,7
12,5
12,4
12,3
12,3
12,3
12,2
12,2
12,2
12,2
12,2
12,2
12,2
12,2
12,1
12,1
12,1
12,1
12,1
12,1
12,1
12,1
12,1
12,1
12,1
12,1
12,1
12,1
12,1
12,1
12,1
12,1
12,1
12,1
12,1
12,1
12,1
12,1
12,1
12,1
12,1
12,1
12,1
12,1
12,1
12,1
12,1
13,13
13,11
13,9
13,5
13,5
13,4
13,4
13,3
13,3
13,3
13,2
13,2
13,2
13,2
13,2
13,2
13,2
13,2
13,1
13,1
13,1
13,1
13,1
13,1
13,1
13,1
13,1
13,1
13,1
13,1
13,1
13,1
13,1
13,1
13,1
13,1
13,1
13,1
13,1
13,1
13,1
13,1
13,1
13,1
13,1
13,1
13,1
13,1
13,1
13,1
13,1
13,1
13,1
13,1
13,1
13,1
13,1
13,1
13,1
13,1
13,1
13,1
13,1
14,17
14,11
14,10
14,5
14,5
14,4
14,4
14,4
14,3
14,3
14,3
14,3
14,3
14,2
14,2
14,2
14,2
14,2
14,2
14,2
14,1
14,1
14,1
14,1
14,1
14,1
14,1
14,1
14,1
14,1
14,1
14,1
14,1
14,1
14,1
14,1
14,1
14,1
14,1
14,1
14,1
14,1
14,1
14,1
14,1
14,1
14,1
14,1
14,1
14,1
14,1
14,1
14,1
14,1
14,1
14,1
14,1
15,18
15,10
15,8
15,5
15,4
15,3
15,3
15,3
15,3
15,3
15,2
15,2
15,2
15,2
15,2
15,1
15,1
15,1
15,1
15,1
15,1
15,1
15,1
15,1
15,1
15,1
15,1
15,1
15,1
15,1
15,1
15,1
15,1
15,1
15,1
15,1
15,1
15,1
15,1
15,1
15,1
15,1
15,1
15,1
15,1
15,1
15,1
15,1
15,1
15,1
16,13
16,8
16,6
16,5
16,3
16,3
16,3
16,3
16,3
16,2
16,2
16,2
16,2
16,1
16,1
16,1
16,1
16,1
16,1
16,1
16,1
16,1
16,1
16,1
16,1
16,1
16,1
16,1
16,1
16,1
16,1
16,1
16,1
16,1
16,1
16,1
16,1
16,1
16,1
16,1
16,1
16,1
16,1
16,1
16,1
16,1
16,1
16,1
16,1
16,1
16,1
16,1
16,1
16,1
16,1
17,10
17,10
17,8
17,6
17,6
17,6
17,4
17,4
17,4
17,4
17,3
17,3
17,3
17,2
17,2
17,2
17,2
17,1
17,1
17,1
17,1
17,1
17,1
17,1
17,1
17,1
17,1
17,1
17,1
17,1
17,1
17,1
17,1
17,1
17,1
17,1
17,1
17,1
17,1
17,1
17,1
17,1
17,1
17,1
17,1
17,1
17,1
17,1
17,1
17,1
17,1
17,1
17,1
17,1
17,1
17,1
18,12
18,11
18,7
18,5
18,3
18,3
18,3
18,3
18,2
18,2
18,2
18,2
18,2
18,2
18,2
18,1
18,1
18,1
18,1
18,1
18,1
18,1
18,1
18,1
18,1
18,1
18,1
18,1
18,1
18,1
18,1
18,1
18,1
18,1
18,1
18,1
18,1
18,1
18,1
18,1
18,1
18,1
18,1
18,1
18,1
18,1
18,1
18,1
18,1
18,1
18,1
18,1
18,1
18,1
18,1
18,1
18,1
18,1
18,1
18,1
18,1
18,1
18,1
18,1
18,1
19,36
19,10
19,9
19,8
19,7
19,6
19,5
19,4
19,4
19,3
19,3
19,3
19,2
19,2
19,2
19,2
19,2
19,2
19,2
19,2
19,1
19,1
19,1
19,1
19,1
19,1
19,1
19,1
19,1
19,1
19,1
19,1
19,1
19,1
19,1
19,1
19,1
19,1
19,1
19,1
19,1
19,1
19,1
19,1
19,1
19,1
19,1
19,1
19,1
19,1
19,1
19,1
19,1
19,1
19,1
19,1
19,1
19,1
19,1
19,1
19,1
19,1
20,12
20,11
20,11
20,9
20,4
20,4
20,3
20,3
20,3
20,3
20,3
20,3
20,3
20,2
20,2
20,2
20,2
20,2
20,2
20,2
20,2
20,2
20,1
20,1
20,1
20,1
20,1
20,1
20,1
20,1
20,1
20,1
20,1
20,1
20,1
20,1
20,1
20,1
20,1
20,1
20,1
20,1
20,1
20,1
20,1
20,1
20,1
20,1
20,1
20,1
20,1
20,1
20,1
20,1
20,1
20,1
21,17
21,9
21,7
21,6
21,4
21,4
21,4
21,3
21,3
21,3
21,3
21,2
21,2
21,2
21,2
21,2
21,2
21,2
21,2
21,1
21,1
21,1
21,1
21,1
21,1
21,1
21,1
21,1
21,1
21,1
21,1
21,1
21,1
21,1
21,1
21,1
21,1
21,1
21,1
21,1
21,1
21,1
21,1
21,1
21,1
21,1
21,1
21,1
21,1
21,1
21,1
21,1
21,1
21,1
21,1
21,1
21,1
21,1
22,23
22,12
22,7
22,7
22,5
22,4
22,3
22,3
22,3
22,2
22,2
22,2
22,2
22,2
22,2
22,2
22,2
22,1
22,1
22,1
22,1
22,1
22,1
22,1
22,1
22,1
22,1
22,1
22,1
22,1
22,1
22,1
22,1
22,1
22,1
22,1
22,1
22,1
22,1
22,1
22,1
22,1
22,1
22,1
22,1
22,1
22,1
22,1
22,1
22,1
23,14
23,6
23,5
23,5
23,5
23,5
23,5
23,3
23,3
23,3
23,2
23,2
23,2
23,2
23,2
23,1
23,1
23,1
23,1
23,1
23,1
23,1
23,1
23,1
23,1
23,1
23,1
23,1
23,1
23,1
23,1
23,1
23,1
23,1
23,1
23,1
23,1
23,1
23,1
23,1
23,1
23,1
23,1
23,1
23,1
23,1
23,1
23,1
23,1
23,1
23,1
23,1
23,1
23,1
23,1
23,1
23,1
23,1
23,1
23,1
23,1
23,1
23,1
23,1
24,19
24,13
24,10
24,8
24,6
24,3
24,3
24,3
24,3
24,3
24,3
24,2
24,2
24,2
24,2
24,2
24,2
24,2
24,2
24,2
24,2
24,2
24,2
24,1
24,1
24,1
24,1
24,1
24,1
24,1
24,1
24,1
24,1
24,1
24,1
24,1
24,1
24,1
24,1
24,1
24,1
24,1
24,1
24,1
24,1
24,1
24,1
24,1
24,1
24,1
24,1
24,1
24,1
24,1
24,1
24,1
24,1
24,1
24,1
24,1
24,1
24,1
24,1
24,1
24,1
24,1
24,1
24,1
24,1
24,1
24,1
25,14
25,9
25,5
25,5
25,5
25,4
25,4
25,3
25,3
25,2
25,2
25,2
25,2
25,2
25,2
25,2
25,2
25,2
25,1
25,1
25,1
25,1
25,1
25,1
25,1
25,1
25,1
25,1
25,1
25,1
25,1
25,1
25,1
25,1
25,1
25,1
25,1
25,1
25,1
25,1
25,1
25,1
25,1
25,1
25,1
25,1
25,1
25,1
25,1
25,1
25,1
25,1
25,1
25,1
25,1
25,1
25,1
25,1
25,1
25,1
25,1
25,1
25,1
25,1
25,1
26,19
26,10
26,9
26,4
26,3
26,3
26,3
26,3
26,2
26,2
26,2
26,2
26,2
26,2
26,2
26,2
26,2
26,2
26,2
26,2
26,2
26,1
26,1
26,1
26,1
26,1
26,1
26,1
26,1
26,1
26,1
26,1
26,1
26,1
26,1
26,1
26,1
26,1
26,1
26,1
26,1
26,1
26,1
26,1
26,1
26,1
26,1
26,1
26,1
26,1
26,1
26,1
26,1
26,1
26,1
26,1
26,1
26,1
26,1
27,23
27,10
27,9
27,5
27,5
27,5
27,4
27,3
27,3
27,2
27,2
27,2
27,2
27,2
27,2
27,2
27,2
27,2
27,2
27,2
27,1
27,1
27,1
27,1
27,1
27,1
27,1
27,1
27,1
27,1
27,1
27,1
27,1
27,1
27,1
27,1
27,1
27,1
27,1
27,1
27,1
27,1
27,1
27,1
27,1
27,1
27,1
27,1
27,1
27,1
27,1
27,1
27,1
27,1
27,1
27,1
27,1
28,22
28,11
28,7
28,4
28,4
28,3
28,3
28,3
28,3
28,2
28,2
28,2
28,2
28,2
28,2
28,2
28,2
28,2
28,2
28,2
28,2
28,2
28,2
28,2
28,2
28,1
28,1
28,1
28,1
28,1
28,1
28,1
28,1
28,1
28,1
28,1
28,1
28,1
28,1
28,1
28,1
28,1
28,1
28,1
28,1
28,1
28,1
28,1
28,1
28,1
28,1
28,1
28,1
28,1
28,1
28,1
28,1
28,1
28,1
28,1
28,1
28,1
28,1
28,1
28,1
28,1
28,1
28,1
28,1
29,13
29,7
29,7
29,6
29,4
29,4
29,4
29,4
29,3
29,3
29,3
29,2
29,2
29,2
29,2
29,2
29,2
29,2
29,2
29,2
29,2
29,1
29,1
29,1
29,1
29,1
29,1
29,1
29,1
29,1
29,1
29,1
29,1
29,1
29,1
29,1
29,1
29,1
29,1
29,1
29,1
29,1
29,1
29,1
29,1
29,1
29,1
29,1
29,1
29,1
29,1
29,1
29,1
29,1
29,1
29,1
29,1
29,1
29,1
29,1
29,1
29,1
29,1
30,19
30,11
30,8
30,4
30,4
30,4
30,3
30,3
30,3
30,3
30,3
30,3
30,3
30,3
30,2
30,2
30,2
30,2
30,2
30,2
30,2
30,2
30,2
30,2
30,2
30,2
30,1
30,1
30,1
30,1
30,1
30,1
30,1
30,1
30,1
30,1
30,1
30,1
30,1
30,1
30,1
30,1
30,1
30,1
30,1
30,1
30,1
30,1
30,1
30,1
30,1
30,1
30,1
30,1
30,1
30,1
30,1
30,1
30,1
30,1
30,1
30,1
30,1
30,1
30,1
31,11
31,5
31,5
31,5
31,5
31,4
31,3
31,3
31,3
31,2
31,2
31,2
31,2
31,2
31,2
31,2
31,2
31,2
31,2
31,2
31,2
31,1
31,1
31,1
31,1
31,1
31,1
31,1
31,1
31,1
31,1
31,1
31,1
31,1
31,1
31,1
31,1
31,1
31,1
31,1
31,1
31,1
31,1
31,1
31,1
31,1
31,1
31,1
31,1
31,1
31,1
31,1
31,1
31,1
31,1
31,1
31,1
31,1
31,1
32,14
32,10
32,6
32,5
32,4
32,4
32,4
32,4
32,3
32,3
32,2
32,2
32,2
32,2
32,2
32,2
32,2
32,2
32,2
32,2
32,2
32,1
32,1
32,1
32,1
32,1
32,1
32,1
32,1
32,1
32,1
32,1
32,1
32,1
32,1
32,1
32,1
32,1
32,1
32,1
32,1
32,1
32,1
32,1
32,1
32,1
32,1
32,1
32,1
32,1
32,1
32,1
32,1
32,1
32,1
32,1
32,1
32,1
32,1
32,1
32,1
32,1
32,1
32,1
32,1
32,1
32,1
32,1
32,1
33,21
33,6
33,5
33,5
33,5
33,5
33,5
33,4
33,4
33,3
33,2
33,2
33,2
33,2
33,2
33,2
33,2
33,2
33,2
33,1
33,1
33,1
33,1
33,1
33,1
33,1
33,1
33,1
33,1
33,1
33,1
33,1
33,1
33,1
33,1
33,1
33,1
33,1
33,1
33,1
33,1
33,1
33,1
33,1
33,1
33,1
33,1
33,1
33,1
33,1
33,1
33,1
33,1
33,1
33,1
34,5
34,5
34,4
34,4
34,4
34,4
34,4
34,3
34,3
34,3
34,3
34,2
34,2
34,2
34,2
34,2
34,2
34,2
34,1
34,1
34,1
34,1
34,1
34,1
34,1
34,1
34,1
34,1
34,1
34,1
34,1
34,1
34,1
34,1
34,1
34,1
34,1
34,1
34,1
34,1
34,1
34,1
34,1
34,1
34,1
34,1
34,1
34,1
34,1
34,1
34,1
35,24
35,12
35,11
35,7
35,5
35,4
35,3
35,2
35,2
35,2
35,2
35,2
35,2
35,2
35,2
35,2
35,2
35,2
35,2
35,1
35,1
35,1
35,1
35,1
35,1
35,1
35,1
35,1
35,1
35,1
35,1
35,1
35,1
35,1
35,1
35,1
35,1
35,1
35,1
35,1
35,1
35,1
35,1
35,1
35,1
35,1
35,1
35,1
35,1
35,1
35,1
35,1
35,1
35,1
35,1
35,1
35,1
35,1
35,1
35,1
35,1
36,27
36,6
36,4
36,4
36,3
36,3
36,3
36,3
36,2
36,2
36,2
36,2
36,2
36,2
36,2
36,2
36,2
36,2
36,2
36,2
36,2
36,2
36,2
36,2
36,2
36,2
36,1
36,1
36,1
36,1
36,1
36,1
36,1
36,1
36,1
36,1
36,1
36,1
36,1
36,1
36,1
36,1
36,1
36,1
36,1
36,1
36,1
36,1
36,1
36,1
36,1
36,1
36,1
36,1
36,1
36,1
36,1
36,1
36,1
36,1
36,1
36,1
36,1
36,1
36,1
36,1
36,1
37,19
37,11
37,8
37,5
37,5
37,4
37,3
37,3
37,3
37,3
37,2
37,2
37,2
37,2
37,2
37,2
37,2
37,2
37,2
37,2
37,2
37,1
37,1
37,1
37,1
37,1
37,1
37,1
37,1
37,1
37,1
37,1
37,1
37,1
37,1
37,1
37,1
37,1
37,1
37,1
37,1
37,1
37,1
37,1
37,1
37,1
37,1
37,1
37,1
37,1
37,1
37,1
37,1
37,1
37,1
37,1
37,1
37,1
37,1
37,1
37,1
37,1
37,1
37,1
37,1
38,7
38,6
38,5
38,4
38,4
38,4
38,4
38,4
38,4
38,3
38,3
38,3
38,2
38,2
38,2
38,2
38,2
38,2
38,2
38,2
38,2
38,1
38,1
38,1
38,1
38,1
38,1
38,1
38,1
38,1
38,1
38,1
38,1
38,1
38,1
38,1
38,1
38,1
38,1
38,1
38,1
38,1
38,1
38,1
38,1
38,1
38,1
38,1
38,1
38,1
38,1
38,1
38,1
38,1
38,1
38,1
38,1
38,1
38,1
38,1
38,1
38,1
38,1
38,1
38,1
38,1
38,1
38,1
39,12
39,9
39,5
39,5
39,5
39,4
39,4
39,3
39,3
39,3
39,3
39,2
39,2
39,2
39,2
39,2
39,2
39,2
39,2
39,2
39,1
39,1
39,1
39,1
39,1
39,1
39,1
39,1
39,1
39,1
39,1
39,1
39,1
39,1
39,1
39,1
39,1
39,1
39,1
39,1
39,1
39,1
39,1
39,1
39,1
39,1
39,1
39,1
39,1
39,1
39,1
39,1
39,1
39,1
39,1
39,1
39,1
39,1
39,1
39,1
39,1
39,1
39,1
40,14
40,8
40,6
40,5
40,5
40,4
40,3
40,3
40,3
40,3
40,3
40,2
40,2
40,2
40,2
40,2
40,2
40,2
40,2
40,2
40,2
40,2
40,2
40,2
40,1
40,1
40,1
40,1
40,1
40,1
40,1
40,1
40,1
40,1
40,1
40,1
40,1
40,1
40,1
40,1
40,1
40,1
40,1
40,1
40,1
40,1
40,1
40,1
40,1
40,1
40,1
40,1
40,1
40,1
40,1
40,1
40,1
40,1
40,1
40,1
40,1
40,1
40,1
40,1
40,1
40,1
40,1
40,1
40,1
41,19
41,8
41,6
41,5
41,4
41,4
41,4
41,3
41,3
41,3
41,3
41,2
41,2
41,2
41,2
41,2
41,2
41,2
41,2
41,2
41,2
41,2
41,2
41,2
41,2
41,1
41,1
41,1
41,1
41,1
41,1
41,1
41,1
41,1
41,1
41,1
41,1
41,1
41,1
41,1
41,1
41,1
41,1
41,1
41,1
41,1
41,1
41,1
41,1
41,1
41,1
41,1
41,1
41,1
41,1
41,1
41,1
41,1
41,1
41,1
41,1
41,1
41,1
41,1
41,1
41,1
41,1
41,1
41,1
41,1
41,1
41,1
42,38
42,12
42,5
42,5
42,4
42,4
42,3
42,3
42,3
42,3
42,2
42,2
42,2
42,2
42,2
42,2
42,2
42,2
42,2
42,1
42,1
42,1
42,1
42,1
42,1
42,1
42,1
42,1
42,1
42,1
42,1
42,1
42,1
42,1
42,1
42,1
42,1
42,1
42,1
42,1
42,1
42,1
42,1
42,1
42,1
42,1
42,1
42,1
42,1
42,1
42,1
42,1
42,1
42,1
42,1
42,1
42,1
42,1
42,1
42,1
42,1
42,1
42,1
42,1
42,1
42,1
42,1
42,1
43,7
43,4
43,4
43,3
43,2
43,2
43,2
43,2
43,2
43,2
43,2
43,2
43,2
43,2
43,2
43,2
43,2
43,1
43,1
43,1
43,1
43,1
43,1
43,1
43,1
43,1
43,1
43,1
43,1
43,1
43,1
43,1
43,1
43,1
43,1
43,1
43,1
43,1
43,1
43,1
43,1
43,1
43,1
43,1
43,1
43,1
43,1
43,1
43,1
43,1
43,1
43,1
43,1
43,1
43,1
44,11
44,8
44,8
44,8
44,7
44,4
44,4
44,3
44,3
44,2
44,2
44,2
44,2
44,2
44,2
44,2
44,2
44,2
44,2
44,2
44,1
44,1
44,1
44,1
44,1
44,1
44,1
44,1
44,1
44,1
44,1
44,1
44,1
44,1
44,1
44,1
44,1
44,1
44,1
44,1
44,1
44,1
44,1
44,1
44,1
44,1
44,1
44,1
44,1
44,1
44,1
44,1
44,1
44,1
44,1
44,1
44,1
44,1
44,1
44,1
44,1
44,1
45,15
45,10
45,10
45,7
45,3
45,3
45,3
45,3
45,2
45,2
45,2
45,2
45,2
45,2
45,2
45,2
45,1
45,1
45,1
45,1
45,1
45,1
45,1
45,1
45,1
45,1
45,1
45,1
45,1
45,1
45,1
45,1
45,1
45,1
45,1
45,1
45,1
45,1
45,1
45,1
45,1
45,1
45,1
45,1
45,1
45,1
45,1
45,1
45,1
45,1
45,1
45,1
45,1
45,1
45,1
45,1
45,1
45,1
45,1
45,1
45,1
45,1
45,1
46,28
46,19
46,7
46,5
46,4
46,4
46,3
46,3
46,3
46,3
46,2
46,2
46,2
46,2
46,2
46,2
46,2
46,2
46,2
46,2
46,2
46,1
46,1
46,1
46,1
46,1
46,1
46,1
46,1
46,1
46,1
46,1
46,1
46,1
46,1
46,1
46,1
46,1
46,1
46,1
46,1
46,1
46,1
46,1
46,1
46,1
46,1
46,1
46,1
46,1
46,1
46,1
46,1
46,1
46,1
46,1
46,1
46,1
47,11
47,9
47,6
47,5
47,4
47,4
47,3
47,3
47,3
47,3
47,3
47,2
47,2
47,2
47,2
47,2
47,2
47,2
47,2
47,2
47,2
47,2
47,2
47,2
47,2
47,2
47,1
47,1
47,1
47,1
47,1
47,1
47,1
47,1
47,1
47,1
47,1
47,1
47,1
47,1
47,1
47,1
47,1
47,1
47,1
47,1
47,1
47,1
47,1
47,1
47,1
47,1
47,1
47,1
48,30
48,17
48,10
48,7
48,7
48,6
48,5
48,4
48,4
48,3
48,3
48,3
48,2
48,2
48,2
48,2
48,2
48,2
48,2
48,1
48,1
48,1
48,1
48,1
48,1
48,1
48,1
48,1
48,1
48,1
48,1
48,1
48,1
48,1
48,1
48,1
48,1
48,1
48,1
48,1
48,1
48,1
48,1
48,1
48,1
48,1
48,1
48,1
48,1
48,1
48,1
48,1
48,1
48,1
48,1
48,1
48,1
48,1
48,1
48,1
49,14
49,10
49,6
49,5
49,4
49,4
49,4
49,4
49,3
49,3
49,2
49,2
49,2
49,2
49,2
49,2
49,2
49,2
49,2
49,2
49,2
49,1
49,1
49,1
49,1
49,1
49,1
49,1
49,1
49,1
49,1
49,1
49,1
49,1
49,1
49,1
49,1
49,1
49,1
49,1
49,1
49,1
49,1
49,1
49,1
49,1
49,1
49,1
49,1
49,1
49,1
49,1
49,1
49,1
49,1
49,1
49,1
49,1
49,1
49,1
49,1
49,1
49,1
49,1
49,1
49,1
49,1
49,1
49,1
50,17
50,17
50,12
50,6
50,6
50,5
50,4
50,3
50,3
50,2
50,2
50,2
50,2
50,2
50,2
50,2
50,2
50,1
50,1
50,1
50,1
50,1
50,1
50,1
50,1
50,1
50,1
50,1
50,1
50,1
50,1
50,1
50,1
50,1
50,1
50,1
50,1
50,1
50,1
50,1
50,1
50,1
50,1
50,1
50,1
50,1
50,1
50,1
50,1
51,13
51,6
51,4
51,4
51,4
51,4
51,3
51,3
51,3
51,3
51,3
51,3
51,3
51,2
51,2
51,2
51,2
51,2
51,2
51,2
51,2
51,2
51,2
51,2
51,2
51,1
51,1
51,1
51,1
51,1
51,1
51,1
51,1
51,1
51,1
51,1
51,1
51,1
51,1
51,1
51,1
51,1
51,1
51,1
51,1
51,1
51,1
51,1
51,1
51,1
51,1
51,1
51,1
51,1
51,1
52,19
52,13
52,12
52,11
52,4
52,4
52,4
52,3
52,2
52,2
52,2
52,2
52,2
52,2
52,2
52,2
52,1
52,1
52,1
52,1
52,1
52,1
52,1
52,1
52,1
52,1
52,1
52,1
52,1
52,1
52,1
52,1
52,1
52,1
52,1
52,1
52,1
52,1
52,1
52,1
52,1
52,1
52,1
52,1
52,1
52,1
52,1
52,1
52,1
52,1
52,1
52,1
52,1
52,1
52,1
52,1
52,1
52,1
53,12
53,12
53,11
53,7
53,4
53,3
53,3
53,2
53,2
53,2
53,2
53,2
53,2
53,2
53,2
53,1
53,1
53,1
53,1
53,1
53,1
53,1
53,1
53,1
53,1
53,1
53,1
53,1
53,1
53,1
53,1
53,1
53,1
53,1
53,1
53,1
53,1
53,1
53,1
53,1
53,1
53,1
53,1
53,1
54,6
54,5
54,4
54,4
54,4
54,4
54,3
54,3
54,2
54,2
54,2
54,2
54,2
54,2
54,2
54,2
54,2
54,2
54,2
54,2
54,2
54,2
54,2
54,2
54,1
54,1
54,1
54,1
54,1
54,1
54,1
54,1
54,1
54,1
54,1
54,1
54,1
54,1
54,1
54,1
54,1
54,1
54,1
54,1
54,1
54,1
54,1
54,1
54,1
54,1
54,1
54,1
54,1
54,1
54,1
54,1
54,1
54,1
54,1
54,1
54,1
54,1
54,1
55,12
55,11
55,10
55,9
55,6
55,5
55,4
55,4
55,3
55,3
55,2
55,2
55,2
55,2
55,2
55,2
55,2
55,2
55,2
55,2
55,1
55,1
55,1
55,1
55,1
55,1
55,1
55,1
55,1
55,1
55,1
55,1
55,1
55,1
55,1
55,1
55,1
55,1
55,1
55,1
55,1
55,1
55,1
55,1
55,1
55,1
55,1
55,1
55,1
55,1
55,1
55,1
55,1
55,1
55,1
55,1
55,1
55,1
55,1
55,1
55,1
55,1
55,1
56,14
56,10
56,7
56,7
56,6
56,6
56,5
56,4
56,4
56,4
56,3
56,3
56,3
56,3
56,3
56,2
56,2
56,2
56,2
56,2
56,2
56,2
56,2
56,2
56,2
56,1
56,1
56,1
56,1
56,1
56,1
56,1
56,1
56,1
56,1
56,1
56,1
56,1
56,1
56,1
56,1
56,1
56,1
56,1
56,1
56,1
56,1
56,1
56,1
56,1
56,1
56,1
56,1
56,1
56,1
56,1
56,1
56,1
56,1
56,1
56,1
56,1
56,1
56,1
56,1
56,1
56,1
56,1
56,1
56,1
56,1
56,1
56,1
56,1
57,36
57,9
57,5
57,5
57,4
57,4
57,4
57,4
57,3
57,3
57,3
57,2
57,2
57,2
57,2
57,2
57,2
57,2
57,2
57,1
57,1
57,1
57,1
57,1
57,1
57,1
57,1
57,1
57,1
57,1
57,1
57,1
57,1
57,1
57,1
57,1
57,1
57,1
57,1
57,1
57,1
57,1
57,1
57,1
57,1
57,1
57,1
57,1
57,1
57,1
57,1
57,1
57,1
57,1
57,1
57,1
57,1
57,1
57,1
57,1
57,1
57,1
57,1
58,54
58,22
58,6
58,4
58,4
58,4
58,4
58,4
58,3
58,3
58,3
58,3
58,3
58,2
58,2
58,2
58,2
58,2
58,2
58,1
58,1
58,1
58,1
58,1
58,1
58,1
58,1
58,1
58,1
58,1
58,1
58,1
58,1
58,1
58,1
58,1
58,1
58,1
58,1
58,1
58,1
58,1
58,1
58,1
58,1
58,1
58,1
58,1
58,1
58,1
58,1
58,1
58,1
58,1
58,1
58,1
59,6
59,5
59,5
59,4
59,4
59,3
59,3
59,3
59,3
59,3
59,2
59,2
59,2
59,2
59,2
59,2
59,2
59,2
59,2
59,2
59,2
59,1
59,1
59,1
59,1
59,1
59,1
59,1
59,1
59,1
59,1
59,1
59,1
59,1
59,1
59,1
59,1
59,1
59,1
59,1
59,1
59,1
59,1
59,1
59,1
59,1
59,1
59,1
59,1
59,1
59,1
59,1
59,1
59,1
59,1
59,1
59,1
59,1
59,1
59,1
59,1
59,1
59,1
59,1
59,1
59,1
59,1
59,1
59,1
59,1
59,1
60,11
60,6
60,4
60,3
60,3
60,3
60,2
60,2
60,2
60,2
60,2
60,2
60,2
60,1
60,1
60,1
60,1
60,1
60,1
60,1
60,1
60,1
60,1
60,1
60,1
60,1
60,1
60,1
60,1
60,1
60,1
60,1
60,1
60,1
60,1
60,1
60,1
60,1
60,1
60,1
60,1
60,1
60,1
60,1
60,1
60,1
60,1
60,1
60,1
60,1
60,1
60,1
60,1
60,1
60,1
60,1
60,1
60,1
60,1
61,14
61,10
61,9
61,7
61,6
61,6
61,5
61,4
61,4
61,3
61,3
61,3
61,2
61,2
61,2
61,2
61,2
61,2
61,2
61,2
61,2
61,2
61,2
61,2
61,1
61,1
61,1
61,1
61,1
61,1
61,1
61,1
61,1
61,1
61,1
61,1
61,1
61,1
61,1
61,1
61,1
61,1
61,1
61,1
61,1
61,1
61,1
61,1
61,1
61,1
61,1
61,1
61,1
61,1
61,1
61,1
61,1
61,1
61,1
61,1
61,1
61,1
61,1
62,12
62,7
62,6
62,5
62,4
62,4
62,3
62,3
62,3
62,2
62,2
62,2
62,2
62,2
62,2
62,2
62,2
62,2
62,2
62,2
62,2
62,2
62,2
62,2
62,2
62,2
62,1
62,1
62,1
62,1
62,1
62,1
62,1
62,1
62,1
62,1
62,1
62,1
62,1
62,1
62,1
62,1
62,1
62,1
62,1
62,1
62,1
62,1
62,1
62,1
62,1
62,1
62,1
62,1
62,1
62,1
62,1
62,1
62,1
62,1
62,1
63,13
63,10
63,10
63,10
63,9
63,5
63,5
63,4
63,4
63,4
63,3
63,3
63,3
63,2
63,2
63,2
63,2
63,2
63,1
63,1
63,1
63,1
63,1
63,1
63,1
63,1
63,1
63,1
63,1
63,1
63,1
63,1
63,1
63,1
63,1
63,1
63,1
63,1
63,1
63,1
63,1
63,1
63,1
63,1
63,1
63,1
63,1
63,1
63,1
63,1
63,1
63,1
63,1
63,1
63,1
63,1
63,1
64,9
64,9
64,5
64,4
64,4
64,4
64,4
64,3
64,3
64,3
64,2
64,2
64,2
64,2
64,2
64,2
64,2
64,2
64,2
64,2
64,2
64,2
64,2
64,2
64,2
64,2
64,2
64,1
64,1
64,1
64,1
64,1
64,1
64,1
64,1
64,1
64,1
64,1
64,1
64,1
64,1
64,1
64,1
64,1
64,1
64,1
64,1
64,1
64,1
64,1
64,1
64,1
64,1
64,1
64,1
64,1
64,1
64,1
64,1
64,1
64,1
64,1
64,1
64,1
64,1
64,1
64,1
64,1
64,1
64,1
64,1
64,1
64,1
64,1
64,1
65,11
65,7
65,6
65,5
65,5
65,4
65,4
65,4
65,3
65,3
65,3
65,2
65,2
65,2
65,2
65,2
65,2
65,2
65,2
65,2
65,1
65,1
65,1
65,1
65,1
65,1
65,1
65,1
65,1
65,1
65,1
65,1
65,1
65,1
65,1
65,1
65,1
65,1
65,1
65,1
65,1
65,1
65,1
65,1
65,1
65,1
65,1
65,1
65,1
65,1
65,1
65,1
65,1
65,1
65,1
65,1
65,1
65,1
65,1
65,1
65,1
66,14
66,9
66,8
66,6
66,5
66,4
66,4
66,3
66,3
66,3
66,3
66,3
66,3
66,3
66,3
66,2
66,2
66,2
66,2
66,2
66,2
66,2
66,2
66,2
66,1
66,1
66,1
66,1
66,1
66,1
66,1
66,1
66,1
66,1
66,1
66,1
66,1
66,1
66,1
66,1
66,1
66,1
66,1
66,1
66,1
66,1
66,1
66,1
66,1
66,1
66,1
66,1
66,1
66,1
66,1
66,1
66,1
66,1
66,1
66,1
66,1
67,10
67,6
67,4
67,4
67,4
67,3
67,3
67,2
67,2
67,2
67,2
67,2
67,2
67,2
67,2
67,2
67,1
67,1
67,1
67,1
67,1
67,1
67,1
67,1
67,1
67,1
67,1
67,1
67,1
67,1
67,1
67,1
67,1
67,1
67,1
67,1
67,1
67,1
67,1
67,1
67,1
67,1
67,1
67,1
67,1
67,1
67,1
67,1
67,1
67,1
67,1
67,1
67,1
67,1
67,1
67,1
67,1
67,1
67,1
67,1
67,1
68,17
68,12
68,8
68,5
68,5
68,4
68,3
68,3
68,3
68,3
68,3
68,3
68,2
68,2
68,2
68,2
68,2
68,2
68,2
68,2
68,2
68,2
68,2
68,2
68,2
68,2
68,1
68,1
68,1
68,1
68,1
68,1
68,1
68,1
68,1
68,1
68,1
68,1
68,1
68,1
68,1
68,1
68,1
68,1
68,1
68,1
68,1
68,1
68,1
68,1
68,1
68,1
68,1
68,1
68,1
68,1
68,1
68,1
68,1
68,1
68,1
68,1
68,1
69,19
69,14
69,10
69,7
69,4
69,4
69,3
69,2
69,2
69,2
69,2
69,2
69,2
69,2
69,2
69,2
69,2
69,2
69,2
69,2
69,2
69,2
69,1
69,1
69,1
69,1
69,1
69,1
69,1
69,1
69,1
69,1
69,1
69,1
69,1
69,1
69,1
69,1
69,1
69,1
69,1
69,1
69,1
69,1
69,1
69,1
69,1
69,1
69,1
69,1
69,1
69,1
69,1
69,1
69,1
69,1
69,1
70,25
70,17
70,12
70,9
70,5
70,4
70,4
70,4
70,4
70,3
70,3
70,3
70,2
70,2
70,2
70,2
70,2
70,2
70,2
70,2
70,2
70,1
70,1
70,1
70,1
70,1
70,1
70,1
70,1
70,1
70,1
70,1
70,1
70,1
70,1
70,1
70,1
70,1
70,1
70,1
70,1
70,1
70,1
70,1
70,1
70,1
70,1
70,1
70,1
70,1
71,20
71,16
71,10
71,10
71,5
71,5
71,4
71,4
71,3
71,3
71,2
71,2
71,2
71,2
71,2
71,2
71,2
71,1
71,1
71,1
71,1
71,1
71,1
71,1
71,1
71,1
71,1
71,1
71,1
71,1
71,1
71,1
71,1
71,1
71,1
71,1
71,1
71,1
71,1
71,1
71,1
71,1
71,1
71,1
71,1
71,1
71,1
71,1
71,1
71,1
71,1
71,1
71,1
71,1
71,1
71,1
71,1
71,1
71,1
71,1
71,1
71,1
71,1
71,1
71,1
71,1
71,1
72,21
72,11
72,9
72,6
72,6
72,5
72,4
72,3
72,3
72,3
72,2
72,2
72,2
72,2
72,2
72,2
72,2
72,2
72,2
72,1
72,1
72,1
72,1
72,1
72,1
72,1
72,1
72,1
72,1
72,1
72,1
72,1
72,1
72,1
72,1
72,1
72,1
72,1
72,1
72,1
72,1
72,1
72,1
72,1
72,1
72,1
72,1
72,1
72,1
72,1
72,1
72,1
72,1
72,1
72,1
72,1
72,1
72,1
72,1
72,1
72,1
73,15
73,11
73,6
73,5
73,5
73,4
73,4
73,3
73,3
73,3
73,3
73,3
73,3
73,3
73,3
73,3
73,2
73,2
73,2
73,2
73,2
73,2
73,2
73,2
73,2
73,2
73,2
73,2
73,2
73,1
73,1
73,1
73,1
73,1
73,1
73,1
73,1
73,1
73,1
73,1
73,1
73,1
73,1
73,1
73,1
73,1
73,1
73,1
73,1
73,1
73,1
73,1
73,1
73,1
73,1
73,1
73,1
73,1
73,1
73,1
73,1
73,1
74,11
74,9
74,6
74,6
74,5
74,4
74,4
74,3
74,3
74,3
74,3
74,2
74,2
74,2
74,2
74,2
74,2
74,2
74,2
74,2
74,1
74,1
74,1
74,1
74,1
74,1
74,1
74,1
74,1
74,1
74,1
74,1
74,1
74,1
74,1
74,1
74,1
74,1
74,1
74,1
74,1
74,1
74,1
74,1
74,1
74,1
74,1
74,1
74,1
74,1
74,1
74,1
74,1
74,1
74,1
74,1
74,1
74,1
75,22
75,11
75,10
75,7
75,6
75,4
75,4
75,4
75,3
75,3
75,3
75,3
75,3
75,2
75,2
75,2
75,2
75,2
75,2
75,1
75,1
75,1
75,1
75,1
75,1
75,1
75,1
75,1
75,1
75,1
75,1
75,1
75,1
75,1
75,1
75,1
75,1
75,1
75,1
75,1
75,1
75,1
75,1
75,1
75,1
75,1
75,1
75,1
75,1
75,1
75,1
75,1
75,1
75,1
75,1
75,1
75,1
75,1
75,1
75,1
75,1
75,1
76,9
76,5
76,4
76,3
76,3
76,3
76,3
76,3
76,2
76,2
76,2
76,2
76,2
76,2
76,2
76,2
76,2
76,2
76,1
76,1
76,1
76,1
76,1
76,1
76,1
76,1
76,1
76,1
76,1
76,1
76,1
76,1
76,1
76,1
76,1
76,1
76,1
76,1
76,1
76,1
76,1
76,1
76,1
76,1
76,1
76,1
76,1
76,1
76,1
76,1
76,1
76,1
76,1
76,1
76,1
76,1
76,1
76,1
76,1
76,1
76,1
76,1
76,1
76,1
77,11
77,11
77,8
77,5
77,5
77,3
77,3
77,3
77,2
77,2
77,2
77,2
77,2
77,2
77,2
77,2
77,2
77,2
77,1
77,1
77,1
77,1
77,1
77,1
77,1
77,1
77,1
77,1
77,1
77,1
77,1
77,1
77,1
77,1
77,1
77,1
77,1
77,1
77,1
77,1
77,1
77,1
77,1
77,1
77,1
77,1
77,1
77,1
77,1
77,1
77,1
77,1
77,1
77,1
77,1
77,1
77,1
77,1
77,1
77,1
77,1
77,1
77,1
77,1
77,1
78,14
78,9
78,9
78,6
78,4
78,3
78,3
78,3
78,3
78,2
78,2
78,2
78,2
78,2
78,2
78,2
78,2
78,2
78,1
78,1
78,1
78,1
78,1
78,1
78,1
78,1
78,1
78,1
78,1
78,1
78,1
78,1
78,1
78,1
78,1
78,1
78,1
78,1
78,1
78,1
78,1
78,1
78,1
78,1
78,1
78,1
78,1
78,1
78,1
78,1
78,1
78,1
78,1
78,1
78,1
78,1
78,1
78,1
78,1
78,1
78,1
78,1
78,1
79,26
79,14
79,12
79,8
79,4
79,4
79,3
79,3
79,2
79,2
79,2
79,2
79,2
79,2
79,2
79,2
79,2
79,2
79,1
79,1
79,1
79,1
79,1
79,1
79,1
79,1
79,1
79,1
79,1
79,1
79,1
79,1
79,1
79,1
79,1
79,1
79,1
79,1
79,1
79,1
79,1
79,1
79,1
79,1
79,1
79,1
79,1
79,1
79,1
79,1
79,1
79,1
79,1
79,1
79,1
79,1
79,1
80,13
80,8
80,6
80,5
80,5
80,4
80,4
80,4
80,4
80,3
80,3
80,3
80,3
80,3
80,3
80,2
80,2
80,2
80,2
80,2
80,2
80,2
80,1
80,1
80,1
80,1
80,1
80,1
80,1
80,1
80,1
80,1
80,1
80,1
80,1
80,1
80,1
80,1
80,1
80,1
80,1
80,1
80,1
80,1
80,1
80,1
80,1
80,1
80,1
80,1
80,1
80,1
80,1
80,1
80,1
80,1
80,1
81,19
81,9
81,7
81,4
81,4
81,3
81,3
81,3
81,2
81,2
81,2
81,2
81,2
81,2
81,2
81,2
81,2
81,2
81,2
81,2
81,1
81,1
81,1
81,1
81,1
81,1
81,1
81,1
81,1
81,1
81,1
81,1
81,1
81,1
81,1
81,1
81,1
81,1
81,1
81,1
81,1
81,1
81,1
81,1
81,1
81,1
81,1
81,1
81,1
81,1
81,1
81,1
81,1
81,1
81,1
82,13
82,12
82,7
82,7
82,6
82,6
82,5
82,5
82,4
82,3
82,3
82,3
82,3
82,3
82,2
82,2
82,2
82,2
82,2
82,2
82,2
82,2
82,2
82,1
82,1
82,1
82,1
82,1
82,1
82,1
82,1
82,1
82,1
82,1
82,1
82,1
82,1
82,1
82,1
82,1
82,1
82,1
82,1
82,1
82,1
82,1
82,1
82,1
82,1
82,1
82,1
82,1
82,1
82,1
82,1
82,1
82,1
82,1
82,1
82,1
82,1
82,1
82,1
83,35
83,9
83,8
83,7
83,6
83,5
83,4
83,3
83,3
83,3
83,2
83,2
83,2
83,2
83,2
83,2
83,1
83,1
83,1
83,1
83,1
83,1
83,1
83,1
83,1
83,1
83,1
83,1
83,1
83,1
83,1
83,1
83,1
83,1
83,1
83,1
83,1
83,1
83,1
83,1
83,1
83,1
83,1
83,1
83,1
83,1
83,1
83,1
83,1
83,1
83,1
83,1
83,1
83,1
84,11
84,7
84,7
84,4
84,4
84,4
84,3
84,2
84,2
84,2
84,2
84,2
84,2
84,2
84,2
84,2
84,2
84,2
84,2
84,2
84,1
84,1
84,1
84,1
84,1
84,1
84,1
84,1
84,1
84,1
84,1
84,1
84,1
84,1
84,1
84,1
84,1
84,1
84,1
84,1
84,1
84,1
84,1
84,1
84,1
84,1
84,1
84,1
84,1
84,1
84,1
84,1
84,1
84,1
84,1
84,1
84,1
84,1
84,1
84,1
84,1
85,15
85,10
85,10
85,7
85,3
85,3
85,3
85,3
85,2
85,2
85,2
85,2
85,2
85,2
85,2
85,2
85,1
85,1
85,1
85,1
85,1
85,1
85,1
85,1
85,1
85,1
85,1
85,1
85,1
85,1
85,1
85,1
85,1
85,1
85,1
85,1
85,1
85,1
85,1
85,1
85,1
85,1
85,1
85,1
85,1
85,1
85,1
85,1
85,1
85,1
85,1
85,1
85,1
85,1
85,1
85,1
85,1
85,1
85,1
85,1
85,1
85,1
85,1
86,17
86,9
86,6
86,4
86,4
86,4
86,3
86,3
86,3
86,3
86,3
86,3
86,2
86,2
86,2
86,2
86,2
86,2
86,2
86,2
86,2
86,2
86,2
86,2
86,2
86,2
86,2
86,2
86,1
86,1
86,1
86,1
86,1
86,1
86,1
86,1
86,1
86,1
86,1
86,1
86,1
86,1
86,1
86,1
86,1
86,1
86,1
86,1
86,1
86,1
86,1
86,1
86,1
86,1
86,1
86,1
86,1
86,1
86,1
86,1
86,1
86,1
86,1
86,1
86,1
86,1
86,1
86,1
87,9
87,8
87,6
87,6
87,5
87,5
87,5
87,5
87,4
87,4
87,3
87,3
87,2
87,2
87,2
87,1
87,1
87,1
87,1
87,1
87,1
87,1
87,1
87,1
87,1
87,1
87,1
87,1
87,1
87,1
87,1
87,1
87,1
87,1
87,1
87,1
87,1
87,1
87,1
87,1
87,1
87,1
87,1
87,1
87,1
87,1
87,1
87,1
87,1
87,1
87,1
87,1
87,1
88,11
88,5
88,4
88,4
88,3
88,3
88,3
88,3
88,3
88,3
88,2
88,2
88,2
88,2
88,2
88,2
88,2
88,2
88,1
88,1
88,1
88,1
88,1
88,1
88,1
88,1
88,1
88,1
88,1
88,1
88,1
88,1
88,1
88,1
88,1
88,1
88,1
88,1
88,1
88,1
88,1
88,1
88,1
88,1
88,1
88,1
88,1
88,1
88,1
88,1
88,1
88,1
88,1
88,1
89,13
89,11
89,6
89,6
89,5
89,5
89,4
89,4
89,3
89,3
89,3
89,3
89,2
89,2
89,2
89,2
89,2
89,2
89,2
89,2
89,2
89,2
89,2
89,2
89,1
89,1
89,1
89,1
89,1
89,1
89,1
89,1
89,1
89,1
89,1
89,1
89,1
89,1
89,1
89,1
89,1
89,1
89,1
89,1
89,1
89,1
89,1
89,1
89,1
89,1
89,1
89,1
89,1
89,1
89,1
89,1
89,1
89,1
89,1
90,19
90,8
90,7
90,4
90,3
90,3
90,3
90,3
90,2
90,2
90,2
90,2
90,2
90,2
90,2
90,2
90,2
90,2
90,2
90,2
90,1
90,1
90,1
90,1
90,1
90,1
90,1
90,1
90,1
90,1
90,1
90,1
90,1
90,1
90,1
90,1
90,1
90,1
90,1
90,1
90,1
90,1
90,1
90,1
90,1
90,1
90,1
90,1
90,1
90,1
90,1
90,1
90,1
90,1
90,1
90,1
90,1
90,1
90,1
91,28
91,8
91,5
91,4
91,4
91,3
91,3
91,3
91,2
91,2
91,2
91,2
91,2
91,2
91,2
91,2
91,2
91,2
91,2
91,2
91,1
91,1
91,1
91,1
91,1
91,1
91,1
91,1
91,1
91,1
91,1
91,1
91,1
91,1
91,1
91,1
91,1
91,1
91,1
91,1
91,1
91,1
91,1
91,1
91,1
91,1
91,1
91,1
91,1
91,1
91,1
91,1
91,1
91,1
91,1
91,1
91,1
91,1
91,1
91,1
91,1
91,1
91,1
91,1
91,1
91,1
92,8
92,6
92,5
92,5
92,4
92,4
92,3
92,3
92,3
92,3
92,3
92,2
92,2
92,2
92,2
92,2
92,2
92,2
92,2
92,2
92,2
92,2
92,2
92,2
92,1
92,1
92,1
92,1
92,1
92,1
92,1
92,1
92,1
92,1
92,1
92,1
92,1
92,1
92,1
92,1
92,1
92,1
92,1
92,1
92,1
92,1
92,1
92,1
92,1
92,1
92,1
92,1
92,1
92,1
92,1
92,1
92,1
92,1
92,1
92,1
92,1
92,1
92,1
92,1
92,1
92,1
92,1
92,1
92,1
92,1
92,1
92,1
92,1
92,1
92,1
92,1
92,1
93,19
93,13
93,6
93,6
93,6
93,4
93,4
93,4
93,3
93,3
93,3
93,3
93,3
93,2
93,2
93,2
93,2
93,2
93,2
93,2
93,2
93,2
93,2
93,1
93,1
93,1
93,1
93,1
93,1
93,1
93,1
93,1
93,1
93,1
93,1
93,1
93,1
93,1
93,1
93,1
93,1
93,1
93,1
93,1
93,1
93,1
93,1
93,1
93,1
93,1
93,1
93,1
93,1
93,1
93,1
93,1
93,1
94,43
94,19
94,13
94,4
94,4
94,4
94,3
94,3
94,3
94,3
94,2
94,2
94,2
94,2
94,2
94,2
94,2
94,2
94,2
94,1
94,1
94,1
94,1
94,1
94,1
94,1
94,1
94,1
94,1
94,1
94,1
94,1
94,1
94,1
94,1
94,1
94,1
94,1
94,1
94,1
94,1
94,1
94,1
94,1
94,1
94,1
94,1
94,1
94,1
94,1
94,1
94,1
94,1
94,1
94,1
94,1
94,1
94,1
94,1
95,27
95,24
95,11
95,7
95,6
95,4
95,3
95,3
95,2
95,2
95,2
95,2
95,2
95,2
95,2
95,2
95,2
95,2
95,1
95,1
95,1
95,1
95,1
95,1
95,1
95,1
95,1
95,1
95,1
95,1
95,1
95,1
95,1
95,1
95,1
95,1
95,1
95,1
95,1
95,1
95,1
95,1
95,1
95,1
95,1
95,1
95,1
95,1
95,1
95,1
95,1
95,1
95,1
95,1
95,1
95,1
95,1
95,1
95,1
95,1
95,1
95,1
96,16
96,12
96,10
96,7
96,3
96,3
96,3
96,3
96,2
96,2
96,2
96,2
96,2
96,2
96,2
96,2
96,1
96,1
96,1
96,1
96,1
96,1
96,1
96,1
96,1
96,1
96,1
96,1
96,1
96,1
96,1
96,1
96,1
96,1
96,1
96,1
96,1
96,1
96,1
96,1
96,1
96,1
96,1
96,1
96,1
96,1
96,1
96,1
96,1
96,1
96,1
96,1
96,1
96,1
97,33
97,9
97,7
97,6
97,6
97,5
97,3
97,3
97,3
97,3
97,3
97,3
97,2
97,2
97,2
97,2
97,2
97,1
97,1
97,1
97,1
97,1
97,1
97,1
97,1
97,1
97,1
97,1
97,1
97,1
97,1
97,1
97,1
97,1
97,1
97,1
97,1
97,1
97,1
97,1
97,1
97,1
97,1
97,1
97,1
97,1
97,1
97,1
97,1
97,1
97,1
97,1
97,1
97,1
97,1
97,1
97,1
97,1
97,1
98,29
98,8
98,7
98,6
98,5
98,5
98,5
98,4
98,3
98,3
98,3
98,3
98,3
98,3
98,2
98,2
98,2
98,2
98,2
98,2
98,2
98,2
98,2
98,2
98,1
98,1
98,1
98,1
98,1
98,1
98,1
98,1
98,1
98,1
98,1
98,1
98,1
98,1
98,1
98,1
98,1
98,1
98,1
98,1
98,1
98,1
98,1
98,1
98,1
98,1
98,1
98,1
98,1
98,1
98,1
98,1
98,1
98,1
98,1
98,1
98,1
99,22
99,5
99,5
99,4
99,4
99,4
99,4
99,3
99,3
99,3
99,3
99,2
99,2
99,2
99,2
99,2
99,2
99,2
99,2
99,2
99,1
99,1
99,1
99,1
99,1
99,1
99,1
99,1
99,1
99,1
99,1
99,1
99,1
99,1
99,1
99,1
99,1
99,1
99,1
99,1
99,1
99,1
99,1
99,1
99,1
99,1
99,1
99,1
99,1
99,1
99,1
99,1
99,1
99,1
99,1
99,1
99,1
99,1
99,1
99,1
99,1
99,1
99,1
99,1
99,1
100,24
100,12
100,11
100,7
100,5
100,4
100,3
100,2
100,2
100,2
100,2
100,2
100,2
100,2
100,2
100,2
100,2
100,2
100,2
100,1
100,1
100,1
100,1
100,1
100,1
100,1
100,1
100,1
100,1
100,1
100,1
100,1
100,1
100,1
100,1
100,1
100,1
100,1
100,1
100,1
100,1
100,1
100,1
100,1
100,1
100,1
100,1
100,1
100,1
100,1
100,1
100,1
100,1
100,1
100,1
100,1
100,1
100,1
100,1
100,1
100,1
101,10
101,8
101,6
101,5
101,5
101,4
101,4
101,3
101,3
101,3
101,3
101,2
101,2
101,2
101,2
101,2
101,2
101,2
101,2
101,2
101,2
101,2
101,1
101,1
101,1
101,1
101,1
101,1
101,1
101,1
101,1
101,1
101,1
101,1
101,1
101,1
101,1
101,1
101,1
101,1
101,1
101,1
101,1
101,1
101,1
101,1
101,1
101,1
101,1
101,1
101,1
101,1
101,1
101,1
101,1
101,1
101,1
102,8
102,5
102,5
102,4
102,3
102,3
102,3
102,2
102,2
102,2
102,2
102,2
102,2
102,2
102,2
102,2
102,2
102,2
102,1
102,1
102,1
102,1
102,1
102,1
102,1
102,1
102,1
102,1
102,1
102,1
102,1
102,1
102,1
102,1
102,1
102,1
102,1
102,1
102,1
102,1
102,1
102,1
102,1
102,1
102,1
102,1
102,1
102,1
102,1
102,1
102,1
102,1
102,1
102,1
102,1
102,1
102,1
102,1
102,1
102,1
102,1
102,1
102,1
102,1
103,16
103,6
103,4
103,4
103,4
103,3
103,3
103,3
103,3
103,3
103,2
103,2
103,2
103,2
103,2
103,2
103,2
103,2
103,2
103,2
103,2
103,2
103,2
103,1
103,1
103,1
103,1
103,1
103,1
103,1
103,1
103,1
103,1
103,1
103,1
103,1
103,1
103,1
103,1
103,1
103,1
103,1
103,1
103,1
103,1
103,1
103,1
103,1
103,1
103,1
103,1
103,1
103,1
103,1
103,1
103,1
103,1
103,1
103,1
103,1
103,1
103,1
103,1
103,1
103,1
103,1
103,1
103,1
103,1
103,1
104,9
104,7
104,5
104,5
104,5
104,5
104,4
104,4
104,4
104,4
104,3
104,3
104,3
104,3
104,2
104,2
104,2
104,2
104,2
104,2
104,2
104,2
104,1
104,1
104,1
104,1
104,1
104,1
104,1
104,1
104,1
104,1
104,1
104,1
104,1
104,1
104,1
104,1
104,1
104,1
104,1
104,1
104,1
104,1
104,1
104,1
104,1
104,1
104,1
104,1
104,1
104,1
104,1
104,1
104,1
104,1
104,1
104,1
104,1
104,1
104,1
105,26
105,26
105,12
105,5
105,5
105,4
105,4
105,4
105,3
105,3
105,3
105,3
105,3
105,3
105,2
105,2
105,2
105,2
105,2
105,2
105,2
105,2
105,2
105,2
105,2
105,2
105,1
105,1
105,1
105,1
105,1
105,1
105,1
105,1
105,1
105,1
105,1
105,1
105,1
105,1
105,1
105,1
105,1
105,1
105,1
105,1
105,1
105,1
105,1
105,1
105,1
105,1
105,1
105,1
105,1
105,1
105,1
105,1
105,1
105,1
105,1
105,1
106,14
106,14
106,6
106,5
106,5
106,4
106,4
106,3
106,3
106,2
106,2
106,2
106,2
106,2
106,2
106,2
106,2
106,1
106,1
106,1
106,1
106,1
106,1
106,1
106,1
106,1
106,1
106,1
106,1
106,1
106,1
106,1
106,1
106,1
106,1
106,1
106,1
106,1
106,1
106,1
106,1
106,1
106,1
106,1
106,1
106,1
106,1
106,1
106,1
106,1
106,1
106,1
106,1
106,1
106,1
107,24
107,12
107,6
107,6
107,5
107,4
107,4
107,4
107,3
107,3
107,3
107,2
107,2
107,2
107,2
107,2
107,1
107,1
107,1
107,1
107,1
107,1
107,1
107,1
107,1
107,1
107,1
107,1
107,1
107,1
107,1
107,1
107,1
107,1
107,1
107,1
107,1
107,1
107,1
107,1
107,1
107,1
107,1
107,1
107,1
107,1
107,1
107,1
107,1
107,1
107,1
107,1
107,1
107,1
107,1
107,1
107,1
107,1
107,1
107,1
107,1
107,1
107,1
107,1
107,1
107,1
108,55
108,17
108,14
108,5
108,5
108,4
108,4
108,4
108,4
108,3
108,3
108,3
108,3
108,3
108,2
108,2
108,2
108,2
108,2
108,2
108,2
108,2
108,1
108,1
108,1
108,1
108,1
108,1
108,1
108,1
108,1
108,1
108,1
108,1
108,1
108,1
108,1
108,1
108,1
108,1
108,1
108,1
108,1
108,1
108,1
108,1
108,1
108,1
108,1
108,1
108,1
108,1
108,1
108,1
108,1
108,1
108,1
108,1
108,1
109,20
109,11
109,10
109,8
109,5
109,5
109,4
109,4
109,4
109,4
109,4
109,3
109,2
109,2
109,2
109,2
109,2
109,2
109,2
109,2
109,2
109,1
109,1
109,1
109,1
109,1
109,1
109,1
109,1
109,1
109,1
109,1
109,1
109,1
109,1
109,1
109,1
109,1
109,1
109,1
109,1
109,1
109,1
109,1
109,1
109,1
109,1
109,1
109,1
109,1
109,1
109,1
109,1
109,1
109,1
109,1
109,1
109,1
109,1
109,1
109,1
109,1
110,16
110,13
110,8
110,7
110,5
110,4
110,3
110,2
110,2
110,2
110,2
110,2
110,2
110,2
110,2
110,2
110,2
110,2
110,2
110,1
110,1
110,1
110,1
110,1
110,1
110,1
110,1
110,1
110,1
110,1
110,1
110,1
110,1
110,1
110,1
110,1
110,1
110,1
110,1
110,1
110,1
110,1
110,1
110,1
110,1
110,1
110,1
110,1
110,1
110,1
110,1
110,1
110,1
110,1
110,1
110,1
110,1
110,1
110,1
111,8
111,7
111,7
111,4
111,3
111,3
111,3
111,3
111,2
111,2
111,2
111,2
111,2
111,2
111,2
111,2
111,2
111,2
111,2
111,1
111,1
111,1
111,1
111,1
111,1
111,1
111,1
111,1
111,1
111,1
111,1
111,1
111,1
111,1
111,1
111,1
111,1
111,1
111,1
111,1
111,1
111,1
111,1
111,1
111,1
111,1
111,1
111,1
111,1
111,1
111,1
111,1
111,1
111,1
111,1
111,1
111,1
111,1
111,1
111,1
111,1
111,1
111,1
111,1
111,1
111,1
111,1
111,1
111,1
111,1
111,1
112,12
112,5
112,5
112,4
112,4
112,4
112,4
112,3
112,3
112,3
112,3
112,2
112,2
112,2
112,2
112,2
112,2
112,2
112,2
112,2
112,1
112,1
112,1
112,1
112,1
112,1
112,1
112,1
112,1
112,1
112,1
112,1
112,1
112,1
112,1
112,1
112,1
112,1
112,1
112,1
112,1
112,1
112,1
112,1
112,1
112,1
112,1
112,1
112,1
112,1
112,1
112,1
112,1
112,1
112,1
112,1
112,1
112,1
112,1
112,1
112,1
112,1
112,1
112,1
112,1
113,15
113,8
113,4
113,4
113,3
113,3
113,3
113,2
113,2
113,2
113,2
113,2
113,2
113,2
113,2
113,2
113,1
113,1
113,1
113,1
113,1
113,1
113,1
113,1
113,1
113,1
113,1
113,1
113,1
113,1
113,1
113,1
113,1
113,1
113,1
113,1
113,1
113,1
113,1
113,1
113,1
113,1
113,1
113,1
113,1
113,1
113,1
113,1
113,1
113,1
113,1
113,1
113,1
113,1
113,1
113,1
113,1
113,1
113,1
113,1
114,6
114,5
114,5
114,5
114,5
114,5
114,4
114,4
114,3
114,3
114,3
114,3
114,2
114,2
114,2
114,1
114,1
114,1
114,1
114,1
114,1
114,1
114,1
114,1
114,1
114,1
114,1
114,1
114,1
114,1
114,1
114,1
114,1
114,1
114,1
114,1
114,1
114,1
114,1
114,1
114,1
114,1
114,1
114,1
114,1
114,1
114,1
114,1
114,1
114,1
114,1
114,1
114,1
114,1
114,1
114,1
114,1
114,1
114,1
114,1
114,1
114,1
114,1
114,1
115,34
115,6
115,6
115,5
115,4
115,4
115,3
115,3
115,3
115,3
115,2
115,2
115,2
115,2
115,2
115,2
115,2
115,2
115,2
115,2
115,2
115,1
115,1
115,1
115,1
115,1
115,1
115,1
115,1
115,1
115,1
115,1
115,1
115,1
115,1
115,1
115,1
115,1
115,1
115,1
115,1
115,1
115,1
115,1
115,1
115,1
115,1
115,1
115,1
115,1
115,1
115,1
115,1
115,1
115,1
115,1
115,1
116,23
116,19
116,13
116,8
116,6
116,5
116,5
116,5
116,5
116,3
116,3
116,2
116,2
116,2
116,2
116,2
116,2
116,2
116,1
116,1
116,1
116,1
116,1
116,1
116,1
116,1
116,1
116,1
116,1
116,1
116,1
116,1
116,1
116,1
116,1
116,1
116,1
116,1
116,1
116,1
116,1
116,1
116,1
116,1
116,1
116,1
116,1
116,1
116,1
116,1
116,1
116,1
116,1
116,1
116,1
116,1
116,1
116,1
116,1
116,1
116,1
116,1
116,1
116,1
116,1
116,1
116,1
116,1
116,1
117,27
117,5
117,4
117,3
117,3
117,3
117,3
117,2
117,2
117,2
117,2
117,2
117,2
117,2
117,2
117,2
117,1
117,1
117,1
117,1
117,1
117,1
117,1
117,1
117,1
117,1
117,1
117,1
117,1
117,1
117,1
117,1
117,1
117,1
117,1
117,1
117,1
117,1
117,1
117,1
117,1
117,1
117,1
117,1
117,1
117,1
117,1
117,1
117,1
118,11
118,10
118,9
118,9
118,5
118,5
118,4
118,3
118,3
118,3
118,2
118,2
118,2
118,2
118,2
118,2
118,2
118,1
118,1
118,1
118,1
118,1
118,1
118,1
118,1
118,1
118,1
118,1
118,1
118,1
118,1
118,1
118,1
118,1
118,1
118,1
118,1
118,1
118,1
118,1
118,1
118,1
118,1
118,1
118,1
118,1
118,1
118,1
118,1
118,1
118,1
119,10
119,5
119,4
119,4
119,4
119,4
119,3
119,3
119,3
119,3
119,3
119,3
119,3
119,2
119,2
119,2
119,2
119,2
119,2
119,2
119,2
119,2
119,2
119,2
119,2
119,1
119,1
119,1
119,1
119,1
119,1
119,1
119,1
119,1
119,1
119,1
119,1
119,1
119,1
119,1
119,1
119,1
119,1
119,1
119,1
119,1
119,1
119,1
119,1
119,1
119,1
119,1
119,1
119,1
119,1
119,1
119,1
119,1
119,1
119,1
119,1
119,1
119,1
119,1
120,21
120,8
120,8
120,7
120,4
120,4
120,4
120,4
120,3
120,3
120,3
120,2
120,2
120,2
120,2
120,2
120,2
120,2
120,2
120,2
120,2
120,1
120,1
120,1
120,1
120,1
120,1
120,1
120,1
120,1
120,1
120,1
120,1
120,1
120,1
120,1
120,1
120,1
120,1
120,1
120,1
120,1
120,1
120,1
120,1
120,1
120,1
120,1
120,1
120,1
120,1
120,1
120,1
120,1
120,1
120,1
120,1
120,1
120,1
120,1
120,1
120,1
120,1
120,1
120,1
120,1
120,1
121,9
121,6
121,5
121,4
121,4
121,4
121,4
121,4
121,4
121,3
121,3
121,2
121,2
121,2
121,2
121,2
121,2
121,2
121,2
121,1
121,1
121,1
121,1
121,1
121,1
121,1
121,1
121,1
121,1
121,1
121,1
121,1
121,1
121,1
121,1
121,1
121,1
121,1
121,1
121,1
121,1
121,1
121,1
121,1
121,1
121,1
121,1
121,1
121,1
121,1
121,1
121,1
121,1
121,1
121,1
121,1
121,1
121,1
121,1
121,1
121,1
121,1
121,1
121,1
121,1
122,15
122,5
122,5
122,5
122,4
122,4
122,3
122,3
122,3
122,3
122,3
122,2
122,2
122,2
122,2
122,2
122,2
122,2
122,2
122,2
122,1
122,1
122,1
122,1
122,1
122,1
122,1
122,1
122,1
122,1
122,1
122,1
122,1
122,1
122,1
122,1
122,1
122,1
122,1
122,1
122,1
122,1
122,1
122,1
122,1
122,1
122,1
122,1
122,1
122,1
122,1
122,1
122,1
122,1
122,1
122,1
122,1
122,1
122,1
122,1
122,1
123,11
123,6
123,4
123,4
123,4
123,4
123,4
123,4
123,3
123,2
123,2
123,2
123,2
123,2
123,2
123,2
123,2
123,1
123,1
123,1
123,1
123,1
123,1
123,1
123,1
123,1
123,1
123,1
123,1
123,1
123,1
123,1
123,1
123,1
123,1
123,1
123,1
123,1
123,1
123,1
123,1
123,1
123,1
123,1
123,1
123,1
123,1
123,1
123,1
123,1
123,1
123,1
123,1
123,1
123,1
123,1
123,1
123,1
123,1
123,1
123,1
123,1
123,1
123,1
123,1
123,1
123,1
123,1
124,10
124,6
124,6
124,5
124,5
124,4
124,4
124,3
124,3
124,3
124,3
124,2
124,2
124,2
124,2
124,2
124,2
124,2
124,2
124,2
124,2
124,2
124,1
124,1
124,1
124,1
124,1
124,1
124,1
124,1
124,1
124,1
124,1
124,1
124,1
124,1
124,1
124,1
124,1
124,1
124,1
124,1
124,1
124,1
124,1
124,1
124,1
124,1
124,1
124,1
124,1
124,1
124,1
124,1
124,1
124,1
124,1
124,1
124,1
124,1
124,1
124,1
124,1
124,1
124,1
124,1
125,27
125,10
125,8
125,6
125,6
125,5
125,4
125,4
125,4
125,3
125,3
125,3
125,3
125,3
125,3
125,3
125,2
125,2
125,2
125,2
125,2
125,2
125,2
125,2
125,2
125,2
125,2
125,1
125,1
125,1
125,1
125,1
125,1
125,1
125,1
125,1
125,1
125,1
125,1
125,1
125,1
125,1
125,1
125,1
125,1
125,1
125,1
125,1
125,1
125,1
125,1
125,1
125,1
125,1
125,1
125,1
125,1
125,1
125,1
125,1
125,1
125,1
125,1
125,1
125,1
125,1
125,1
125,1
125,1
125,1
126,23
126,19
126,4
126,3
126,3
126,3
126,3
126,3
126,2
126,2
126,2
126,2
126,2
126,2
126,1
126,1
126,1
126,1
126,1
126,1
126,1
126,1
126,1
126,1
126,1
126,1
126,1
126,1
126,1
126,1
126,1
126,1
126,1
126,1
126,1
126,1
126,1
126,1
126,1
126,1
126,1
126,1
126,1
126,1
126,1
126,1
126,1
126,1
126,1
127,31
127,16
127,5
127,4
127,4
127,3
127,3
127,3
127,3
127,3
127,3
127,3
127,3
127,3
127,2
127,2
127,2
127,2
127,2
127,2
127,2
127,2
127,2
127,2
127,1
127,1
127,1
127,1
127,1
127,1
127,1
127,1
127,1
127,1
127,1
127,1
127,1
127,1
127,1
127,1
127,1
127,1
127,1
127,1
127,1
127,1
127,1
127,1
127,1
127,1
127,1
127,1
127,1
127,1
127,1
127,1
127,1
127,1
127,1
127,1
127,1
127,1
127,1
127,1
127,1
127,1
127,1
127,1
127,1
127,1
127,1
127,1
128,6
128,6
128,5
128,5
128,4
128,4
128,3
128,3
128,3
128,3
128,2
128,2
128,2
128,2
128,2
128,2
128,2
128,2
128,2
128,2
128,2
128,2
128,2
128,1
128,1
128,1
128,1
128,1
128,1
128,1
128,1
128,1
128,1
128,1
128,1
128,1
128,1
128,1
128,1
128,1
128,1
128,1
128,1
128,1
128,1
128,1
128,1
128,1
128,1
128,1
128,1
128,1
128,1
128,1
128,1
128,1
128,1
128,1
128,1
128,1
128,1
128,1
128,1
128,1
128,1
128,1
128,1
128,1
128,1
128,1
128,1
128,1
128,1
129,15
129,6
129,4
129,4
129,3
129,3
129,3
129,3
129,3
129,3
129,3
129,3
129,2
129,2
129,2
129,2
129,2
129,2
129,1
129,1
129,1
129,1
129,1
129,1
129,1
129,1
129,1
129,1
129,1
129,1
129,1
129,1
129,1
129,1
129,1
129,1
129,1
129,1
129,1
129,1
129,1
129,1
129,1
129,1
129,1
129,1
129,1
129,1
129,1
129,1
129,1
129,1
129,1
129,1
129,1
129,1
129,1
129,1
130,7
130,6
130,4
130,4
130,4
130,3
130,3
130,3
130,3
130,3
130,3
130,2
130,2
130,2
130,2
130,2
130,2
130,2
130,2
130,2
130,2
130,1
130,1
130,1
130,1
130,1
130,1
130,1
130,1
130,1
130,1
130,1
130,1
130,1
130,1
130,1
130,1
130,1
130,1
130,1
130,1
130,1
130,1
130,1
130,1
130,1
130,1
130,1
130,1
130,1
130,1
130,1
130,1
130,1
130,1
130,1
130,1
130,1
130,1
130,1
130,1
131,15
131,11
131,8
131,7
131,5
131,4
131,4
131,3
131,3
131,3
131,3
131,3
131,3
131,2
131,2
131,2
131,2
131,1
131,1
131,1
131,1
131,1
131,1
131,1
131,1
131,1
131,1
131,1
131,1
131,1
131,1
131,1
131,1
131,1
131,1
131,1
131,1
131,1
131,1
131,1
131,1
131,1
131,1
131,1
131,1
131,1
131,1
131,1
131,1
131,1
131,1
132,14
132,9
132,9
132,6
132,4
132,3
132,3
132,3
132,3
132,2
132,2
132,2
132,2
132,2
132,2
132,2
132,2
132,2
132,1
132,1
132,1
132,1
132,1
132,1
132,1
132,1
132,1
132,1
132,1
132,1
132,1
132,1
132,1
132,1
132,1
132,1
132,1
132,1
132,1
132,1
132,1
132,1
132,1
132,1
132,1
132,1
132,1
132,1
132,1
132,1
132,1
132,1
132,1
132,1
132,1
132,1
132,1
132,1
132,1
132,1
132,1
132,1
132,1
133,24
133,10
133,9
133,8
133,8
133,7
133,3
133,3
133,3
133,2
133,2
133,2
133,2
133,2
133,1
133,1
133,1
133,1
133,1
133,1
133,1
133,1
133,1
133,1
133,1
133,1
133,1
133,1
133,1
133,1
133,1
133,1
133,1
133,1
133,1
133,1
133,1
133,1
133,1
133,1
133,1
133,1
133,1
133,1
133,1
133,1
133,1
133,1
133,1
133,1
133,1
133,1
133,1
134,17
134,6
134,5
134,5
134,4
134,4
134,3
134,3
134,3
134,3
134,2
134,2
134,2
134,2
134,2
134,2
134,1
134,1
134,1
134,1
134,1
134,1
134,1
134,1
134,1
134,1
134,1
134,1
134,1
134,1
134,1
134,1
134,1
134,1
134,1
134,1
134,1
134,1
134,1
134,1
134,1
134,1
134,1
134,1
134,1
134,1
134,1
134,1
134,1
134,1
134,1
134,1
134,1
134,1
134,1
134,1
134,1
134,1
134,1
134,1
134,1
134,1
135,29
135,24
135,7
135,6
135,4
135,4
135,4
135,3
135,3
135,3
135,3
135,3
135,2
135,2
135,2
135,2
135,2
135,2
135,2
135,2
135,2
135,2
135,1
135,1
135,1
135,1
135,1
135,1
135,1
135,1
135,1
135,1
135,1
135,1
135,1
135,1
135,1
135,1
135,1
135,1
135,1
135,1
135,1
135,1
135,1
135,1
135,1
135,1
135,1
135,1
135,1
135,1
135,1
135,1
135,1
135,1
135,1
136,7
136,7
136,6
136,5
136,5
136,5
136,4
136,3
136,3
136,3
136,3
136,3
136,2
136,2
136,2
136,2
136,2
136,2
136,2
136,2
136,2
136,2
136,2
136,2
136,2
136,2
136,1
136,1
136,1
136,1
136,1
136,1
136,1
136,1
136,1
136,1
136,1
136,1
136,1
136,1
136,1
136,1
136,1
136,1
136,1
136,1
136,1
136,1
136,1
136,1
136,1
136,1
136,1
136,1
136,1
136,1
136,1
136,1
136,1
136,1
136,1
136,1
137,43
137,7
137,6
137,6
137,4
137,4
137,4
137,4
137,3
137,3
137,3
137,3
137,3
137,2
137,2
137,2
137,2
137,2
137,2
137,2
137,2
137,1
137,1
137,1
137,1
137,1
137,1
137,1
137,1
137,1
137,1
137,1
137,1
137,1
137,1
137,1
137,1
137,1
137,1
137,1
137,1
137,1
137,1
137,1
137,1
137,1
137,1
137,1
137,1
137,1
137,1
137,1
137,1
137,1
137,1
137,1
137,1
137,1
137,1
137,1
137,1
138,8
138,7
138,6
138,5
138,4
138,3
138,3
138,3
138,3
138,3
138,3
138,3
138,2
138,2
138,2
138,2
138,2
138,2
138,2
138,2
138,1
138,1
138,1
138,1
138,1
138,1
138,1
138,1
138,1
138,1
138,1
138,1
138,1
138,1
138,1
138,1
138,1
138,1
138,1
138,1
138,1
138,1
138,1
138,1
138,1
138,1
138,1
138,1
138,1
138,1
138,1
138,1
138,1
138,1
138,1
138,1
138,1
138,1
138,1
138,1
138,1
138,1
138,1
138,1
138,1
138,1
138,1
139,17
139,9
139,8
139,4
139,3
139,3
139,3
139,3
139,3
139,3
139,3
139,3
139,2
139,2
139,2
139,2
139,2
139,2
139,2
139,2
139,1
139,1
139,1
139,1
139,1
139,1
139,1
139,1
139,1
139,1
139,1
139,1
139,1
139,1
139,1
139,1
139,1
139,1
139,1
139,1
139,1
139,1
139,1
139,1
139,1
139,1
139,1
139,1
139,1
139,1
139,1
139,1
139,1
139,1
139,1
139,1
139,1
139,1
139,1
139,1
139,1
139,1
140,53
140,14
140,11
140,5
140,5
140,4
140,3
140,3
140,3
140,3
140,2
140,2
140,2
140,2
140,2
140,2
140,2
140,2
140,1
140,1
140,1
140,1
140,1
140,1
140,1
140,1
140,1
140,1
140,1
140,1
140,1
140,1
140,1
140,1
140,1
140,1
140,1
140,1
140,1
140,1
140,1
140,1
140,1
140,1
140,1
140,1
140,1
140,1
140,1
140,1
140,1
140,1
140,1
140,1
140,1
140,1
140,1
140,1
141,13
141,10
141,8
141,6
141,6
141,6
141,4
141,4
141,4
141,3
141,3
141,3
141,2
141,2
141,2
141,2
141,2
141,2
141,2
141,2
141,2
141,2
141,2
141,2
141,1
141,1
141,1
141,1
141,1
141,1
141,1
141,1
141,1
141,1
141,1
141,1
141,1
141,1
141,1
141,1
141,1
141,1
141,1
141,1
141,1
141,1
141,1
141,1
141,1
141,1
141,1
141,1
141,1
141,1
142,12
142,7
142,7
142,5
142,4
142,4
142,4
142,3
142,3
142,2
142,2
142,2
142,2
142,2
142,2
142,2
142,2
142,2
142,2
142,2
142,1
142,1
142,1
142,1
142,1
142,1
142,1
142,1
142,1
142,1
142,1
142,1
142,1
142,1
142,1
142,1
142,1
142,1
142,1
142,1
142,1
142,1
142,1
142,1
142,1
142,1
142,1
142,1
142,1
142,1
142,1
142,1
142,1
142,1
142,1
142,1
142,1
142,1
142,1
142,1
142,1
142,1
142,1
142,1
143,23
143,7
143,5
143,4
143,4
143,3
143,3
143,3
143,3
143,3
143,2
143,2
143,2
143,2
143,2
143,2
143,2
143,2
143,2
143,2
143,2
143,2
143,2
143,2
143,1
143,1
143,1
143,1
143,1
143,1
143,1
143,1
143,1
143,1
143,1
143,1
143,1
143,1
143,1
143,1
143,1
143,1
143,1
143,1
143,1
143,1
143,1
143,1
143,1
143,1
143,1
143,1
143,1
143,1
143,1
143,1
143,1
143,1
143,1
143,1
143,1
143,1
143,1
143,1
143,1
143,1
144,10
144,6
144,6
144,5
144,2
144,2
144,2
144,2
144,2
144,2
144,2
144,2
144,1
144,1
144,1
144,1
144,1
144,1
144,1
144,1
144,1
144,1
144,1
144,1
144,1
144,1
144,1
144,1
144,1
144,1
144,1
144,1
144,1
144,1
144,1
144,1
144,1
144,1
144,1
144,1
144,1
144,1
144,1
144,1
144,1
144,1
144,1
144,1
144,1
144,1
144,1
144,1
144,1
144,1
144,1
144,1
144,1
145,8
145,7
145,7
145,5
145,5
145,3
145,3
145,3
145,3
145,2
145,2
145,2
145,2
145,2
145,2
145,2
145,2
145,1
145,1
145,1
145,1
145,1
145,1
145,1
145,1
145,1
145,1
145,1
145,1
145,1
145,1
145,1
145,1
145,1
145,1
145,1
145,1
145,1
145,1
145,1
145,1
145,1
145,1
145,1
145,1
145,1
145,1
145,1
145,1
145,1
145,1
145,1
145,1
145,1
145,1
145,1
145,1
146,23
146,17
146,7
146,7
146,6
146,3
146,3
146,3
146,3
146,3
146,2
146,2
146,2
146,2
146,2
146,2
146,2
146,2
146,2
146,2
146,2
146,2
146,2
146,1
146,1
146,1
146,1
146,1
146,1
146,1
146,1
146,1
146,1
146,1
146,1
146,1
146,1
146,1
146,1
146,1
146,1
146,1
146,1
146,1
146,1
146,1
146,1
146,1
146,1
146,1
146,1
146,1
146,1
146,1
146,1
146,1
146,1
146,1
146,1
146,1
146,1
147,15
147,9
147,8
147,7
147,5
147,4
147,4
147,3
147,3
147,3
147,3
147,2
147,2
147,2
147,2
147,2
147,1
147,1
147,1
147,1
147,1
147,1
147,1
147,1
147,1
147,1
147,1
147,1
147,1
147,1
147,1
147,1
147,1
147,1
147,1
147,1
147,1
147,1
147,1
147,1
147,1
147,1
147,1
147,1
147,1
147,1
147,1
147,1
147,1
147,1
147,1
147,1
147,1
147,1
147,1
148,17
148,5
148,4
148,4
148,3
148,3
148,3
148,3
148,3
148,2
148,2
148,2
148,2
148,2
148,2
148,2
148,2
148,2
148,2
148,1
148,1
148,1
148,1
148,1
148,1
148,1
148,1
148,1
148,1
148,1
148,1
148,1
148,1
148,1
148,1
148,1
148,1
148,1
148,1
148,1
148,1
148,1
148,1
148,1
148,1
148,1
148,1
148,1
148,1
148,1
148,1
148,1
148,1
148,1
149,19
149,13
149,12
149,11
149,4
149,4
149,4
149,3
149,2
149,2
149,2
149,2
149,2
149,2
149,2
149,2
149,1
149,1
149,1
149,1
149,1
149,1
149,1
149,1
149,1
149,1
149,1
149,1
149,1
149,1
149,1
149,1
149,1
149,1
149,1
149,1
149,1
149,1
149,1
149,1
149,1
149,1
149,1
149,1
149,1
149,1
149,1
149,1
149,1
149,1
149,1
149,1
149,1
149,1
149,1
149,1
149,1
149,1
150,16
150,12
150,8
150,6
150,4
150,3
150,3
150,3
150,2
150,2
150,2
150,2
150,2
150,2
150,2
150,2
150,2
150,1
150,1
150,1
150,1
150,1
150,1
150,1
150,1
150,1
150,1
150,1
150,1
150,1
150,1
150,1
150,1
150,1
150,1
150,1
150,1
150,1
150,1
150,1
150,1
150,1
150,1
150,1
150,1
150,1
150,1
150,1
150,1
150,1
150,1
150,1
150,1
151,14
151,11
151,10
151,7
151,7
151,4
151,4
151,4
151,4
151,3
151,3
151,3
151,2
151,2
151,2
151,2
151,2
151,2
151,1
151,1
151,1
151,1
151,1
151,1
151,1
151,1
151,1
151,1
151,1
151,1
151,1
151,1
151,1
151,1
151,1
151,1
151,1
151,1
151,1
151,1
151,1
151,1
151,1
151,1
151,1
151,1
151,1
151,1
151,1
151,1
151,1
151,1
151,1
151,1
151,1
151,1
151,1
151,1
151,1
152,4
152,4
152,4
152,3
152,3
152,3
152,3
152,3
152,3
152,2
152,2
152,2
152,2
152,2
152,2
152,2
152,2
152,2
152,2
152,1
152,1
152,1
152,1
152,1
152,1
152,1
152,1
152,1
152,1
152,1
152,1
152,1
152,1
152,1
152,1
152,1
152,1
152,1
152,1
152,1
152,1
152,1
152,1
152,1
152,1
152,1
152,1
152,1
152,1
152,1
152,1
152,1
152,1
152,1
152,1
152,1
152,1
152,1
152,1
152,1
152,1
152,1
152,1
152,1
152,1
152,1
152,1
152,1
152,1
152,1
152,1
152,1
153,16
153,16
153,12
153,12
153,8
153,7
153,5
153,5
153,4
153,4
153,4
153,4
153,3
153,3
153,3
153,3
153,2
153,2
153,2
153,2
153,2
153,2
153,2
153,2
153,2
153,2
153,2
153,1
153,1
153,1
153,1
153,1
153,1
153,1
153,1
153,1
153,1
153,1
153,1
153,1
153,1
153,1
153,1
153,1
153,1
153,1
153,1
153,1
153,1
153,1
153,1
153,1
153,1
153,1
153,1
153,1
153,1
153,1
153,1
153,1
154,45
154,13
154,6
154,4
154,3
154,3
154,3
154,3
154,2
154,2
154,2
154,2
154,2
154,2
154,2
154,2
154,2
154,2
154,2
154,1
154,1
154,1
154,1
154,1
154,1
154,1
154,1
154,1
154,1
154,1
154,1
154,1
154,1
154,1
154,1
154,1
154,1
154,1
154,1
154,1
154,1
154,1
154,1
154,1
154,1
154,1
154,1
154,1
154,1
154,1
154,1
154,1
154,1
154,1
154,1
154,1
154,1
154,1
154,1
154,1
154,1
154,1
154,1
154,1
154,1
154,1
155,18
155,11
155,9
155,8
155,5
155,4
155,2
155,2
155,2
155,2
155,2
155,2
155,2
155,2
155,2
155,1
155,1
155,1
155,1
155,1
155,1
155,1
155,1
155,1
155,1
155,1
155,1
155,1
155,1
155,1
155,1
155,1
155,1
155,1
155,1
155,1
155,1
155,1
155,1
155,1
155,1
155,1
155,1
155,1
155,1
155,1
155,1
155,1
155,1
155,1
155,1
155,1
155,1
155,1
155,1
155,1
155,1
155,1
155,1
155,1
155,1
155,1
156,22
156,18
156,10
156,5
156,5
156,3
156,3
156,3
156,3
156,3
156,3
156,2
156,2
156,2
156,2
156,2
156,2
156,2
156,2
156,1
156,1
156,1
156,1
156,1
156,1
156,1
156,1
156,1
156,1
156,1
156,1
156,1
156,1
156,1
156,1
156,1
156,1
156,1
156,1
156,1
156,1
156,1
156,1
156,1
156,1
156,1
156,1
156,1
156,1
156,1
156,1
156,1
156,1
156,1
157,58
157,22
157,9
157,7
157,6
157,5
157,4
157,3
157,3
157,3
157,2
157,2
157,2
157,2
157,2
157,2
157,2
157,2
157,2
157,2
157,1
157,1
157,1
157,1
157,1
157,1
157,1
157,1
157,1
157,1
157,1
157,1
157,1
157,1
157,1
157,1
157,1
157,1
157,1
157,1
157,1
157,1
157,1
157,1
157,1
157,1
157,1
157,1
157,1
157,1
157,1
157,1
157,1
157,1
157,1
157,1
157,1
157,1
157,1
157,1
157,1
157,1
157,1
157,1
158,7
158,6
158,5
158,3
158,3
158,3
158,3
158,3
158,2
158,2
158,2
158,2
158,2
158,2
158,2
158,2
158,2
158,1
158,1
158,1
158,1
158,1
158,1
158,1
158,1
158,1
158,1
158,1
158,1
158,1
158,1
158,1
158,1
158,1
158,1
158,1
158,1
158,1
158,1
158,1
158,1
158,1
158,1
158,1
158,1
158,1
158,1
158,1
158,1
158,1
158,1
158,1
158,1
159,19
159,9
159,7
159,6
159,6
159,5
159,4
159,4
159,3
159,3
159,3
159,3
159,2
159,2
159,2
159,2
159,2
159,1
159,1
159,1
159,1
159,1
159,1
159,1
159,1
159,1
159,1
159,1
159,1
159,1
159,1
159,1
159,1
159,1
159,1
159,1
159,1
159,1
159,1
159,1
159,1
159,1
159,1
159,1
159,1
159,1
159,1
159,1
159,1
159,1
159,1
159,1
159,1
159,1
159,1
159,1
159,1
159,1
159,1
159,1
159,1
159,1
159,1
159,1
159,1
159,1
159,1
159,1
160,7
160,7
160,5
160,5
160,3
160,3
160,3
160,3
160,3
160,3
160,3
160,2
160,2
160,2
160,2
160,2
160,2
160,2
160,2
160,2
160,2
160,2
160,2
160,2
160,1
160,1
160,1
160,1
160,1
160,1
160,1
160,1
160,1
160,1
160,1
160,1
160,1
160,1
160,1
160,1
160,1
160,1
160,1
160,1
160,1
160,1
160,1
160,1
160,1
160,1
160,1
160,1
160,1
160,1
160,1
160,1
160,1
160,1
160,1
161,15
161,7
161,5
161,5
161,4
161,4
161,4
161,4
161,3
161,3
161,3
161,3
161,3
161,2
161,2
161,2
161,2
161,2
161,2
161,2
161,2
161,2
161,2
161,2
161,2
161,1
161,1
161,1
161,1
161,1
161,1
161,1
161,1
161,1
161,1
161,1
161,1
161,1
161,1
161,1
161,1
161,1
161,1
161,1
161,1
161,1
161,1
161,1
161,1
161,1
161,1
161,1
161,1
161,1
161,1
161,1
161,1
161,1
161,1
161,1
162,28
162,6
162,6
162,5
162,5
162,4
162,4
162,4
162,4
162,3
162,2
162,2
162,2
162,2
162,2
162,2
162,2
162,2
162,2
162,1
162,1
162,1
162,1
162,1
162,1
162,1
162,1
162,1
162,1
162,1
162,1
162,1
162,1
162,1
162,1
162,1
162,1
162,1
162,1
162,1
162,1
162,1
162,1
162,1
162,1
162,1
162,1
162,1
162,1
162,1
162,1
162,1
162,1
162,1
162,1
162,1
162,1
162,1
162,1
162,1
162,1
162,1
162,1
162,1
162,1
162,1
162,1
163,8
163,8
163,8
163,7
163,3
163,3
163,3
163,3
163,3
163,3
163,3
163,2
163,2
163,2
163,2
163,2
163,2
163,2
163,2
163,2
163,1
163,1
163,1
163,1
163,1
163,1
163,1
163,1
163,1
163,1
163,1
163,1
163,1
163,1
163,1
163,1
163,1
163,1
163,1
163,1
163,1
163,1
163,1
163,1
163,1
163,1
163,1
163,1
163,1
163,1
163,1
163,1
163,1
163,1
163,1
163,1
163,1
163,1
163,1
163,1
164,48
164,35
164,10
164,6
164,5
164,4
164,3
164,3
164,3
164,3
164,2
164,2
164,2
164,2
164,2
164,2
164,2
164,2
164,1
164,1
164,1
164,1
164,1
164,1
164,1
164,1
164,1
164,1
164,1
164,1
164,1
164,1
164,1
164,1
164,1
164,1
164,1
164,1
164,1
164,1
164,1
164,1
164,1
164,1
164,1
164,1
164,1
164,1
164,1
164,1
164,1
164,1
164,1
164,1
165,43
165,17
165,8
165,6
165,6
165,5
165,4
165,4
165,4
165,3
165,3
165,3
165,2
165,2
165,2
165,2
165,2
165,2
165,2
165,2
165,1
165,1
165,1
165,1
165,1
165,1
165,1
165,1
165,1
165,1
165,1
165,1
165,1
165,1
165,1
165,1
165,1
165,1
165,1
165,1
165,1
165,1
165,1
165,1
165,1
165,1
165,1
165,1
165,1
165,1
165,1
165,1
165,1
165,1
165,1
165,1
165,1
165,1
165,1
165,1
166,34
166,10
166,8
166,5
166,5
166,4
166,3
166,3
166,3
166,3
166,3
166,3
166,3
166,3
166,2
166,2
166,2
166,2
166,2
166,2
166,2
166,1
166,1
166,1
166,1
166,1
166,1
166,1
166,1
166,1
166,1
166,1
166,1
166,1
166,1
166,1
166,1
166,1
166,1
166,1
166,1
166,1
166,1
166,1
166,1
166,1
166,1
166,1
166,1
166,1
166,1
166,1
166,1
166,1
166,1
166,1
166,1
166,1
166,1
166,1
166,1
167,9
167,8
167,6
167,6
167,5
167,5
167,5
167,5
167,4
167,4
167,3
167,3
167,2
167,2
167,2
167,1
167,1
167,1
167,1
167,1
167,1
167,1
167,1
167,1
167,1
167,1
167,1
167,1
167,1
167,1
167,1
167,1
167,1
167,1
167,1
167,1
167,1
167,1
167,1
167,1
167,1
167,1
167,1
167,1
167,1
167,1
167,1
167,1
167,1
167,1
167,1
167,1
167,1
168,13
168,8
168,8
168,5
168,5
168,5
168,4
168,3
168,3
168,3
168,2
168,2
168,2
168,2
168,2
168,2
168,2
168,2
168,2
168,1
168,1
168,1
168,1
168,1
168,1
168,1
168,1
168,1
168,1
168,1
168,1
168,1
168,1
168,1
168,1
168,1
168,1
168,1
168,1
168,1
168,1
168,1
168,1
168,1
168,1
168,1
168,1
168,1
168,1
168,1
168,1
168,1
168,1
168,1
168,1
168,1
168,1
168,1
168,1
168,1
168,1
168,1
168,1
168,1
168,1
168,1
168,1
168,1
168,1
169,30
169,14
169,6
169,5
169,5
169,4
169,4
169,3
169,3
169,3
169,2
169,2
169,2
169,2
169,2
169,2
169,2
169,2
169,1
169,1
169,1
169,1
169,1
169,1
169,1
169,1
169,1
169,1
169,1
169,1
169,1
169,1
169,1
169,1
169,1
169,1
169,1
169,1
169,1
169,1
169,1
169,1
169,1
169,1
169,1
169,1
169,1
169,1
169,1
169,1
170,23
170,9
170,8
170,5
170,5
170,5
170,4
170,4
170,3
170,3
170,3
170,3
170,2
170,2
170,2
170,2
170,2
170,2
170,2
170,2
170,2
170,2
170,2
170,2
170,2
170,1
170,1
170,1
170,1
170,1
170,1
170,1
170,1
170,1
170,1
170,1
170,1
170,1
170,1
170,1
170,1
170,1
170,1
170,1
170,1
170,1
170,1
170,1
170,1
170,1
170,1
170,1
170,1
170,1
170,1
170,1
170,1
170,1
171,25
171,12
171,7
171,6
171,5
171,4
171,4
171,3
171,3
171,3
171,3
171,3
171,2
171,2
171,2
171,2
171,2
171,2
171,2
171,2
171,2
171,2
171,2
171,2
171,1
171,1
171,1
171,1
171,1
171,1
171,1
171,1
171,1
171,1
171,1
171,1
171,1
171,1
171,1
171,1
171,1
171,1
171,1
171,1
171,1
171,1
171,1
171,1
171,1
171,1
171,1
171,1
171,1
171,1
171,1
171,1
171,1
171,1
171,1
172,15
172,11
172,6
172,4
172,4
172,4
172,3
172,3
172,3
172,2
172,2
172,2
172,2
172,2
172,2
172,2
172,2
172,2
172,2
172,2
172,2
172,2
172,2
172,1
172,1
172,1
172,1
172,1
172,1
172,1
172,1
172,1
172,1
172,1
172,1
172,1
172,1
172,1
172,1
172,1
172,1
172,1
172,1
172,1
172,1
172,1
172,1
172,1
172,1
172,1
172,1
172,1
172,1
172,1
172,1
172,1
172,1
173,29
173,24
173,7
173,6
173,4
173,4
173,4
173,3
173,3
173,3
173,3
173,3
173,2
173,2
173,2
173,2
173,2
173,2
173,2
173,2
173,2
173,2
173,1
173,1
173,1
173,1
173,1
173,1
173,1
173,1
173,1
173,1
173,1
173,1
173,1
173,1
173,1
173,1
173,1
173,1
173,1
173,1
173,1
173,1
173,1
173,1
173,1
173,1
173,1
173,1
173,1
173,1
173,1
173,1
173,1
173,1
173,1
174,13
174,7
174,7
174,4
174,4
174,4
174,4
174,3
174,3
174,3
174,2
174,2
174,2
174,2
174,2
174,2
174,2
174,2
174,2
174,2
174,2
174,1
174,1
174,1
174,1
174,1
174,1
174,1
174,1
174,1
174,1
174,1
174,1
174,1
174,1
174,1
174,1
174,1
174,1
174,1
174,1
174,1
174,1
174,1
174,1
174,1
174,1
174,1
174,1
174,1
174,1
174,1
175,14
175,10
175,5
175,4
175,4
175,4
175,3
175,3
175,3
175,3
175,3
175,2
175,2
175,2
175,2
175,2
175,2
175,2
175,2
175,2
175,2
175,2
175,2
175,2
175,2
175,2
175,1
175,1
175,1
175,1
175,1
175,1
175,1
175,1
175,1
175,1
175,1
175,1
175,1
175,1
175,1
175,1
175,1
175,1
175,1
175,1
175,1
175,1
175,1
175,1
175,1
175,1
175,1
175,1
175,1
175,1
175,1
175,1
175,1
175,1
175,1
175,1
175,1
175,1
175,1
175,1
176,16
176,8
176,5
176,4
176,4
176,4
176,4
176,3
176,3
176,3
176,3
176,3
176,2
176,2
176,2
176,2
176,2
176,2
176,2
176,1
176,1
176,1
176,1
176,1
176,1
176,1
176,1
176,1
176,1
176,1
176,1
176,1
176,1
176,1
176,1
176,1
176,1
176,1
176,1
176,1
176,1
176,1
176,1
176,1
176,1
176,1
176,1
176,1
176,1
176,1
176,1
176,1
176,1
176,1
176,1
176,1
176,1
176,1
176,1
176,1
176,1
176,1
176,1
176,1
176,1
176,1
176,1
176,1
176,1
176,1
177,49
177,17
177,12
177,7
177,5
177,4
177,3
177,3
177,3
177,3
177,3
177,3
177,3
177,2
177,2
177,2
177,2
177,2
177,2
177,2
177,2
177,1
177,1
177,1
177,1
177,1
177,1
177,1
177,1
177,1
177,1
177,1
177,1
177,1
177,1
177,1
177,1
177,1
177,1
177,1
177,1
177,1
177,1
177,1
177,1
177,1
177,1
177,1
177,1
177,1
178,20
178,7
178,6
178,4
178,4
178,3
178,3
178,3
178,3
178,2
178,2
178,2
178,2
178,2
178,2
178,2
178,2
178,2
178,2
178,1
178,1
178,1
178,1
178,1
178,1
178,1
178,1
178,1
178,1
178,1
178,1
178,1
178,1
178,1
178,1
178,1
178,1
178,1
178,1
178,1
178,1
178,1
178,1
178,1
178,1
178,1
178,1
178,1
178,1
178,1
178,1
178,1
178,1
178,1
178,1
178,1
178,1
178,1
178,1
179,33
179,9
179,8
179,8
179,6
179,4
179,4
179,4
179,3
179,3
179,2
179,2
179,2
179,2
179,2
179,2
179,2
179,2
179,2
179,2
179,2
179,2
179,1
179,1
179,1
179,1
179,1
179,1
179,1
179,1
179,1
179,1
179,1
179,1
179,1
179,1
179,1
179,1
179,1
179,1
179,1
179,1
179,1
179,1
179,1
179,1
179,1
179,1
179,1
179,1
179,1
179,1
179,1
179,1
179,1
179,1
179,1
179,1
179,1
179,1
179,1
179,1
179,1
180,12
180,6
180,6
180,5
180,4
180,4
180,4
180,3
180,3
180,3
180,3
180,2
180,2
180,2
180,2
180,2
180,2
180,2
180,2
180,2
180,2
180,1
180,1
180,1
180,1
180,1
180,1
180,1
180,1
180,1
180,1
180,1
180,1
180,1
180,1
180,1
180,1
180,1
180,1
180,1
180,1
180,1
180,1
180,1
180,1
180,1
180,1
180,1
180,1
180,1
180,1
180,1
180,1
180,1
180,1
180,1
180,1
180,1
180,1
180,1
181,16
181,12
181,11
181,6
181,5
181,4
181,4
181,3
181,3
181,3
181,3
181,3
181,2
181,2
181,2
181,2
181,2
181,2
181,2
181,1
181,1
181,1
181,1
181,1
181,1
181,1
181,1
181,1
181,1
181,1
181,1
181,1
181,1
181,1
181,1
181,1
181,1
181,1
181,1
181,1
181,1
181,1
181,1
181,1
181,1
181,1
181,1
181,1
181,1
181,1
181,1
181,1
181,1
181,1
181,1
181,1
182,20
182,9
182,9
182,8
182,5
182,5
182,4
182,4
182,4
182,3
182,3
182,3
182,3
182,3
182,2
182,2
182,2
182,2
182,2
182,2
182,2
182,1
182,1
182,1
182,1
182,1
182,1
182,1
182,1
182,1
182,1
182,1
182,1
182,1
182,1
182,1
182,1
182,1
182,1
182,1
182,1
182,1
182,1
182,1
182,1
182,1
182,1
182,1
182,1
182,1
182,1
182,1
182,1
182,1
182,1
182,1
182,1
182,1
182,1
182,1
182,1
182,1
182,1
182,1
182,1
183,16
183,8
183,8
183,6
183,6
183,5
183,4
183,4
183,4
183,4
183,3
183,3
183,3
183,2
183,2
183,2
183,2
183,2
183,2
183,2
183,2
183,2
183,2
183,1
183,1
183,1
183,1
183,1
183,1
183,1
183,1
183,1
183,1
183,1
183,1
183,1
183,1
183,1
183,1
183,1
183,1
183,1
183,1
183,1
183,1
183,1
183,1
183,1
183,1
183,1
183,1
183,1
183,1
183,1
183,1
183,1
183,1
183,1
184,22
184,16
184,8
184,6
184,5
184,4
184,4
184,3
184,3
184,3
184,2
184,2
184,2
184,2
184,2
184,2
184,2
184,1
184,1
184,1
184,1
184,1
184,1
184,1
184,1
184,1
184,1
184,1
184,1
184,1
184,1
184,1
184,1
184,1
184,1
184,1
184,1
184,1
184,1
184,1
184,1
184,1
184,1
184,1
184,1
184,1
184,1
184,1
184,1
184,1
184,1
184,1
184,1
184,1
184,1
184,1
184,1
184,1
184,1
184,1
184,1
184,1
184,1
184,1
184,1
184,1
184,1
185,32
185,11
185,11
185,6
185,6
185,4
185,4
185,4
185,3
185,3
185,2
185,2
185,2
185,2
185,2
185,2
185,2
185,2
185,2
185,2
185,1
185,1
185,1
185,1
185,1
185,1
185,1
185,1
185,1
185,1
185,1
185,1
185,1
185,1
185,1
185,1
185,1
185,1
185,1
185,1
185,1
185,1
185,1
185,1
185,1
185,1
185,1
185,1
185,1
185,1
185,1
185,1
185,1
185,1
185,1
185,1
185,1
185,1
185,1
185,1
185,1
185,1
185,1
185,1
185,1
186,18
186,13
186,10
186,8
186,7
186,4
186,3
186,3
186,3
186,3
186,2
186,2
186,2
186,2
186,2
186,2
186,2
186,2
186,2
186,2
186,1
186,1
186,1
186,1
186,1
186,1
186,1
186,1
186,1
186,1
186,1
186,1
186,1
186,1
186,1
186,1
186,1
186,1
186,1
186,1
186,1
186,1
186,1
186,1
186,1
186,1
186,1
186,1
186,1
186,1
186,1
186,1
186,1
186,1
186,1
186,1
186,1
186,1
186,1
186,1
186,1
186,1
186,1
187,9
187,8
187,8
187,5
187,5
187,4
187,4
187,4
187,4
187,3
187,3
187,2
187,2
187,2
187,2
187,2
187,2
187,2
187,2
187,2
187,2
187,1
187,1
187,1
187,1
187,1
187,1
187,1
187,1
187,1
187,1
187,1
187,1
187,1
187,1
187,1
187,1
187,1
187,1
187,1
187,1
187,1
187,1
187,1
187,1
187,1
187,1
187,1
187,1
187,1
187,1
187,1
187,1
187,1
187,1
187,1
187,1
187,1
187,1
187,1
187,1
187,1
187,1
187,1
187,1
188,7
188,3
188,3
188,3
188,2
188,2
188,2
188,2
188,2
188,2
188,2
188,2
188,2
188,2
188,2
188,1
188,1
188,1
188,1
188,1
188,1
188,1
188,1
188,1
188,1
188,1
188,1
188,1
188,1
188,1
188,1
188,1
188,1
188,1
188,1
188,1
188,1
188,1
188,1
188,1
188,1
188,1
188,1
188,1
188,1
188,1
188,1
188,1
188,1
188,1
188,1
188,1
188,1
189,43
189,11
189,8
189,6
189,5
189,4
189,3
189,3
189,3
189,3
189,3
189,3
189,2
189,2
189,2
189,2
189,2
189,2
189,2
189,2
189,2
189,2
189,2
189,2
189,1
189,1
189,1
189,1
189,1
189,1
189,1
189,1
189,1
189,1
189,1
189,1
189,1
189,1
189,1
189,1
189,1
189,1
189,1
189,1
189,1
189,1
189,1
189,1
189,1
189,1
189,1
189,1
189,1
189,1
189,1
189,1
189,1
189,1
189,1
190,9
190,9
190,8
190,5
190,4
190,4
190,3
190,3
190,2
190,2
190,2
190,2
190,2
190,2
190,2
190,2
190,2
190,1
190,1
190,1
190,1
190,1
190,1
190,1
190,1
190,1
190,1
190,1
190,1
190,1
190,1
190,1
190,1
190,1
190,1
190,1
190,1
190,1
190,1
190,1
190,1
190,1
190,1
190,1
190,1
190,1
190,1
190,1
190,1
190,1
190,1
190,1
190,1
190,1
190,1
190,1
190,1
190,1
190,1
190,1
190,1
190,1
190,1
190,1
190,1
190,1
190,1
190,1
191,9
191,9
191,8
191,8
191,6
191,5
191,5
191,3
191,3
191,3
191,3
191,2
191,2
191,2
191,2
191,2
191,2
191,2
191,2
191,1
191,1
191,1
191,1
191,1
191,1
191,1
191,1
191,1
191,1
191,1
191,1
191,1
191,1
191,1
191,1
191,1
191,1
191,1
191,1
191,1
191,1
191,1
191,1
191,1
191,1
191,1
191,1
191,1
191,1
191,1
191,1
191,1
191,1
191,1
191,1
191,1
192,24
192,10
192,10
192,8
192,6
192,5
192,5
192,4
192,4
192,3
192,3
192,3
192,3
192,3
192,3
192,3
192,2
192,2
192,2
192,2
192,2
192,2
192,2
192,1
192,1
192,1
192,1
192,1
192,1
192,1
192,1
192,1
192,1
192,1
192,1
192,1
192,1
192,1
192,1
192,1
192,1
192,1
192,1
192,1
192,1
192,1
192,1
192,1
192,1
192,1
192,1
192,1
192,1
192,1
192,1
192,1
192,1
192,1
193,29
193,5
193,5
193,5
193,4
193,4
193,3
193,3
193,3
193,2
193,2
193,2
193,2
193,2
193,2
193,2
193,2
193,1
193,1
193,1
193,1
193,1
193,1
193,1
193,1
193,1
193,1
193,1
193,1
193,1
193,1
193,1
193,1
193,1
193,1
193,1
193,1
193,1
193,1
193,1
193,1
193,1
193,1
193,1
193,1
193,1
193,1
193,1
193,1
193,1
193,1
193,1
193,1
193,1
193,1
193,1
193,1
193,1
193,1
193,1
193,1
193,1
193,1
193,1
193,1
193,1
193,1
194,24
194,8
194,6
194,5
194,4
194,3
194,3
194,2
194,2
194,2
194,2
194,2
194,2
194,2
194,2
194,2
194,2
194,2
194,2
194,2
194,1
194,1
194,1
194,1
194,1
194,1
194,1
194,1
194,1
194,1
194,1
194,1
194,1
194,1
194,1
194,1
194,1
194,1
194,1
194,1
194,1
194,1
194,1
194,1
194,1
194,1
194,1
194,1
194,1
194,1
194,1
194,1
194,1
194,1
194,1
194,1
194,1
194,1
195,8
195,6
195,5
195,4
195,4
195,3
195,3
195,2
195,2
195,2
195,2
195,2
195,2
195,2
195,1
195,1
195,1
195,1
195,1
195,1
195,1
195,1
195,1
195,1
195,1
195,1
195,1
195,1
195,1
195,1
195,1
195,1
195,1
195,1
195,1
195,1
195,1
195,1
195,1
195,1
195,1
195,1
195,1
195,1
195,1
195,1
195,1
195,1
196,9
196,7
196,6
196,5
196,4
196,4
196,4
196,4
196,2
196,2
196,2
196,2
196,2
196,2
196,2
196,2
196,2
196,1
196,1
196,1
196,1
196,1
196,1
196,1
196,1
196,1
196,1
196,1
196,1
196,1
196,1
196,1
196,1
196,1
196,1
196,1
196,1
196,1
196,1
196,1
196,1
196,1
196,1
196,1
196,1
196,1
196,1
196,1
196,1
196,1
196,1
196,1
196,1
197,11
197,9
197,7
197,6
197,5
197,4
197,3
197,3
197,3
197,3
197,2
197,2
197,2
197,2
197,2
197,1
197,1
197,1
197,1
197,1
197,1
197,1
197,1
197,1
197,1
197,1
197,1
197,1
197,1
197,1
197,1
197,1
197,1
197,1
197,1
197,1
197,1
197,1
197,1
197,1
197,1
197,1
197,1
197,1
198,31
198,10
198,5
198,4
198,4
198,4
198,3
198,3
198,2
198,2
198,2
198,2
198,2
198,2
198,2
198,2
198,1
198,1
198,1
198,1
198,1
198,1
198,1
198,1
198,1
198,1
198,1
198,1
198,1
198,1
198,1
198,1
198,1
198,1
198,1
198,1
198,1
198,1
198,1
198,1
198,1
198,1
198,1
198,1
198,1
198,1
198,1
198,1
198,1
198,1
198,1
198,1
198,1
198,1
198,1
198,1
198,1
198,1
198,1
198,1
198,1
199,15
199,8
199,7
199,6
199,5
199,5
199,3
199,3
199,3
199,3
199,2
199,2
199,2
199,2
199,2
199,2
199,2
199,2
199,1
199,1
199,1
199,1
199,1
199,1
199,1
199,1
199,1
199,1
199,1
199,1
199,1
199,1
199,1
199,1
199,1
199,1
199,1
199,1
199,1
199,1
199,1
199,1
199,1
199,1
199,1
199,1
199,1
199,1
199,1
199,1
199,1
199,1
199,1
199,1
199,1
199,1
199,1
199,1
199,1
199,1
199,1
199,1
199,1
199,1
199,1
199,1
199,1
199,1
199,1
199,1
199,1
200,11
200,9
200,6
200,6
200,5
200,4
200,3
200,3
200,3
200,3
200,3
200,3
200,2
200,2
200,2
200,2
200,2
200,2
200,2
200,2
200,2
200,2
200,1
200,1
200,1
200,1
200,1
200,1
200,1
200,1
200,1
200,1
200,1
200,1
200,1
200,1
200,1
200,1
200,1
200,1
200,1
200,1
200,1
200,1
200,1
200,1
200,1
200,1
200,1
200,1
200,1
200,1
200,1
200,1
200,1
200,1
200,1
200,1
200,1
200,1
200,1
200,1
200,1
200,1
200,1
200,1
200,1
200,1
200,1
201,18
201,16
201,8
201,6
201,6
201,5
201,4
201,3
201,3
201,3
201,3
201,2
201,2
201,2
201,2
201,2
201,2
201,2
201,2
201,2
201,2
201,2
201,2
201,1
201,1
201,1
201,1
201,1
201,1
201,1
201,1
201,1
201,1
201,1
201,1
201,1
201,1
201,1
201,1
201,1
201,1
201,1
201,1
201,1
201,1
201,1
201,1
201,1
201,1
201,1
201,1
201,1
201,1
201,1
201,1
201,1
201,1
201,1
201,1
201,1
202,18
202,9
202,5
202,4
202,4
202,4
202,4
202,3
202,3
202,3
202,2
202,2
202,2
202,2
202,2
202,2
202,2
202,1
202,1
202,1
202,1
202,1
202,1
202,1
202,1
202,1
202,1
202,1
202,1
202,1
202,1
202,1
202,1
202,1
202,1
202,1
202,1
202,1
202,1
202,1
202,1
202,1
202,1
202,1
202,1
202,1
202,1
202,1
202,1
202,1
202,1
202,1
202,1
202,1
202,1
202,1
202,1
202,1
202,1
202,1
202,1
203,11
203,4
203,4
203,3
203,3
203,3
203,3
203,3
203,3
203,3
203,3
203,2
203,2
203,2
203,2
203,2
203,2
203,2
203,2
203,2
203,2
203,2
203,2
203,2
203,1
203,1
203,1
203,1
203,1
203,1
203,1
203,1
203,1
203,1
203,1
203,1
203,1
203,1
203,1
203,1
203,1
203,1
203,1
203,1
203,1
203,1
203,1
203,1
203,1
203,1
203,1
203,1
203,1
203,1
203,1
203,1
203,1
203,1
203,1
203,1
203,1
203,1
203,1
203,1
203,1
203,1
203,1
203,1
203,1
204,15
204,9
204,6
204,5
204,5
204,4
204,4
204,3
204,3
204,3
204,3
204,2
204,2
204,2
204,2
204,2
204,2
204,2
204,2
204,1
204,1
204,1
204,1
204,1
204,1
204,1
204,1
204,1
204,1
204,1
204,1
204,1
204,1
204,1
204,1
204,1
204,1
204,1
204,1
204,1
204,1
204,1
204,1
204,1
204,1
204,1
204,1
204,1
204,1
204,1
204,1
204,1
204,1
204,1
204,1
204,1
205,13
205,9
205,7
205,6
205,5
205,4
205,3
205,3
205,3
205,3
205,2
205,2
205,2
205,2
205,2
205,2
205,2
205,2
205,2
205,2
205,2
205,2
205,2
205,2
205,2
205,2
205,1
205,1
205,1
205,1
205,1
205,1
205,1
205,1
205,1
205,1
205,1
205,1
205,1
205,1
205,1
205,1
205,1
205,1
205,1
205,1
205,1
205,1
205,1
205,1
205,1
205,1
205,1
205,1
205,1
205,1
205,1
205,1
205,1
205,1
205,1
205,1
205,1
206,23
206,5
206,4
206,4
206,4
206,3
206,3
206,3
206,3
206,3
206,3
206,3
206,3
206,3
206,2
206,2
206,2
206,2
206,2
206,2
206,1
206,1
206,1
206,1
206,1
206,1
206,1
206,1
206,1
206,1
206,1
206,1
206,1
206,1
206,1
206,1
206,1
206,1
206,1
206,1
206,1
206,1
206,1
206,1
206,1
206,1
206,1
206,1
206,1
206,1
206,1
206,1
206,1
206,1
206,1
206,1
206,1
207,12
207,11
207,11
207,9
207,6
207,4
207,4
207,3
207,3
207,3
207,2
207,2
207,2
207,2
207,2
207,2
207,2
207,2
207,2
207,2
207,2
207,2
207,2
207,2
207,2
207,2
207,1
207,1
207,1
207,1
207,1
207,1
207,1
207,1
207,1
207,1
207,1
207,1
207,1
207,1
207,1
207,1
207,1
207,1
207,1
207,1
207,1
207,1
207,1
207,1
207,1
207,1
207,1
207,1
207,1
207,1
207,1
207,1
207,1
207,1
207,1
208,11
208,7
208,5
208,5
208,5
208,3
208,3
208,3
208,3
208,3
208,3
208,2
208,2
208,2
208,2
208,2
208,2
208,2
208,2
208,2
208,2
208,2
208,1
208,1
208,1
208,1
208,1
208,1
208,1
208,1
208,1
208,1
208,1
208,1
208,1
208,1
208,1
208,1
208,1
208,1
208,1
208,1
208,1
208,1
208,1
208,1
208,1
208,1
208,1
208,1
208,1
208,1
208,1
208,1
208,1
208,1
208,1
208,1
208,1
208,1
208,1
208,1
208,1
208,1
208,1
208,1
208,1
208,1
208,1
208,1
208,1
209,16
209,9
209,9
209,7
209,5
209,4
209,4
209,4
209,3
209,3
209,2
209,2
209,2
209,2
209,2
209,2
209,2
209,2
209,2
209,2
209,2
209,2
209,1
209,1
209,1
209,1
209,1
209,1
209,1
209,1
209,1
209,1
209,1
209,1
209,1
209,1
209,1
209,1
209,1
209,1
209,1
209,1
209,1
209,1
209,1
209,1
209,1
209,1
209,1
209,1
209,1
209,1
209,1
209,1
209,1
209,1
210,19
210,11
210,10
210,6
210,6
210,5
210,5
210,4
210,4
210,4
210,4
210,3
210,3
210,3
210,3
210,2
210,2
210,2
210,2
210,2
210,2
210,2
210,2
210,2
210,2
210,2
210,1
210,1
210,1
210,1
210,1
210,1
210,1
210,1
210,1
210,1
210,1
210,1
210,1
210,1
210,1
210,1
210,1
210,1
210,1
210,1
210,1
210,1
210,1
210,1
210,1
210,1
210,1
210,1
210,1
210,1
210,1
210,1
210,1
210,1
210,1
210,1
210,1
210,1
210,1
210,1
210,1
210,1
210,1
210,1
210,1
210,1
210,1
211,7
211,7
211,5
211,5
211,4
211,4
211,3
211,3
211,2
211,2
211,2
211,2
211,2
211,2
211,2
211,2
211,2
211,2
211,1
211,1
211,1
211,1
211,1
211,1
211,1
211,1
211,1
211,1
211,1
211,1
211,1
211,1
211,1
211,1
211,1
211,1
211,1
211,1
211,1
211,1
211,1
211,1
211,1
211,1
211,1
211,1
211,1
211,1
211,1
211,1
211,1
211,1
211,1
211,1
211,1
211,1
211,1
211,1
211,1
211,1
211,1
211,1
211,1
212,9
212,6
212,5
212,4
212,4
212,4
212,4
212,3
212,3
212,3
212,3
212,3
212,3
212,2
212,2
212,2
212,2
212,2
212,2
212,2
212,2
212,1
212,1
212,1
212,1
212,1
212,1
212,1
212,1
212,1
212,1
212,1
212,1
212,1
212,1
212,1
212,1
212,1
212,1
212,1
212,1
212,1
212,1
212,1
212,1
212,1
212,1
212,1
212,1
212,1
212,1
212,1
212,1
212,1
212,1
212,1
212,1
212,1
212,1
212,1
212,1
212,1
212,1
213,5
213,5
213,4
213,3
213,3
213,3
213,3
213,3
213,3
213,3
213,2
213,2
213,2
213,2
213,2
213,2
213,2
213,2
213,2
213,2
213,2
213,2
213,2
213,1
213,1
213,1
213,1
213,1
213,1
213,1
213,1
213,1
213,1
213,1
213,1
213,1
213,1
213,1
213,1
213,1
213,1
213,1
213,1
213,1
213,1
213,1
213,1
213,1
213,1
213,1
213,1
213,1
213,1
213,1
213,1
213,1
213,1
213,1
213,1
213,1
213,1
213,1
214,5
214,5
214,5
214,4
214,3
214,3
214,3
214,3
214,3
214,2
214,2
214,2
214,2
214,2
214,2
214,1
214,1
214,1
214,1
214,1
214,1
214,1
214,1
214,1
214,1
214,1
214,1
214,1
214,1
214,1
214,1
214,1
214,1
214,1
214,1
214,1
214,1
214,1
214,1
214,1
214,1
214,1
214,1
214,1
214,1
214,1
214,1
214,1
214,1
214,1
214,1
214,1
214,1
214,1
214,1
214,1
214,1
214,1
214,1
215,9
215,7
215,6
215,6
215,5
215,5
215,5
215,3
215,3
215,3
215,3
215,3
215,2
215,2
215,2
215,2
215,2
215,2
215,2
215,1
215,1
215,1
215,1
215,1
215,1
215,1
215,1
215,1
215,1
215,1
215,1
215,1
215,1
215,1
215,1
215,1
215,1
215,1
215,1
215,1
215,1
215,1
215,1
215,1
215,1
215,1
215,1
215,1
215,1
215,1
215,1
215,1
215,1
215,1
215,1
215,1
215,1
215,1
215,1
216,16
216,5
216,5
216,5
216,5
216,4
216,3
216,3
216,3
216,3
216,2
216,2
216,2
216,2
216,2
216,2
216,2
216,2
216,2
216,2
216,1
216,1
216,1
216,1
216,1
216,1
216,1
216,1
216,1
216,1
216,1
216,1
216,1
216,1
216,1
216,1
216,1
216,1
216,1
216,1
216,1
216,1
216,1
216,1
216,1
216,1
216,1
216,1
216,1
216,1
216,1
216,1
216,1
216,1
216,1
216,1
216,1
217,17
217,8
217,8
217,6
217,5
217,5
217,4
217,3
217,3
217,2
217,2
217,2
217,2
217,2
217,2
217,1
217,1
217,1
217,1
217,1
217,1
217,1
217,1
217,1
217,1
217,1
217,1
217,1
217,1
217,1
217,1
217,1
217,1
217,1
217,1
217,1
217,1
217,1
217,1
217,1
217,1
217,1
217,1
217,1
217,1
218,11
218,7
218,5
218,4
218,4
218,4
218,4
218,3
218,3
218,3
218,3
218,3
218,3
218,2
218,2
218,2
218,2
218,2
218,2
218,2
218,2
218,2
218,2
218,1
218,1
218,1
218,1
218,1
218,1
218,1
218,1
218,1
218,1
218,1
218,1
218,1
218,1
218,1
218,1
218,1
218,1
218,1
218,1
218,1
218,1
218,1
218,1
218,1
218,1
218,1
218,1
218,1
218,1
218,1
218,1
218,1
218,1
218,1
218,1
218,1
218,1
218,1
218,1
218,1
219,18
219,17
219,8
219,5
219,4
219,4
219,3
219,3
219,2
219,2
219,2
219,2
219,2
219,2
219,2
219,2
219,2
219,2
219,2
219,1
219,1
219,1
219,1
219,1
219,1
219,1
219,1
219,1
219,1
219,1
219,1
219,1
219,1
219,1
219,1
219,1
219,1
219,1
219,1
219,1
219,1
219,1
219,1
219,1
219,1
219,1
219,1
219,1
219,1
219,1
219,1
219,1
219,1
219,1
219,1
219,1
219,1
219,1
219,1
219,1
219,1
219,1
219,1
219,1
219,1
219,1
219,1
220,18
220,5
220,5
220,5
220,3
220,3
220,3
220,2
220,2
220,2
220,2
220,2
220,2
220,2
220,2
220,2
220,1
220,1
220,1
220,1
220,1
220,1
220,1
220,1
220,1
220,1
220,1
220,1
220,1
220,1
220,1
220,1
220,1
220,1
220,1
220,1
220,1
220,1
220,1
220,1
220,1
220,1
220,1
220,1
220,1
220,1
220,1
220,1
220,1
221,17
221,10
221,7
221,4
221,4
221,4
221,4
221,3
221,3
221,3
221,3
221,2
221,2
221,2
221,2
221,2
221,2
221,2
221,2
221,2
221,2
221,1
221,1
221,1
221,1
221,1
221,1
221,1
221,1
221,1
221,1
221,1
221,1
221,1
221,1
221,1
221,1
221,1
221,1
221,1
221,1
221,1
221,1
221,1
221,1
221,1
221,1
221,1
222,13
222,11
222,6
222,4
222,4
222,3
222,3
222,3
222,3
222,2
222,2
222,2
222,2
222,2
222,2
222,2
222,2
222,2
222,1
222,1
222,1
222,1
222,1
222,1
222,1
222,1
222,1
222,1
222,1
222,1
222,1
222,1
222,1
222,1
222,1
222,1
222,1
222,1
222,1
222,1
222,1
222,1
222,1
222,1
222,1
222,1
222,1
222,1
222,1
222,1
222,1
222,1
222,1
222,1
222,1
222,1
222,1
222,1
222,1
222,1
222,1
222,1
222,1
222,1
222,1
222,1
222,1
222,1
222,1
223,11
223,6
223,4
223,4
223,3
223,3
223,3
223,2
223,2
223,2
223,2
223,2
223,2
223,2
223,2
223,2
223,2
223,1
223,1
223,1
223,1
223,1
223,1
223,1
223,1
223,1
223,1
223,1
223,1
223,1
223,1
223,1
223,1
223,1
223,1
223,1
223,1
223,1
223,1
223,1
223,1
223,1
223,1
223,1
223,1
223,1
223,1
223,1
223,1
223,1
223,1
223,1
223,1
223,1
223,1
223,1
223,1
223,1
223,1
223,1
223,1
223,1
223,1
223,1
224,16
224,7
224,7
224,7
224,5
224,5
224,5
224,4
224,4
224,3
224,3
224,3
224,3
224,3
224,2
224,2
224,2
224,2
224,2
224,2
224,1
224,1
224,1
224,1
224,1
224,1
224,1
224,1
224,1
224,1
224,1
224,1
224,1
224,1
224,1
224,1
224,1
224,1
224,1
224,1
224,1
224,1
224,1
224,1
224,1
224,1
224,1
224,1
224,1
224,1
224,1
224,1
224,1
224,1
224,1
224,1
224,1
225,16
225,13
225,8
225,7
225,5
225,4
225,3
225,2
225,2
225,2
225,2
225,2
225,2
225,2
225,2
225,2
225,2
225,2
225,2
225,1
225,1
225,1
225,1
225,1
225,1
225,1
225,1
225,1
225,1
225,1
225,1
225,1
225,1
225,1
225,1
225,1
225,1
225,1
225,1
225,1
225,1
225,1
225,1
225,1
225,1
225,1
225,1
225,1
225,1
225,1
225,1
225,1
225,1
225,1
225,1
225,1
225,1
225,1
225,1
226,12
226,11
226,9
226,7
226,5
226,4
226,4
226,4
226,4
226,3
226,3
226,3
226,3
226,3
226,2
226,2
226,2
226,2
226,2
226,2
226,2
226,2
226,2
226,1
226,1
226,1
226,1
226,1
226,1
226,1
226,1
226,1
226,1
226,1
226,1
226,1
226,1
226,1
226,1
226,1
226,1
226,1
226,1
226,1
226,1
226,1
226,1
226,1
226,1
226,1
226,1
226,1
226,1
226,1
226,1
226,1
227,14
227,11
227,6
227,6
227,5
227,5
227,4
227,4
227,3
227,3
227,3
227,3
227,2
227,2
227,2
227,2
227,2
227,2
227,2
227,2
227,2
227,2
227,2
227,2
227,1
227,1
227,1
227,1
227,1
227,1
227,1
227,1
227,1
227,1
227,1
227,1
227,1
227,1
227,1
227,1
227,1
227,1
227,1
227,1
227,1
227,1
227,1
227,1
227,1
227,1
227,1
227,1
227,1
227,1
227,1
227,1
227,1
227,1
228,5
228,5
228,5
228,5
228,5
228,4
228,4
228,4
228,3
228,3
228,3
228,3
228,2
228,2
228,2
228,2
228,2
228,2
228,2
228,1
228,1
228,1
228,1
228,1
228,1
228,1
228,1
228,1
228,1
228,1
228,1
228,1
228,1
228,1
228,1
228,1
228,1
228,1
228,1
228,1
228,1
228,1
228,1
228,1
228,1
228,1
228,1
228,1
228,1
228,1
228,1
228,1
228,1
228,1
228,1
228,1
228,1
228,1
228,1
228,1
228,1
228,1
228,1
229,47
229,13
229,12
229,5
229,5
229,5
229,4
229,3
229,3
229,3
229,2
229,2
229,2
229,2
229,2
229,2
229,2
229,2
229,2
229,2
229,2
229,1
229,1
229,1
229,1
229,1
229,1
229,1
229,1
229,1
229,1
229,1
229,1
229,1
229,1
229,1
229,1
229,1
229,1
229,1
229,1
229,1
229,1
229,1
229,1
229,1
229,1
229,1
229,1
229,1
229,1
229,1
229,1
229,1
230,6
230,4
230,3
230,3
230,3
230,3
230,3
230,3
230,2
230,2
230,2
230,2
230,2
230,2
230,2
230,2
230,2
230,1
230,1
230,1
230,1
230,1
230,1
230,1
230,1
230,1
230,1
230,1
230,1
230,1
230,1
230,1
230,1
230,1
230,1
230,1
230,1
230,1
230,1
230,1
230,1
230,1
230,1
230,1
230,1
230,1
230,1
230,1
230,1
230,1
230,1
230,1
230,1
230,1
231,9
231,9
231,7
231,6
231,5
231,5
231,5
231,4
231,4
231,3
231,3
231,3
231,3
231,3
231,2
231,2
231,2
231,2
231,2
231,2
231,2
231,2
231,2
231,2
231,2
231,1
231,1
231,1
231,1
231,1
231,1
231,1
231,1
231,1
231,1
231,1
231,1
231,1
231,1
231,1
231,1
231,1
231,1
231,1
231,1
231,1
231,1
231,1
231,1
231,1
231,1
231,1
231,1
231,1
231,1
231,1
231,1
231,1
231,1
231,1
231,1
231,1
231,1
231,1
231,1
232,9
232,7
232,7
232,6
232,6
232,6
232,4
232,4
232,4
232,3
232,3
232,3
232,3
232,3
232,2
232,2
232,2
232,2
232,2
232,2
232,1
232,1
232,1
232,1
232,1
232,1
232,1
232,1
232,1
232,1
232,1
232,1
232,1
232,1
232,1
232,1
232,1
232,1
232,1
232,1
232,1
232,1
232,1
232,1
232,1
232,1
232,1
232,1
232,1
232,1
232,1
232,1
232,1
232,1
232,1
232,1
232,1
232,1
232,1
232,1
232,1
232,1
232,1
232,1
232,1
232,1
232,1
232,1
232,1
232,1
232,1
232,1
232,1
232,1
232,1
232,1
232,1
233,14
233,7
233,7
233,7
233,5
233,5
233,4
233,4
233,3
233,3
233,3
233,3
233,3
233,2
233,2
233,2
233,2
233,2
233,2
233,2
233,2
233,2
233,1
233,1
233,1
233,1
233,1
233,1
233,1
233,1
233,1
233,1
233,1
233,1
233,1
233,1
233,1
233,1
233,1
233,1
233,1
233,1
233,1
233,1
233,1
233,1
233,1
233,1
233,1
233,1
233,1
233,1
233,1
233,1
233,1
233,1
233,1
233,1
233,1
233,1
233,1
233,1
233,1
233,1
233,1
233,1
233,1
233,1
233,1
233,1
233,1
233,1
234,9
234,8
234,5
234,4
234,4
234,4
234,4
234,4
234,3
234,3
234,3
234,3
234,3
234,3
234,3
234,2
234,2
234,2
234,2
234,2
234,2
234,2
234,2
234,2
234,2
234,2
234,2
234,2
234,1
234,1
234,1
234,1
234,1
234,1
234,1
234,1
234,1
234,1
234,1
234,1
234,1
234,1
234,1
234,1
234,1
234,1
234,1
234,1
234,1
234,1
234,1
234,1
234,1
234,1
234,1
234,1
234,1
234,1
234,1
234,1
234,1
234,1
234,1
234,1
234,1
234,1
234,1
234,1
234,1
235,41
235,13
235,8
235,6
235,5
235,4
235,4
235,4
235,3
235,3
235,3
235,2
235,2
235,2
235,2
235,2
235,2
235,2
235,2
235,2
235,1
235,1
235,1
235,1
235,1
235,1
235,1
235,1
235,1
235,1
235,1
235,1
235,1
235,1
235,1
235,1
235,1
235,1
235,1
235,1
235,1
235,1
235,1
235,1
235,1
235,1
235,1
235,1
235,1
235,1
235,1
235,1
235,1
235,1
236,13
236,7
236,6
236,6
236,5
236,4
236,3
236,3
236,3
236,3
236,3
236,2
236,2
236,2
236,2
236,2
236,2
236,2
236,2
236,2
236,2
236,2
236,1
236,1
236,1
236,1
236,1
236,1
236,1
236,1
236,1
236,1
236,1
236,1
236,1
236,1
236,1
236,1
236,1
236,1
236,1
236,1
236,1
236,1
236,1
236,1
236,1
236,1
236,1
236,1
236,1
236,1
236,1
236,1
236,1
237,28
237,4
237,4
237,3
237,3
237,3
237,2
237,2
237,2
237,2
237,2
237,2
237,2
237,2
237,2
237,2
237,2
237,1
237,1
237,1
237,1
237,1
237,1
237,1
237,1
237,1
237,1
237,1
237,1
237,1
237,1
237,1
237,1
237,1
237,1
237,1
237,1
237,1
237,1
237,1
237,1
237,1
237,1
237,1
237,1
237,1
238,9
238,7
238,4
238,3
238,3
238,3
238,3
238,2
238,2
238,2
238,2
238,2
238,2
238,2
238,2
238,1
238,1
238,1
238,1
238,1
238,1
238,1
238,1
238,1
238,1
238,1
238,1
238,1
238,1
238,1
238,1
238,1
238,1
238,1
238,1
238,1
238,1
238,1
238,1
238,1
238,1
238,1
238,1
238,1
238,1
238,1
238,1
238,1
238,1
238,1
239,23
239,6
239,6
239,6
239,5
239,4
239,3
239,2
239,2
239,2
239,2
239,2
239,2
239,2
239,2
239,2
239,2
239,2
239,2
239,2
239,1
239,1
239,1
239,1
239,1
239,1
239,1
239,1
239,1
239,1
239,1
239,1
239,1
239,1
239,1
239,1
239,1
239,1
239,1
239,1
239,1
239,1
239,1
239,1
239,1
239,1
239,1
239,1
239,1
239,1
239,1
239,1
239,1
239,1
239,1
239,1
239,1
240,5
240,5
240,5
240,4
240,3
240,3
240,3
240,3
240,3
240,3
240,3
240,2
240,2
240,2
240,2
240,2
240,2
240,2
240,1
240,1
240,1
240,1
240,1
240,1
240,1
240,1
240,1
240,1
240,1
240,1
240,1
240,1
240,1
240,1
240,1
240,1
240,1
240,1
240,1
240,1
240,1
240,1
240,1
240,1
240,1
240,1
240,1
240,1
240,1
240,1
240,1
240,1
240,1
240,1
240,1
240,1
240,1
240,1
240,1
241,27
241,8
241,4
241,4
241,4
241,3
241,3
241,3
241,2
241,2
241,2
241,2
241,2
241,2
241,2
241,2
241,2
241,2
241,2
241,2
241,2
241,2
241,1
241,1
241,1
241,1
241,1
241,1
241,1
241,1
241,1
241,1
241,1
241,1
241,1
241,1
241,1
241,1
241,1
241,1
241,1
241,1
241,1
241,1
241,1
241,1
241,1
241,1
241,1
241,1
241,1
241,1
241,1
241,1
241,1
241,1
241,1
241,1
242,19
242,9
242,7
242,4
242,4
242,3
242,3
242,3
242,2
242,2
242,2
242,2
242,2
242,2
242,2
242,2
242,2
242,2
242,2
242,2
242,1
242,1
242,1
242,1
242,1
242,1
242,1
242,1
242,1
242,1
242,1
242,1
242,1
242,1
242,1
242,1
242,1
242,1
242,1
242,1
242,1
242,1
242,1
242,1
242,1
242,1
242,1
242,1
242,1
242,1
242,1
242,1
242,1
242,1
242,1
243,7
243,6
243,5
243,5
243,5
243,4
243,4
243,3
243,3
243,3
243,3
243,3
243,2
243,2
243,2
243,2
243,2
243,2
243,2
243,2
243,2
243,2
243,2
243,1
243,1
243,1
243,1
243,1
243,1
243,1
243,1
243,1
243,1
243,1
243,1
243,1
243,1
243,1
243,1
243,1
243,1
243,1
243,1
243,1
243,1
243,1
243,1
243,1
243,1
243,1
243,1
243,1
243,1
243,1
243,1
243,1
243,1
243,1
243,1
243,1
243,1
243,1
244,18
244,9
244,6
244,4
244,4
244,3
244,3
244,3
244,3
244,3
244,2
244,2
244,2
244,2
244,2
244,2
244,2
244,2
244,2
244,2
244,2
244,2
244,2
244,2
244,1
244,1
244,1
244,1
244,1
244,1
244,1
244,1
244,1
244,1
244,1
244,1
244,1
244,1
244,1
244,1
244,1
244,1
244,1
244,1
244,1
244,1
244,1
244,1
244,1
244,1
244,1
244,1
244,1
244,1
244,1
244,1
244,1
244,1
245,23
245,13
245,6
245,5
245,4
245,4
245,4
245,3
245,3
245,3
245,3
245,3
245,2
245,2
245,2
245,2
245,2
245,2
245,2
245,2
245,2
245,2
245,2
245,2
245,1
245,1
245,1
245,1
245,1
245,1
245,1
245,1
245,1
245,1
245,1
245,1
245,1
245,1
245,1
245,1
245,1
245,1
245,1
245,1
245,1
245,1
245,1
245,1
245,1
245,1
245,1
245,1
245,1
245,1
245,1
245,1
245,1
245,1
245,1
246,14
246,12
246,9
246,5
246,4
246,4
246,3
246,3
246,3
246,2
246,2
246,2
246,2
246,2
246,2
246,1
246,1
246,1
246,1
246,1
246,1
246,1
246,1
246,1
246,1
246,1
246,1
246,1
246,1
246,1
246,1
246,1
246,1
246,1
246,1
246,1
246,1
246,1
246,1
246,1
246,1
246,1
246,1
246,1
246,1
246,1
246,1
246,1
246,1
246,1
247,16
247,9
247,9
247,7
247,6
247,4
247,4
247,3
247,3
247,3
247,3
247,2
247,2
247,2
247,2
247,2
247,2
247,2
247,1
247,1
247,1
247,1
247,1
247,1
247,1
247,1
247,1
247,1
247,1
247,1
247,1
247,1
247,1
247,1
247,1
247,1
247,1
247,1
247,1
247,1
247,1
247,1
247,1
247,1
247,1
247,1
247,1
247,1
247,1
247,1
247,1
247,1
247,1
247,1
247,1
248,20
248,14
248,9
248,5
248,4
248,3
248,3
248,3
248,2
248,2
248,2
248,2
248,2
248,2
248,2
248,1
248,1
248,1
248,1
248,1
248,1
248,1
248,1
248,1
248,1
248,1
248,1
248,1
248,1
248,1
248,1
248,1
248,1
248,1
248,1
248,1
248,1
248,1
248,1
248,1
248,1
248,1
248,1
248,1
248,1
248,1
248,1
248,1
248,1
249,33
249,9
249,7
249,6
249,6
249,5
249,3
249,3
249,3
249,3
249,3
249,3
249,2
249,2
249,2
249,2
249,2
249,1
249,1
249,1
249,1
249,1
249,1
249,1
249,1
249,1
249,1
249,1
249,1
249,1
249,1
249,1
249,1
249,1
249,1
249,1
249,1
249,1
249,1
249,1
249,1
249,1
249,1
249,1
249,1
249,1
249,1
249,1
249,1
249,1
249,1
249,1
249,1
249,1
249,1
249,1
249,1
249,1
249,1
250,17
250,9
250,7
250,6
250,5
250,4
250,3
250,3
250,3
250,2
250,2
250,2
250,2
250,2
250,2
250,2
250,2
250,2
250,2
250,2
250,2
250,2
250,2
250,1
250,1
250,1
250,1
250,1
250,1
250,1
250,1
250,1
250,1
250,1
250,1
250,1
250,1
250,1
250,1
250,1
250,1
250,1
250,1
250,1
250,1
250,1
250,1
250,1
250,1
250,1
250,1
250,1
250,1
250,1
250,1
250,1
250,1
250,1
250,1
250,1
251,8
251,7
251,6
251,6
251,5
251,4
251,4
251,3
251,3
251,3
251,2
251,2
251,2
251,2
251,2
251,2
251,2
251,2
251,2
251,1
251,1
251,1
251,1
251,1
251,1
251,1
251,1
251,1
251,1
251,1
251,1
251,1
251,1
251,1
251,1
251,1
251,1
251,1
251,1
251,1
251,1
251,1
251,1
251,1
251,1
251,1
251,1
251,1
251,1
251,1
251,1
251,1
251,1
251,1
251,1
251,1
251,1
251,1
251,1
251,1
251,1
251,1
251,1
251,1
251,1
251,1
251,1
251,1
251,1
251,1
252,20
252,11
252,8
252,6
252,6
252,5
252,4
252,4
252,4
252,4
252,3
252,3
252,3
252,2
252,2
252,2
252,2
252,2
252,2
252,2
252,2
252,2
252,2
252,2
252,1
252,1
252,1
252,1
252,1
252,1
252,1
252,1
252,1
252,1
252,1
252,1
252,1
252,1
252,1
252,1
252,1
252,1
252,1
252,1
252,1
252,1
252,1
252,1
252,1
252,1
252,1
252,1
252,1
252,1
252,1
252,1
252,1
252,1
252,1
252,1
252,1
252,1
252,1
252,1
253,20
253,7
253,6
253,5
253,4
253,4
253,3
253,2
253,2
253,2
253,2
253,2
253,1
253,1
253,1
253,1
253,1
253,1
253,1
253,1
253,1
253,1
253,1
253,1
253,1
253,1
253,1
253,1
253,1
253,1
253,1
253,1
253,1
253,1
253,1
253,1
253,1
253,1
253,1
253,1
253,1
253,1
253,1
253,1
253,1
253,1
253,1
253,1
253,1
253,1
253,1
253,1
253,1
253,1
253,1
253,1
253,1
254,10
254,8
254,8
254,8
254,5
254,4
254,3
254,3
254,2
254,2
254,2
254,2
254,2
254,2
254,2
254,2
254,2
254,2
254,1
254,1
254,1
254,1
254,1
254,1
254,1
254,1
254,1
254,1
254,1
254,1
254,1
254,1
254,1
254,1
254,1
254,1
254,1
254,1
254,1
254,1
254,1
254,1
254,1
254,1
254,1
254,1
254,1
254,1
254,1
254,1
254,1
254,1
254,1
254,1
254,1
254,1
254,1
254,1
254,1
254,1
254,1
254,1
254,1
254,1
254,1
254,1
254,1
255,13
255,9
255,7
255,6
255,5
255,5
255,3
255,3
255,3
255,3
255,2
255,2
255,2
255,2
255,2
255,2
255,2
255,1
255,1
255,1
255,1
255,1
255,1
255,1
255,1
255,1
255,1
255,1
255,1
255,1
255,1
255,1
255,1
255,1
255,1
255,1
255,1
255,1
255,1
255,1
255,1
255,1
255,1
255,1
255,1
255,1
255,1
255,1
255,1
255,1
255,1
255,1
256,16
256,16
256,11
256,5
256,5
256,5
256,4
256,3
256,3
256,3
256,3
256,3
256,3
256,2
256,2
256,2
256,2
256,2
256,2
256,2
256,1
256,1
256,1
256,1
256,1
256,1
256,1
256,1
256,1
256,1
256,1
256,1
256,1
256,1
256,1
256,1
256,1
256,1
256,1
256,1
256,1
256,1
256,1
256,1
256,1
256,1
256,1
256,1
256,1
256,1
256,1
256,1
256,1
256,1
256,1
256,1
257,27
257,9
257,7
257,7
257,5
257,4
257,4
257,3
257,3
257,3
257,2
257,2
257,2
257,2
257,2
257,2
257,2
257,2
257,2
257,2
257,2
257,1
257,1
257,1
257,1
257,1
257,1
257,1
257,1
257,1
257,1
257,1
257,1
257,1
257,1
257,1
257,1
257,1
257,1
257,1
257,1
257,1
257,1
257,1
257,1
257,1
257,1
257,1
257,1
257,1
257,1
257,1
257,1
257,1
257,1
258,23
258,5
258,4
258,3
258,3
258,3
258,2
258,2
258,2
258,2
258,2
258,2
258,2
258,2
258,1
258,1
258,1
258,1
258,1
258,1
258,1
258,1
258,1
258,1
258,1
258,1
258,1
258,1
258,1
258,1
258,1
258,1
258,1
258,1
258,1
258,1
258,1
258,1
258,1
258,1
258,1
258,1
258,1
258,1
258,1
258,1
258,1
258,1
258,1
258,1
258,1
258,1
258,1
258,1
258,1
258,1
258,1
258,1
258,1
258,1
258,1
258,1
258,1
258,1
259,21
259,13
259,9
259,5
259,4
259,4
259,4
259,4
259,3
259,3
259,3
259,3
259,2
259,2
259,2
259,2
259,2
259,2
259,1
259,1
259,1
259,1
259,1
259,1
259,1
259,1
259,1
259,1
259,1
259,1
259,1
259,1
259,1
259,1
259,1
259,1
259,1
259,1
259,1
259,1
259,1
259,1
259,1
259,1
259,1
259,1
259,1
259,1
259,1
259,1
259,1
259,1
259,1
259,1
259,1
259,1
259,1
259,1
259,1
259,1
260,15
260,9
260,9
260,8
260,7
260,6
260,5
260,4
260,4
260,4
260,3
260,3
260,2
260,2
260,2
260,2
260,2
260,2
260,2
260,2
260,2
260,2
260,2
260,1
260,1
260,1
260,1
260,1
260,1
260,1
260,1
260,1
260,1
260,1
260,1
260,1
260,1
260,1
260,1
260,1
260,1
260,1
260,1
260,1
260,1
260,1
260,1
260,1
260,1
260,1
260,1
260,1
260,1
260,1
260,1
260,1
260,1
260,1
260,1
260,1
260,1
260,1
260,1
260,1
260,1
260,1
260,1
260,1
260,1
260,1
260,1
260,1
261,12
261,10
261,9
261,8
261,5
261,5
261,4
261,4
261,4
261,4
261,3
261,3
261,3
261,3
261,2
261,2
261,2
261,2
261,2
261,2
261,2
261,1
261,1
261,1
261,1
261,1
261,1
261,1
261,1
261,1
261,1
261,1
261,1
261,1
261,1
261,1
261,1
261,1
261,1
261,1
261,1
261,1
261,1
261,1
261,1
261,1
261,1
261,1
261,1
261,1
261,1
261,1
261,1
261,1
261,1
261,1
261,1
261,1
261,1
261,1
261,1
261,1
261,1
262,15
262,9
262,6
262,6
262,5
262,5
262,5
262,4
262,3
262,3
262,3
262,3
262,3
262,3
262,3
262,3
262,3
262,3
262,3
262,2
262,2
262,2
262,2
262,2
262,2
262,2
262,1
262,1
262,1
262,1
262,1
262,1
262,1
262,1
262,1
262,1
262,1
262,1
262,1
262,1
262,1
262,1
262,1
262,1
262,1
262,1
262,1
262,1
262,1
262,1
262,1
262,1
262,1
262,1
262,1
262,1
262,1
262,1
262,1
262,1
262,1
262,1
262,1
262,1
262,1
262,1
262,1
262,1
262,1
263,14
263,10
263,9
263,7
263,7
263,6
263,5
263,4
263,4
263,3
263,3
263,3
263,2
263,2
263,2
263,2
263,2
263,2
263,2
263,2
263,1
263,1
263,1
263,1
263,1
263,1
263,1
263,1
263,1
263,1
263,1
263,1
263,1
263,1
263,1
263,1
263,1
263,1
263,1
263,1
263,1
263,1
263,1
263,1
263,1
263,1
263,1
263,1
263,1
263,1
263,1
263,1
263,1
263,1
263,1
263,1
263,1
263,1
263,1
263,1
264,7
264,4
264,4
264,4
264,3
264,3
264,2
264,2
264,2
264,2
264,2
264,2
264,2
264,2
264,2
264,2
264,2
264,2
264,2
264,2
264,2
264,1
264,1
264,1
264,1
264,1
264,1
264,1
264,1
264,1
264,1
264,1
264,1
264,1
264,1
264,1
264,1
264,1
264,1
264,1
264,1
264,1
264,1
264,1
264,1
264,1
264,1
264,1
264,1
264,1
264,1
264,1
264,1
264,1
264,1
264,1
264,1
264,1
264,1
264,1
264,1
264,1
264,1
264,1
264,1
264,1
265,5
265,4
265,4
265,3
265,3
265,3
265,2
265,2
265,2
265,2
265,2
265,2
265,2
265,2
265,2
265,2
265,2
265,2
265,1
265,1
265,1
265,1
265,1
265,1
265,1
265,1
265,1
265,1
265,1
265,1
265,1
265,1
265,1
265,1
265,1
265,1
265,1
265,1
265,1
265,1
265,1
265,1
265,1
265,1
265,1
265,1
265,1
265,1
265,1
265,1
265,1
265,1
265,1
265,1
265,1
265,1
265,1
265,1
265,1
265,1
265,1
265,1
265,1
265,1
265,1
266,16
266,10
266,7
266,7
266,6
266,5
266,5
266,5
266,4
266,3
266,3
266,3
266,3
266,2
266,2
266,2
266,2
266,2
266,2
266,2
266,2
266,2
266,2
266,2
266,2
266,2
266,1
266,1
266,1
266,1
266,1
266,1
266,1
266,1
266,1
266,1
266,1
266,1
266,1
266,1
266,1
266,1
266,1
266,1
266,1
266,1
266,1
266,1
266,1
266,1
266,1
266,1
266,1
266,1
266,1
266,1
266,1
266,1
267,24
267,19
267,16
267,7
267,4
267,4
267,3
267,2
267,2
267,2
267,2
267,2
267,2
267,2
267,2
267,1
267,1
267,1
267,1
267,1
267,1
267,1
267,1
267,1
267,1
267,1
267,1
267,1
267,1
267,1
267,1
267,1
267,1
267,1
267,1
267,1
267,1
267,1
267,1
267,1
267,1
267,1
267,1
267,1
267,1
267,1
267,1
267,1
267,1
267,1
267,1
267,1
267,1
267,1
267,1
267,1
267,1
267,1
267,1
267,1
267,1
267,1
267,1
267,1
267,1
267,1
268,49
268,8
268,3
268,3
268,3
268,3
268,3
268,3
268,2
268,2
268,2
268,2
268,2
268,2
268,2
268,2
268,2
268,2
268,2
268,2
268,1
268,1
268,1
268,1
268,1
268,1
268,1
268,1
268,1
268,1
268,1
268,1
268,1
268,1
268,1
268,1
268,1
268,1
268,1
268,1
268,1
268,1
268,1
268,1
268,1
268,1
268,1
268,1
268,1
268,1
268,1
268,1
268,1
268,1
268,1
268,1
268,1
268,1
268,1
268,1
268,1
268,1
268,1
269,8
269,4
269,4
269,4
269,3
269,3
269,3
269,2
269,2
269,2
269,2
269,2
269,2
269,2
269,1
269,1
269,1
269,1
269,1
269,1
269,1
269,1
269,1
269,1
269,1
269,1
269,1
269,1
269,1
269,1
269,1
269,1
269,1
269,1
269,1
269,1
269,1
269,1
269,1
269,1
269,1
269,1
269,1
269,1
269,1
269,1
269,1
269,1
269,1
269,1
269,1
269,1
269,1
269,1
269,1
269,1
269,1
269,1
269,1
269,1
269,1
269,1
269,1
270,24
270,12
270,6
270,5
270,5
270,5
270,4
270,4
270,3
270,3
270,2
270,2
270,2
270,2
270,2
270,2
270,2
270,2
270,2
270,2
270,2
270,2
270,2
270,2
270,1
270,1
270,1
270,1
270,1
270,1
270,1
270,1
270,1
270,1
270,1
270,1
270,1
270,1
270,1
270,1
270,1
270,1
270,1
270,1
270,1
270,1
270,1
270,1
270,1
270,1
270,1
270,1
270,1
270,1
270,1
270,1
270,1
270,1
270,1
270,1
270,1
270,1
270,1
271,15
271,8
271,7
271,5
271,4
271,3
271,3
271,3
271,3
271,3
271,3
271,3
271,2
271,2
271,2
271,2
271,2
271,2
271,1
271,1
271,1
271,1
271,1
271,1
271,1
271,1
271,1
271,1
271,1
271,1
271,1
271,1
271,1
271,1
271,1
271,1
271,1
271,1
271,1
271,1
271,1
271,1
271,1
271,1
271,1
271,1
271,1
271,1
271,1
271,1
271,1
271,1
271,1
271,1
271,1
271,1
271,1
271,1
271,1
271,1
271,1
271,1
271,1
271,1
271,1
271,1
271,1
271,1
271,1
272,12
272,8
272,8
272,5
272,5
272,5
272,4
272,4
272,3
272,3
272,3
272,2
272,2
272,2
272,2
272,2
272,2
272,2
272,2
272,2
272,2
272,2
272,2
272,2
272,2
272,1
272,1
272,1
272,1
272,1
272,1
272,1
272,1
272,1
272,1
272,1
272,1
272,1
272,1
272,1
272,1
272,1
272,1
272,1
272,1
272,1
272,1
272,1
272,1
272,1
272,1
272,1
272,1
272,1
272,1
272,1
272,1
272,1
272,1
272,1
272,1
272,1
272,1
273,19
273,10
273,9
273,7
273,6
273,6
273,5
273,4
273,4
273,3
273,3
273,3
273,3
273,2
273,2
273,2
273,2
273,2
273,2
273,2
273,1
273,1
273,1
273,1
273,1
273,1
273,1
273,1
273,1
273,1
273,1
273,1
273,1
273,1
273,1
273,1
273,1
273,1
273,1
273,1
273,1
273,1
273,1
273,1
273,1
273,1
273,1
273,1
273,1
273,1
273,1
273,1
273,1
273,1
273,1
273,1
273,1
273,1
274,34
274,22
274,17
274,7
274,5
274,3
274,3
274,2
274,2
274,2
274,2
274,2
274,2
274,2
274,2
274,2
274,2
274,2
274,2
274,1
274,1
274,1
274,1
274,1
274,1
274,1
274,1
274,1
274,1
274,1
274,1
274,1
274,1
274,1
274,1
274,1
274,1
274,1
274,1
274,1
274,1
274,1
274,1
274,1
274,1
274,1
274,1
274,1
274,1
274,1
274,1
274,1
274,1
274,1
274,1
274,1
274,1
274,1
274,1
275,28
275,11
275,10
275,9
275,6
275,5
275,3
275,3
275,3
275,3
275,3
275,2
275,2
275,2
275,2
275,2
275,2
275,2
275,2
275,1
275,1
275,1
275,1
275,1
275,1
275,1
275,1
275,1
275,1
275,1
275,1
275,1
275,1
275,1
275,1
275,1
275,1
275,1
275,1
275,1
275,1
275,1
275,1
275,1
275,1
275,1
275,1
275,1
275,1
275,1
275,1
275,1
275,1
275,1
275,1
275,1
275,1
275,1
275,1
275,1
275,1
275,1
275,1
275,1
275,1
276,16
276,11
276,5
276,5
276,4
276,4
276,4
276,3
276,3
276,3
276,2
276,2
276,2
276,2
276,2
276,2
276,2
276,2
276,2
276,1
276,1
276,1
276,1
276,1
276,1
276,1
276,1
276,1
276,1
276,1
276,1
276,1
276,1
276,1
276,1
276,1
276,1
276,1
276,1
276,1
276,1
276,1
276,1
276,1
276,1
276,1
276,1
276,1
276,1
276,1
276,1
276,1
276,1
276,1
276,1
276,1
276,1
276,1
276,1
276,1
276,1
276,1
276,1
277,52
277,8
277,4
277,4
277,4
277,4
277,4
277,3
277,3
277,2
277,2
277,2
277,2
277,2
277,2
277,2
277,2
277,2
277,2
277,1
277,1
277,1
277,1
277,1
277,1
277,1
277,1
277,1
277,1
277,1
277,1
277,1
277,1
277,1
277,1
277,1
277,1
277,1
277,1
277,1
277,1
277,1
277,1
277,1
277,1
277,1
277,1
277,1
277,1
277,1
277,1
277,1
278,9
278,6
278,5
278,4
278,4
278,4
278,4
278,4
278,4
278,3
278,3
278,3
278,3
278,3
278,2
278,2
278,2
278,2
278,2
278,2
278,2
278,1
278,1
278,1
278,1
278,1
278,1
278,1
278,1
278,1
278,1
278,1
278,1
278,1
278,1
278,1
278,1
278,1
278,1
278,1
278,1
278,1
278,1
278,1
278,1
278,1
278,1
278,1
278,1
278,1
278,1
278,1
278,1
278,1
279,6
279,4
279,3
279,3
279,3
279,3
279,3
279,3
279,2
279,2
279,2
279,2
279,2
279,2
279,2
279,2
279,2
279,1
279,1
279,1
279,1
279,1
279,1
279,1
279,1
279,1
279,1
279,1
279,1
279,1
279,1
279,1
279,1
279,1
279,1
279,1
279,1
279,1
279,1
279,1
279,1
279,1
279,1
279,1
279,1
279,1
279,1
279,1
279,1
279,1
279,1
279,1
279,1
279,1
280,23
280,16
280,9
280,8
280,5
280,5
280,5
280,4
280,4
280,3
280,3
280,3
280,2
280,2
280,2
280,2
280,1
280,1
280,1
280,1
280,1
280,1
280,1
280,1
280,1
280,1
280,1
280,1
280,1
280,1
280,1
280,1
280,1
280,1
280,1
280,1
280,1
280,1
280,1
280,1
280,1
280,1
280,1
280,1
280,1
280,1
280,1
280,1
280,1
280,1
280,1
280,1
280,1
280,1
281,39
281,36
281,5
281,5
281,4
281,4
281,4
281,3
281,3
281,2
281,2
281,2
281,2
281,2
281,2
281,2
281,2
281,2
281,2
281,1
281,1
281,1
281,1
281,1
281,1
281,1
281,1
281,1
281,1
281,1
281,1
281,1
281,1
281,1
281,1
281,1
281,1
281,1
281,1
281,1
281,1
281,1
281,1
281,1
281,1
281,1
281,1
281,1
281,1
281,1
282,24
282,10
282,9
282,7
282,4
282,4
282,4
282,3
282,3
282,2
282,2
282,2
282,2
282,2
282,2
282,2
282,2
282,2
282,2
282,2
282,2
282,1
282,1
282,1
282,1
282,1
282,1
282,1
282,1
282,1
282,1
282,1
282,1
282,1
282,1
282,1
282,1
282,1
282,1
282,1
282,1
282,1
282,1
282,1
282,1
282,1
282,1
282,1
282,1
282,1
282,1
282,1
282,1
282,1
282,1
282,1
282,1
282,1
282,1
282,1
282,1
283,9
283,9
283,8
283,5
283,4
283,4
283,3
283,3
283,2
283,2
283,2
283,2
283,2
283,2
283,2
283,2
283,2
283,1
283,1
283,1
283,1
283,1
283,1
283,1
283,1
283,1
283,1
283,1
283,1
283,1
283,1
283,1
283,1
283,1
283,1
283,1
283,1
283,1
283,1
283,1
283,1
283,1
283,1
283,1
283,1
283,1
283,1
283,1
283,1
283,1
283,1
283,1
283,1
283,1
283,1
283,1
283,1
283,1
283,1
283,1
283,1
283,1
283,1
283,1
283,1
283,1
283,1
283,1
284,30
284,6
284,4
284,3
284,3
284,2
284,2
284,2
284,2
284,2
284,2
284,2
284,2
284,2
284,2
284,2
284,2
284,2
284,2
284,2
284,2
284,2
284,1
284,1
284,1
284,1
284,1
284,1
284,1
284,1
284,1
284,1
284,1
284,1
284,1
284,1
284,1
284,1
284,1
284,1
284,1
284,1
284,1
284,1
284,1
284,1
284,1
284,1
284,1
284,1
284,1
284,1
284,1
284,1
284,1
284,1
284,1
284,1
284,1
284,1
284,1
284,1
284,1
284,1
284,1
284,1
285,10
285,9
285,9
285,8
285,5
285,5
285,5
285,4
285,4
285,3
285,3
285,3
285,3
285,2
285,2
285,2
285,2
285,2
285,2
285,2
285,1
285,1
285,1
285,1
285,1
285,1
285,1
285,1
285,1
285,1
285,1
285,1
285,1
285,1
285,1
285,1
285,1
285,1
285,1
285,1
285,1
285,1
285,1
285,1
285,1
285,1
285,1
285,1
285,1
285,1
285,1
285,1
285,1
285,1
285,1
285,1
285,1
285,1
285,1
285,1
285,1
285,1
285,1
285,1
285,1
285,1
285,1
285,1
286,8
286,7
286,4
286,4
286,3
286,3
286,2
286,2
286,2
286,2
286,2
286,2
286,2
286,2
286,2
286,2
286,2
286,2
286,2
286,2
286,2
286,1
286,1
286,1
286,1
286,1
286,1
286,1
286,1
286,1
286,1
286,1
286,1
286,1
286,1
286,1
286,1
286,1
286,1
286,1
286,1
286,1
286,1
286,1
286,1
286,1
286,1
286,1
286,1
286,1
286,1
286,1
286,1
286,1
286,1
286,1
286,1
286,1
286,1
286,1
286,1
286,1
286,1
286,1
286,1
287,18
287,18
287,13
287,5
287,4
287,4
287,4
287,4
287,3
287,3
287,2
287,2
287,2
287,2
287,2
287,2
287,2
287,1
287,1
287,1
287,1
287,1
287,1
287,1
287,1
287,1
287,1
287,1
287,1
287,1
287,1
287,1
287,1
287,1
287,1
287,1
287,1
287,1
287,1
287,1
287,1
287,1
287,1
287,1
287,1
287,1
287,1
287,1
287,1
287,1
287,1
287,1
287,1
287,1
287,1
287,1
287,1
287,1
287,1
288,13
288,10
288,10
288,10
288,9
288,6
288,5
288,4
288,4
288,4
288,3
288,3
288,3
288,2
288,2
288,2
288,2
288,2
288,2
288,1
288,1
288,1
288,1
288,1
288,1
288,1
288,1
288,1
288,1
288,1
288,1
288,1
288,1
288,1
288,1
288,1
288,1
288,1
288,1
288,1
288,1
288,1
288,1
288,1
288,1
288,1
288,1
288,1
288,1
288,1
288,1
288,1
288,1
288,1
288,1
289,24
289,13
289,7
289,4
289,3
289,3
289,3
289,3
289,3
289,2
289,2
289,2
289,2
289,2
289,2
289,2
289,2
289,2
289,1
289,1
289,1
289,1
289,1
289,1
289,1
289,1
289,1
289,1
289,1
289,1
289,1
289,1
289,1
289,1
289,1
289,1
289,1
289,1
289,1
289,1
289,1
289,1
289,1
289,1
289,1
289,1
289,1
289,1
289,1
289,1
289,1
289,1
289,1
289,1
289,1
289,1
289,1
289,1
289,1
290,9
290,7
290,6
290,5
290,4
290,4
290,4
290,4
290,2
290,2
290,2
290,2
290,2
290,2
290,2
290,2
290,2
290,1
290,1
290,1
290,1
290,1
290,1
290,1
290,1
290,1
290,1
290,1
290,1
290,1
290,1
290,1
290,1
290,1
290,1
290,1
290,1
290,1
290,1
290,1
290,1
290,1
290,1
290,1
290,1
290,1
290,1
290,1
290,1
290,1
290,1
290,1
290,1
291,13
291,11
291,9
291,7
291,4
291,4
291,4
291,3
291,3
291,3
291,3
291,3
291,2
291,2
291,2
291,2
291,2
291,2
291,2
291,2
291,2
291,2
291,2
291,2
291,2
291,1
291,1
291,1
291,1
291,1
291,1
291,1
291,1
291,1
291,1
291,1
291,1
291,1
291,1
291,1
291,1
291,1
291,1
291,1
291,1
291,1
291,1
291,1
291,1
291,1
291,1
291,1
291,1
291,1
291,1
291,1
291,1
291,1
291,1
291,1
291,1
291,1
291,1
291,1
291,1
291,1
291,1
291,1
291,1
291,1
291,1
291,1
291,1
292,27
292,18
292,15
292,10
292,7
292,6
292,5
292,5
292,4
292,4
292,3
292,3
292,3
292,2
292,2
292,2
292,2
292,2
292,2
292,2
292,2
292,2
292,2
292,1
292,1
292,1
292,1
292,1
292,1
292,1
292,1
292,1
292,1
292,1
292,1
292,1
292,1
292,1
292,1
292,1
292,1
292,1
292,1
292,1
292,1
292,1
292,1
292,1
292,1
292,1
292,1
292,1
292,1
292,1
292,1
292,1
292,1
292,1
292,1
292,1
292,1
292,1
292,1
292,1
293,13
293,8
293,7
293,6
293,5
293,5
293,5
293,4
293,3
293,3
293,3
293,3
293,2
293,2
293,2
293,2
293,2
293,2
293,2
293,2
293,2
293,2
293,2
293,2
293,2
293,2
293,1
293,1
293,1
293,1
293,1
293,1
293,1
293,1
293,1
293,1
293,1
293,1
293,1
293,1
293,1
293,1
293,1
293,1
293,1
293,1
293,1
293,1
293,1
293,1
293,1
293,1
293,1
293,1
293,1
293,1
293,1
294,17
294,11
294,5
294,4
294,3
294,3
294,3
294,3
294,2
294,2
294,2
294,2
294,2
294,2
294,2
294,2
294,2
294,1
294,1
294,1
294,1
294,1
294,1
294,1
294,1
294,1
294,1
294,1
294,1
294,1
294,1
294,1
294,1
294,1
294,1
294,1
294,1
294,1
294,1
294,1
294,1
294,1
294,1
294,1
294,1
294,1
294,1
294,1
294,1
294,1
294,1
294,1
294,1
294,1
294,1
294,1
294,1
294,1
294,1
295,12
295,6
295,5
295,5
295,5
295,3
295,2
295,2
295,2
295,2
295,2
295,2
295,2
295,1
295,1
295,1
295,1
295,1
295,1
295,1
295,1
295,1
295,1
295,1
295,1
295,1
295,1
295,1
295,1
295,1
295,1
295,1
295,1
295,1
295,1
295,1
295,1
295,1
295,1
295,1
295,1
295,1
295,1
295,1
295,1
295,1
295,1
295,1
295,1
295,1
295,1
295,1
295,1
295,1
295,1
295,1
295,1
295,1
295,1
295,1
295,1
295,1
295,1
296,9
296,8
296,5
296,5
296,5
296,5
296,3
296,3
296,3
296,3
296,2
296,2
296,2
296,2
296,2
296,2
296,2
296,2
296,2
296,2
296,2
296,1
296,1
296,1
296,1
296,1
296,1
296,1
296,1
296,1
296,1
296,1
296,1
296,1
296,1
296,1
296,1
296,1
296,1
296,1
296,1
296,1
296,1
296,1
296,1
296,1
296,1
296,1
296,1
296,1
296,1
296,1
296,1
296,1
296,1
296,1
296,1
296,1
296,1
296,1
296,1
296,1
296,1
296,1
296,1
296,1
296,1
296,1
296,1
296,1
296,1
296,1
296,1
296,1
297,10
297,3
297,2
297,2
297,2
297,2
297,2
297,1
297,1
297,1
297,1
297,1
297,1
297,1
297,1
297,1
297,1
297,1
297,1
297,1
297,1
297,1
297,1
297,1
297,1
297,1
297,1
297,1
297,1
297,1
297,1
297,1
297,1
297,1
297,1
297,1
297,1
297,1
297,1
297,1
297,1
297,1
298,7
298,6
298,6
298,5
298,5
298,4
298,4
298,4
298,4
298,3
298,2
298,2
298,2
298,2
298,2
298,2
298,2
298,2
298,2
298,2
298,2
298,2
298,2
298,1
298,1
298,1
298,1
298,1
298,1
298,1
298,1
298,1
298,1
298,1
298,1
298,1
298,1
298,1
298,1
298,1
298,1
298,1
298,1
298,1
298,1
298,1
298,1
298,1
298,1
298,1
298,1
298,1
298,1
298,1
298,1
298,1
298,1
298,1
298,1
298,1
298,1
299,16
299,13
299,5
299,5
299,4
299,3
299,3
299,3
299,3
299,3
299,2
299,2
299,2
299,2
299,2
299,2
299,2
299,2
299,2
299,2
299,1
299,1
299,1
299,1
299,1
299,1
299,1
299,1
299,1
299,1
299,1
299,1
299,1
299,1
299,1
299,1
299,1
299,1
299,1
299,1
299,1
299,1
299,1
299,1
299,1
299,1
299,1
299,1
299,1
299,1
299,1
299,1
299,1
299,1
299,1
299,1
299,1
299,1
299,1
299,1
299,1
299,1
