task,size
0,2180
0,158
0,12
0,10
0,10
0,8
0,8
0,8
0,6
0,6
0,5
0,5
0,5
0,4
0,4
0,4
0,4
0,4
0,4
0,4
0,4
0,4
0,4
0,4
0,4
0,4
0,4
0,3
0,3
0,3
0,3
0,3
0,3
0,3
0,3
0,3
0,3
0,3
0,3
0,3
0,3
0,3
0,2
0,2
0,2
0,2
0,2
0,2
0,2
0,2
0,2
0,2
0,2
0,2
0,2
0,2
0,2
0,2
0,2
0,2
0,2
0,2
0,2
0,2
0,2
0,2
0,2
0,2
0,2
0,2
0,2
0,2
0,2
0,2
0,2
0,2
0,1
0,1
0,1
0,1
0,1
0,1
0,1
0,1
0,1
0,1
0,1
0,1
0,1
0,1
0,1
0,1
0,1
0,1
0,1
0,1
0,1
0,1
0,1
0,1
0,1
0,1
0,1
0,1
0,1
0,1
0,1
0,1
0,1
0,1
0,1
0,1
0,1
0,1
0,1
0,1
0,1
0,1
0,1
0,1
0,1
0,1
0,1
0,1
0,1
0,1
0,1
0,1
0,1
0,1
0,1
0,1
0,1
0,1
0,1
0,1
0,1
0,1
0,1
0,1
0,1
0,1
0,1
0,1
0,1
0,1
0,1
0,1
0,1
0,1
0,1
0,1
0,1
0,1
0,1
0,1
0,1
0,1
0,1
0,1
0,1
0,1
0,1
0,1
0,1
0,1
0,1
0,1
0,1
0,1
0,1
0,1
0,1
0,1
0,1
0,1
0,1
0,1
0,1
0,1
0,1
0,1
0,1
0,1
0,1
0,1
0,1
0,1
0,1
0,1
0,1
0,1
0,1
0,1
0,1
0,1
0,1
0,1
0,1
0,1
0,1
0,1
0,1
0,1
0,1
0,1
0,1
0,1
0,1
0,1
0,1
0,1
0,1
0,1
0,1
0,1
0,1
0,1
0,1
1,2383
1,49
1,27
1,18
1,18
1,9
1,5
1,4
1,4
1,4
1,4
1,4
1,4
1,4
1,4
1,4
1,3
1,3
1,3
1,3
1,3
1,3
1,3
1,3
1,3
1,3
1,3
1,3
1,3
1,3
1,2
1,2
1,2
1,2
1,2
1,2
1,2
1,2
1,2
1,2
1,2
1,2
1,2
1,2
1,2
1,2
1,2
1,2
1,2
1,2
1,2
1,2
1,2
1,2
1,2
1,2
1,2
1,2
1,1
1,1
1,1
1,1
1,1
1,1
1,1
1,1
1,1
1,1
1,1
1,1
1,1
1,1
1,1
1,1
1,1
1,1
1,1
1,1
1,1
1,1
1,1
1,1
1,1
1,1
1,1
1,1
1,1
1,1
1,1
1,1
1,1
1,1
1,1
1,1
1,1
1,1
1,1
1,1
1,1
1,1
1,1
1,1
1,1
1,1
1,1
1,1
1,1
1,1
1,1
1,1
1,1
1,1
1,1
1,1
1,1
1,1
1,1
1,1
1,1
1,1
1,1
1,1
1,1
1,1
1,1
1,1
1,1
1,1
1,1
1,1
1,1
1,1
1,1
1,1
1,1
1,1
1,1
1,1
1,1
1,1
1,1
1,1
1,1
1,1
1,1
1,1
1,1
1,1
1,1
1,1
1,1
1,1
1,1
1,1
1,1
1,1
1,1
1,1
1,1
1,1
1,1
1,1
1,1
1,1
1,1
1,1
1,1
1,1
1,1
1,1
1,1
1,1
1,1
1,1
1,1
1,1
1,1
1,1
1,1
1,1
1,1
1,1
1,1
1,1
1,1
1,1
1,1
1,1
1,1
1,1
1,1
1,1
1,1
1,1
1,1
1,1
1,1
1,1
2,2062
2,45
2,30
2,15
2,12
2,10
2,10
2,8
2,7
2,5
2,5
2,5
2,5
2,5
2,4
2,4
2,4
2,4
2,4
2,4
2,4
2,3
2,3
2,3
2,3
2,3
2,3
2,3
2,3
2,3
2,2
2,2
2,2
2,2
2,2
2,2
2,2
2,2
2,2
2,2
2,2
2,2
2,2
2,2
2,2
2,2
2,2
2,2
2,2
2,2
2,2
2,2
2,2
2,2
2,2
2,2
2,2
2,2
2,2
2,2
2,2
2,2
2,2
2,2
2,1
2,1
2,1
2,1
2,1
2,1
2,1
2,1
2,1
2,1
2,1
2,1
2,1
2,1
2,1
2,1
2,1
2,1
2,1
2,1
2,1
2,1
2,1
2,1
2,1
2,1
2,1
2,1
2,1
2,1
2,1
2,1
2,1
2,1
2,1
2,1
2,1
2,1
2,1
2,1
2,1
2,1
2,1
2,1
2,1
2,1
2,1
2,1
2,1
2,1
2,1
2,1
2,1
2,1
2,1
2,1
2,1
2,1
2,1
2,1
2,1
2,1
2,1
2,1
2,1
2,1
2,1
2,1
2,1
2,1
2,1
2,1
2,1
2,1
2,1
2,1
2,1
2,1
2,1
2,1
2,1
2,1
2,1
2,1
2,1
2,1
2,1
2,1
2,1
2,1
2,1
2,1
2,1
2,1
2,1
2,1
2,1
2,1
2,1
2,1
2,1
2,1
2,1
2,1
2,1
2,1
2,1
2,1
2,1
2,1
2,1
2,1
2,1
2,1
2,1
2,1
2,1
2,1
2,1
2,1
2,1
2,1
2,1
2,1
2,1
2,1
2,1
2,1
2,1
2,1
2,1
2,1
2,1
2,1
2,1
2,1
2,1
2,1
2,1
2,1
2,1
2,1
2,1
2,1
2,1
2,1
2,1
2,1
2,1
2,1
2,1
2,1
2,1
3,2286
3,41
3,18
3,16
3,11
3,9
3,9
3,8
3,7
3,7
3,7
3,6
3,5
3,5
3,4
3,4
3,4
3,4
3,4
3,4
3,3
3,3
3,3
3,3
3,3
3,3
3,3
3,3
3,3
3,3
3,2
3,2
3,2
3,2
3,2
3,2
3,2
3,2
3,2
3,2
3,2
3,2
3,2
3,2
3,2
3,2
3,2
3,2
3,2
3,2
3,2
3,2
3,2
3,2
3,2
3,2
3,2
3,2
3,2
3,2
3,2
3,2
3,2
3,2
3,2
3,2
3,2
3,1
3,1
3,1
3,1
3,1
3,1
3,1
3,1
3,1
3,1
3,1
3,1
3,1
3,1
3,1
3,1
3,1
3,1
3,1
3,1
3,1
3,1
3,1
3,1
3,1
3,1
3,1
3,1
3,1
3,1
3,1
3,1
3,1
3,1
3,1
3,1
3,1
3,1
3,1
3,1
3,1
3,1
3,1
3,1
3,1
3,1
3,1
3,1
3,1
3,1
3,1
3,1
3,1
3,1
3,1
3,1
3,1
3,1
3,1
3,1
3,1
3,1
3,1
3,1
3,1
3,1
3,1
3,1
3,1
3,1
3,1
3,1
3,1
3,1
3,1
3,1
3,1
3,1
3,1
3,1
3,1
3,1
3,1
3,1
3,1
3,1
3,1
3,1
3,1
3,1
3,1
3,1
3,1
3,1
3,1
3,1
3,1
3,1
3,1
3,1
3,1
3,1
3,1
3,1
3,1
3,1
3,1
3,1
3,1
3,1
3,1
3,1
3,1
3,1
3,1
3,1
3,1
3,1
3,1
3,1
3,1
3,1
3,1
3,1
3,1
3,1
3,1
3,1
3,1
4,2303
4,27
4,22
4,9
4,7
4,6
4,6
4,6
4,5
4,4
4,4
4,4
4,4
4,4
4,4
4,4
4,4
4,3
4,3
4,3
4,3
4,3
4,3
4,3
4,3
4,3
4,3
4,3
4,3
4,3
4,3
4,3
4,3
4,3
4,3
4,3
4,3
4,3
4,2
4,2
4,2
4,2
4,2
4,2
4,2
4,2
4,2
4,2
4,2
4,2
4,2
4,2
4,2
4,2
4,2
4,2
4,2
4,2
4,2
4,2
4,2
4,2
4,2
4,2
4,2
4,2
4,2
4,2
4,2
4,2
4,2
4,2
4,1
4,1
4,1
4,1
4,1
4,1
4,1
4,1
4,1
4,1
4,1
4,1
4,1
4,1
4,1
4,1
4,1
4,1
4,1
4,1
4,1
4,1
4,1
4,1
4,1
4,1
4,1
4,1
4,1
4,1
4,1
4,1
4,1
4,1
4,1
4,1
4,1
4,1
4,1
4,1
4,1
4,1
4,1
4,1
4,1
4,1
4,1
4,1
4,1
4,1
4,1
4,1
4,1
4,1
4,1
4,1
4,1
4,1
4,1
4,1
4,1
4,1
4,1
4,1
4,1
4,1
4,1
4,1
4,1
4,1
4,1
4,1
4,1
4,1
4,1
4,1
4,1
4,1
4,1
4,1
4,1
4,1
4,1
4,1
4,1
4,1
4,1
4,1
4,1
4,1
4,1
4,1
4,1
4,1
4,1
4,1
4,1
4,1
4,1
4,1
4,1
4,1
4,1
4,1
4,1
4,1
4,1
4,1
4,1
4,1
4,1
4,1
4,1
4,1
4,1
4,1
4,1
4,1
4,1
4,1
4,1
4,1
4,1
4,1
4,1
4,1
4,1
4,1
4,1
4,1
4,1
4,1
4,1
4,1
4,1
4,1
4,1
4,1
4,1
4,1
4,1
4,1
4,1
4,1
4,1
4,1
4,1
4,1
4,1
4,1
4,1
4,1
4,1
4,1
4,1
4,1
4,1
4,1
4,1
4,1
4,1
4,1
4,1
5,2471
5,52
5,12
5,11
5,7
5,6
5,6
5,6
5,5
5,5
5,4
5,4
5,4
5,4
5,4
5,4
5,3
5,3
5,3
5,3
5,3
5,3
5,3
5,3
5,3
5,3
5,3
5,3
5,3
5,3
5,3
5,2
5,2
5,2
5,2
5,2
5,2
5,2
5,2
5,2
5,2
5,2
5,2
5,2
5,2
5,2
5,2
5,1
5,1
5,1
5,1
5,1
5,1
5,1
5,1
5,1
5,1
5,1
5,1
5,1
5,1
5,1
5,1
5,1
5,1
5,1
5,1
5,1
5,1
5,1
5,1
5,1
5,1
5,1
5,1
5,1
5,1
5,1
5,1
5,1
5,1
5,1
5,1
5,1
5,1
5,1
5,1
5,1
5,1
5,1
5,1
5,1
5,1
5,1
5,1
5,1
5,1
5,1
5,1
5,1
5,1
5,1
5,1
5,1
5,1
5,1
5,1
5,1
5,1
5,1
5,1
5,1
5,1
5,1
5,1
5,1
5,1
5,1
5,1
5,1
5,1
5,1
5,1
5,1
5,1
5,1
5,1
5,1
5,1
5,1
5,1
5,1
5,1
5,1
5,1
5,1
5,1
5,1
5,1
5,1
5,1
5,1
5,1
5,1
5,1
5,1
5,1
5,1
5,1
5,1
5,1
5,1
5,1
5,1
5,1
5,1
5,1
5,1
5,1
5,1
5,1
5,1
5,1
5,1
5,1
5,1
5,1
5,1
5,1
5,1
5,1
5,1
5,1
5,1
5,1
5,1
5,1
5,1
5,1
6,2269
6,42
6,25
6,12
6,10
6,8
6,8
6,8
6,6
6,6
6,5
6,5
6,5
6,4
6,4
6,4
6,4
6,3
6,3
6,3
6,3
6,3
6,3
6,3
6,3
6,3
6,3
6,3
6,3
6,3
6,3
6,3
6,3
6,3
6,3
6,3
6,3
6,3
6,2
6,2
6,2
6,2
6,2
6,2
6,2
6,2
6,2
6,2
6,2
6,2
6,2
6,2
6,2
6,2
6,2
6,2
6,2
6,2
6,2
6,2
6,2
6,2
6,2
6,2
6,2
6,2
6,2
6,2
6,2
6,2
6,2
6,2
6,2
6,2
6,1
6,1
6,1
6,1
6,1
6,1
6,1
6,1
6,1
6,1
6,1
6,1
6,1
6,1
6,1
6,1
6,1
6,1
6,1
6,1
6,1
6,1
6,1
6,1
6,1
6,1
6,1
6,1
6,1
6,1
6,1
6,1
6,1
6,1
6,1
6,1
6,1
6,1
6,1
6,1
6,1
6,1
6,1
6,1
6,1
6,1
6,1
6,1
6,1
6,1
6,1
6,1
6,1
6,1
6,1
6,1
6,1
6,1
6,1
6,1
6,1
6,1
6,1
6,1
6,1
6,1
6,1
6,1
6,1
6,1
6,1
6,1
6,1
6,1
6,1
6,1
6,1
6,1
6,1
6,1
6,1
6,1
6,1
6,1
6,1
6,1
6,1
6,1
6,1
6,1
6,1
6,1
6,1
6,1
6,1
6,1
6,1
6,1
6,1
6,1
6,1
6,1
6,1
6,1
6,1
6,1
6,1
6,1
6,1
6,1
6,1
6,1
6,1
6,1
6,1
6,1
6,1
6,1
6,1
6,1
6,1
6,1
6,1
6,1
6,1
6,1
6,1
6,1
6,1
6,1
6,1
6,1
6,1
6,1
6,1
6,1
6,1
6,1
6,1
6,1
6,1
6,1
6,1
6,1
6,1
6,1
6,1
6,1
6,1
6,1
6,1
6,1
6,1
6,1
6,1
7,1589
7,627
7,99
7,95
7,60
7,16
7,12
7,9
7,8
7,7
7,7
7,7
7,7
7,6
7,6
7,5
7,5
7,5
7,5
7,5
7,5
7,5
7,4
7,4
7,4
7,4
7,4
7,4
7,3
7,3
7,3
7,3
7,3
7,3
7,3
7,3
7,3
7,3
7,3
7,3
7,3
7,3
7,3
7,3
7,2
7,2
7,2
7,2
7,2
7,2
7,2
7,2
7,2
7,2
7,2
7,2
7,2
7,2
7,2
7,2
7,2
7,2
7,2
7,2
7,2
7,2
7,2
7,2
7,2
7,2
7,2
7,1
7,1
7,1
7,1
7,1
7,1
7,1
7,1
7,1
7,1
7,1
7,1
7,1
7,1
7,1
7,1
7,1
7,1
7,1
7,1
7,1
7,1
7,1
7,1
7,1
7,1
7,1
7,1
7,1
7,1
7,1
7,1
7,1
7,1
7,1
7,1
7,1
7,1
7,1
7,1
7,1
7,1
7,1
7,1
7,1
7,1
7,1
7,1
7,1
7,1
7,1
7,1
7,1
7,1
7,1
7,1
7,1
7,1
7,1
7,1
7,1
7,1
7,1
7,1
7,1
7,1
7,1
7,1
7,1
7,1
7,1
7,1
7,1
7,1
7,1
7,1
7,1
7,1
7,1
7,1
7,1
7,1
7,1
7,1
7,1
7,1
7,1
7,1
7,1
7,1
7,1
7,1
7,1
7,1
7,1
7,1
7,1
7,1
7,1
7,1
7,1
7,1
7,1
7,1
7,1
7,1
7,1
7,1
7,1
7,1
7,1
7,1
7,1
7,1
7,1
7,1
7,1
7,1
7,1
7,1
7,1
7,1
7,1
7,1
8,2492
8,15
8,13
8,12
8,11
8,11
8,10
8,10
8,9
8,5
8,5
8,5
8,5
8,5
8,5
8,4
8,4
8,4
8,4
8,4
8,3
8,3
8,3
8,3
8,3
8,3
8,3
8,3
8,3
8,3
8,3
8,2
8,2
8,2
8,2
8,2
8,2
8,2
8,2
8,2
8,2
8,2
8,2
8,2
8,2
8,2
8,2
8,2
8,2
8,2
8,2
8,2
8,2
8,2
8,2
8,2
8,1
8,1
8,1
8,1
8,1
8,1
8,1
8,1
8,1
8,1
8,1
8,1
8,1
8,1
8,1
8,1
8,1
8,1
8,1
8,1
8,1
8,1
8,1
8,1
8,1
8,1
8,1
8,1
8,1
8,1
8,1
8,1
8,1
8,1
8,1
8,1
8,1
8,1
8,1
8,1
8,1
8,1
8,1
8,1
8,1
8,1
8,1
8,1
8,1
8,1
8,1
8,1
8,1
8,1
8,1
8,1
8,1
8,1
8,1
8,1
8,1
8,1
8,1
8,1
8,1
8,1
8,1
8,1
8,1
8,1
8,1
8,1
8,1
8,1
8,1
8,1
8,1
8,1
8,1
8,1
8,1
8,1
8,1
8,1
8,1
8,1
8,1
8,1
8,1
8,1
8,1
8,1
8,1
8,1
8,1
8,1
8,1
8,1
8,1
8,1
8,1
8,1
8,1
8,1
8,1
8,1
8,1
8,1
8,1
8,1
8,1
8,1
8,1
8,1
8,1
8,1
8,1
8,1
8,1
8,1
8,1
8,1
8,1
8,1
8,1
8,1
8,1
8,1
8,1
8,1
8,1
8,1
9,2211
9,24
9,15
9,11
9,11
9,9
9,9
9,8
9,7
9,6
9,6
9,6
9,5
9,5
9,5
9,5
9,5
9,4
9,4
9,4
9,4
9,4
9,3
9,3
9,3
9,3
9,3
9,3
9,3
9,3
9,3
9,3
9,3
9,3
9,3
9,2
9,2
9,2
9,2
9,2
9,2
9,2
9,2
9,2
9,2
9,2
9,2
9,2
9,2
9,2
9,2
9,2
9,2
9,2
9,2
9,2
9,2
9,2
9,2
9,2
9,2
9,2
9,2
9,2
9,2
9,2
9,2
9,2
9,2
9,2
9,2
9,2
9,1
9,1
9,1
9,1
9,1
9,1
9,1
9,1
9,1
9,1
9,1
9,1
9,1
9,1
9,1
9,1
9,1
9,1
9,1
9,1
9,1
9,1
9,1
9,1
9,1
9,1
9,1
9,1
9,1
9,1
9,1
9,1
9,1
9,1
9,1
9,1
9,1
9,1
9,1
9,1
9,1
9,1
9,1
9,1
9,1
9,1
9,1
9,1
9,1
9,1
9,1
9,1
9,1
9,1
9,1
9,1
9,1
9,1
9,1
9,1
9,1
9,1
9,1
9,1
9,1
9,1
9,1
9,1
9,1
9,1
9,1
9,1
9,1
9,1
9,1
9,1
9,1
9,1
9,1
9,1
9,1
9,1
9,1
9,1
9,1
9,1
9,1
9,1
9,1
9,1
9,1
9,1
9,1
9,1
9,1
9,1
9,1
9,1
9,1
9,1
9,1
9,1
9,1
9,1
9,1
9,1
9,1
9,1
9,1
9,1
9,1
9,1
9,1
9,1
9,1
9,1
9,1
9,1
10,2438
10,15
10,10
10,6
10,5
10,5
10,5
10,5
10,4
10,4
10,4
10,4
10,4
10,3
10,3
10,3
10,3
10,3
10,3
10,3
10,3
10,3
10,3
10,3
10,3
10,2
10,2
10,2
10,2
10,2
10,2
10,2
10,2
10,2
10,2
10,2
10,2
10,2
10,2
10,2
10,2
10,2
10,2
10,2
10,2
10,2
10,2
10,2
10,2
10,1
10,1
10,1
10,1
10,1
10,1
10,1
10,1
10,1
10,1
10,1
10,1
10,1
10,1
10,1
10,1
10,1
10,1
10,1
10,1
10,1
10,1
10,1
10,1
10,1
10,1
10,1
10,1
10,1
10,1
10,1
10,1
10,1
10,1
10,1
10,1
10,1
10,1
10,1
10,1
10,1
10,1
10,1
10,1
10,1
10,1
10,1
10,1
10,1
10,1
10,1
10,1
10,1
10,1
10,1
10,1
10,1
10,1
10,1
10,1
10,1
10,1
10,1
10,1
10,1
10,1
10,1
10,1
10,1
10,1
10,1
10,1
10,1
10,1
10,1
10,1
10,1
10,1
10,1
10,1
10,1
10,1
10,1
10,1
10,1
10,1
10,1
10,1
10,1
10,1
10,1
10,1
10,1
10,1
11,2198
11,25
11,20
11,19
11,13
11,11
11,6
11,5
11,5
11,5
11,5
11,4
11,4
11,4
11,4
11,4
11,4
11,3
11,3
11,3
11,3
11,3
11,3
11,3
11,3
11,2
11,2
11,2
11,2
11,2
11,2
11,2
11,2
11,2
11,2
11,2
11,2
11,2
11,2
11,2
11,2
11,2
11,2
11,2
11,2
11,2
11,2
11,2
11,2
11,2
11,2
11,2
11,2
11,2
11,2
11,1
11,1
11,1
11,1
11,1
11,1
11,1
11,1
11,1
11,1
11,1
11,1
11,1
11,1
11,1
11,1
11,1
11,1
11,1
11,1
11,1
11,1
11,1
11,1
11,1
11,1
11,1
11,1
11,1
11,1
11,1
11,1
11,1
11,1
11,1
11,1
11,1
11,1
11,1
11,1
11,1
11,1
11,1
11,1
11,1
11,1
11,1
11,1
11,1
11,1
11,1
11,1
11,1
11,1
11,1
11,1
11,1
11,1
11,1
11,1
11,1
11,1
11,1
11,1
11,1
11,1
11,1
11,1
11,1
11,1
11,1
11,1
11,1
11,1
11,1
11,1
11,1
11,1
11,1
11,1
11,1
11,1
11,1
11,1
11,1
11,1
11,1
11,1
11,1
11,1
11,1
11,1
11,1
11,1
11,1
11,1
11,1
11,1
11,1
11,1
11,1
11,1
11,1
11,1
11,1
11,1
11,1
11,1
11,1
11,1
11,1
11,1
11,1
11,1
11,1
11,1
11,1
11,1
11,1
11,1
11,1
11,1
11,1
11,1
11,1
11,1
11,1
11,1
12,2286
12,18
12,15
12,15
12,12
12,8
12,7
12,6
12,5
12,5
12,4
12,4
12,4
12,4
12,4
12,3
12,3
12,3
12,3
12,3
12,3
12,3
12,3
12,3
12,3
12,3
12,2
12,2
12,2
12,2
12,2
12,2
12,2
12,2
12,2
12,2
12,2
12,2
12,2
12,2
12,2
12,2
12,2
12,2
12,2
12,2
12,2
12,2
12,2
12,2
12,2
12,2
12,2
12,2
12,2
12,2
12,1
12,1
12,1
12,1
12,1
12,1
12,1
12,1
12,1
12,1
12,1
12,1
12,1
12,1
12,1
12,1
12,1
12,1
12,1
12,1
12,1
12,1
12,1
12,1
12,1
12,1
12,1
12,1
12,1
12,1
12,1
12,1
12,1
12,1
12,1
12,1
12,1
12,1
12,1
12,1
12,1
12,1
12,1
12,1
12,1
12,1
12,1
12,1
12,1
12,1
12,1
12,1
12,1
12,1
12,1
12,1
12,1
12,1
12,1
12,1
12,1
12,1
12,1
12,1
12,1
12,1
12,1
12,1
12,1
12,1
12,1
12,1
12,1
12,1
12,1
12,1
12,1
12,1
12,1
12,1
12,1
12,1
12,1
12,1
12,1
12,1
12,1
12,1
12,1
12,1
12,1
12,1
12,1
12,1
12,1
12,1
12,1
12,1
12,1
12,1
12,1
12,1
12,1
12,1
13,2101
13,68
13,49
13,28
13,23
13,20
13,10
13,7
13,7
13,7
13,7
13,6
13,6
13,6
13,6
13,5
13,4
13,4
13,4
13,4
13,4
13,4
13,4
13,3
13,3
13,3
13,3
13,3
13,3
13,3
13,3
13,3
13,3
13,3
13,3
13,3
13,3
13,3
13,3
13,3
13,3
13,3
13,3
13,2
13,2
13,2
13,2
13,2
13,2
13,2
13,2
13,2
13,2
13,2
13,2
13,2
13,2
13,2
13,2
13,2
13,2
13,2
13,2
13,2
13,2
13,2
13,1
13,1
13,1
13,1
13,1
13,1
13,1
13,1
13,1
13,1
13,1
13,1
13,1
13,1
13,1
13,1
13,1
13,1
13,1
13,1
13,1
13,1
13,1
13,1
13,1
13,1
13,1
13,1
13,1
13,1
13,1
13,1
13,1
13,1
13,1
13,1
13,1
13,1
13,1
13,1
13,1
13,1
13,1
13,1
13,1
13,1
13,1
13,1
13,1
13,1
13,1
13,1
13,1
13,1
13,1
13,1
13,1
13,1
13,1
13,1
13,1
13,1
13,1
13,1
13,1
13,1
13,1
13,1
13,1
13,1
13,1
13,1
13,1
13,1
13,1
13,1
13,1
13,1
13,1
13,1
13,1
13,1
13,1
13,1
13,1
13,1
13,1
13,1
13,1
13,1
13,1
13,1
13,1
13,1
13,1
13,1
13,1
13,1
13,1
13,1
13,1
13,1
13,1
13,1
13,1
13,1
13,1
13,1
13,1
13,1
13,1
13,1
13,1
13,1
13,1
13,1
13,1
13,1
13,1
13,1
13,1
13,1
13,1
13,1
13,1
13,1
13,1
13,1
13,1
14,2041
14,126
14,38
14,18
14,18
14,15
14,15
14,12
14,8
14,8
14,7
14,6
14,6
14,6
14,6
14,6
14,5
14,5
14,4
14,4
14,4
14,4
14,4
14,4
14,4
14,3
14,3
14,3
14,3
14,3
14,3
14,3
14,3
14,3
14,3
14,3
14,3
14,3
14,3
14,3
14,3
14,2
14,2
14,2
14,2
14,2
14,2
14,2
14,2
14,2
14,2
14,2
14,2
14,2
14,2
14,2
14,2
14,2
14,2
14,2
14,2
14,2
14,2
14,2
14,2
14,2
14,2
14,2
14,2
14,2
14,2
14,1
14,1
14,1
14,1
14,1
14,1
14,1
14,1
14,1
14,1
14,1
14,1
14,1
14,1
14,1
14,1
14,1
14,1
14,1
14,1
14,1
14,1
14,1
14,1
14,1
14,1
14,1
14,1
14,1
14,1
14,1
14,1
14,1
14,1
14,1
14,1
14,1
14,1
14,1
14,1
14,1
14,1
14,1
14,1
14,1
14,1
14,1
14,1
14,1
14,1
14,1
14,1
14,1
14,1
14,1
14,1
14,1
14,1
14,1
14,1
14,1
14,1
14,1
14,1
14,1
14,1
14,1
14,1
14,1
14,1
14,1
14,1
14,1
14,1
14,1
14,1
14,1
14,1
14,1
14,1
14,1
14,1
14,1
14,1
14,1
14,1
14,1
14,1
14,1
14,1
14,1
14,1
14,1
14,1
14,1
14,1
14,1
14,1
14,1
14,1
14,1
14,1
14,1
14,1
14,1
14,1
14,1
14,1
14,1
14,1
14,1
14,1
14,1
14,1
14,1
14,1
14,1
14,1
14,1
14,1
14,1
14,1
14,1
14,1
14,1
14,1
14,1
14,1
14,1
14,1
14,1
14,1
14,1
14,1
14,1
14,1
14,1
14,1
14,1
14,1
14,1
14,1
14,1
14,1
14,1
14,1
14,1
14,1
14,1
14,1
14,1
14,1
14,1
14,1
14,1
14,1
14,1
14,1
14,1
14,1
14,1
14,1
14,1
14,1
14,1
15,2293
15,11
15,9
15,9
15,8
15,8
15,6
15,6
15,5
15,5
15,4
15,4
15,3
15,3
15,3
15,3
15,3
15,3
15,3
15,3
15,3
15,3
15,3
15,3
15,3
15,3
15,3
15,3
15,3
15,3
15,2
15,2
15,2
15,2
15,2
15,2
15,2
15,2
15,2
15,2
15,2
15,2
15,2
15,2
15,2
15,2
15,2
15,2
15,2
15,2
15,2
15,2
15,2
15,2
15,2
15,2
15,2
15,2
15,2
15,2
15,2
15,2
15,2
15,2
15,2
15,2
15,2
15,2
15,2
15,2
15,2
15,2
15,2
15,2
15,2
15,2
15,2
15,2
15,2
15,2
15,1
15,1
15,1
15,1
15,1
15,1
15,1
15,1
15,1
15,1
15,1
15,1
15,1
15,1
15,1
15,1
15,1
15,1
15,1
15,1
15,1
15,1
15,1
15,1
15,1
15,1
15,1
15,1
15,1
15,1
15,1
15,1
15,1
15,1
15,1
15,1
15,1
15,1
15,1
15,1
15,1
15,1
15,1
15,1
15,1
15,1
15,1
15,1
15,1
15,1
15,1
15,1
15,1
15,1
15,1
15,1
15,1
15,1
15,1
15,1
15,1
15,1
15,1
15,1
15,1
15,1
15,1
15,1
15,1
15,1
15,1
15,1
15,1
15,1
15,1
15,1
15,1
15,1
15,1
15,1
15,1
15,1
15,1
15,1
15,1
15,1
15,1
15,1
15,1
15,1
15,1
15,1
15,1
15,1
15,1
15,1
15,1
15,1
15,1
15,1
15,1
15,1
15,1
15,1
15,1
15,1
15,1
15,1
15,1
15,1
15,1
15,1
15,1
15,1
15,1
15,1
15,1
15,1
15,1
15,1
15,1
15,1
15,1
15,1
15,1
15,1
15,1
15,1
15,1
15,1
15,1
15,1
15,1
15,1
15,1
15,1
15,1
15,1
15,1
15,1
15,1
15,1
15,1
15,1
15,1
15,1
16,2388
16,20
16,19
16,11
16,9
16,8
16,8
16,7
16,6
16,5
16,5
16,5
16,5
16,4
16,4
16,4
16,3
16,3
16,3
16,3
16,3
16,3
16,3
16,3
16,3
16,3
16,3
16,3
16,3
16,3
16,3
16,3
16,3
16,3
16,3
16,3
16,3
16,2
16,2
16,2
16,2
16,2
16,2
16,2
16,2
16,2
16,2
16,2
16,2
16,2
16,2
16,2
16,2
16,2
16,2
16,2
16,2
16,2
16,2
16,2
16,2
16,2
16,2
16,2
16,2
16,2
16,2
16,2
16,2
16,2
16,2
16,2
16,2
16,2
16,2
16,2
16,2
16,1
16,1
16,1
16,1
16,1
16,1
16,1
16,1
16,1
16,1
16,1
16,1
16,1
16,1
16,1
16,1
16,1
16,1
16,1
16,1
16,1
16,1
16,1
16,1
16,1
16,1
16,1
16,1
16,1
16,1
16,1
16,1
16,1
16,1
16,1
16,1
16,1
16,1
16,1
16,1
16,1
16,1
16,1
16,1
16,1
16,1
16,1
16,1
16,1
16,1
16,1
16,1
16,1
16,1
16,1
16,1
16,1
16,1
16,1
16,1
16,1
16,1
16,1
16,1
16,1
16,1
16,1
16,1
16,1
16,1
16,1
16,1
16,1
16,1
16,1
16,1
16,1
16,1
16,1
16,1
16,1
16,1
16,1
16,1
16,1
16,1
16,1
16,1
16,1
16,1
16,1
16,1
16,1
16,1
16,1
16,1
16,1
16,1
16,1
16,1
16,1
16,1
16,1
16,1
17,2437
17,9
17,9
17,7
17,6
17,5
17,5
17,4
17,3
17,3
17,3
17,3
17,3
17,3
17,3
17,3
17,3
17,3
17,3
17,2
17,2
17,2
17,2
17,2
17,2
17,2
17,2
17,2
17,2
17,2
17,2
17,2
17,2
17,2
17,2
17,2
17,2
17,2
17,2
17,2
17,2
17,2
17,2
17,2
17,2
17,2
17,2
17,2
17,2
17,2
17,2
17,2
17,1
17,1
17,1
17,1
17,1
17,1
17,1
17,1
17,1
17,1
17,1
17,1
17,1
17,1
17,1
17,1
17,1
17,1
17,1
17,1
17,1
17,1
17,1
17,1
17,1
17,1
17,1
17,1
17,1
17,1
17,1
17,1
17,1
17,1
17,1
17,1
17,1
17,1
17,1
17,1
17,1
17,1
17,1
17,1
17,1
17,1
17,1
17,1
17,1
17,1
17,1
17,1
17,1
17,1
17,1
17,1
17,1
17,1
17,1
17,1
17,1
17,1
17,1
17,1
17,1
17,1
17,1
17,1
17,1
17,1
17,1
17,1
17,1
17,1
17,1
17,1
17,1
17,1
17,1
17,1
17,1
17,1
17,1
17,1
17,1
17,1
17,1
17,1
17,1
17,1
17,1
17,1
17,1
17,1
17,1
17,1
17,1
17,1
17,1
17,1
17,1
17,1
17,1
17,1
17,1
17,1
17,1
17,1
18,2256
18,38
18,27
18,7
18,7
18,6
18,6
18,5
18,5
18,5
18,4
18,4
18,4
18,4
18,4
18,4
18,4
18,3
18,3
18,3
18,3
18,3
18,3
18,3
18,3
18,3
18,3
18,3
18,3
18,2
18,2
18,2
18,2
18,2
18,2
18,2
18,2
18,2
18,2
18,2
18,2
18,2
18,2
18,2
18,2
18,2
18,2
18,2
18,2
18,2
18,2
18,2
18,2
18,2
18,2
18,2
18,2
18,2
18,1
18,1
18,1
18,1
18,1
18,1
18,1
18,1
18,1
18,1
18,1
18,1
18,1
18,1
18,1
18,1
18,1
18,1
18,1
18,1
18,1
18,1
18,1
18,1
18,1
18,1
18,1
18,1
18,1
18,1
18,1
18,1
18,1
18,1
18,1
18,1
18,1
18,1
18,1
18,1
18,1
18,1
18,1
18,1
18,1
18,1
18,1
18,1
18,1
18,1
18,1
18,1
18,1
18,1
18,1
18,1
18,1
18,1
18,1
18,1
18,1
18,1
18,1
18,1
18,1
18,1
18,1
18,1
18,1
18,1
18,1
18,1
18,1
18,1
18,1
18,1
18,1
18,1
18,1
18,1
18,1
18,1
18,1
18,1
18,1
18,1
18,1
18,1
18,1
18,1
18,1
18,1
18,1
18,1
18,1
18,1
18,1
18,1
18,1
18,1
18,1
18,1
18,1
18,1
18,1
18,1
18,1
18,1
18,1
18,1
18,1
18,1
18,1
18,1
18,1
18,1
18,1
18,1
18,1
18,1
18,1
18,1
18,1
18,1
18,1
18,1
18,1
18,1
18,1
18,1
18,1
19,2444
19,32
19,11
19,11
19,8
19,6
19,6
19,6
19,5
19,5
19,5
19,5
19,5
19,5
19,4
19,4
19,4
19,4
19,3
19,3
19,3
19,3
19,3
19,3
19,3
19,2
19,2
19,2
19,2
19,2
19,2
19,2
19,2
19,2
19,2
19,2
19,2
19,2
19,2
19,2
19,2
19,2
19,2
19,2
19,2
19,2
19,2
19,2
19,2
19,2
19,2
19,2
19,2
19,1
19,1
19,1
19,1
19,1
19,1
19,1
19,1
19,1
19,1
19,1
19,1
19,1
19,1
19,1
19,1
19,1
19,1
19,1
19,1
19,1
19,1
19,1
19,1
19,1
19,1
19,1
19,1
19,1
19,1
19,1
19,1
19,1
19,1
19,1
19,1
19,1
19,1
19,1
19,1
19,1
19,1
19,1
19,1
19,1
19,1
19,1
19,1
19,1
19,1
19,1
19,1
19,1
19,1
19,1
19,1
19,1
19,1
19,1
19,1
19,1
19,1
19,1
19,1
19,1
19,1
19,1
19,1
19,1
19,1
19,1
19,1
19,1
19,1
19,1
19,1
19,1
19,1
19,1
19,1
19,1
19,1
19,1
19,1
19,1
19,1
19,1
19,1
19,1
19,1
19,1
19,1
19,1
19,1
19,1
19,1
19,1
19,1
19,1
19,1
19,1
19,1
19,1
19,1
19,1
19,1
19,1
19,1
19,1
19,1
19,1
19,1
19,1
19,1
19,1
19,1
19,1
19,1
20,2363
20,95
20,25
20,11
20,8
20,7
20,7
20,6
20,6
20,5
20,5
20,5
20,4
20,4
20,4
20,4
20,4
20,4
20,3
20,3
20,3
20,3
20,3
20,3
20,3
20,3
20,3
20,3
20,3
20,3
20,3
20,3
20,3
20,2
20,2
20,2
20,2
20,2
20,2
20,2
20,2
20,2
20,2
20,2
20,2
20,2
20,2
20,2
20,2
20,2
20,2
20,2
20,2
20,1
20,1
20,1
20,1
20,1
20,1
20,1
20,1
20,1
20,1
20,1
20,1
20,1
20,1
20,1
20,1
20,1
20,1
20,1
20,1
20,1
20,1
20,1
20,1
20,1
20,1
20,1
20,1
20,1
20,1
20,1
20,1
20,1
20,1
20,1
20,1
20,1
20,1
20,1
20,1
20,1
20,1
20,1
20,1
20,1
20,1
20,1
20,1
20,1
20,1
20,1
20,1
20,1
20,1
20,1
20,1
20,1
20,1
20,1
20,1
20,1
20,1
20,1
20,1
20,1
20,1
20,1
20,1
20,1
20,1
20,1
20,1
20,1
20,1
20,1
20,1
20,1
20,1
20,1
20,1
20,1
20,1
20,1
20,1
20,1
20,1
20,1
20,1
20,1
20,1
20,1
20,1
20,1
20,1
20,1
20,1
20,1
20,1
20,1
20,1
20,1
20,1
20,1
20,1
20,1
21,2436
21,11
21,7
21,6
21,5
21,5
21,5
21,5
21,4
21,4
21,4
21,4
21,3
21,3
21,3
21,3
21,3
21,3
21,3
21,3
21,3
21,3
21,2
21,2
21,2
21,2
21,2
21,2
21,2
21,2
21,2
21,2
21,2
21,2
21,2
21,2
21,2
21,2
21,2
21,2
21,2
21,2
21,2
21,2
21,2
21,2
21,2
21,2
21,2
21,2
21,1
21,1
21,1
21,1
21,1
21,1
21,1
21,1
21,1
21,1
21,1
21,1
21,1
21,1
21,1
21,1
21,1
21,1
21,1
21,1
21,1
21,1
21,1
21,1
21,1
21,1
21,1
21,1
21,1
21,1
21,1
21,1
21,1
21,1
21,1
21,1
21,1
21,1
21,1
21,1
21,1
21,1
21,1
21,1
21,1
21,1
21,1
21,1
21,1
21,1
21,1
21,1
21,1
21,1
21,1
21,1
21,1
21,1
21,1
21,1
21,1
21,1
21,1
21,1
21,1
21,1
21,1
21,1
21,1
21,1
21,1
21,1
21,1
21,1
21,1
21,1
21,1
21,1
21,1
21,1
21,1
21,1
21,1
21,1
21,1
21,1
21,1
21,1
21,1
21,1
21,1
21,1
21,1
21,1
21,1
21,1
21,1
21,1
21,1
21,1
21,1
21,1
21,1
21,1
21,1
21,1
21,1
21,1
21,1
21,1
21,1
21,1
21,1
21,1
21,1
21,1
21,1
21,1
21,1
21,1
21,1
21,1
21,1
21,1
21,1
21,1
21,1
21,1
21,1
21,1
21,1
21,1
21,1
21,1
21,1
21,1
21,1
21,1
21,1
21,1
21,1
21,1
21,1
21,1
21,1
21,1
21,1
21,1
21,1
21,1
21,1
21,1
21,1
21,1
21,1
21,1
21,1
21,1
21,1
22,2286
22,18
22,15
22,15
22,12
22,8
22,7
22,6
22,5
22,5
22,4
22,4
22,4
22,4
22,4
22,3
22,3
22,3
22,3
22,3
22,3
22,3
22,3
22,3
22,3
22,3
22,2
22,2
22,2
22,2
22,2
22,2
22,2
22,2
22,2
22,2
22,2
22,2
22,2
22,2
22,2
22,2
22,2
22,2
22,2
22,2
22,2
22,2
22,2
22,2
22,2
22,2
22,2
22,2
22,2
22,2
22,1
22,1
22,1
22,1
22,1
22,1
22,1
22,1
22,1
22,1
22,1
22,1
22,1
22,1
22,1
22,1
22,1
22,1
22,1
22,1
22,1
22,1
22,1
22,1
22,1
22,1
22,1
22,1
22,1
22,1
22,1
22,1
22,1
22,1
22,1
22,1
22,1
22,1
22,1
22,1
22,1
22,1
22,1
22,1
22,1
22,1
22,1
22,1
22,1
22,1
22,1
22,1
22,1
22,1
22,1
22,1
22,1
22,1
22,1
22,1
22,1
22,1
22,1
22,1
22,1
22,1
22,1
22,1
22,1
22,1
22,1
22,1
22,1
22,1
22,1
22,1
22,1
22,1
22,1
22,1
22,1
22,1
22,1
22,1
22,1
22,1
22,1
22,1
22,1
22,1
22,1
22,1
22,1
22,1
22,1
22,1
22,1
22,1
22,1
22,1
22,1
22,1
22,1
22,1
23,2319
23,40
23,29
23,20
23,14
23,10
23,9
23,7
23,7
23,6
23,6
23,5
23,5
23,5
23,5
23,5
23,5
23,5
23,4
23,4
23,4
23,4
23,4
23,4
23,4
23,3
23,3
23,3
23,3
23,3
23,3
23,2
23,2
23,2
23,2
23,2
23,2
23,2
23,2
23,2
23,2
23,2
23,2
23,2
23,2
23,2
23,2
23,2
23,2
23,2
23,2
23,2
23,2
23,2
23,2
23,2
23,1
23,1
23,1
23,1
23,1
23,1
23,1
23,1
23,1
23,1
23,1
23,1
23,1
23,1
23,1
23,1
23,1
23,1
23,1
23,1
23,1
23,1
23,1
23,1
23,1
23,1
23,1
23,1
23,1
23,1
23,1
23,1
23,1
23,1
23,1
23,1
23,1
23,1
23,1
23,1
23,1
23,1
23,1
23,1
23,1
23,1
23,1
23,1
23,1
23,1
23,1
23,1
23,1
23,1
23,1
23,1
23,1
23,1
23,1
23,1
23,1
23,1
23,1
23,1
23,1
23,1
23,1
23,1
23,1
23,1
23,1
23,1
23,1
23,1
23,1
23,1
23,1
23,1
23,1
23,1
23,1
23,1
23,1
23,1
23,1
23,1
23,1
23,1
23,1
23,1
23,1
23,1
23,1
23,1
23,1
23,1
23,1
23,1
23,1
23,1
23,1
23,1
23,1
23,1
23,1
23,1
23,1
23,1
23,1
23,1
23,1
23,1
23,1
23,1
23,1
23,1
23,1
23,1
23,1
23,1
23,1
23,1
23,1
23,1
23,1
23,1
23,1
23,1
23,1
23,1
23,1
23,1
23,1
23,1
23,1
23,1
23,1
23,1
23,1
23,1
23,1
23,1
23,1
23,1
24,2219
24,21
24,13
24,12
24,10
24,8
24,8
24,6
24,5
24,4
24,4
24,4
24,4
24,4
24,3
24,3
24,3
24,3
24,3
24,3
24,3
24,3
24,3
24,3
24,3
24,3
24,3
24,3
24,3
24,3
24,2
24,2
24,2
24,2
24,2
24,2
24,2
24,2
24,2
24,2
24,2
24,2
24,2
24,2
24,2
24,2
24,2
24,2
24,2
24,2
24,2
24,2
24,2
24,2
24,2
24,2
24,2
24,2
24,2
24,2
24,2
24,2
24,2
24,2
24,2
24,2
24,2
24,1
24,1
24,1
24,1
24,1
24,1
24,1
24,1
24,1
24,1
24,1
24,1
24,1
24,1
24,1
24,1
24,1
24,1
24,1
24,1
24,1
24,1
24,1
24,1
24,1
24,1
24,1
24,1
24,1
24,1
24,1
24,1
24,1
24,1
24,1
24,1
24,1
24,1
24,1
24,1
24,1
24,1
24,1
24,1
24,1
24,1
24,1
24,1
24,1
24,1
24,1
24,1
24,1
24,1
24,1
24,1
24,1
24,1
24,1
24,1
24,1
24,1
24,1
24,1
24,1
24,1
24,1
24,1
24,1
24,1
24,1
24,1
24,1
24,1
24,1
24,1
24,1
24,1
24,1
24,1
24,1
24,1
24,1
24,1
24,1
24,1
24,1
24,1
24,1
24,1
24,1
24,1
24,1
24,1
24,1
24,1
24,1
24,1
24,1
24,1
24,1
24,1
24,1
24,1
24,1
24,1
24,1
24,1
24,1
24,1
24,1
25,2286
25,22
25,14
25,8
25,6
25,5
25,5
25,5
25,5
25,4
25,4
25,4
25,4
25,4
25,3
25,3
25,3
25,3
25,3
25,3
25,3
25,3
25,3
25,3
25,3
25,2
25,2
25,2
25,2
25,2
25,2
25,2
25,2
25,2
25,2
25,2
25,2
25,2
25,2
25,2
25,2
25,2
25,2
25,2
25,2
25,2
25,2
25,2
25,2
25,1
25,1
25,1
25,1
25,1
25,1
25,1
25,1
25,1
25,1
25,1
25,1
25,1
25,1
25,1
25,1
25,1
25,1
25,1
25,1
25,1
25,1
25,1
25,1
25,1
25,1
25,1
25,1
25,1
25,1
25,1
25,1
25,1
25,1
25,1
25,1
25,1
25,1
25,1
25,1
25,1
25,1
25,1
25,1
25,1
25,1
25,1
25,1
25,1
25,1
25,1
25,1
25,1
25,1
25,1
25,1
25,1
25,1
25,1
25,1
25,1
25,1
25,1
25,1
25,1
25,1
25,1
25,1
25,1
25,1
25,1
25,1
25,1
25,1
25,1
25,1
25,1
25,1
25,1
25,1
25,1
25,1
25,1
25,1
25,1
25,1
26,2078
26,26
26,11
26,9
26,7
26,7
26,6
26,6
26,6
26,6
26,5
26,5
26,5
26,5
26,4
26,4
26,4
26,4
26,4
26,4
26,4
26,3
26,3
26,3
26,3
26,3
26,3
26,3
26,3
26,3
26,2
26,2
26,2
26,2
26,2
26,2
26,2
26,2
26,2
26,2
26,2
26,2
26,2
26,2
26,2
26,2
26,2
26,2
26,2
26,2
26,2
26,2
26,2
26,2
26,2
26,2
26,2
26,2
26,2
26,2
26,2
26,2
26,2
26,2
26,1
26,1
26,1
26,1
26,1
26,1
26,1
26,1
26,1
26,1
26,1
26,1
26,1
26,1
26,1
26,1
26,1
26,1
26,1
26,1
26,1
26,1
26,1
26,1
26,1
26,1
26,1
26,1
26,1
26,1
26,1
26,1
26,1
26,1
26,1
26,1
26,1
26,1
26,1
26,1
26,1
26,1
26,1
26,1
26,1
26,1
26,1
26,1
26,1
26,1
26,1
26,1
26,1
26,1
26,1
26,1
26,1
26,1
26,1
26,1
26,1
26,1
26,1
26,1
26,1
26,1
26,1
26,1
26,1
26,1
26,1
26,1
26,1
26,1
26,1
26,1
26,1
26,1
26,1
26,1
26,1
26,1
26,1
26,1
26,1
26,1
26,1
26,1
26,1
26,1
26,1
26,1
26,1
26,1
26,1
26,1
26,1
26,1
26,1
26,1
26,1
26,1
26,1
26,1
26,1
26,1
26,1
26,1
26,1
26,1
26,1
26,1
27,2392
27,17
27,11
27,10
27,9
27,8
27,6
27,5
27,4
27,4
27,4
27,4
27,4
27,3
27,3
27,3
27,3
27,3
27,3
27,3
27,3
27,3
27,3
27,3
27,3
27,3
27,3
27,3
27,3
27,2
27,2
27,2
27,2
27,2
27,2
27,2
27,2
27,2
27,2
27,2
27,2
27,2
27,2
27,2
27,2
27,2
27,2
27,2
27,2
27,2
27,2
27,2
27,2
27,2
27,2
27,2
27,2
27,2
27,2
27,2
27,2
27,2
27,2
27,1
27,1
27,1
27,1
27,1
27,1
27,1
27,1
27,1
27,1
27,1
27,1
27,1
27,1
27,1
27,1
27,1
27,1
27,1
27,1
27,1
27,1
27,1
27,1
27,1
27,1
27,1
27,1
27,1
27,1
27,1
27,1
27,1
27,1
27,1
27,1
27,1
27,1
27,1
27,1
27,1
27,1
27,1
27,1
27,1
27,1
27,1
27,1
27,1
27,1
27,1
27,1
27,1
27,1
27,1
27,1
27,1
27,1
27,1
27,1
27,1
27,1
27,1
27,1
27,1
27,1
27,1
27,1
27,1
27,1
27,1
27,1
27,1
27,1
27,1
27,1
27,1
27,1
27,1
27,1
27,1
27,1
27,1
27,1
27,1
27,1
27,1
27,1
27,1
27,1
27,1
27,1
27,1
27,1
27,1
27,1
27,1
27,1
27,1
27,1
27,1
27,1
27,1
27,1
27,1
27,1
27,1
27,1
27,1
27,1
27,1
27,1
27,1
27,1
27,1
27,1
27,1
27,1
27,1
27,1
27,1
28,2173
28,8
28,7
28,7
28,7
28,7
28,6
28,6
28,5
28,5
28,4
28,4
28,4
28,4
28,4
28,4
28,4
28,4
28,4
28,4
28,4
28,3
28,3
28,3
28,3
28,3
28,3
28,3
28,3
28,3
28,2
28,2
28,2
28,2
28,2
28,2
28,2
28,2
28,2
28,2
28,2
28,2
28,2
28,2
28,2
28,2
28,2
28,2
28,2
28,2
28,2
28,2
28,2
28,2
28,2
28,2
28,2
28,2
28,2
28,2
28,2
28,2
28,2
28,2
28,2
28,2
28,1
28,1
28,1
28,1
28,1
28,1
28,1
28,1
28,1
28,1
28,1
28,1
28,1
28,1
28,1
28,1
28,1
28,1
28,1
28,1
28,1
28,1
28,1
28,1
28,1
28,1
28,1
28,1
28,1
28,1
28,1
28,1
28,1
28,1
28,1
28,1
28,1
28,1
28,1
28,1
28,1
28,1
28,1
28,1
28,1
28,1
28,1
28,1
28,1
28,1
28,1
28,1
28,1
28,1
28,1
28,1
28,1
28,1
28,1
28,1
28,1
28,1
28,1
28,1
28,1
28,1
28,1
28,1
28,1
28,1
28,1
28,1
28,1
28,1
28,1
28,1
28,1
28,1
28,1
28,1
28,1
28,1
28,1
28,1
28,1
28,1
28,1
28,1
28,1
28,1
28,1
28,1
28,1
28,1
28,1
28,1
28,1
28,1
28,1
28,1
28,1
28,1
28,1
28,1
28,1
28,1
28,1
28,1
28,1
28,1
28,1
28,1
28,1
28,1
28,1
28,1
28,1
28,1
28,1
28,1
28,1
28,1
28,1
28,1
28,1
28,1
28,1
28,1
28,1
28,1
29,2443
29,20
29,9
29,8
29,7
29,7
29,6
29,6
29,4
29,4
29,4
29,4
29,4
29,3
29,3
29,3
29,3
29,3
29,3
29,3
29,3
29,3
29,3
29,3
29,3
29,2
29,2
29,2
29,2
29,2
29,2
29,2
29,2
29,2
29,2
29,2
29,2
29,2
29,2
29,2
29,2
29,2
29,2
29,2
29,2
29,2
29,2
29,2
29,2
29,2
29,2
29,2
29,2
29,2
29,2
29,2
29,2
29,2
29,2
29,1
29,1
29,1
29,1
29,1
29,1
29,1
29,1
29,1
29,1
29,1
29,1
29,1
29,1
29,1
29,1
29,1
29,1
29,1
29,1
29,1
29,1
29,1
29,1
29,1
29,1
29,1
29,1
29,1
29,1
29,1
29,1
29,1
29,1
29,1
29,1
29,1
29,1
29,1
29,1
29,1
29,1
29,1
29,1
29,1
29,1
29,1
29,1
29,1
29,1
29,1
29,1
29,1
29,1
29,1
29,1
29,1
29,1
29,1
29,1
29,1
29,1
29,1
29,1
29,1
29,1
29,1
29,1
29,1
29,1
29,1
29,1
29,1
29,1
29,1
29,1
29,1
29,1
29,1
29,1
29,1
29,1
29,1
29,1
29,1
29,1
29,1
29,1
29,1
29,1
29,1
29,1
29,1
29,1
29,1
29,1
29,1
29,1
29,1
29,1
29,1
29,1
29,1
29,1
29,1
29,1
29,1
29,1
29,1
29,1
29,1
29,1
29,1
29,1
29,1
29,1
29,1
29,1
29,1
29,1
29,1
29,1
29,1
29,1
29,1
29,1
30,2274
30,28
30,27
30,9
30,8
30,8
30,8
30,7
30,6
30,5
30,4
30,4
30,4
30,4
30,4
30,3
30,3
30,3
30,3
30,3
30,3
30,3
30,3
30,3
30,3
30,3
30,3
30,3
30,3
30,3
30,2
30,2
30,2
30,2
30,2
30,2
30,2
30,2
30,2
30,2
30,2
30,2
30,2
30,2
30,2
30,2
30,2
30,2
30,2
30,1
30,1
30,1
30,1
30,1
30,1
30,1
30,1
30,1
30,1
30,1
30,1
30,1
30,1
30,1
30,1
30,1
30,1
30,1
30,1
30,1
30,1
30,1
30,1
30,1
30,1
30,1
30,1
30,1
30,1
30,1
30,1
30,1
30,1
30,1
30,1
30,1
30,1
30,1
30,1
30,1
30,1
30,1
30,1
30,1
30,1
30,1
30,1
30,1
30,1
30,1
30,1
30,1
30,1
30,1
30,1
30,1
30,1
30,1
30,1
30,1
30,1
30,1
30,1
30,1
30,1
30,1
30,1
30,1
30,1
30,1
30,1
30,1
30,1
30,1
30,1
30,1
30,1
30,1
30,1
30,1
30,1
30,1
30,1
30,1
30,1
30,1
30,1
30,1
30,1
30,1
30,1
30,1
30,1
30,1
30,1
30,1
30,1
30,1
30,1
30,1
30,1
30,1
30,1
30,1
30,1
30,1
30,1
30,1
30,1
30,1
30,1
30,1
30,1
30,1
30,1
30,1
30,1
30,1
30,1
30,1
30,1
30,1
30,1
30,1
30,1
30,1
30,1
30,1
30,1
30,1
30,1
30,1
30,1
30,1
30,1
30,1
30,1
30,1
30,1
30,1
30,1
30,1
30,1
30,1
31,2259
31,23
31,16
31,9
31,8
31,7
31,7
31,7
31,7
31,6
31,6
31,5
31,5
31,5
31,5
31,5
31,5
31,5
31,4
31,4
31,4
31,4
31,4
31,4
31,4
31,4
31,4
31,4
31,4
31,3
31,3
31,3
31,3
31,3
31,3
31,3
31,3
31,2
31,2
31,2
31,2
31,2
31,2
31,2
31,2
31,2
31,2
31,2
31,2
31,2
31,2
31,2
31,2
31,2
31,2
31,2
31,2
31,2
31,2
31,2
31,2
31,1
31,1
31,1
31,1
31,1
31,1
31,1
31,1
31,1
31,1
31,1
31,1
31,1
31,1
31,1
31,1
31,1
31,1
31,1
31,1
31,1
31,1
31,1
31,1
31,1
31,1
31,1
31,1
31,1
31,1
31,1
31,1
31,1
31,1
31,1
31,1
31,1
31,1
31,1
31,1
31,1
31,1
31,1
31,1
31,1
31,1
31,1
31,1
31,1
31,1
31,1
31,1
31,1
31,1
31,1
31,1
31,1
31,1
31,1
31,1
31,1
31,1
31,1
31,1
31,1
31,1
31,1
31,1
31,1
31,1
31,1
31,1
31,1
31,1
31,1
31,1
31,1
31,1
31,1
31,1
31,1
31,1
31,1
31,1
31,1
31,1
31,1
31,1
31,1
31,1
31,1
31,1
31,1
31,1
31,1
31,1
31,1
31,1
31,1
31,1
31,1
31,1
31,1
31,1
31,1
31,1
31,1
31,1
31,1
31,1
31,1
31,1
31,1
31,1
31,1
31,1
31,1
31,1
31,1
31,1
31,1
31,1
31,1
31,1
31,1
31,1
31,1
31,1
31,1
31,1
31,1
31,1
31,1
31,1
31,1
31,1
31,1
31,1
31,1
31,1
31,1
31,1
31,1
31,1
31,1
31,1
32,2349
32,19
32,11
32,8
32,6
32,5
32,5
32,5
32,5
32,5
32,4
32,4
32,4
32,4
32,3
32,3
32,3
32,3
32,3
32,3
32,3
32,3
32,3
32,3
32,3
32,3
32,3
32,2
32,2
32,2
32,2
32,2
32,2
32,2
32,2
32,2
32,2
32,2
32,2
32,2
32,2
32,2
32,2
32,2
32,2
32,2
32,2
32,2
32,2
32,2
32,2
32,2
32,2
32,2
32,2
32,2
32,2
32,2
32,2
32,2
32,2
32,2
32,2
32,2
32,1
32,1
32,1
32,1
32,1
32,1
32,1
32,1
32,1
32,1
32,1
32,1
32,1
32,1
32,1
32,1
32,1
32,1
32,1
32,1
32,1
32,1
32,1
32,1
32,1
32,1
32,1
32,1
32,1
32,1
32,1
32,1
32,1
32,1
32,1
32,1
32,1
32,1
32,1
32,1
32,1
32,1
32,1
32,1
32,1
32,1
32,1
32,1
32,1
32,1
32,1
32,1
32,1
32,1
32,1
32,1
32,1
32,1
32,1
32,1
32,1
32,1
32,1
32,1
32,1
32,1
32,1
32,1
32,1
32,1
32,1
32,1
32,1
32,1
32,1
32,1
32,1
32,1
32,1
32,1
32,1
32,1
32,1
32,1
32,1
32,1
32,1
32,1
32,1
32,1
32,1
32,1
32,1
32,1
32,1
32,1
32,1
32,1
32,1
32,1
32,1
32,1
32,1
32,1
32,1
32,1
32,1
32,1
32,1
32,1
32,1
32,1
32,1
32,1
32,1
32,1
32,1
32,1
32,1
32,1
32,1
32,1
33,2193
33,17
33,12
33,11
33,9
33,9
33,8
33,7
33,6
33,6
33,5
33,5
33,5
33,4
33,4
33,4
33,4
33,4
33,4
33,4
33,4
33,3
33,3
33,3
33,3
33,3
33,3
33,3
33,3
33,3
33,3
33,3
33,2
33,2
33,2
33,2
33,2
33,2
33,2
33,2
33,2
33,2
33,2
33,2
33,2
33,2
33,2
33,2
33,2
33,2
33,2
33,2
33,2
33,2
33,2
33,2
33,2
33,2
33,2
33,2
33,2
33,2
33,2
33,2
33,2
33,2
33,2
33,2
33,2
33,1
33,1
33,1
33,1
33,1
33,1
33,1
33,1
33,1
33,1
33,1
33,1
33,1
33,1
33,1
33,1
33,1
33,1
33,1
33,1
33,1
33,1
33,1
33,1
33,1
33,1
33,1
33,1
33,1
33,1
33,1
33,1
33,1
33,1
33,1
33,1
33,1
33,1
33,1
33,1
33,1
33,1
33,1
33,1
33,1
33,1
33,1
33,1
33,1
33,1
33,1
33,1
33,1
33,1
33,1
33,1
33,1
33,1
33,1
33,1
33,1
33,1
33,1
33,1
33,1
33,1
33,1
33,1
33,1
33,1
33,1
33,1
33,1
33,1
33,1
33,1
33,1
33,1
33,1
33,1
33,1
33,1
33,1
33,1
33,1
33,1
33,1
33,1
33,1
33,1
33,1
33,1
33,1
33,1
33,1
33,1
33,1
33,1
33,1
33,1
33,1
33,1
33,1
33,1
33,1
33,1
33,1
33,1
33,1
33,1
33,1
33,1
33,1
33,1
33,1
33,1
33,1
33,1
33,1
33,1
34,2200
34,60
34,14
34,13
34,10
34,9
34,9
34,7
34,7
34,7
34,5
34,5
34,5
34,5
34,4
34,4
34,4
34,4
34,4
34,4
34,4
34,4
34,4
34,4
34,3
34,3
34,3
34,3
34,3
34,3
34,3
34,3
34,3
34,3
34,3
34,3
34,3
34,3
34,3
34,3
34,3
34,3
34,3
34,2
34,2
34,2
34,2
34,2
34,2
34,2
34,2
34,2
34,2
34,2
34,2
34,2
34,2
34,2
34,2
34,2
34,2
34,2
34,2
34,2
34,2
34,2
34,2
34,2
34,2
34,1
34,1
34,1
34,1
34,1
34,1
34,1
34,1
34,1
34,1
34,1
34,1
34,1
34,1
34,1
34,1
34,1
34,1
34,1
34,1
34,1
34,1
34,1
34,1
34,1
34,1
34,1
34,1
34,1
34,1
34,1
34,1
34,1
34,1
34,1
34,1
34,1
34,1
34,1
34,1
34,1
34,1
34,1
34,1
34,1
34,1
34,1
34,1
34,1
34,1
34,1
34,1
34,1
34,1
34,1
34,1
34,1
34,1
34,1
34,1
34,1
34,1
34,1
34,1
34,1
34,1
34,1
34,1
34,1
34,1
34,1
34,1
34,1
34,1
34,1
34,1
34,1
34,1
34,1
34,1
34,1
34,1
34,1
34,1
34,1
34,1
34,1
34,1
34,1
34,1
34,1
34,1
34,1
34,1
34,1
34,1
34,1
34,1
34,1
34,1
34,1
34,1
34,1
34,1
34,1
34,1
34,1
34,1
34,1
34,1
34,1
34,1
34,1
34,1
34,1
34,1
34,1
34,1
34,1
34,1
34,1
35,2306
35,54
35,10
35,10
35,8
35,7
35,6
35,6
35,5
35,4
35,4
35,4
35,3
35,3
35,3
35,3
35,3
35,3
35,2
35,2
35,2
35,2
35,2
35,2
35,2
35,2
35,2
35,2
35,2
35,2
35,2
35,2
35,2
35,2
35,2
35,2
35,2
35,2
35,2
35,2
35,2
35,2
35,2
35,2
35,2
35,2
35,2
35,1
35,1
35,1
35,1
35,1
35,1
35,1
35,1
35,1
35,1
35,1
35,1
35,1
35,1
35,1
35,1
35,1
35,1
35,1
35,1
35,1
35,1
35,1
35,1
35,1
35,1
35,1
35,1
35,1
35,1
35,1
35,1
35,1
35,1
35,1
35,1
35,1
35,1
35,1
35,1
35,1
35,1
35,1
35,1
35,1
35,1
35,1
35,1
35,1
35,1
35,1
35,1
35,1
35,1
35,1
35,1
35,1
35,1
35,1
35,1
35,1
35,1
35,1
35,1
35,1
35,1
35,1
35,1
35,1
35,1
35,1
35,1
35,1
35,1
35,1
35,1
35,1
35,1
35,1
35,1
35,1
35,1
35,1
35,1
35,1
35,1
35,1
35,1
35,1
35,1
35,1
35,1
35,1
35,1
35,1
35,1
35,1
35,1
35,1
35,1
35,1
35,1
35,1
35,1
35,1
35,1
35,1
35,1
35,1
35,1
35,1
35,1
35,1
35,1
35,1
35,1
35,1
35,1
35,1
35,1
35,1
35,1
36,2165
36,89
36,34
36,22
36,15
36,12
36,7
36,7
36,7
36,6
36,6
36,6
36,6
36,5
36,5
36,5
36,5
36,5
36,4
36,4
36,4
36,4
36,3
36,3
36,3
36,3
36,3
36,3
36,3
36,3
36,3
36,3
36,3
36,3
36,3
36,3
36,3
36,3
36,3
36,3
36,3
36,2
36,2
36,2
36,2
36,2
36,2
36,2
36,2
36,2
36,2
36,2
36,2
36,2
36,2
36,2
36,2
36,2
36,2
36,2
36,2
36,2
36,2
36,2
36,2
36,2
36,2
36,2
36,2
36,2
36,1
36,1
36,1
36,1
36,1
36,1
36,1
36,1
36,1
36,1
36,1
36,1
36,1
36,1
36,1
36,1
36,1
36,1
36,1
36,1
36,1
36,1
36,1
36,1
36,1
36,1
36,1
36,1
36,1
36,1
36,1
36,1
36,1
36,1
36,1
36,1
36,1
36,1
36,1
36,1
36,1
36,1
36,1
36,1
36,1
36,1
36,1
36,1
36,1
36,1
36,1
36,1
36,1
36,1
36,1
36,1
36,1
36,1
36,1
36,1
36,1
36,1
36,1
36,1
36,1
36,1
36,1
36,1
36,1
36,1
36,1
36,1
36,1
36,1
36,1
36,1
36,1
36,1
36,1
36,1
36,1
36,1
36,1
36,1
36,1
36,1
36,1
36,1
36,1
36,1
36,1
36,1
36,1
36,1
36,1
36,1
36,1
36,1
36,1
36,1
36,1
36,1
36,1
36,1
36,1
36,1
36,1
36,1
36,1
36,1
36,1
36,1
36,1
36,1
36,1
36,1
36,1
36,1
36,1
36,1
36,1
36,1
36,1
36,1
36,1
36,1
36,1
36,1
36,1
36,1
36,1
36,1
36,1
36,1
36,1
36,1
36,1
36,1
36,1
36,1
36,1
36,1
36,1
36,1
36,1
36,1
36,1
36,1
36,1
36,1
36,1
36,1
36,1
36,1
36,1
36,1
36,1
37,2306
37,29
37,16
37,11
37,10
37,9
37,7
37,7
37,6
37,4
37,4
37,4
37,4
37,4
37,4
37,3
37,3
37,3
37,3
37,3
37,3
37,3
37,3
37,2
37,2
37,2
37,2
37,2
37,2
37,2
37,2
37,2
37,2
37,2
37,2
37,2
37,2
37,2
37,2
37,2
37,2
37,2
37,2
37,2
37,2
37,2
37,2
37,1
37,1
37,1
37,1
37,1
37,1
37,1
37,1
37,1
37,1
37,1
37,1
37,1
37,1
37,1
37,1
37,1
37,1
37,1
37,1
37,1
37,1
37,1
37,1
37,1
37,1
37,1
37,1
37,1
37,1
37,1
37,1
37,1
37,1
37,1
37,1
37,1
37,1
37,1
37,1
37,1
37,1
37,1
37,1
37,1
37,1
37,1
37,1
37,1
37,1
37,1
37,1
37,1
37,1
37,1
37,1
37,1
37,1
37,1
37,1
37,1
37,1
37,1
37,1
37,1
37,1
37,1
37,1
37,1
37,1
37,1
37,1
37,1
37,1
37,1
37,1
37,1
37,1
37,1
37,1
37,1
37,1
37,1
37,1
37,1
37,1
37,1
37,1
37,1
37,1
37,1
37,1
37,1
37,1
37,1
37,1
37,1
37,1
37,1
37,1
37,1
37,1
37,1
37,1
38,2132
38,10
38,8
38,8
38,6
38,6
38,6
38,5
38,5
38,4
38,3
38,3
38,3
38,3
38,3
38,3
38,3
38,3
38,3
38,3
38,3
38,3
38,3
38,3
38,3
38,2
38,2
38,2
38,2
38,2
38,2
38,2
38,2
38,2
38,2
38,2
38,2
38,2
38,2
38,2
38,2
38,2
38,2
38,2
38,2
38,2
38,2
38,2
38,2
38,2
38,2
38,2
38,1
38,1
38,1
38,1
38,1
38,1
38,1
38,1
38,1
38,1
38,1
38,1
38,1
38,1
38,1
38,1
38,1
38,1
38,1
38,1
38,1
38,1
38,1
38,1
38,1
38,1
38,1
38,1
38,1
38,1
38,1
38,1
38,1
38,1
38,1
38,1
38,1
38,1
38,1
38,1
38,1
38,1
38,1
38,1
38,1
38,1
38,1
38,1
38,1
38,1
38,1
38,1
38,1
38,1
38,1
38,1
38,1
38,1
38,1
38,1
38,1
38,1
38,1
38,1
38,1
38,1
38,1
38,1
38,1
38,1
38,1
38,1
38,1
38,1
38,1
38,1
38,1
38,1
38,1
38,1
39,2432
39,11
39,10
39,8
39,7
39,6
39,5
39,5
39,5
39,4
39,4
39,4
39,4
39,4
39,3
39,3
39,3
39,3
39,3
39,3
39,3
39,3
39,3
39,3
39,3
39,2
39,2
39,2
39,2
39,2
39,2
39,2
39,2
39,2
39,2
39,2
39,2
39,2
39,2
39,2
39,2
39,2
39,2
39,2
39,2
39,2
39,2
39,2
39,2
39,2
39,2
39,1
39,1
39,1
39,1
39,1
39,1
39,1
39,1
39,1
39,1
39,1
39,1
39,1
39,1
39,1
39,1
39,1
39,1
39,1
39,1
39,1
39,1
39,1
39,1
39,1
39,1
39,1
39,1
39,1
39,1
39,1
39,1
39,1
39,1
39,1
39,1
39,1
39,1
39,1
39,1
39,1
39,1
39,1
39,1
39,1
39,1
39,1
39,1
39,1
39,1
39,1
39,1
39,1
39,1
39,1
39,1
39,1
39,1
39,1
39,1
39,1
39,1
39,1
39,1
39,1
39,1
39,1
39,1
39,1
39,1
39,1
39,1
39,1
39,1
39,1
39,1
39,1
39,1
39,1
39,1
39,1
39,1
39,1
39,1
39,1
39,1
39,1
39,1
39,1
39,1
39,1
39,1
39,1
39,1
39,1
39,1
39,1
39,1
39,1
39,1
39,1
39,1
39,1
39,1
39,1
39,1
39,1
39,1
39,1
39,1
39,1
39,1
39,1
39,1
39,1
39,1
39,1
39,1
39,1
39,1
39,1
39,1
39,1
40,2237
40,31
40,25
40,19
40,16
40,14
40,12
40,9
40,9
40,7
40,6
40,6
40,6
40,6
40,6
40,6
40,5
40,5
40,4
40,4
40,4
40,3
40,3
40,3
40,3
40,3
40,3
40,3
40,3
40,3
40,3
40,3
40,3
40,3
40,3
40,2
40,2
40,2
40,2
40,2
40,2
40,2
40,2
40,2
40,2
40,2
40,2
40,2
40,2
40,2
40,2
40,2
40,2
40,2
40,2
40,2
40,2
40,2
40,2
40,2
40,2
40,2
40,2
40,2
40,2
40,2
40,1
40,1
40,1
40,1
40,1
40,1
40,1
40,1
40,1
40,1
40,1
40,1
40,1
40,1
40,1
40,1
40,1
40,1
40,1
40,1
40,1
40,1
40,1
40,1
40,1
40,1
40,1
40,1
40,1
40,1
40,1
40,1
40,1
40,1
40,1
40,1
40,1
40,1
40,1
40,1
40,1
40,1
40,1
40,1
40,1
40,1
40,1
40,1
40,1
40,1
40,1
40,1
40,1
40,1
40,1
40,1
40,1
40,1
40,1
40,1
40,1
40,1
40,1
40,1
40,1
40,1
40,1
40,1
40,1
40,1
40,1
40,1
40,1
40,1
40,1
40,1
40,1
40,1
40,1
40,1
40,1
40,1
40,1
40,1
40,1
40,1
40,1
40,1
40,1
40,1
40,1
40,1
40,1
40,1
40,1
40,1
40,1
40,1
40,1
40,1
40,1
40,1
40,1
40,1
40,1
40,1
40,1
40,1
40,1
40,1
40,1
40,1
40,1
40,1
40,1
40,1
40,1
40,1
40,1
40,1
40,1
40,1
40,1
40,1
40,1
40,1
40,1
40,1
40,1
40,1
40,1
40,1
40,1
40,1
40,1
40,1
40,1
40,1
40,1
40,1
40,1
40,1
40,1
40,1
40,1
41,2277
41,31
41,8
41,7
41,6
41,5
41,5
41,5
41,5
41,5
41,5
41,4
41,4
41,4
41,4
41,4
41,4
41,3
41,3
41,3
41,3
41,3
41,3
41,3
41,3
41,3
41,3
41,2
41,2
41,2
41,2
41,2
41,2
41,2
41,2
41,2
41,2
41,2
41,2
41,2
41,2
41,2
41,2
41,2
41,2
41,2
41,2
41,2
41,2
41,2
41,2
41,2
41,2
41,2
41,2
41,2
41,2
41,2
41,2
41,2
41,2
41,2
41,2
41,2
41,1
41,1
41,1
41,1
41,1
41,1
41,1
41,1
41,1
41,1
41,1
41,1
41,1
41,1
41,1
41,1
41,1
41,1
41,1
41,1
41,1
41,1
41,1
41,1
41,1
41,1
41,1
41,1
41,1
41,1
41,1
41,1
41,1
41,1
41,1
41,1
41,1
41,1
41,1
41,1
41,1
41,1
41,1
41,1
41,1
41,1
41,1
41,1
41,1
41,1
41,1
41,1
41,1
41,1
41,1
41,1
41,1
41,1
41,1
41,1
41,1
41,1
41,1
41,1
41,1
41,1
41,1
41,1
41,1
41,1
41,1
41,1
41,1
41,1
41,1
41,1
41,1
41,1
41,1
41,1
41,1
41,1
41,1
41,1
41,1
41,1
41,1
41,1
41,1
41,1
41,1
41,1
41,1
41,1
41,1
41,1
41,1
41,1
41,1
41,1
41,1
41,1
41,1
41,1
41,1
41,1
41,1
41,1
41,1
41,1
41,1
41,1
41,1
41,1
41,1
41,1
41,1
42,1333
42,770
42,173
42,131
42,18
42,15
42,14
42,10
42,8
42,8
42,6
42,5
42,5
42,5
42,5
42,5
42,5
42,5
42,5
42,4
42,4
42,4
42,4
42,4
42,4
42,4
42,3
42,3
42,3
42,3
42,3
42,3
42,3
42,3
42,3
42,3
42,3
42,3
42,3
42,3
42,3
42,3
42,3
42,3
42,2
42,2
42,2
42,2
42,2
42,2
42,2
42,2
42,2
42,2
42,2
42,2
42,2
42,2
42,2
42,2
42,2
42,2
42,2
42,2
42,2
42,2
42,2
42,2
42,2
42,2
42,2
42,2
42,2
42,2
42,2
42,2
42,2
42,2
42,2
42,2
42,2
42,2
42,2
42,2
42,2
42,2
42,1
42,1
42,1
42,1
42,1
42,1
42,1
42,1
42,1
42,1
42,1
42,1
42,1
42,1
42,1
42,1
42,1
42,1
42,1
42,1
42,1
42,1
42,1
42,1
42,1
42,1
42,1
42,1
42,1
42,1
42,1
42,1
42,1
42,1
42,1
42,1
42,1
42,1
42,1
42,1
42,1
42,1
42,1
42,1
42,1
42,1
42,1
42,1
42,1
42,1
42,1
42,1
42,1
42,1
42,1
42,1
42,1
42,1
42,1
42,1
42,1
42,1
42,1
42,1
42,1
42,1
42,1
42,1
42,1
42,1
42,1
42,1
42,1
42,1
42,1
42,1
42,1
42,1
42,1
42,1
42,1
42,1
42,1
42,1
42,1
42,1
42,1
42,1
42,1
42,1
42,1
42,1
42,1
42,1
42,1
42,1
42,1
42,1
42,1
42,1
42,1
42,1
42,1
42,1
42,1
42,1
42,1
42,1
42,1
42,1
42,1
42,1
42,1
42,1
42,1
42,1
42,1
42,1
42,1
42,1
42,1
42,1
42,1
42,1
42,1
42,1
42,1
42,1
42,1
42,1
42,1
42,1
42,1
42,1
42,1
42,1
42,1
42,1
42,1
42,1
42,1
42,1
42,1
42,1
42,1
42,1
42,1
42,1
42,1
42,1
42,1
42,1
42,1
42,1
42,1
42,1
42,1
43,2183
43,9
43,9
43,8
43,6
43,6
43,6
43,6
43,6
43,6
43,5
43,5
43,5
43,5
43,5
43,4
43,4
43,4
43,3
43,3
43,3
43,3
43,3
43,3
43,3
43,3
43,3
43,2
43,2
43,2
43,2
43,2
43,2
43,2
43,2
43,2
43,2
43,2
43,2
43,2
43,2
43,2
43,2
43,2
43,2
43,2
43,2
43,2
43,2
43,2
43,2
43,2
43,2
43,2
43,2
43,2
43,2
43,2
43,2
43,1
43,1
43,1
43,1
43,1
43,1
43,1
43,1
43,1
43,1
43,1
43,1
43,1
43,1
43,1
43,1
43,1
43,1
43,1
43,1
43,1
43,1
43,1
43,1
43,1
43,1
43,1
43,1
43,1
43,1
43,1
43,1
43,1
43,1
43,1
43,1
43,1
43,1
43,1
43,1
43,1
43,1
43,1
43,1
43,1
43,1
43,1
43,1
43,1
43,1
43,1
43,1
43,1
43,1
43,1
43,1
43,1
43,1
43,1
43,1
43,1
43,1
43,1
43,1
43,1
43,1
43,1
43,1
43,1
43,1
43,1
43,1
43,1
43,1
43,1
43,1
43,1
43,1
43,1
43,1
43,1
43,1
43,1
43,1
43,1
43,1
43,1
43,1
43,1
43,1
43,1
43,1
43,1
43,1
43,1
43,1
43,1
43,1
43,1
43,1
43,1
44,2250
44,16
44,10
44,9
44,8
44,6
44,6
44,6
44,6
44,5
44,5
44,4
44,4
44,4
44,4
44,4
44,4
44,3
44,3
44,3
44,3
44,3
44,2
44,2
44,2
44,2
44,2
44,2
44,2
44,2
44,2
44,2
44,2
44,2
44,2
44,2
44,2
44,2
44,2
44,2
44,2
44,2
44,2
44,2
44,2
44,2
44,2
44,2
44,2
44,2
44,2
44,2
44,2
44,2
44,1
44,1
44,1
44,1
44,1
44,1
44,1
44,1
44,1
44,1
44,1
44,1
44,1
44,1
44,1
44,1
44,1
44,1
44,1
44,1
44,1
44,1
44,1
44,1
44,1
44,1
44,1
44,1
44,1
44,1
44,1
44,1
44,1
44,1
44,1
44,1
44,1
44,1
44,1
44,1
44,1
44,1
44,1
44,1
44,1
44,1
44,1
44,1
44,1
44,1
44,1
44,1
44,1
44,1
44,1
44,1
44,1
44,1
44,1
44,1
44,1
44,1
44,1
44,1
44,1
44,1
44,1
44,1
44,1
44,1
44,1
44,1
44,1
44,1
44,1
44,1
44,1
44,1
44,1
44,1
44,1
44,1
44,1
44,1
44,1
44,1
44,1
44,1
44,1
44,1
44,1
44,1
44,1
44,1
44,1
44,1
44,1
44,1
44,1
44,1
44,1
44,1
44,1
44,1
44,1
44,1
44,1
44,1
44,1
44,1
44,1
44,1
44,1
44,1
44,1
44,1
44,1
44,1
45,2333
45,31
45,17
45,16
45,12
45,9
45,8
45,6
45,4
45,4
45,4
45,4
45,4
45,4
45,4
45,4
45,4
45,4
45,4
45,4
45,4
45,3
45,3
45,3
45,3
45,3
45,3
45,3
45,3
45,3
45,3
45,3
45,3
45,3
45,3
45,3
45,3
45,2
45,2
45,2
45,2
45,2
45,2
45,2
45,2
45,2
45,2
45,2
45,2
45,2
45,2
45,2
45,2
45,2
45,2
45,2
45,2
45,2
45,2
45,2
45,2
45,2
45,1
45,1
45,1
45,1
45,1
45,1
45,1
45,1
45,1
45,1
45,1
45,1
45,1
45,1
45,1
45,1
45,1
45,1
45,1
45,1
45,1
45,1
45,1
45,1
45,1
45,1
45,1
45,1
45,1
45,1
45,1
45,1
45,1
45,1
45,1
45,1
45,1
45,1
45,1
45,1
45,1
45,1
45,1
45,1
45,1
45,1
45,1
45,1
45,1
45,1
45,1
45,1
45,1
45,1
45,1
45,1
45,1
45,1
45,1
45,1
45,1
45,1
45,1
45,1
45,1
45,1
45,1
45,1
45,1
45,1
45,1
45,1
45,1
45,1
45,1
45,1
45,1
45,1
45,1
45,1
45,1
45,1
45,1
45,1
45,1
45,1
45,1
45,1
45,1
45,1
45,1
45,1
45,1
45,1
45,1
45,1
45,1
45,1
45,1
45,1
45,1
45,1
45,1
45,1
45,1
45,1
45,1
45,1
45,1
45,1
45,1
45,1
45,1
45,1
45,1
45,1
45,1
45,1
45,1
45,1
45,1
45,1
45,1
45,1
46,2232
46,35
46,27
46,24
46,13
46,11
46,11
46,10
46,9
46,9
46,8
46,7
46,5
46,5
46,5
46,5
46,5
46,5
46,5
46,5
46,4
46,4
46,4
46,4
46,4
46,4
46,4
46,4
46,4
46,3
46,3
46,3
46,3
46,3
46,3
46,3
46,3
46,3
46,3
46,3
46,3
46,3
46,2
46,2
46,2
46,2
46,2
46,2
46,2
46,2
46,2
46,2
46,2
46,2
46,2
46,2
46,2
46,2
46,2
46,2
46,2
46,2
46,2
46,2
46,2
46,2
46,2
46,2
46,2
46,2
46,2
46,2
46,2
46,2
46,2
46,2
46,2
46,2
46,2
46,2
46,1
46,1
46,1
46,1
46,1
46,1
46,1
46,1
46,1
46,1
46,1
46,1
46,1
46,1
46,1
46,1
46,1
46,1
46,1
46,1
46,1
46,1
46,1
46,1
46,1
46,1
46,1
46,1
46,1
46,1
46,1
46,1
46,1
46,1
46,1
46,1
46,1
46,1
46,1
46,1
46,1
46,1
46,1
46,1
46,1
46,1
46,1
46,1
46,1
46,1
46,1
46,1
46,1
46,1
46,1
46,1
46,1
46,1
46,1
46,1
46,1
46,1
46,1
46,1
46,1
46,1
46,1
46,1
46,1
46,1
46,1
46,1
46,1
46,1
46,1
46,1
46,1
46,1
46,1
46,1
46,1
46,1
46,1
46,1
46,1
46,1
46,1
46,1
46,1
46,1
46,1
46,1
46,1
46,1
46,1
46,1
46,1
46,1
46,1
46,1
46,1
46,1
46,1
46,1
46,1
46,1
46,1
46,1
46,1
46,1
46,1
46,1
46,1
46,1
46,1
46,1
46,1
46,1
46,1
46,1
46,1
46,1
46,1
46,1
46,1
46,1
46,1
46,1
46,1
46,1
46,1
46,1
46,1
46,1
46,1
46,1
46,1
46,1
46,1
46,1
46,1
46,1
46,1
46,1
46,1
46,1
46,1
46,1
46,1
46,1
46,1
47,2267
47,48
47,10
47,9
47,9
47,8
47,7
47,7
47,7
47,6
47,5
47,5
47,5
47,4
47,4
47,3
47,3
47,3
47,3
47,3
47,3
47,2
47,2
47,2
47,2
47,2
47,2
47,2
47,2
47,2
47,2
47,2
47,2
47,2
47,2
47,2
47,2
47,2
47,2
47,2
47,2
47,1
47,1
47,1
47,1
47,1
47,1
47,1
47,1
47,1
47,1
47,1
47,1
47,1
47,1
47,1
47,1
47,1
47,1
47,1
47,1
47,1
47,1
47,1
47,1
47,1
47,1
47,1
47,1
47,1
47,1
47,1
47,1
47,1
47,1
47,1
47,1
47,1
47,1
47,1
47,1
47,1
47,1
47,1
47,1
47,1
47,1
47,1
47,1
47,1
47,1
47,1
47,1
47,1
47,1
47,1
47,1
47,1
47,1
47,1
47,1
47,1
47,1
47,1
47,1
47,1
47,1
47,1
47,1
47,1
47,1
47,1
47,1
47,1
47,1
47,1
47,1
47,1
47,1
47,1
47,1
47,1
47,1
47,1
47,1
47,1
47,1
47,1
47,1
47,1
47,1
47,1
47,1
47,1
47,1
47,1
47,1
47,1
47,1
47,1
47,1
47,1
47,1
47,1
47,1
47,1
47,1
47,1
47,1
47,1
47,1
47,1
47,1
47,1
47,1
47,1
47,1
47,1
47,1
47,1
47,1
47,1
47,1
48,2396
48,43
48,12
48,10
48,9
48,8
48,6
48,6
48,5
48,5
48,5
48,5
48,4
48,4
48,4
48,3
48,3
48,3
48,3
48,3
48,3
48,3
48,2
48,2
48,2
48,2
48,2
48,2
48,2
48,2
48,2
48,2
48,2
48,2
48,2
48,2
48,2
48,2
48,2
48,2
48,2
48,2
48,2
48,2
48,2
48,2
48,2
48,1
48,1
48,1
48,1
48,1
48,1
48,1
48,1
48,1
48,1
48,1
48,1
48,1
48,1
48,1
48,1
48,1
48,1
48,1
48,1
48,1
48,1
48,1
48,1
48,1
48,1
48,1
48,1
48,1
48,1
48,1
48,1
48,1
48,1
48,1
48,1
48,1
48,1
48,1
48,1
48,1
48,1
48,1
48,1
48,1
48,1
48,1
48,1
48,1
48,1
48,1
48,1
48,1
48,1
48,1
48,1
48,1
48,1
48,1
48,1
48,1
48,1
48,1
48,1
48,1
48,1
48,1
48,1
48,1
48,1
48,1
48,1
48,1
48,1
48,1
48,1
48,1
48,1
48,1
48,1
48,1
48,1
48,1
48,1
48,1
48,1
48,1
48,1
48,1
48,1
48,1
48,1
48,1
48,1
48,1
48,1
48,1
48,1
48,1
48,1
48,1
48,1
48,1
48,1
48,1
48,1
48,1
48,1
48,1
48,1
48,1
48,1
48,1
48,1
48,1
48,1
48,1
48,1
48,1
48,1
48,1
48,1
48,1
48,1
48,1
48,1
48,1
48,1
48,1
48,1
48,1
48,1
48,1
48,1
48,1
48,1
49,2349
49,19
49,11
49,8
49,6
49,5
49,5
49,5
49,5
49,5
49,4
49,4
49,4
49,4
49,3
49,3
49,3
49,3
49,3
49,3
49,3
49,3
49,3
49,3
49,3
49,3
49,3
49,2
49,2
49,2
49,2
49,2
49,2
49,2
49,2
49,2
49,2
49,2
49,2
49,2
49,2
49,2
49,2
49,2
49,2
49,2
49,2
49,2
49,2
49,2
49,2
49,2
49,2
49,2
49,2
49,2
49,2
49,2
49,2
49,2
49,2
49,2
49,2
49,2
49,1
49,1
49,1
49,1
49,1
49,1
49,1
49,1
49,1
49,1
49,1
49,1
49,1
49,1
49,1
49,1
49,1
49,1
49,1
49,1
49,1
49,1
49,1
49,1
49,1
49,1
49,1
49,1
49,1
49,1
49,1
49,1
49,1
49,1
49,1
49,1
49,1
49,1
49,1
49,1
49,1
49,1
49,1
49,1
49,1
49,1
49,1
49,1
49,1
49,1
49,1
49,1
49,1
49,1
49,1
49,1
49,1
49,1
49,1
49,1
49,1
49,1
49,1
49,1
49,1
49,1
49,1
49,1
49,1
49,1
49,1
49,1
49,1
49,1
49,1
49,1
49,1
49,1
49,1
49,1
49,1
49,1
49,1
49,1
49,1
49,1
49,1
49,1
49,1
49,1
49,1
49,1
49,1
49,1
49,1
49,1
49,1
49,1
49,1
49,1
49,1
49,1
49,1
49,1
49,1
49,1
49,1
49,1
49,1
49,1
49,1
49,1
49,1
49,1
49,1
49,1
49,1
49,1
49,1
49,1
49,1
49,1
50,2294
50,43
50,30
50,16
50,8
50,6
50,6
50,4
50,4
50,4
50,4
50,3
50,3
50,3
50,3
50,3
50,3
50,3
50,3
50,3
50,3
50,2
50,2
50,2
50,2
50,2
50,2
50,2
50,2
50,2
50,2
50,2
50,2
50,2
50,2
50,2
50,2
50,2
50,2
50,2
50,2
50,2
50,2
50,2
50,2
50,2
50,2
50,2
50,2
50,2
50,2
50,1
50,1
50,1
50,1
50,1
50,1
50,1
50,1
50,1
50,1
50,1
50,1
50,1
50,1
50,1
50,1
50,1
50,1
50,1
50,1
50,1
50,1
50,1
50,1
50,1
50,1
50,1
50,1
50,1
50,1
50,1
50,1
50,1
50,1
50,1
50,1
50,1
50,1
50,1
50,1
50,1
50,1
50,1
50,1
50,1
50,1
50,1
50,1
50,1
50,1
50,1
50,1
50,1
50,1
50,1
50,1
50,1
50,1
50,1
50,1
50,1
50,1
50,1
50,1
50,1
50,1
50,1
50,1
50,1
50,1
50,1
50,1
50,1
50,1
50,1
50,1
50,1
50,1
50,1
50,1
50,1
50,1
50,1
50,1
50,1
50,1
50,1
50,1
50,1
50,1
50,1
50,1
50,1
50,1
50,1
50,1
50,1
50,1
50,1
50,1
50,1
50,1
50,1
50,1
50,1
50,1
50,1
50,1
50,1
50,1
51,2374
51,83
51,29
51,13
51,8
51,7
51,7
51,6
51,6
51,6
51,5
51,5
51,5
51,5
51,4
51,4
51,4
51,4
51,4
51,4
51,3
51,3
51,3
51,3
51,3
51,3
51,3
51,3
51,3
51,3
51,3
51,2
51,2
51,2
51,2
51,2
51,2
51,2
51,2
51,2
51,2
51,2
51,2
51,2
51,2
51,2
51,2
51,2
51,2
51,2
51,2
51,2
51,2
51,2
51,2
51,1
51,1
51,1
51,1
51,1
51,1
51,1
51,1
51,1
51,1
51,1
51,1
51,1
51,1
51,1
51,1
51,1
51,1
51,1
51,1
51,1
51,1
51,1
51,1
51,1
51,1
51,1
51,1
51,1
51,1
51,1
51,1
51,1
51,1
51,1
51,1
51,1
51,1
51,1
51,1
51,1
51,1
51,1
51,1
51,1
51,1
51,1
51,1
51,1
51,1
51,1
51,1
51,1
51,1
51,1
51,1
51,1
51,1
51,1
51,1
51,1
51,1
51,1
51,1
51,1
51,1
51,1
51,1
51,1
51,1
51,1
51,1
51,1
51,1
51,1
51,1
51,1
51,1
51,1
51,1
51,1
51,1
51,1
51,1
51,1
51,1
51,1
51,1
51,1
51,1
51,1
51,1
51,1
51,1
51,1
51,1
51,1
51,1
51,1
51,1
51,1
51,1
51,1
51,1
51,1
51,1
51,1
51,1
51,1
51,1
51,1
51,1
51,1
51,1
51,1
51,1
51,1
51,1
51,1
51,1
51,1
51,1
51,1
51,1
51,1
51,1
52,2269
52,42
52,25
52,12
52,10
52,8
52,8
52,8
52,6
52,6
52,5
52,5
52,5
52,4
52,4
52,4
52,4
52,3
52,3
52,3
52,3
52,3
52,3
52,3
52,3
52,3
52,3
52,3
52,3
52,3
52,3
52,3
52,3
52,3
52,3
52,3
52,3
52,3
52,2
52,2
52,2
52,2
52,2
52,2
52,2
52,2
52,2
52,2
52,2
52,2
52,2
52,2
52,2
52,2
52,2
52,2
52,2
52,2
52,2
52,2
52,2
52,2
52,2
52,2
52,2
52,2
52,2
52,2
52,2
52,2
52,2
52,2
52,2
52,2
52,1
52,1
52,1
52,1
52,1
52,1
52,1
52,1
52,1
52,1
52,1
52,1
52,1
52,1
52,1
52,1
52,1
52,1
52,1
52,1
52,1
52,1
52,1
52,1
52,1
52,1
52,1
52,1
52,1
52,1
52,1
52,1
52,1
52,1
52,1
52,1
52,1
52,1
52,1
52,1
52,1
52,1
52,1
52,1
52,1
52,1
52,1
52,1
52,1
52,1
52,1
52,1
52,1
52,1
52,1
52,1
52,1
52,1
52,1
52,1
52,1
52,1
52,1
52,1
52,1
52,1
52,1
52,1
52,1
52,1
52,1
52,1
52,1
52,1
52,1
52,1
52,1
52,1
52,1
52,1
52,1
52,1
52,1
52,1
52,1
52,1
52,1
52,1
52,1
52,1
52,1
52,1
52,1
52,1
52,1
52,1
52,1
52,1
52,1
52,1
52,1
52,1
52,1
52,1
52,1
52,1
52,1
52,1
52,1
52,1
52,1
52,1
52,1
52,1
52,1
52,1
52,1
52,1
52,1
52,1
52,1
52,1
52,1
52,1
52,1
52,1
52,1
52,1
52,1
52,1
52,1
52,1
52,1
52,1
52,1
52,1
52,1
52,1
52,1
52,1
52,1
52,1
52,1
52,1
52,1
52,1
52,1
52,1
52,1
52,1
52,1
52,1
52,1
52,1
52,1
53,2200
53,23
53,18
53,8
53,8
53,8
53,7
53,5
53,5
53,4
53,4
53,4
53,3
53,3
53,3
53,3
53,3
53,3
53,3
53,3
53,2
53,2
53,2
53,2
53,2
53,2
53,2
53,2
53,2
53,2
53,2
53,2
53,2
53,2
53,2
53,2
53,2
53,2
53,2
53,2
53,2
53,2
53,2
53,2
53,2
53,1
53,1
53,1
53,1
53,1
53,1
53,1
53,1
53,1
53,1
53,1
53,1
53,1
53,1
53,1
53,1
53,1
53,1
53,1
53,1
53,1
53,1
53,1
53,1
53,1
53,1
53,1
53,1
53,1
53,1
53,1
53,1
53,1
53,1
53,1
53,1
53,1
53,1
53,1
53,1
53,1
53,1
53,1
53,1
53,1
53,1
53,1
53,1
53,1
53,1
53,1
53,1
53,1
53,1
53,1
53,1
53,1
53,1
53,1
53,1
53,1
53,1
53,1
53,1
53,1
53,1
53,1
53,1
53,1
53,1
53,1
53,1
53,1
53,1
53,1
53,1
53,1
53,1
53,1
53,1
53,1
53,1
53,1
53,1
53,1
53,1
53,1
53,1
53,1
53,1
53,1
53,1
53,1
53,1
53,1
53,1
53,1
53,1
53,1
53,1
53,1
53,1
53,1
53,1
53,1
53,1
53,1
53,1
53,1
53,1
53,1
53,1
54,2248
54,29
54,13
54,8
54,6
54,6
54,6
54,6
54,5
54,5
54,5
54,5
54,5
54,5
54,4
54,4
54,4
54,4
54,4
54,4
54,4
54,4
54,4
54,3
54,3
54,3
54,3
54,3
54,2
54,2
54,2
54,2
54,2
54,2
54,2
54,2
54,2
54,2
54,2
54,2
54,2
54,2
54,2
54,2
54,2
54,2
54,2
54,2
54,2
54,2
54,2
54,2
54,1
54,1
54,1
54,1
54,1
54,1
54,1
54,1
54,1
54,1
54,1
54,1
54,1
54,1
54,1
54,1
54,1
54,1
54,1
54,1
54,1
54,1
54,1
54,1
54,1
54,1
54,1
54,1
54,1
54,1
54,1
54,1
54,1
54,1
54,1
54,1
54,1
54,1
54,1
54,1
54,1
54,1
54,1
54,1
54,1
54,1
54,1
54,1
54,1
54,1
54,1
54,1
54,1
54,1
54,1
54,1
54,1
54,1
54,1
54,1
54,1
54,1
54,1
54,1
54,1
54,1
54,1
54,1
54,1
54,1
54,1
54,1
54,1
54,1
54,1
54,1
54,1
54,1
54,1
54,1
54,1
54,1
54,1
54,1
54,1
54,1
54,1
54,1
54,1
55,2288
55,13
55,12
55,8
55,7
55,6
55,6
55,6
55,5
55,5
55,5
55,4
55,4
55,4
55,4
55,3
55,3
55,3
55,3
55,3
55,3
55,3
55,3
55,3
55,3
55,3
55,2
55,2
55,2
55,2
55,2
55,2
55,2
55,2
55,2
55,2
55,2
55,2
55,2
55,2
55,2
55,2
55,2
55,2
55,2
55,2
55,2
55,2
55,2
55,2
55,2
55,1
55,1
55,1
55,1
55,1
55,1
55,1
55,1
55,1
55,1
55,1
55,1
55,1
55,1
55,1
55,1
55,1
55,1
55,1
55,1
55,1
55,1
55,1
55,1
55,1
55,1
55,1
55,1
55,1
55,1
55,1
55,1
55,1
55,1
55,1
55,1
55,1
55,1
55,1
55,1
55,1
55,1
55,1
55,1
55,1
55,1
55,1
55,1
55,1
55,1
55,1
55,1
55,1
55,1
55,1
55,1
55,1
55,1
55,1
55,1
55,1
55,1
55,1
55,1
55,1
55,1
55,1
55,1
55,1
55,1
55,1
55,1
55,1
55,1
55,1
55,1
55,1
55,1
55,1
55,1
55,1
55,1
55,1
55,1
55,1
55,1
55,1
55,1
55,1
55,1
55,1
55,1
55,1
55,1
55,1
55,1
55,1
55,1
55,1
55,1
55,1
55,1
55,1
55,1
55,1
55,1
55,1
55,1
55,1
55,1
55,1
55,1
55,1
56,2334
56,31
56,13
56,10
56,8
56,5
56,5
56,5
56,5
56,5
56,5
56,5
56,5
56,4
56,4
56,4
56,4
56,3
56,3
56,3
56,3
56,3
56,3
56,3
56,3
56,3
56,3
56,3
56,3
56,3
56,2
56,2
56,2
56,2
56,2
56,2
56,2
56,2
56,2
56,2
56,2
56,2
56,2
56,2
56,2
56,2
56,2
56,2
56,2
56,2
56,2
56,2
56,2
56,2
56,2
56,2
56,2
56,2
56,1
56,1
56,1
56,1
56,1
56,1
56,1
56,1
56,1
56,1
56,1
56,1
56,1
56,1
56,1
56,1
56,1
56,1
56,1
56,1
56,1
56,1
56,1
56,1
56,1
56,1
56,1
56,1
56,1
56,1
56,1
56,1
56,1
56,1
56,1
56,1
56,1
56,1
56,1
56,1
56,1
56,1
56,1
56,1
56,1
56,1
56,1
56,1
56,1
56,1
56,1
56,1
56,1
56,1
56,1
56,1
56,1
56,1
56,1
56,1
56,1
56,1
56,1
56,1
56,1
56,1
56,1
56,1
56,1
56,1
56,1
56,1
56,1
56,1
56,1
56,1
56,1
56,1
56,1
56,1
56,1
56,1
56,1
56,1
56,1
56,1
56,1
56,1
56,1
56,1
56,1
56,1
56,1
56,1
56,1
56,1
56,1
56,1
56,1
56,1
56,1
56,1
56,1
56,1
56,1
56,1
56,1
56,1
56,1
56,1
56,1
56,1
56,1
57,2169
57,15
57,10
57,10
57,8
57,7
57,5
57,5
57,4
57,4
57,4
57,3
57,3
57,3
57,3
57,3
57,3
57,3
57,3
57,2
57,2
57,2
57,2
57,2
57,2
57,2
57,2
57,2
57,2
57,2
57,2
57,2
57,2
57,2
57,2
57,2
57,2
57,2
57,2
57,2
57,2
57,2
57,2
57,2
57,2
57,2
57,2
57,1
57,1
57,1
57,1
57,1
57,1
57,1
57,1
57,1
57,1
57,1
57,1
57,1
57,1
57,1
57,1
57,1
57,1
57,1
57,1
57,1
57,1
57,1
57,1
57,1
57,1
57,1
57,1
57,1
57,1
57,1
57,1
57,1
57,1
57,1
57,1
57,1
57,1
57,1
57,1
57,1
57,1
57,1
57,1
57,1
57,1
57,1
57,1
57,1
57,1
57,1
57,1
57,1
57,1
57,1
57,1
57,1
57,1
57,1
57,1
57,1
57,1
57,1
57,1
57,1
57,1
57,1
57,1
57,1
57,1
57,1
57,1
57,1
57,1
57,1
57,1
57,1
57,1
57,1
57,1
57,1
57,1
57,1
57,1
57,1
57,1
57,1
57,1
57,1
57,1
57,1
57,1
57,1
57,1
57,1
57,1
57,1
57,1
57,1
57,1
57,1
57,1
57,1
57,1
57,1
58,2214
58,59
58,47
58,27
58,10
58,8
58,6
58,6
58,6
58,6
58,5
58,5
58,5
58,5
58,5
58,4
58,4
58,4
58,4
58,4
58,4
58,4
58,3
58,3
58,3
58,3
58,3
58,3
58,3
58,3
58,3
58,3
58,3
58,3
58,3
58,3
58,3
58,2
58,2
58,2
58,2
58,2
58,2
58,2
58,2
58,2
58,2
58,2
58,2
58,2
58,2
58,2
58,2
58,2
58,2
58,2
58,2
58,2
58,2
58,2
58,2
58,2
58,2
58,2
58,2
58,2
58,2
58,2
58,2
58,1
58,1
58,1
58,1
58,1
58,1
58,1
58,1
58,1
58,1
58,1
58,1
58,1
58,1
58,1
58,1
58,1
58,1
58,1
58,1
58,1
58,1
58,1
58,1
58,1
58,1
58,1
58,1
58,1
58,1
58,1
58,1
58,1
58,1
58,1
58,1
58,1
58,1
58,1
58,1
58,1
58,1
58,1
58,1
58,1
58,1
58,1
58,1
58,1
58,1
58,1
58,1
58,1
58,1
58,1
58,1
58,1
58,1
58,1
58,1
58,1
58,1
58,1
58,1
58,1
58,1
58,1
58,1
58,1
58,1
58,1
58,1
58,1
58,1
58,1
58,1
58,1
58,1
58,1
58,1
58,1
58,1
58,1
58,1
58,1
58,1
58,1
58,1
58,1
58,1
58,1
58,1
58,1
58,1
58,1
58,1
58,1
58,1
58,1
58,1
58,1
58,1
58,1
58,1
58,1
58,1
58,1
58,1
58,1
58,1
58,1
58,1
58,1
59,2157
59,19
59,18
59,13
59,10
59,9
59,8
59,8
59,7
59,6
59,6
59,5
59,5
59,5
59,5
59,4
59,4
59,4
59,4
59,4
59,4
59,4
59,4
59,4
59,4
59,3
59,3
59,3
59,3
59,3
59,3
59,3
59,3
59,3
59,3
59,3
59,3
59,3
59,3
59,3
59,2
59,2
59,2
59,2
59,2
59,2
59,2
59,2
59,2
59,2
59,2
59,2
59,2
59,2
59,2
59,2
59,2
59,2
59,2
59,2
59,2
59,2
59,2
59,2
59,2
59,2
59,2
59,2
59,2
59,2
59,2
59,1
59,1
59,1
59,1
59,1
59,1
59,1
59,1
59,1
59,1
59,1
59,1
59,1
59,1
59,1
59,1
59,1
59,1
59,1
59,1
59,1
59,1
59,1
59,1
59,1
59,1
59,1
59,1
59,1
59,1
59,1
59,1
59,1
59,1
59,1
59,1
59,1
59,1
59,1
59,1
59,1
59,1
59,1
59,1
59,1
59,1
59,1
59,1
59,1
59,1
59,1
59,1
59,1
59,1
59,1
59,1
59,1
59,1
59,1
59,1
59,1
59,1
59,1
59,1
59,1
59,1
59,1
59,1
59,1
59,1
59,1
59,1
59,1
59,1
59,1
59,1
59,1
59,1
59,1
59,1
59,1
59,1
59,1
59,1
59,1
59,1
59,1
59,1
59,1
59,1
59,1
59,1
59,1
59,1
59,1
59,1
59,1
59,1
59,1
59,1
59,1
59,1
59,1
59,1
59,1
59,1
59,1
59,1
59,1
59,1
59,1
59,1
59,1
59,1
59,1
59,1
59,1
59,1
59,1
59,1
59,1
59,1
59,1
59,1
59,1
59,1
59,1
59,1
59,1
59,1
59,1
59,1
59,1
59,1
59,1
60,2216
60,35
60,14
60,10
60,7
60,6
60,6
60,5
60,5
60,5
60,5
60,5
60,5
60,5
60,4
60,4
60,4
60,4
60,4
60,4
60,4
60,4
60,4
60,3
60,3
60,3
60,3
60,3
60,3
60,3
60,3
60,3
60,3
60,3
60,3
60,3
60,3
60,2
60,2
60,2
60,2
60,2
60,2
60,2
60,2
60,2
60,2
60,2
60,2
60,2
60,2
60,2
60,2
60,2
60,2
60,2
60,2
60,2
60,2
60,2
60,2
60,2
60,2
60,2
60,2
60,2
60,2
60,2
60,2
60,1
60,1
60,1
60,1
60,1
60,1
60,1
60,1
60,1
60,1
60,1
60,1
60,1
60,1
60,1
60,1
60,1
60,1
60,1
60,1
60,1
60,1
60,1
60,1
60,1
60,1
60,1
60,1
60,1
60,1
60,1
60,1
60,1
60,1
60,1
60,1
60,1
60,1
60,1
60,1
60,1
60,1
60,1
60,1
60,1
60,1
60,1
60,1
60,1
60,1
60,1
60,1
60,1
60,1
60,1
60,1
60,1
60,1
60,1
60,1
60,1
60,1
60,1
60,1
60,1
60,1
60,1
60,1
60,1
60,1
60,1
60,1
60,1
60,1
60,1
60,1
60,1
60,1
60,1
60,1
60,1
60,1
60,1
60,1
60,1
60,1
60,1
60,1
60,1
60,1
60,1
60,1
60,1
60,1
60,1
60,1
60,1
60,1
60,1
60,1
60,1
60,1
60,1
60,1
60,1
60,1
60,1
60,1
60,1
60,1
60,1
60,1
60,1
60,1
60,1
60,1
60,1
60,1
60,1
60,1
60,1
60,1
60,1
60,1
60,1
60,1
60,1
60,1
60,1
61,2292
61,116
61,10
61,9
61,8
61,6
61,5
61,5
61,5
61,4
61,4
61,4
61,4
61,3
61,3
61,3
61,3
61,3
61,3
61,3
61,3
61,2
61,2
61,2
61,2
61,2
61,2
61,2
61,2
61,2
61,2
61,2
61,2
61,2
61,2
61,2
61,2
61,2
61,2
61,2
61,2
61,2
61,2
61,2
61,2
61,2
61,2
61,2
61,2
61,2
61,2
61,2
61,2
61,2
61,2
61,1
61,1
61,1
61,1
61,1
61,1
61,1
61,1
61,1
61,1
61,1
61,1
61,1
61,1
61,1
61,1
61,1
61,1
61,1
61,1
61,1
61,1
61,1
61,1
61,1
61,1
61,1
61,1
61,1
61,1
61,1
61,1
61,1
61,1
61,1
61,1
61,1
61,1
61,1
61,1
61,1
61,1
61,1
61,1
61,1
61,1
61,1
61,1
61,1
61,1
61,1
61,1
61,1
61,1
61,1
61,1
61,1
61,1
61,1
61,1
61,1
61,1
61,1
61,1
61,1
61,1
61,1
61,1
61,1
61,1
61,1
61,1
61,1
61,1
61,1
61,1
61,1
61,1
61,1
61,1
61,1
61,1
61,1
61,1
61,1
61,1
61,1
61,1
61,1
61,1
61,1
61,1
61,1
61,1
61,1
61,1
61,1
61,1
61,1
61,1
61,1
62,2275
62,89
62,52
62,13
62,10
62,9
62,9
62,8
62,7
62,6
62,6
62,6
62,5
62,4
62,4
62,4
62,4
62,4
62,4
62,3
62,3
62,3
62,3
62,3
62,3
62,3
62,3
62,3
62,2
62,2
62,2
62,2
62,2
62,2
62,2
62,2
62,2
62,2
62,2
62,2
62,2
62,2
62,2
62,2
62,2
62,2
62,2
62,2
62,2
62,1
62,1
62,1
62,1
62,1
62,1
62,1
62,1
62,1
62,1
62,1
62,1
62,1
62,1
62,1
62,1
62,1
62,1
62,1
62,1
62,1
62,1
62,1
62,1
62,1
62,1
62,1
62,1
62,1
62,1
62,1
62,1
62,1
62,1
62,1
62,1
62,1
62,1
62,1
62,1
62,1
62,1
62,1
62,1
62,1
62,1
62,1
62,1
62,1
62,1
62,1
62,1
62,1
62,1
62,1
62,1
62,1
62,1
62,1
62,1
62,1
62,1
62,1
62,1
62,1
62,1
62,1
62,1
62,1
62,1
62,1
62,1
62,1
62,1
62,1
62,1
62,1
62,1
62,1
62,1
62,1
62,1
62,1
62,1
62,1
62,1
62,1
62,1
62,1
62,1
62,1
62,1
62,1
62,1
62,1
62,1
62,1
62,1
62,1
62,1
62,1
62,1
62,1
62,1
62,1
62,1
62,1
62,1
62,1
62,1
62,1
62,1
62,1
62,1
62,1
62,1
62,1
62,1
62,1
62,1
62,1
62,1
62,1
62,1
62,1
62,1
62,1
62,1
62,1
62,1
62,1
62,1
62,1
62,1
62,1
62,1
62,1
62,1
62,1
62,1
62,1
62,1
62,1
62,1
62,1
62,1
62,1
62,1
62,1
62,1
62,1
62,1
62,1
62,1
62,1
62,1
62,1
62,1
62,1
62,1
62,1
63,2416
63,19
63,13
63,10
63,9
63,8
63,7
63,6
63,6
63,6
63,6
63,6
63,6
63,5
63,4
63,4
63,4
63,4
63,3
63,3
63,3
63,3
63,3
63,2
63,2
63,2
63,2
63,2
63,2
63,2
63,2
63,2
63,2
63,2
63,2
63,2
63,2
63,2
63,2
63,2
63,2
63,2
63,2
63,2
63,2
63,1
63,1
63,1
63,1
63,1
63,1
63,1
63,1
63,1
63,1
63,1
63,1
63,1
63,1
63,1
63,1
63,1
63,1
63,1
63,1
63,1
63,1
63,1
63,1
63,1
63,1
63,1
63,1
63,1
63,1
63,1
63,1
63,1
63,1
63,1
63,1
63,1
63,1
63,1
63,1
63,1
63,1
63,1
63,1
63,1
63,1
63,1
63,1
63,1
63,1
63,1
63,1
63,1
63,1
63,1
63,1
63,1
63,1
63,1
63,1
63,1
63,1
63,1
63,1
63,1
63,1
63,1
63,1
63,1
63,1
63,1
63,1
63,1
63,1
63,1
63,1
63,1
63,1
63,1
63,1
63,1
63,1
63,1
63,1
63,1
63,1
63,1
63,1
63,1
63,1
63,1
63,1
63,1
63,1
63,1
63,1
63,1
63,1
63,1
63,1
63,1
63,1
63,1
63,1
63,1
63,1
63,1
63,1
63,1
63,1
63,1
63,1
63,1
63,1
63,1
63,1
63,1
63,1
64,2384
64,15
64,11
64,9
64,8
64,6
64,5
64,5
64,4
64,3
64,3
64,3
64,3
64,3
64,3
64,3
64,3
64,3
64,3
64,3
64,3
64,2
64,2
64,2
64,2
64,2
64,2
64,2
64,2
64,2
64,2
64,2
64,2
64,2
64,2
64,2
64,2
64,2
64,2
64,2
64,2
64,2
64,2
64,2
64,2
64,2
64,2
64,2
64,2
64,2
64,2
64,2
64,2
64,2
64,2
64,2
64,2
64,2
64,2
64,1
64,1
64,1
64,1
64,1
64,1
64,1
64,1
64,1
64,1
64,1
64,1
64,1
64,1
64,1
64,1
64,1
64,1
64,1
64,1
64,1
64,1
64,1
64,1
64,1
64,1
64,1
64,1
64,1
64,1
64,1
64,1
64,1
64,1
64,1
64,1
64,1
64,1
64,1
64,1
64,1
64,1
64,1
64,1
64,1
64,1
64,1
64,1
64,1
64,1
64,1
64,1
64,1
64,1
64,1
64,1
64,1
64,1
64,1
64,1
64,1
64,1
64,1
64,1
64,1
64,1
64,1
64,1
64,1
64,1
64,1
64,1
64,1
64,1
64,1
64,1
64,1
64,1
64,1
64,1
64,1
64,1
64,1
64,1
64,1
64,1
64,1
64,1
64,1
64,1
64,1
64,1
64,1
64,1
64,1
64,1
64,1
64,1
64,1
64,1
64,1
64,1
64,1
64,1
64,1
64,1
64,1
64,1
64,1
64,1
64,1
64,1
64,1
64,1
64,1
64,1
64,1
64,1
64,1
64,1
64,1
64,1
64,1
64,1
64,1
64,1
64,1
64,1
64,1
64,1
64,1
64,1
64,1
64,1
65,2168
65,31
65,19
65,12
65,11
65,10
65,9
65,7
65,7
65,6
65,6
65,5
65,5
65,4
65,4
65,4
65,4
65,4
65,4
65,3
65,3
65,3
65,3
65,3
65,3
65,3
65,3
65,3
65,3
65,2
65,2
65,2
65,2
65,2
65,2
65,2
65,2
65,2
65,2
65,2
65,2
65,2
65,2
65,2
65,2
65,2
65,2
65,2
65,2
65,2
65,2
65,2
65,2
65,2
65,2
65,2
65,2
65,2
65,2
65,2
65,2
65,2
65,2
65,2
65,2
65,1
65,1
65,1
65,1
65,1
65,1
65,1
65,1
65,1
65,1
65,1
65,1
65,1
65,1
65,1
65,1
65,1
65,1
65,1
65,1
65,1
65,1
65,1
65,1
65,1
65,1
65,1
65,1
65,1
65,1
65,1
65,1
65,1
65,1
65,1
65,1
65,1
65,1
65,1
65,1
65,1
65,1
65,1
65,1
65,1
65,1
65,1
65,1
65,1
65,1
65,1
65,1
65,1
65,1
65,1
65,1
65,1
65,1
65,1
65,1
65,1
65,1
65,1
65,1
65,1
65,1
65,1
65,1
65,1
65,1
65,1
65,1
65,1
65,1
65,1
65,1
65,1
65,1
65,1
65,1
65,1
65,1
65,1
65,1
65,1
65,1
65,1
65,1
65,1
65,1
65,1
65,1
65,1
65,1
65,1
65,1
65,1
65,1
65,1
65,1
65,1
65,1
65,1
65,1
65,1
65,1
65,1
65,1
65,1
65,1
65,1
65,1
65,1
65,1
65,1
65,1
65,1
65,1
65,1
65,1
65,1
65,1
65,1
65,1
65,1
65,1
65,1
65,1
65,1
65,1
65,1
65,1
65,1
65,1
65,1
65,1
65,1
65,1
65,1
65,1
65,1
65,1
65,1
65,1
65,1
65,1
65,1
65,1
65,1
65,1
65,1
65,1
65,1
65,1
65,1
66,2538
66,7
66,6
66,4
66,4
66,4
66,4
66,4
66,4
66,3
66,3
66,3
66,3
66,3
66,3
66,3
66,3
66,3
66,2
66,2
66,2
66,2
66,2
66,2
66,2
66,2
66,2
66,2
66,2
66,2
66,2
66,2
66,2
66,2
66,2
66,2
66,2
66,2
66,2
66,2
66,2
66,2
66,2
66,1
66,1
66,1
66,1
66,1
66,1
66,1
66,1
66,1
66,1
66,1
66,1
66,1
66,1
66,1
66,1
66,1
66,1
66,1
66,1
66,1
66,1
66,1
66,1
66,1
66,1
66,1
66,1
66,1
66,1
66,1
66,1
66,1
66,1
66,1
66,1
66,1
66,1
66,1
66,1
66,1
66,1
66,1
66,1
66,1
66,1
66,1
66,1
66,1
66,1
66,1
66,1
66,1
66,1
66,1
66,1
66,1
66,1
66,1
66,1
66,1
66,1
66,1
66,1
66,1
66,1
66,1
66,1
66,1
66,1
66,1
66,1
66,1
66,1
66,1
66,1
66,1
66,1
66,1
66,1
66,1
66,1
66,1
66,1
66,1
66,1
66,1
66,1
66,1
66,1
66,1
66,1
66,1
66,1
66,1
66,1
66,1
66,1
66,1
66,1
66,1
66,1
66,1
66,1
66,1
66,1
66,1
66,1
66,1
66,1
66,1
66,1
66,1
66,1
66,1
66,1
66,1
66,1
66,1
66,1
66,1
66,1
66,1
66,1
66,1
66,1
66,1
66,1
66,1
66,1
66,1
66,1
66,1
66,1
66,1
66,1
66,1
66,1
66,1
67,2251
67,24
67,14
67,6
67,5
67,5
67,4
67,4
67,4
67,3
67,3
67,3
67,3
67,3
67,3
67,3
67,2
67,2
67,2
67,2
67,2
67,2
67,2
67,2
67,2
67,2
67,2
67,2
67,2
67,2
67,2
67,2
67,1
67,1
67,1
67,1
67,1
67,1
67,1
67,1
67,1
67,1
67,1
67,1
67,1
67,1
67,1
67,1
67,1
67,1
67,1
67,1
67,1
67,1
67,1
67,1
67,1
67,1
67,1
67,1
67,1
67,1
67,1
67,1
67,1
67,1
67,1
67,1
67,1
67,1
67,1
67,1
67,1
67,1
67,1
67,1
67,1
67,1
67,1
67,1
67,1
67,1
67,1
67,1
67,1
67,1
67,1
67,1
67,1
67,1
67,1
67,1
67,1
67,1
67,1
67,1
67,1
67,1
67,1
67,1
67,1
67,1
67,1
67,1
67,1
67,1
67,1
67,1
67,1
67,1
67,1
67,1
67,1
67,1
67,1
67,1
67,1
67,1
67,1
67,1
67,1
67,1
67,1
67,1
67,1
67,1
67,1
67,1
67,1
67,1
67,1
67,1
67,1
67,1
67,1
67,1
67,1
67,1
68,2342
68,17
68,8
68,8
68,6
68,6
68,6
68,4
68,4
68,4
68,4
68,4
68,4
68,4
68,3
68,3
68,3
68,3
68,3
68,3
68,3
68,3
68,3
68,3
68,3
68,3
68,3
68,2
68,2
68,2
68,2
68,2
68,2
68,2
68,2
68,2
68,2
68,2
68,2
68,2
68,2
68,2
68,2
68,2
68,2
68,2
68,2
68,2
68,2
68,2
68,2
68,2
68,2
68,2
68,2
68,2
68,2
68,2
68,2
68,2
68,1
68,1
68,1
68,1
68,1
68,1
68,1
68,1
68,1
68,1
68,1
68,1
68,1
68,1
68,1
68,1
68,1
68,1
68,1
68,1
68,1
68,1
68,1
68,1
68,1
68,1
68,1
68,1
68,1
68,1
68,1
68,1
68,1
68,1
68,1
68,1
68,1
68,1
68,1
68,1
68,1
68,1
68,1
68,1
68,1
68,1
68,1
68,1
68,1
68,1
68,1
68,1
68,1
68,1
68,1
68,1
68,1
68,1
68,1
68,1
68,1
68,1
68,1
68,1
68,1
68,1
68,1
68,1
68,1
68,1
68,1
68,1
68,1
68,1
68,1
68,1
68,1
68,1
68,1
68,1
68,1
68,1
68,1
68,1
68,1
68,1
68,1
68,1
68,1
68,1
68,1
68,1
68,1
68,1
68,1
68,1
68,1
68,1
68,1
68,1
68,1
68,1
68,1
68,1
68,1
68,1
68,1
68,1
68,1
68,1
68,1
68,1
68,1
68,1
68,1
68,1
68,1
68,1
68,1
68,1
68,1
68,1
68,1
68,1
68,1
68,1
68,1
68,1
68,1
68,1
68,1
68,1
68,1
68,1
68,1
68,1
68,1
68,1
68,1
68,1
68,1
68,1
68,1
68,1
68,1
68,1
69,1384
69,794
69,16
69,15
69,10
69,10
69,9
69,7
69,7
69,6
69,6
69,6
69,5
69,5
69,5
69,5
69,5
69,4
69,4
69,4
69,4
69,4
69,4
69,4
69,3
69,3
69,3
69,3
69,3
69,3
69,3
69,3
69,3
69,3
69,3
69,3
69,3
69,3
69,2
69,2
69,2
69,2
69,2
69,2
69,2
69,2
69,2
69,2
69,2
69,2
69,2
69,2
69,2
69,2
69,2
69,2
69,2
69,2
69,2
69,2
69,2
69,2
69,2
69,2
69,2
69,2
69,2
69,2
69,2
69,2
69,2
69,2
69,1
69,1
69,1
69,1
69,1
69,1
69,1
69,1
69,1
69,1
69,1
69,1
69,1
69,1
69,1
69,1
69,1
69,1
69,1
69,1
69,1
69,1
69,1
69,1
69,1
69,1
69,1
69,1
69,1
69,1
69,1
69,1
69,1
69,1
69,1
69,1
69,1
69,1
69,1
69,1
69,1
69,1
69,1
69,1
69,1
69,1
69,1
69,1
69,1
69,1
69,1
69,1
69,1
69,1
69,1
69,1
69,1
69,1
69,1
69,1
69,1
69,1
69,1
69,1
69,1
69,1
69,1
69,1
69,1
69,1
69,1
69,1
69,1
69,1
69,1
69,1
69,1
69,1
69,1
69,1
69,1
69,1
69,1
69,1
69,1
69,1
69,1
69,1
69,1
69,1
69,1
69,1
69,1
69,1
69,1
69,1
69,1
69,1
69,1
69,1
69,1
69,1
69,1
69,1
69,1
69,1
69,1
69,1
69,1
69,1
69,1
69,1
69,1
69,1
69,1
69,1
69,1
69,1
69,1
69,1
69,1
69,1
69,1
69,1
69,1
70,2130
70,83
70,68
70,18
70,11
70,11
70,7
70,6
70,6
70,6
70,6
70,6
70,5
70,5
70,5
70,5
70,5
70,4
70,4
70,4
70,4
70,4
70,3
70,3
70,3
70,3
70,3
70,3
70,3
70,3
70,3
70,3
70,3
70,2
70,2
70,2
70,2
70,2
70,2
70,2
70,2
70,2
70,2
70,2
70,2
70,2
70,2
70,2
70,2
70,2
70,2
70,2
70,2
70,2
70,2
70,2
70,2
70,2
70,2
70,2
70,2
70,1
70,1
70,1
70,1
70,1
70,1
70,1
70,1
70,1
70,1
70,1
70,1
70,1
70,1
70,1
70,1
70,1
70,1
70,1
70,1
70,1
70,1
70,1
70,1
70,1
70,1
70,1
70,1
70,1
70,1
70,1
70,1
70,1
70,1
70,1
70,1
70,1
70,1
70,1
70,1
70,1
70,1
70,1
70,1
70,1
70,1
70,1
70,1
70,1
70,1
70,1
70,1
70,1
70,1
70,1
70,1
70,1
70,1
70,1
70,1
70,1
70,1
70,1
70,1
70,1
70,1
70,1
70,1
70,1
70,1
70,1
70,1
70,1
70,1
70,1
70,1
70,1
70,1
70,1
70,1
70,1
70,1
70,1
70,1
70,1
70,1
70,1
70,1
70,1
70,1
70,1
70,1
70,1
70,1
70,1
70,1
70,1
70,1
70,1
70,1
70,1
70,1
70,1
70,1
70,1
70,1
70,1
70,1
70,1
70,1
70,1
70,1
70,1
70,1
70,1
70,1
70,1
70,1
70,1
70,1
70,1
70,1
70,1
70,1
70,1
70,1
70,1
70,1
70,1
70,1
70,1
70,1
70,1
70,1
70,1
70,1
70,1
70,1
70,1
70,1
70,1
70,1
70,1
70,1
70,1
70,1
70,1
70,1
70,1
71,2251
71,11
71,10
71,9
71,8
71,6
71,5
71,4
71,4
71,4
71,4
71,4
71,4
71,4
71,3
71,3
71,3
71,3
71,3
71,3
71,3
71,3
71,3
71,3
71,3
71,3
71,2
71,2
71,2
71,2
71,2
71,2
71,2
71,2
71,2
71,2
71,2
71,2
71,2
71,2
71,2
71,2
71,2
71,2
71,2
71,2
71,2
71,2
71,1
71,1
71,1
71,1
71,1
71,1
71,1
71,1
71,1
71,1
71,1
71,1
71,1
71,1
71,1
71,1
71,1
71,1
71,1
71,1
71,1
71,1
71,1
71,1
71,1
71,1
71,1
71,1
71,1
71,1
71,1
71,1
71,1
71,1
71,1
71,1
71,1
71,1
71,1
71,1
71,1
71,1
71,1
71,1
71,1
71,1
71,1
71,1
71,1
71,1
71,1
71,1
71,1
71,1
71,1
71,1
71,1
71,1
71,1
71,1
71,1
71,1
71,1
71,1
71,1
71,1
71,1
71,1
71,1
71,1
71,1
71,1
71,1
71,1
71,1
71,1
71,1
71,1
71,1
71,1
71,1
71,1
71,1
71,1
71,1
71,1
71,1
71,1
71,1
71,1
71,1
71,1
71,1
71,1
71,1
71,1
71,1
71,1
71,1
71,1
71,1
71,1
71,1
72,2355
72,15
72,12
72,9
72,7
72,6
72,6
72,5
72,4
72,3
72,3
72,3
72,3
72,3
72,3
72,3
72,3
72,3
72,3
72,3
72,2
72,2
72,2
72,2
72,2
72,2
72,2
72,2
72,2
72,2
72,2
72,2
72,2
72,2
72,2
72,2
72,2
72,2
72,2
72,2
72,2
72,2
72,2
72,2
72,2
72,2
72,1
72,1
72,1
72,1
72,1
72,1
72,1
72,1
72,1
72,1
72,1
72,1
72,1
72,1
72,1
72,1
72,1
72,1
72,1
72,1
72,1
72,1
72,1
72,1
72,1
72,1
72,1
72,1
72,1
72,1
72,1
72,1
72,1
72,1
72,1
72,1
72,1
72,1
72,1
72,1
72,1
72,1
72,1
72,1
72,1
72,1
72,1
72,1
72,1
72,1
72,1
72,1
72,1
72,1
72,1
72,1
72,1
72,1
72,1
72,1
72,1
72,1
72,1
72,1
72,1
72,1
72,1
72,1
72,1
72,1
72,1
72,1
72,1
72,1
72,1
72,1
72,1
72,1
72,1
72,1
72,1
72,1
72,1
72,1
72,1
72,1
72,1
72,1
72,1
72,1
72,1
72,1
72,1
72,1
72,1
72,1
72,1
72,1
72,1
72,1
72,1
72,1
72,1
72,1
72,1
72,1
72,1
72,1
72,1
72,1
72,1
72,1
72,1
72,1
72,1
73,2274
73,36
73,18
73,17
73,7
73,5
73,5
73,5
73,5
73,5
73,5
73,4
73,4
73,4
73,3
73,3
73,3
73,3
73,3
73,3
73,3
73,3
73,3
73,2
73,2
73,2
73,2
73,2
73,2
73,2
73,2
73,2
73,2
73,2
73,2
73,2
73,2
73,2
73,2
73,2
73,2
73,2
73,2
73,2
73,1
73,1
73,1
73,1
73,1
73,1
73,1
73,1
73,1
73,1
73,1
73,1
73,1
73,1
73,1
73,1
73,1
73,1
73,1
73,1
73,1
73,1
73,1
73,1
73,1
73,1
73,1
73,1
73,1
73,1
73,1
73,1
73,1
73,1
73,1
73,1
73,1
73,1
73,1
73,1
73,1
73,1
73,1
73,1
73,1
73,1
73,1
73,1
73,1
73,1
73,1
73,1
73,1
73,1
73,1
73,1
73,1
73,1
73,1
73,1
73,1
73,1
73,1
73,1
73,1
73,1
73,1
73,1
73,1
73,1
73,1
73,1
73,1
73,1
73,1
73,1
73,1
73,1
73,1
73,1
73,1
73,1
73,1
73,1
73,1
73,1
73,1
73,1
73,1
73,1
73,1
74,2183
74,46
74,21
74,15
74,15
74,10
74,8
74,8
74,7
74,7
74,7
74,5
74,5
74,5
74,5
74,4
74,4
74,4
74,4
74,4
74,4
74,4
74,4
74,4
74,4
74,4
74,4
74,3
74,3
74,3
74,3
74,3
74,3
74,3
74,3
74,3
74,3
74,3
74,3
74,3
74,2
74,2
74,2
74,2
74,2
74,2
74,2
74,2
74,2
74,2
74,2
74,2
74,2
74,2
74,2
74,2
74,2
74,2
74,2
74,2
74,2
74,2
74,2
74,2
74,2
74,2
74,2
74,2
74,2
74,2
74,2
74,2
74,2
74,2
74,2
74,2
74,2
74,2
74,1
74,1
74,1
74,1
74,1
74,1
74,1
74,1
74,1
74,1
74,1
74,1
74,1
74,1
74,1
74,1
74,1
74,1
74,1
74,1
74,1
74,1
74,1
74,1
74,1
74,1
74,1
74,1
74,1
74,1
74,1
74,1
74,1
74,1
74,1
74,1
74,1
74,1
74,1
74,1
74,1
74,1
74,1
74,1
74,1
74,1
74,1
74,1
74,1
74,1
74,1
74,1
74,1
74,1
74,1
74,1
74,1
74,1
74,1
74,1
74,1
74,1
74,1
74,1
74,1
74,1
74,1
74,1
74,1
74,1
74,1
74,1
74,1
74,1
74,1
74,1
74,1
74,1
74,1
74,1
74,1
74,1
74,1
74,1
74,1
74,1
74,1
74,1
74,1
74,1
74,1
74,1
74,1
74,1
74,1
74,1
74,1
74,1
74,1
74,1
74,1
74,1
74,1
74,1
74,1
74,1
74,1
74,1
74,1
74,1
74,1
74,1
74,1
74,1
74,1
74,1
74,1
74,1
74,1
74,1
74,1
74,1
74,1
74,1
74,1
74,1
74,1
74,1
74,1
74,1
74,1
74,1
74,1
74,1
74,1
74,1
74,1
74,1
74,1
74,1
74,1
74,1
74,1
75,2278
75,59
75,35
75,17
75,9
75,9
75,7
75,7
75,5
75,5
75,4
75,4
75,4
75,4
75,4
75,4
75,4
75,3
75,3
75,3
75,3
75,3
75,3
75,3
75,3
75,3
75,3
75,2
75,2
75,2
75,2
75,2
75,2
75,2
75,2
75,2
75,2
75,2
75,2
75,2
75,2
75,2
75,2
75,2
75,2
75,2
75,2
75,2
75,2
75,2
75,2
75,2
75,2
75,2
75,2
75,1
75,1
75,1
75,1
75,1
75,1
75,1
75,1
75,1
75,1
75,1
75,1
75,1
75,1
75,1
75,1
75,1
75,1
75,1
75,1
75,1
75,1
75,1
75,1
75,1
75,1
75,1
75,1
75,1
75,1
75,1
75,1
75,1
75,1
75,1
75,1
75,1
75,1
75,1
75,1
75,1
75,1
75,1
75,1
75,1
75,1
75,1
75,1
75,1
75,1
75,1
75,1
75,1
75,1
75,1
75,1
75,1
75,1
75,1
75,1
75,1
75,1
75,1
75,1
75,1
75,1
75,1
75,1
75,1
75,1
75,1
75,1
75,1
75,1
75,1
75,1
75,1
75,1
75,1
75,1
75,1
75,1
75,1
75,1
75,1
75,1
75,1
75,1
75,1
75,1
75,1
75,1
75,1
75,1
75,1
75,1
75,1
75,1
75,1
75,1
75,1
75,1
75,1
75,1
75,1
75,1
75,1
75,1
75,1
75,1
75,1
75,1
75,1
75,1
75,1
75,1
75,1
75,1
75,1
75,1
75,1
75,1
75,1
75,1
75,1
75,1
75,1
75,1
75,1
75,1
75,1
75,1
75,1
75,1
75,1
75,1
75,1
75,1
75,1
75,1
76,1930
76,254
76,48
76,26
76,16
76,13
76,12
76,11
76,6
76,5
76,5
76,5
76,5
76,5
76,5
76,5
76,5
76,4
76,4
76,4
76,4
76,4
76,4
76,3
76,3
76,3
76,3
76,3
76,3
76,3
76,3
76,3
76,3
76,3
76,3
76,3
76,3
76,3
76,3
76,2
76,2
76,2
76,2
76,2
76,2
76,2
76,2
76,2
76,2
76,2
76,2
76,2
76,2
76,2
76,2
76,2
76,2
76,2
76,2
76,2
76,2
76,2
76,2
76,2
76,2
76,2
76,2
76,2
76,2
76,2
76,1
76,1
76,1
76,1
76,1
76,1
76,1
76,1
76,1
76,1
76,1
76,1
76,1
76,1
76,1
76,1
76,1
76,1
76,1
76,1
76,1
76,1
76,1
76,1
76,1
76,1
76,1
76,1
76,1
76,1
76,1
76,1
76,1
76,1
76,1
76,1
76,1
76,1
76,1
76,1
76,1
76,1
76,1
76,1
76,1
76,1
76,1
76,1
76,1
76,1
76,1
76,1
76,1
76,1
76,1
76,1
76,1
76,1
76,1
76,1
76,1
76,1
76,1
76,1
76,1
76,1
76,1
76,1
76,1
76,1
76,1
76,1
76,1
76,1
76,1
76,1
76,1
76,1
76,1
76,1
76,1
76,1
76,1
76,1
76,1
76,1
76,1
76,1
76,1
76,1
76,1
76,1
76,1
76,1
76,1
76,1
76,1
76,1
76,1
76,1
76,1
76,1
76,1
76,1
76,1
76,1
76,1
76,1
76,1
76,1
76,1
76,1
76,1
76,1
76,1
76,1
76,1
76,1
76,1
76,1
76,1
76,1
76,1
76,1
76,1
76,1
76,1
76,1
76,1
76,1
76,1
76,1
76,1
76,1
76,1
76,1
76,1
76,1
76,1
76,1
76,1
76,1
76,1
76,1
76,1
76,1
77,2328
77,150
77,19
77,13
77,10
77,9
77,9
77,8
77,7
77,6
77,5
77,5
77,5
77,4
77,4
77,4
77,4
77,3
77,3
77,3
77,3
77,3
77,3
77,3
77,3
77,2
77,2
77,2
77,2
77,2
77,2
77,2
77,2
77,2
77,2
77,2
77,2
77,2
77,2
77,2
77,2
77,2
77,2
77,2
77,2
77,2
77,2
77,2
77,2
77,2
77,2
77,2
77,1
77,1
77,1
77,1
77,1
77,1
77,1
77,1
77,1
77,1
77,1
77,1
77,1
77,1
77,1
77,1
77,1
77,1
77,1
77,1
77,1
77,1
77,1
77,1
77,1
77,1
77,1
77,1
77,1
77,1
77,1
77,1
77,1
77,1
77,1
77,1
77,1
77,1
77,1
77,1
77,1
77,1
77,1
77,1
77,1
77,1
77,1
77,1
77,1
77,1
77,1
77,1
77,1
77,1
77,1
77,1
77,1
77,1
77,1
77,1
77,1
77,1
77,1
77,1
77,1
77,1
77,1
77,1
77,1
77,1
77,1
77,1
77,1
77,1
77,1
77,1
77,1
77,1
77,1
77,1
77,1
77,1
77,1
77,1
77,1
77,1
77,1
77,1
77,1
77,1
77,1
77,1
77,1
77,1
77,1
77,1
77,1
77,1
77,1
77,1
77,1
77,1
77,1
77,1
77,1
77,1
77,1
77,1
77,1
77,1
77,1
77,1
77,1
77,1
77,1
77,1
77,1
77,1
77,1
77,1
77,1
77,1
77,1
77,1
77,1
77,1
77,1
78,2331
78,52
78,32
78,10
78,8
78,8
78,7
78,7
78,7
78,5
78,5
78,5
78,4
78,4
78,4
78,4
78,4
78,4
78,4
78,4
78,4
78,4
78,3
78,3
78,3
78,3
78,3
78,3
78,3
78,3
78,3
78,3
78,3
78,3
78,3
78,3
78,3
78,2
78,2
78,2
78,2
78,2
78,2
78,2
78,2
78,2
78,2
78,2
78,2
78,2
78,2
78,2
78,2
78,2
78,2
78,2
78,2
78,2
78,2
78,2
78,2
78,2
78,2
78,2
78,2
78,2
78,2
78,1
78,1
78,1
78,1
78,1
78,1
78,1
78,1
78,1
78,1
78,1
78,1
78,1
78,1
78,1
78,1
78,1
78,1
78,1
78,1
78,1
78,1
78,1
78,1
78,1
78,1
78,1
78,1
78,1
78,1
78,1
78,1
78,1
78,1
78,1
78,1
78,1
78,1
78,1
78,1
78,1
78,1
78,1
78,1
78,1
78,1
78,1
78,1
78,1
78,1
78,1
78,1
78,1
78,1
78,1
78,1
78,1
78,1
78,1
78,1
78,1
78,1
78,1
78,1
78,1
78,1
78,1
78,1
78,1
78,1
78,1
78,1
78,1
78,1
78,1
78,1
78,1
78,1
78,1
78,1
78,1
78,1
78,1
78,1
78,1
78,1
78,1
78,1
78,1
78,1
78,1
78,1
78,1
78,1
78,1
78,1
78,1
78,1
78,1
78,1
78,1
78,1
78,1
78,1
78,1
78,1
78,1
78,1
78,1
78,1
78,1
78,1
78,1
78,1
78,1
78,1
78,1
78,1
78,1
78,1
78,1
78,1
78,1
78,1
78,1
78,1
78,1
78,1
78,1
78,1
78,1
79,2282
79,34
79,26
79,12
79,10
79,9
79,7
79,7
79,7
79,6
79,6
79,5
79,5
79,5
79,5
79,5
79,5
79,4
79,4
79,4
79,4
79,4
79,4
79,3
79,3
79,3
79,3
79,3
79,3
79,3
79,3
79,3
79,3
79,3
79,3
79,3
79,3
79,3
79,3
79,3
79,3
79,3
79,3
79,3
79,3
79,2
79,2
79,2
79,2
79,2
79,2
79,2
79,2
79,2
79,2
79,2
79,2
79,2
79,2
79,2
79,2
79,2
79,2
79,2
79,2
79,2
79,2
79,2
79,2
79,2
79,2
79,2
79,2
79,2
79,2
79,2
79,2
79,2
79,2
79,1
79,1
79,1
79,1
79,1
79,1
79,1
79,1
79,1
79,1
79,1
79,1
79,1
79,1
79,1
79,1
79,1
79,1
79,1
79,1
79,1
79,1
79,1
79,1
79,1
79,1
79,1
79,1
79,1
79,1
79,1
79,1
79,1
79,1
79,1
79,1
79,1
79,1
79,1
79,1
79,1
79,1
79,1
79,1
79,1
79,1
79,1
79,1
79,1
79,1
79,1
79,1
79,1
79,1
79,1
79,1
79,1
79,1
79,1
79,1
79,1
79,1
79,1
79,1
79,1
79,1
79,1
79,1
79,1
79,1
79,1
79,1
79,1
79,1
79,1
79,1
79,1
79,1
79,1
79,1
79,1
79,1
79,1
79,1
79,1
79,1
79,1
79,1
79,1
79,1
79,1
79,1
79,1
79,1
79,1
79,1
79,1
79,1
79,1
79,1
79,1
79,1
79,1
79,1
79,1
79,1
79,1
79,1
79,1
79,1
79,1
79,1
79,1
79,1
79,1
79,1
79,1
79,1
79,1
79,1
79,1
79,1
79,1
79,1
79,1
79,1
79,1
79,1
79,1
79,1
79,1
79,1
79,1
79,1
79,1
79,1
79,1
79,1
79,1
79,1
79,1
79,1
79,1
79,1
79,1
79,1
79,1
79,1
79,1
79,1
79,1
79,1
79,1
79,1
79,1
79,1
79,1
79,1
79,1
80,2512
80,14
80,13
80,13
80,12
80,9
80,7
80,7
80,6
80,6
80,6
80,5
80,5
80,5
80,5
80,4
80,4
80,4
80,4
80,4
80,4
80,4
80,4
80,3
80,3
80,3
80,3
80,3
80,3
80,3
80,3
80,3
80,3
80,3
80,3
80,3
80,3
80,3
80,3
80,3
80,3
80,3
80,3
80,2
80,2
80,2
80,2
80,2
80,2
80,2
80,2
80,2
80,2
80,2
80,2
80,2
80,2
80,2
80,2
80,2
80,2
80,2
80,2
80,2
80,2
80,2
80,2
80,2
80,2
80,2
80,2
80,2
80,2
80,2
80,2
80,2
80,2
80,2
80,1
80,1
80,1
80,1
80,1
80,1
80,1
80,1
80,1
80,1
80,1
80,1
80,1
80,1
80,1
80,1
80,1
80,1
80,1
80,1
80,1
80,1
80,1
80,1
80,1
80,1
80,1
80,1
80,1
80,1
80,1
80,1
80,1
80,1
80,1
80,1
80,1
80,1
80,1
80,1
80,1
80,1
80,1
80,1
80,1
80,1
80,1
80,1
80,1
80,1
80,1
80,1
80,1
80,1
80,1
80,1
80,1
80,1
80,1
80,1
80,1
80,1
80,1
80,1
80,1
80,1
80,1
80,1
80,1
80,1
80,1
80,1
80,1
80,1
80,1
80,1
80,1
80,1
80,1
80,1
80,1
80,1
80,1
80,1
80,1
80,1
80,1
80,1
80,1
80,1
80,1
80,1
80,1
80,1
80,1
80,1
80,1
80,1
80,1
80,1
80,1
80,1
80,1
80,1
80,1
80,1
81,1831
81,293
81,26
81,14
81,12
81,9
81,9
81,7
81,7
81,7
81,7
81,6
81,6
81,5
81,4
81,4
81,4
81,4
81,4
81,4
81,4
81,3
81,3
81,3
81,3
81,3
81,3
81,3
81,3
81,3
81,3
81,3
81,2
81,2
81,2
81,2
81,2
81,2
81,2
81,2
81,2
81,2
81,2
81,2
81,2
81,2
81,2
81,2
81,2
81,2
81,2
81,2
81,2
81,2
81,2
81,2
81,2
81,2
81,2
81,2
81,2
81,2
81,2
81,2
81,2
81,2
81,2
81,2
81,2
81,2
81,2
81,2
81,2
81,1
81,1
81,1
81,1
81,1
81,1
81,1
81,1
81,1
81,1
81,1
81,1
81,1
81,1
81,1
81,1
81,1
81,1
81,1
81,1
81,1
81,1
81,1
81,1
81,1
81,1
81,1
81,1
81,1
81,1
81,1
81,1
81,1
81,1
81,1
81,1
81,1
81,1
81,1
81,1
81,1
81,1
81,1
81,1
81,1
81,1
81,1
81,1
81,1
81,1
81,1
81,1
81,1
81,1
81,1
81,1
81,1
81,1
81,1
81,1
81,1
81,1
81,1
81,1
81,1
81,1
81,1
81,1
81,1
81,1
81,1
81,1
81,1
81,1
81,1
81,1
81,1
81,1
81,1
81,1
81,1
81,1
81,1
81,1
81,1
81,1
81,1
81,1
81,1
81,1
81,1
81,1
81,1
81,1
81,1
81,1
81,1
81,1
81,1
81,1
81,1
81,1
81,1
81,1
81,1
81,1
81,1
81,1
81,1
81,1
81,1
81,1
81,1
81,1
82,2190
82,15
82,9
82,8
82,7
82,6
82,6
82,6
82,6
82,6
82,5
82,5
82,4
82,4
82,4
82,4
82,4
82,4
82,4
82,4
82,3
82,3
82,3
82,3
82,3
82,3
82,3
82,3
82,3
82,3
82,3
82,2
82,2
82,2
82,2
82,2
82,2
82,2
82,2
82,2
82,2
82,2
82,2
82,2
82,2
82,2
82,2
82,2
82,2
82,2
82,2
82,2
82,2
82,2
82,2
82,2
82,2
82,2
82,2
82,2
82,2
82,2
82,2
82,2
82,2
82,2
82,2
82,2
82,2
82,2
82,1
82,1
82,1
82,1
82,1
82,1
82,1
82,1
82,1
82,1
82,1
82,1
82,1
82,1
82,1
82,1
82,1
82,1
82,1
82,1
82,1
82,1
82,1
82,1
82,1
82,1
82,1
82,1
82,1
82,1
82,1
82,1
82,1
82,1
82,1
82,1
82,1
82,1
82,1
82,1
82,1
82,1
82,1
82,1
82,1
82,1
82,1
82,1
82,1
82,1
82,1
82,1
82,1
82,1
82,1
82,1
82,1
82,1
82,1
82,1
82,1
82,1
82,1
82,1
82,1
82,1
82,1
82,1
82,1
82,1
82,1
82,1
82,1
82,1
82,1
82,1
82,1
82,1
82,1
82,1
82,1
82,1
82,1
82,1
82,1
82,1
82,1
82,1
82,1
82,1
82,1
82,1
82,1
82,1
82,1
82,1
82,1
82,1
82,1
82,1
82,1
82,1
82,1
82,1
82,1
82,1
82,1
82,1
82,1
82,1
82,1
82,1
82,1
82,1
82,1
82,1
82,1
82,1
82,1
82,1
82,1
82,1
82,1
82,1
82,1
82,1
82,1
82,1
82,1
83,2365
83,9
83,6
83,6
83,5
83,5
83,5
83,5
83,4
83,4
83,4
83,4
83,4
83,4
83,4
83,4
83,4
83,3
83,3
83,3
83,3
83,3
83,3
83,3
83,3
83,3
83,2
83,2
83,2
83,2
83,2
83,2
83,2
83,2
83,2
83,2
83,2
83,2
83,2
83,2
83,2
83,2
83,2
83,2
83,2
83,2
83,1
83,1
83,1
83,1
83,1
83,1
83,1
83,1
83,1
83,1
83,1
83,1
83,1
83,1
83,1
83,1
83,1
83,1
83,1
83,1
83,1
83,1
83,1
83,1
83,1
83,1
83,1
83,1
83,1
83,1
83,1
83,1
83,1
83,1
83,1
83,1
83,1
83,1
83,1
83,1
83,1
83,1
83,1
83,1
83,1
83,1
83,1
83,1
83,1
83,1
83,1
83,1
83,1
83,1
83,1
83,1
83,1
83,1
83,1
83,1
83,1
83,1
83,1
83,1
83,1
83,1
83,1
83,1
83,1
83,1
83,1
83,1
83,1
83,1
83,1
83,1
83,1
83,1
83,1
83,1
83,1
83,1
83,1
83,1
83,1
83,1
83,1
83,1
83,1
83,1
83,1
83,1
83,1
83,1
83,1
83,1
83,1
83,1
83,1
83,1
83,1
83,1
83,1
83,1
83,1
83,1
83,1
83,1
83,1
83,1
83,1
83,1
83,1
83,1
83,1
83,1
83,1
83,1
83,1
83,1
83,1
83,1
83,1
83,1
84,2327
84,34
84,7
84,7
84,6
84,5
84,5
84,5
84,5
84,4
84,4
84,4
84,3
84,3
84,3
84,3
84,3
84,3
84,3
84,3
84,3
84,3
84,3
84,2
84,2
84,2
84,2
84,2
84,2
84,2
84,2
84,2
84,2
84,2
84,2
84,2
84,2
84,2
84,2
84,2
84,2
84,2
84,2
84,2
84,2
84,2
84,2
84,2
84,2
84,1
84,1
84,1
84,1
84,1
84,1
84,1
84,1
84,1
84,1
84,1
84,1
84,1
84,1
84,1
84,1
84,1
84,1
84,1
84,1
84,1
84,1
84,1
84,1
84,1
84,1
84,1
84,1
84,1
84,1
84,1
84,1
84,1
84,1
84,1
84,1
84,1
84,1
84,1
84,1
84,1
84,1
84,1
84,1
84,1
84,1
84,1
84,1
84,1
84,1
84,1
84,1
84,1
84,1
84,1
84,1
84,1
84,1
84,1
84,1
84,1
84,1
84,1
84,1
84,1
84,1
84,1
84,1
84,1
84,1
84,1
84,1
84,1
84,1
84,1
84,1
84,1
84,1
84,1
84,1
84,1
84,1
84,1
84,1
84,1
84,1
84,1
84,1
84,1
84,1
84,1
84,1
84,1
84,1
84,1
84,1
84,1
84,1
84,1
84,1
84,1
84,1
84,1
84,1
84,1
84,1
84,1
84,1
84,1
84,1
84,1
84,1
84,1
84,1
84,1
84,1
84,1
84,1
84,1
84,1
84,1
84,1
84,1
84,1
84,1
84,1
84,1
84,1
84,1
84,1
84,1
84,1
84,1
84,1
84,1
84,1
84,1
84,1
85,2333
85,31
85,17
85,16
85,12
85,9
85,8
85,6
85,4
85,4
85,4
85,4
85,4
85,4
85,4
85,4
85,4
85,4
85,4
85,4
85,4
85,3
85,3
85,3
85,3
85,3
85,3
85,3
85,3
85,3
85,3
85,3
85,3
85,3
85,3
85,3
85,3
85,2
85,2
85,2
85,2
85,2
85,2
85,2
85,2
85,2
85,2
85,2
85,2
85,2
85,2
85,2
85,2
85,2
85,2
85,2
85,2
85,2
85,2
85,2
85,2
85,2
85,1
85,1
85,1
85,1
85,1
85,1
85,1
85,1
85,1
85,1
85,1
85,1
85,1
85,1
85,1
85,1
85,1
85,1
85,1
85,1
85,1
85,1
85,1
85,1
85,1
85,1
85,1
85,1
85,1
85,1
85,1
85,1
85,1
85,1
85,1
85,1
85,1
85,1
85,1
85,1
85,1
85,1
85,1
85,1
85,1
85,1
85,1
85,1
85,1
85,1
85,1
85,1
85,1
85,1
85,1
85,1
85,1
85,1
85,1
85,1
85,1
85,1
85,1
85,1
85,1
85,1
85,1
85,1
85,1
85,1
85,1
85,1
85,1
85,1
85,1
85,1
85,1
85,1
85,1
85,1
85,1
85,1
85,1
85,1
85,1
85,1
85,1
85,1
85,1
85,1
85,1
85,1
85,1
85,1
85,1
85,1
85,1
85,1
85,1
85,1
85,1
85,1
85,1
85,1
85,1
85,1
85,1
85,1
85,1
85,1
85,1
85,1
85,1
85,1
85,1
85,1
85,1
85,1
85,1
85,1
85,1
85,1
85,1
85,1
86,2224
86,26
86,23
86,14
86,10
86,8
86,6
86,6
86,5
86,5
86,5
86,5
86,5
86,4
86,4
86,4
86,3
86,3
86,3
86,3
86,3
86,3
86,3
86,3
86,3
86,3
86,3
86,3
86,3
86,3
86,3
86,3
86,3
86,2
86,2
86,2
86,2
86,2
86,2
86,2
86,2
86,2
86,2
86,2
86,2
86,2
86,2
86,2
86,2
86,2
86,2
86,2
86,2
86,2
86,2
86,2
86,2
86,2
86,2
86,2
86,2
86,2
86,2
86,2
86,2
86,2
86,2
86,2
86,2
86,2
86,2
86,2
86,2
86,2
86,1
86,1
86,1
86,1
86,1
86,1
86,1
86,1
86,1
86,1
86,1
86,1
86,1
86,1
86,1
86,1
86,1
86,1
86,1
86,1
86,1
86,1
86,1
86,1
86,1
86,1
86,1
86,1
86,1
86,1
86,1
86,1
86,1
86,1
86,1
86,1
86,1
86,1
86,1
86,1
86,1
86,1
86,1
86,1
86,1
86,1
86,1
86,1
86,1
86,1
86,1
86,1
86,1
86,1
86,1
86,1
86,1
86,1
86,1
86,1
86,1
86,1
86,1
86,1
86,1
86,1
86,1
86,1
86,1
86,1
86,1
86,1
86,1
86,1
86,1
86,1
86,1
86,1
86,1
86,1
86,1
86,1
86,1
86,1
86,1
86,1
86,1
86,1
86,1
86,1
86,1
86,1
86,1
86,1
86,1
86,1
86,1
86,1
86,1
86,1
86,1
86,1
86,1
86,1
86,1
86,1
86,1
86,1
86,1
86,1
86,1
86,1
86,1
86,1
86,1
86,1
86,1
86,1
86,1
86,1
86,1
86,1
86,1
86,1
86,1
86,1
86,1
86,1
86,1
86,1
86,1
86,1
86,1
86,1
86,1
86,1
86,1
86,1
86,1
86,1
86,1
86,1
86,1
86,1
86,1
86,1
86,1
86,1
86,1
86,1
86,1
86,1
86,1
86,1
86,1
86,1
87,2104
87,65
87,13
87,10
87,8
87,7
87,7
87,6
87,6
87,6
87,5
87,5
87,5
87,4
87,4
87,4
87,4
87,4
87,4
87,3
87,3
87,3
87,3
87,3
87,3
87,3
87,3
87,3
87,3
87,3
87,2
87,2
87,2
87,2
87,2
87,2
87,2
87,2
87,2
87,2
87,2
87,2
87,2
87,2
87,2
87,2
87,2
87,2
87,2
87,2
87,2
87,2
87,2
87,2
87,2
87,2
87,2
87,2
87,2
87,2
87,1
87,1
87,1
87,1
87,1
87,1
87,1
87,1
87,1
87,1
87,1
87,1
87,1
87,1
87,1
87,1
87,1
87,1
87,1
87,1
87,1
87,1
87,1
87,1
87,1
87,1
87,1
87,1
87,1
87,1
87,1
87,1
87,1
87,1
87,1
87,1
87,1
87,1
87,1
87,1
87,1
87,1
87,1
87,1
87,1
87,1
87,1
87,1
87,1
87,1
87,1
87,1
87,1
87,1
87,1
87,1
87,1
87,1
87,1
87,1
87,1
87,1
87,1
87,1
87,1
87,1
87,1
87,1
87,1
87,1
87,1
87,1
87,1
87,1
87,1
87,1
87,1
87,1
87,1
87,1
88,2383
88,49
88,27
88,18
88,18
88,9
88,5
88,4
88,4
88,4
88,4
88,4
88,4
88,4
88,4
88,4
88,3
88,3
88,3
88,3
88,3
88,3
88,3
88,3
88,3
88,3
88,3
88,3
88,3
88,3
88,2
88,2
88,2
88,2
88,2
88,2
88,2
88,2
88,2
88,2
88,2
88,2
88,2
88,2
88,2
88,2
88,2
88,2
88,2
88,2
88,2
88,2
88,2
88,2
88,2
88,2
88,2
88,2
88,1
88,1
88,1
88,1
88,1
88,1
88,1
88,1
88,1
88,1
88,1
88,1
88,1
88,1
88,1
88,1
88,1
88,1
88,1
88,1
88,1
88,1
88,1
88,1
88,1
88,1
88,1
88,1
88,1
88,1
88,1
88,1
88,1
88,1
88,1
88,1
88,1
88,1
88,1
88,1
88,1
88,1
88,1
88,1
88,1
88,1
88,1
88,1
88,1
88,1
88,1
88,1
88,1
88,1
88,1
88,1
88,1
88,1
88,1
88,1
88,1
88,1
88,1
88,1
88,1
88,1
88,1
88,1
88,1
88,1
88,1
88,1
88,1
88,1
88,1
88,1
88,1
88,1
88,1
88,1
88,1
88,1
88,1
88,1
88,1
88,1
88,1
88,1
88,1
88,1
88,1
88,1
88,1
88,1
88,1
88,1
88,1
88,1
88,1
88,1
88,1
88,1
88,1
88,1
88,1
88,1
88,1
88,1
88,1
88,1
88,1
88,1
88,1
88,1
88,1
88,1
88,1
88,1
88,1
88,1
88,1
88,1
88,1
88,1
88,1
88,1
88,1
88,1
88,1
88,1
88,1
88,1
88,1
88,1
88,1
88,1
88,1
88,1
88,1
88,1
89,2197
89,54
89,9
89,8
89,5
89,5
89,4
89,4
89,4
89,4
89,3
89,3
89,3
89,3
89,3
89,3
89,2
89,2
89,2
89,2
89,2
89,2
89,2
89,2
89,2
89,2
89,2
89,2
89,2
89,2
89,2
89,2
89,2
89,2
89,2
89,2
89,2
89,2
89,2
89,2
89,2
89,2
89,2
89,2
89,2
89,2
89,1
89,1
89,1
89,1
89,1
89,1
89,1
89,1
89,1
89,1
89,1
89,1
89,1
89,1
89,1
89,1
89,1
89,1
89,1
89,1
89,1
89,1
89,1
89,1
89,1
89,1
89,1
89,1
89,1
89,1
89,1
89,1
89,1
89,1
89,1
89,1
89,1
89,1
89,1
89,1
89,1
89,1
89,1
89,1
89,1
89,1
89,1
89,1
89,1
89,1
89,1
89,1
89,1
89,1
89,1
89,1
89,1
89,1
89,1
89,1
89,1
89,1
89,1
89,1
89,1
89,1
89,1
89,1
89,1
89,1
89,1
89,1
89,1
89,1
89,1
89,1
89,1
89,1
89,1
89,1
89,1
89,1
89,1
89,1
89,1
89,1
89,1
89,1
89,1
89,1
89,1
89,1
89,1
89,1
89,1
89,1
89,1
89,1
89,1
89,1
89,1
89,1
89,1
89,1
89,1
89,1
90,2221
90,24
90,19
90,18
90,10
90,9
90,8
90,7
90,7
90,6
90,6
90,5
90,5
90,5
90,4
90,4
90,4
90,3
90,3
90,3
90,3
90,3
90,3
90,3
90,3
90,3
90,3
90,3
90,3
90,3
90,3
90,2
90,2
90,2
90,2
90,2
90,2
90,2
90,2
90,2
90,2
90,2
90,2
90,2
90,2
90,2
90,2
90,2
90,2
90,2
90,2
90,2
90,2
90,2
90,2
90,2
90,2
90,2
90,2
90,1
90,1
90,1
90,1
90,1
90,1
90,1
90,1
90,1
90,1
90,1
90,1
90,1
90,1
90,1
90,1
90,1
90,1
90,1
90,1
90,1
90,1
90,1
90,1
90,1
90,1
90,1
90,1
90,1
90,1
90,1
90,1
90,1
90,1
90,1
90,1
90,1
90,1
90,1
90,1
90,1
90,1
90,1
90,1
90,1
90,1
90,1
90,1
90,1
90,1
90,1
90,1
90,1
90,1
90,1
90,1
90,1
90,1
90,1
90,1
90,1
90,1
90,1
90,1
90,1
90,1
90,1
90,1
90,1
90,1
90,1
90,1
90,1
90,1
90,1
90,1
90,1
90,1
90,1
90,1
90,1
90,1
90,1
90,1
90,1
90,1
90,1
90,1
90,1
90,1
90,1
90,1
90,1
90,1
90,1
90,1
90,1
90,1
90,1
90,1
90,1
90,1
90,1
90,1
90,1
90,1
90,1
90,1
90,1
90,1
90,1
90,1
90,1
90,1
90,1
90,1
90,1
90,1
90,1
90,1
90,1
90,1
90,1
90,1
90,1
90,1
90,1
90,1
90,1
90,1
90,1
90,1
90,1
90,1
90,1
90,1
90,1
90,1
90,1
90,1
90,1
90,1
91,2203
91,166
91,53
91,38
91,26
91,17
91,13
91,8
91,6
91,6
91,5
91,5
91,4
91,4
91,4
91,4
91,4
91,4
91,4
91,3
91,3
91,3
91,3
91,3
91,3
91,3
91,3
91,3
91,3
91,3
91,3
91,2
91,2
91,2
91,2
91,2
91,2
91,2
91,2
91,2
91,2
91,2
91,2
91,2
91,2
91,2
91,2
91,2
91,2
91,2
91,2
91,2
91,2
91,2
91,2
91,2
91,2
91,2
91,2
91,2
91,2
91,2
91,2
91,2
91,2
91,2
91,2
91,2
91,2
91,1
91,1
91,1
91,1
91,1
91,1
91,1
91,1
91,1
91,1
91,1
91,1
91,1
91,1
91,1
91,1
91,1
91,1
91,1
91,1
91,1
91,1
91,1
91,1
91,1
91,1
91,1
91,1
91,1
91,1
91,1
91,1
91,1
91,1
91,1
91,1
91,1
91,1
91,1
91,1
91,1
91,1
91,1
91,1
91,1
91,1
91,1
91,1
91,1
91,1
91,1
91,1
91,1
91,1
91,1
91,1
91,1
91,1
91,1
91,1
91,1
91,1
91,1
91,1
91,1
91,1
91,1
91,1
91,1
91,1
91,1
91,1
91,1
91,1
91,1
91,1
91,1
91,1
91,1
91,1
91,1
91,1
91,1
91,1
91,1
91,1
91,1
91,1
91,1
91,1
91,1
91,1
91,1
91,1
91,1
91,1
91,1
91,1
91,1
91,1
91,1
91,1
91,1
91,1
91,1
91,1
91,1
91,1
91,1
91,1
91,1
91,1
91,1
91,1
91,1
91,1
91,1
91,1
91,1
91,1
91,1
91,1
91,1
91,1
91,1
91,1
91,1
91,1
91,1
91,1
91,1
91,1
91,1
91,1
92,2260
92,30
92,20
92,6
92,6
92,6
92,5
92,5
92,4
92,4
92,4
92,4
92,4
92,4
92,4
92,3
92,3
92,3
92,3
92,3
92,3
92,3
92,3
92,2
92,2
92,2
92,2
92,2
92,2
92,2
92,2
92,2
92,2
92,2
92,2
92,2
92,2
92,2
92,2
92,2
92,2
92,2
92,2
92,2
92,2
92,2
92,2
92,2
92,2
92,2
92,2
92,2
92,1
92,1
92,1
92,1
92,1
92,1
92,1
92,1
92,1
92,1
92,1
92,1
92,1
92,1
92,1
92,1
92,1
92,1
92,1
92,1
92,1
92,1
92,1
92,1
92,1
92,1
92,1
92,1
92,1
92,1
92,1
92,1
92,1
92,1
92,1
92,1
92,1
92,1
92,1
92,1
92,1
92,1
92,1
92,1
92,1
92,1
92,1
92,1
92,1
92,1
92,1
92,1
92,1
92,1
92,1
92,1
92,1
92,1
92,1
92,1
92,1
92,1
92,1
92,1
92,1
92,1
92,1
92,1
92,1
92,1
92,1
92,1
92,1
92,1
92,1
92,1
92,1
92,1
92,1
92,1
92,1
92,1
92,1
92,1
92,1
92,1
92,1
92,1
92,1
92,1
92,1
92,1
92,1
92,1
92,1
92,1
92,1
92,1
92,1
92,1
92,1
92,1
92,1
92,1
92,1
92,1
92,1
92,1
92,1
92,1
92,1
92,1
92,1
92,1
92,1
92,1
92,1
92,1
92,1
92,1
92,1
92,1
92,1
92,1
93,2186
93,22
93,14
93,12
93,7
93,5
93,5
93,5
93,5
93,4
93,4
93,4
93,4
93,3
93,3
93,3
93,3
93,3
93,3
93,3
93,3
93,3
93,3
93,3
93,3
93,3
93,3
93,2
93,2
93,2
93,2
93,2
93,2
93,2
93,2
93,2
93,2
93,2
93,2
93,2
93,2
93,2
93,2
93,2
93,2
93,2
93,2
93,2
93,2
93,2
93,2
93,2
93,2
93,2
93,2
93,2
93,2
93,1
93,1
93,1
93,1
93,1
93,1
93,1
93,1
93,1
93,1
93,1
93,1
93,1
93,1
93,1
93,1
93,1
93,1
93,1
93,1
93,1
93,1
93,1
93,1
93,1
93,1
93,1
93,1
93,1
93,1
93,1
93,1
93,1
93,1
93,1
93,1
93,1
93,1
93,1
93,1
93,1
93,1
93,1
93,1
93,1
93,1
93,1
93,1
93,1
93,1
93,1
93,1
93,1
93,1
93,1
93,1
93,1
93,1
93,1
93,1
93,1
93,1
93,1
93,1
93,1
93,1
93,1
93,1
93,1
93,1
93,1
93,1
93,1
93,1
93,1
93,1
93,1
93,1
93,1
93,1
93,1
93,1
93,1
93,1
93,1
93,1
93,1
93,1
93,1
93,1
93,1
93,1
93,1
93,1
93,1
93,1
93,1
93,1
93,1
93,1
93,1
93,1
93,1
93,1
93,1
93,1
93,1
93,1
93,1
93,1
93,1
93,1
93,1
93,1
93,1
93,1
93,1
93,1
93,1
93,1
93,1
93,1
93,1
93,1
93,1
93,1
93,1
93,1
93,1
94,2473
94,11
94,11
94,7
94,7
94,6
94,6
94,5
94,5
94,5
94,4
94,4
94,4
94,4
94,4
94,4
94,4
94,4
94,4
94,4
94,4
94,3
94,3
94,3
94,3
94,3
94,3
94,3
94,3
94,3
94,3
94,3
94,2
94,2
94,2
94,2
94,2
94,2
94,2
94,2
94,2
94,2
94,2
94,2
94,2
94,2
94,2
94,2
94,2
94,2
94,2
94,2
94,2
94,2
94,2
94,2
94,1
94,1
94,1
94,1
94,1
94,1
94,1
94,1
94,1
94,1
94,1
94,1
94,1
94,1
94,1
94,1
94,1
94,1
94,1
94,1
94,1
94,1
94,1
94,1
94,1
94,1
94,1
94,1
94,1
94,1
94,1
94,1
94,1
94,1
94,1
94,1
94,1
94,1
94,1
94,1
94,1
94,1
94,1
94,1
94,1
94,1
94,1
94,1
94,1
94,1
94,1
94,1
94,1
94,1
94,1
94,1
94,1
94,1
94,1
94,1
94,1
94,1
94,1
94,1
94,1
94,1
94,1
94,1
94,1
94,1
94,1
94,1
94,1
94,1
94,1
94,1
94,1
94,1
94,1
94,1
94,1
94,1
94,1
94,1
94,1
94,1
94,1
94,1
94,1
94,1
94,1
94,1
94,1
94,1
94,1
94,1
94,1
94,1
94,1
94,1
94,1
94,1
94,1
94,1
94,1
94,1
94,1
94,1
94,1
94,1
95,2534
95,12
95,9
95,7
95,7
95,6
95,6
95,6
95,5
95,5
95,5
95,5
95,4
95,4
95,4
95,4
95,4
95,4
95,3
95,3
95,3
95,3
95,3
95,3
95,3
95,2
95,2
95,2
95,2
95,2
95,2
95,2
95,2
95,2
95,2
95,2
95,2
95,1
95,1
95,1
95,1
95,1
95,1
95,1
95,1
95,1
95,1
95,1
95,1
95,1
95,1
95,1
95,1
95,1
95,1
95,1
95,1
95,1
95,1
95,1
95,1
95,1
95,1
95,1
95,1
95,1
95,1
95,1
95,1
95,1
95,1
95,1
95,1
95,1
95,1
95,1
95,1
95,1
95,1
95,1
95,1
95,1
95,1
95,1
95,1
95,1
95,1
95,1
95,1
95,1
95,1
95,1
95,1
95,1
95,1
95,1
95,1
95,1
95,1
95,1
95,1
95,1
95,1
95,1
95,1
95,1
95,1
95,1
95,1
95,1
95,1
95,1
95,1
95,1
95,1
95,1
95,1
95,1
95,1
95,1
95,1
95,1
95,1
95,1
95,1
95,1
95,1
95,1
95,1
95,1
95,1
95,1
95,1
95,1
95,1
95,1
95,1
95,1
95,1
95,1
95,1
95,1
95,1
95,1
95,1
95,1
95,1
95,1
95,1
95,1
95,1
95,1
95,1
95,1
95,1
95,1
95,1
95,1
95,1
95,1
95,1
95,1
95,1
95,1
95,1
95,1
95,1
95,1
95,1
95,1
95,1
95,1
95,1
95,1
95,1
96,2280
96,22
96,14
96,10
96,8
96,7
96,7
96,5
96,5
96,5
96,4
96,4
96,4
96,4
96,4
96,4
96,3
96,3
96,3
96,3
96,3
96,3
96,3
96,3
96,3
96,3
96,3
96,3
96,3
96,2
96,2
96,2
96,2
96,2
96,2
96,2
96,2
96,2
96,2
96,2
96,2
96,2
96,2
96,2
96,2
96,2
96,2
96,2
96,2
96,2
96,2
96,2
96,2
96,2
96,2
96,2
96,2
96,2
96,2
96,2
96,2
96,2
96,2
96,1
96,1
96,1
96,1
96,1
96,1
96,1
96,1
96,1
96,1
96,1
96,1
96,1
96,1
96,1
96,1
96,1
96,1
96,1
96,1
96,1
96,1
96,1
96,1
96,1
96,1
96,1
96,1
96,1
96,1
96,1
96,1
96,1
96,1
96,1
96,1
96,1
96,1
96,1
96,1
96,1
96,1
96,1
96,1
96,1
96,1
96,1
96,1
96,1
96,1
96,1
96,1
96,1
96,1
96,1
96,1
96,1
96,1
96,1
96,1
96,1
96,1
96,1
96,1
96,1
96,1
96,1
96,1
96,1
96,1
96,1
96,1
96,1
96,1
96,1
96,1
96,1
96,1
96,1
96,1
96,1
96,1
96,1
96,1
96,1
96,1
96,1
96,1
96,1
96,1
96,1
96,1
96,1
96,1
96,1
96,1
96,1
96,1
96,1
96,1
96,1
96,1
96,1
96,1
96,1
96,1
96,1
96,1
96,1
96,1
96,1
96,1
96,1
96,1
96,1
96,1
96,1
96,1
96,1
96,1
96,1
96,1
96,1
96,1
96,1
96,1
96,1
96,1
96,1
96,1
96,1
96,1
96,1
96,1
96,1
96,1
96,1
96,1
96,1
96,1
96,1
96,1
96,1
96,1
96,1
96,1
96,1
96,1
96,1
96,1
96,1
96,1
96,1
96,1
96,1
96,1
96,1
96,1
96,1
96,1
96,1
96,1
96,1
96,1
96,1
96,1
96,1
96,1
96,1
96,1
96,1
97,2229
97,24
97,21
97,20
97,17
97,16
97,11
97,8
97,8
97,5
97,5
97,5
97,4
97,4
97,4
97,4
97,4
97,4
97,3
97,3
97,3
97,3
97,3
97,3
97,3
97,3
97,3
97,3
97,3
97,3
97,2
97,2
97,2
97,2
97,2
97,2
97,2
97,2
97,2
97,2
97,2
97,2
97,2
97,2
97,2
97,2
97,2
97,2
97,2
97,2
97,2
97,2
97,2
97,2
97,2
97,1
97,1
97,1
97,1
97,1
97,1
97,1
97,1
97,1
97,1
97,1
97,1
97,1
97,1
97,1
97,1
97,1
97,1
97,1
97,1
97,1
97,1
97,1
97,1
97,1
97,1
97,1
97,1
97,1
97,1
97,1
97,1
97,1
97,1
97,1
97,1
97,1
97,1
97,1
97,1
97,1
97,1
97,1
97,1
97,1
97,1
97,1
97,1
97,1
97,1
97,1
97,1
97,1
97,1
97,1
97,1
97,1
97,1
97,1
97,1
97,1
97,1
97,1
97,1
97,1
97,1
97,1
97,1
97,1
97,1
97,1
97,1
97,1
97,1
97,1
97,1
97,1
97,1
97,1
97,1
97,1
97,1
97,1
97,1
97,1
97,1
97,1
97,1
97,1
97,1
97,1
97,1
97,1
97,1
97,1
97,1
97,1
97,1
97,1
97,1
97,1
97,1
97,1
97,1
97,1
97,1
97,1
97,1
97,1
97,1
97,1
97,1
97,1
97,1
97,1
97,1
97,1
97,1
97,1
97,1
97,1
97,1
97,1
97,1
97,1
97,1
98,2105
98,31
98,9
98,8
98,8
98,6
98,6
98,5
98,5
98,4
98,4
98,4
98,4
98,4
98,3
98,3
98,3
98,3
98,3
98,3
98,3
98,3
98,3
98,3
98,2
98,2
98,2
98,2
98,2
98,2
98,2
98,2
98,2
98,2
98,2
98,2
98,2
98,2
98,2
98,1
98,1
98,1
98,1
98,1
98,1
98,1
98,1
98,1
98,1
98,1
98,1
98,1
98,1
98,1
98,1
98,1
98,1
98,1
98,1
98,1
98,1
98,1
98,1
98,1
98,1
98,1
98,1
98,1
98,1
98,1
98,1
98,1
98,1
98,1
98,1
98,1
98,1
98,1
98,1
98,1
98,1
98,1
98,1
98,1
98,1
98,1
98,1
98,1
98,1
98,1
98,1
98,1
98,1
98,1
98,1
98,1
98,1
98,1
98,1
98,1
98,1
98,1
98,1
98,1
98,1
98,1
98,1
98,1
98,1
98,1
98,1
98,1
98,1
98,1
98,1
98,1
98,1
98,1
98,1
98,1
98,1
98,1
98,1
98,1
98,1
98,1
98,1
98,1
98,1
98,1
98,1
98,1
98,1
98,1
98,1
98,1
98,1
98,1
98,1
98,1
98,1
98,1
98,1
98,1
98,1
98,1
98,1
98,1
98,1
99,2314
99,10
99,6
99,6
99,5
99,5
99,5
99,5
99,4
99,4
99,4
99,3
99,3
99,3
99,3
99,3
99,2
99,2
99,2
99,2
99,2
99,2
99,2
99,2
99,2
99,2
99,2
99,2
99,2
99,2
99,2
99,2
99,2
99,2
99,2
99,1
99,1
99,1
99,1
99,1
99,1
99,1
99,1
99,1
99,1
99,1
99,1
99,1
99,1
99,1
99,1
99,1
99,1
99,1
99,1
99,1
99,1
99,1
99,1
99,1
99,1
99,1
99,1
99,1
99,1
99,1
99,1
99,1
99,1
99,1
99,1
99,1
99,1
99,1
99,1
99,1
99,1
99,1
99,1
99,1
99,1
99,1
99,1
99,1
99,1
99,1
99,1
99,1
99,1
99,1
99,1
99,1
99,1
99,1
99,1
99,1
99,1
99,1
99,1
99,1
99,1
99,1
99,1
99,1
99,1
99,1
99,1
99,1
99,1
99,1
99,1
99,1
99,1
99,1
99,1
99,1
99,1
99,1
99,1
99,1
99,1
99,1
99,1
99,1
99,1
99,1
99,1
100,2306
100,49
100,10
100,10
100,8
100,7
100,6
100,6
100,5
100,5
100,4
100,4
100,4
100,3
100,3
100,3
100,3
100,3
100,3
100,2
100,2
100,2
100,2
100,2
100,2
100,2
100,2
100,2
100,2
100,2
100,2
100,2
100,2
100,2
100,2
100,2
100,2
100,2
100,2
100,2
100,2
100,2
100,2
100,2
100,2
100,2
100,2
100,2
100,1
100,1
100,1
100,1
100,1
100,1
100,1
100,1
100,1
100,1
100,1
100,1
100,1
100,1
100,1
100,1
100,1
100,1
100,1
100,1
100,1
100,1
100,1
100,1
100,1
100,1
100,1
100,1
100,1
100,1
100,1
100,1
100,1
100,1
100,1
100,1
100,1
100,1
100,1
100,1
100,1
100,1
100,1
100,1
100,1
100,1
100,1
100,1
100,1
100,1
100,1
100,1
100,1
100,1
100,1
100,1
100,1
100,1
100,1
100,1
100,1
100,1
100,1
100,1
100,1
100,1
100,1
100,1
100,1
100,1
100,1
100,1
100,1
100,1
100,1
100,1
100,1
100,1
100,1
100,1
100,1
100,1
100,1
100,1
100,1
100,1
100,1
100,1
100,1
100,1
100,1
100,1
100,1
100,1
100,1
100,1
100,1
100,1
100,1
100,1
100,1
100,1
100,1
100,1
100,1
100,1
100,1
100,1
100,1
100,1
100,1
100,1
100,1
100,1
100,1
100,1
100,1
100,1
100,1
100,1
100,1
100,1
101,2075
101,11
101,10
101,10
101,9
101,6
101,5
101,5
101,5
101,5
101,5
101,4
101,4
101,4
101,4
101,4
101,4
101,3
101,3
101,3
101,3
101,3
101,3
101,3
101,3
101,3
101,3
101,3
101,3
101,2
101,2
101,2
101,2
101,2
101,2
101,2
101,2
101,2
101,2
101,2
101,2
101,2
101,2
101,2
101,2
101,2
101,2
101,2
101,2
101,2
101,2
101,2
101,2
101,2
101,2
101,2
101,2
101,2
101,2
101,2
101,2
101,2
101,2
101,2
101,2
101,2
101,2
101,1
101,1
101,1
101,1
101,1
101,1
101,1
101,1
101,1
101,1
101,1
101,1
101,1
101,1
101,1
101,1
101,1
101,1
101,1
101,1
101,1
101,1
101,1
101,1
101,1
101,1
101,1
101,1
101,1
101,1
101,1
101,1
101,1
101,1
101,1
101,1
101,1
101,1
101,1
101,1
101,1
101,1
101,1
101,1
101,1
101,1
101,1
101,1
101,1
101,1
101,1
101,1
101,1
101,1
101,1
101,1
101,1
101,1
101,1
101,1
101,1
101,1
101,1
101,1
101,1
101,1
101,1
101,1
101,1
101,1
101,1
101,1
101,1
101,1
101,1
101,1
101,1
101,1
101,1
101,1
101,1
101,1
101,1
101,1
101,1
101,1
101,1
101,1
101,1
101,1
101,1
101,1
101,1
101,1
101,1
101,1
101,1
101,1
101,1
101,1
101,1
101,1
101,1
101,1
102,1532
102,542
102,86
102,51
102,29
102,21
102,21
102,13
102,11
102,10
102,8
102,8
102,7
102,7
102,7
102,6
102,6
102,6
102,6
102,5
102,5
102,4
102,4
102,4
102,4
102,4
102,4
102,4
102,4
102,3
102,3
102,3
102,3
102,3
102,3
102,3
102,3
102,3
102,3
102,3
102,3
102,3
102,3
102,3
102,3
102,2
102,2
102,2
102,2
102,2
102,2
102,2
102,2
102,2
102,2
102,2
102,2
102,2
102,2
102,2
102,2
102,2
102,2
102,2
102,2
102,2
102,2
102,2
102,2
102,2
102,2
102,2
102,2
102,2
102,2
102,2
102,2
102,1
102,1
102,1
102,1
102,1
102,1
102,1
102,1
102,1
102,1
102,1
102,1
102,1
102,1
102,1
102,1
102,1
102,1
102,1
102,1
102,1
102,1
102,1
102,1
102,1
102,1
102,1
102,1
102,1
102,1
102,1
102,1
102,1
102,1
102,1
102,1
102,1
102,1
102,1
102,1
102,1
102,1
102,1
102,1
102,1
102,1
102,1
102,1
102,1
102,1
102,1
102,1
102,1
102,1
102,1
102,1
102,1
102,1
102,1
102,1
102,1
102,1
102,1
102,1
102,1
102,1
102,1
102,1
102,1
102,1
102,1
102,1
102,1
102,1
102,1
102,1
102,1
102,1
102,1
102,1
102,1
102,1
102,1
102,1
102,1
102,1
102,1
102,1
102,1
102,1
102,1
102,1
102,1
102,1
102,1
102,1
102,1
102,1
102,1
102,1
102,1
102,1
102,1
102,1
102,1
102,1
102,1
102,1
102,1
102,1
102,1
102,1
102,1
102,1
102,1
102,1
102,1
102,1
102,1
102,1
102,1
102,1
102,1
102,1
102,1
102,1
102,1
102,1
102,1
102,1
102,1
102,1
102,1
102,1
102,1
102,1
102,1
102,1
102,1
102,1
102,1
102,1
103,2299
103,71
103,12
103,11
103,9
103,7
103,7
103,6
103,5
103,5
103,4
103,4
103,4
103,3
103,3
103,3
103,3
103,3
103,3
103,3
103,3
103,3
103,3
103,3
103,3
103,2
103,2
103,2
103,2
103,2
103,2
103,2
103,2
103,2
103,2
103,2
103,2
103,2
103,2
103,2
103,2
103,2
103,2
103,2
103,2
103,2
103,2
103,2
103,2
103,2
103,2
103,1
103,1
103,1
103,1
103,1
103,1
103,1
103,1
103,1
103,1
103,1
103,1
103,1
103,1
103,1
103,1
103,1
103,1
103,1
103,1
103,1
103,1
103,1
103,1
103,1
103,1
103,1
103,1
103,1
103,1
103,1
103,1
103,1
103,1
103,1
103,1
103,1
103,1
103,1
103,1
103,1
103,1
103,1
103,1
103,1
103,1
103,1
103,1
103,1
103,1
103,1
103,1
103,1
103,1
103,1
103,1
103,1
103,1
103,1
103,1
103,1
103,1
103,1
103,1
103,1
103,1
103,1
103,1
103,1
103,1
103,1
103,1
103,1
103,1
103,1
103,1
103,1
103,1
103,1
103,1
103,1
103,1
103,1
103,1
103,1
103,1
103,1
103,1
103,1
103,1
103,1
103,1
103,1
103,1
103,1
103,1
103,1
103,1
103,1
103,1
103,1
103,1
103,1
103,1
103,1
103,1
103,1
103,1
104,2255
104,51
104,16
104,12
104,9
104,8
104,8
104,8
104,7
104,5
104,5
104,5
104,5
104,5
104,5
104,4
104,4
104,4
104,4
104,4
104,4
104,4
104,4
104,3
104,3
104,3
104,3
104,3
104,3
104,3
104,3
104,3
104,3
104,3
104,3
104,3
104,2
104,2
104,2
104,2
104,2
104,2
104,2
104,2
104,2
104,2
104,2
104,2
104,2
104,2
104,2
104,2
104,2
104,2
104,2
104,2
104,2
104,2
104,2
104,2
104,2
104,2
104,2
104,2
104,2
104,2
104,2
104,2
104,2
104,2
104,2
104,2
104,2
104,2
104,2
104,1
104,1
104,1
104,1
104,1
104,1
104,1
104,1
104,1
104,1
104,1
104,1
104,1
104,1
104,1
104,1
104,1
104,1
104,1
104,1
104,1
104,1
104,1
104,1
104,1
104,1
104,1
104,1
104,1
104,1
104,1
104,1
104,1
104,1
104,1
104,1
104,1
104,1
104,1
104,1
104,1
104,1
104,1
104,1
104,1
104,1
104,1
104,1
104,1
104,1
104,1
104,1
104,1
104,1
104,1
104,1
104,1
104,1
104,1
104,1
104,1
104,1
104,1
104,1
104,1
104,1
104,1
104,1
104,1
104,1
104,1
104,1
104,1
104,1
104,1
104,1
104,1
104,1
104,1
104,1
104,1
104,1
104,1
104,1
104,1
104,1
104,1
104,1
104,1
104,1
104,1
104,1
104,1
104,1
104,1
104,1
104,1
104,1
104,1
104,1
104,1
104,1
104,1
104,1
104,1
104,1
104,1
104,1
104,1
104,1
104,1
104,1
104,1
104,1
104,1
104,1
104,1
104,1
104,1
104,1
104,1
104,1
104,1
104,1
104,1
104,1
104,1
104,1
104,1
104,1
104,1
104,1
104,1
104,1
104,1
104,1
104,1
104,1
105,2335
105,14
105,14
105,12
105,7
105,7
105,6
105,6
105,5
105,5
105,5
105,4
105,4
105,4
105,4
105,4
105,4
105,3
105,3
105,3
105,3
105,3
105,3
105,3
105,3
105,3
105,3
105,3
105,3
105,3
105,3
105,3
105,2
105,2
105,2
105,2
105,2
105,2
105,2
105,2
105,2
105,2
105,2
105,2
105,2
105,2
105,2
105,2
105,2
105,2
105,2
105,2
105,2
105,2
105,2
105,2
105,2
105,2
105,2
105,2
105,2
105,2
105,2
105,2
105,2
105,2
105,2
105,2
105,2
105,1
105,1
105,1
105,1
105,1
105,1
105,1
105,1
105,1
105,1
105,1
105,1
105,1
105,1
105,1
105,1
105,1
105,1
105,1
105,1
105,1
105,1
105,1
105,1
105,1
105,1
105,1
105,1
105,1
105,1
105,1
105,1
105,1
105,1
105,1
105,1
105,1
105,1
105,1
105,1
105,1
105,1
105,1
105,1
105,1
105,1
105,1
105,1
105,1
105,1
105,1
105,1
105,1
105,1
105,1
105,1
105,1
105,1
105,1
105,1
105,1
105,1
105,1
105,1
105,1
105,1
105,1
105,1
105,1
105,1
105,1
105,1
105,1
105,1
105,1
105,1
105,1
105,1
105,1
105,1
105,1
105,1
105,1
105,1
105,1
105,1
105,1
105,1
105,1
105,1
105,1
105,1
105,1
105,1
105,1
105,1
105,1
105,1
105,1
105,1
105,1
105,1
105,1
105,1
105,1
105,1
105,1
105,1
105,1
105,1
105,1
105,1
105,1
105,1
105,1
105,1
105,1
105,1
105,1
105,1
105,1
105,1
106,2068
106,84
106,38
106,25
106,16
106,16
106,10
106,9
106,7
106,5
106,5
106,5
106,4
106,4
106,4
106,4
106,3
106,3
106,3
106,3
106,3
106,3
106,3
106,3
106,3
106,3
106,3
106,3
106,3
106,3
106,2
106,2
106,2
106,2
106,2
106,2
106,2
106,2
106,2
106,2
106,2
106,2
106,2
106,2
106,2
106,2
106,2
106,2
106,2
106,2
106,2
106,2
106,2
106,2
106,2
106,2
106,2
106,2
106,2
106,2
106,1
106,1
106,1
106,1
106,1
106,1
106,1
106,1
106,1
106,1
106,1
106,1
106,1
106,1
106,1
106,1
106,1
106,1
106,1
106,1
106,1
106,1
106,1
106,1
106,1
106,1
106,1
106,1
106,1
106,1
106,1
106,1
106,1
106,1
106,1
106,1
106,1
106,1
106,1
106,1
106,1
106,1
106,1
106,1
106,1
106,1
106,1
106,1
106,1
106,1
106,1
106,1
106,1
106,1
106,1
106,1
106,1
106,1
106,1
106,1
106,1
106,1
106,1
106,1
106,1
106,1
106,1
106,1
106,1
106,1
106,1
106,1
106,1
106,1
106,1
106,1
106,1
106,1
106,1
106,1
106,1
106,1
106,1
106,1
106,1
106,1
106,1
106,1
106,1
107,2229
107,6
107,6
107,6
107,5
107,5
107,4
107,4
107,4
107,4
107,4
107,4
107,3
107,3
107,3
107,3
107,3
107,3
107,3
107,3
107,3
107,2
107,2
107,2
107,2
107,2
107,2
107,2
107,2
107,2
107,2
107,2
107,2
107,2
107,2
107,2
107,2
107,2
107,2
107,2
107,2
107,2
107,2
107,2
107,2
107,2
107,2
107,2
107,2
107,2
107,2
107,2
107,2
107,2
107,1
107,1
107,1
107,1
107,1
107,1
107,1
107,1
107,1
107,1
107,1
107,1
107,1
107,1
107,1
107,1
107,1
107,1
107,1
107,1
107,1
107,1
107,1
107,1
107,1
107,1
107,1
107,1
107,1
107,1
107,1
107,1
107,1
107,1
107,1
107,1
107,1
107,1
107,1
107,1
107,1
107,1
107,1
107,1
107,1
107,1
107,1
107,1
107,1
107,1
107,1
107,1
107,1
107,1
107,1
107,1
107,1
107,1
107,1
107,1
107,1
107,1
107,1
107,1
107,1
107,1
107,1
107,1
107,1
107,1
107,1
107,1
107,1
107,1
107,1
107,1
107,1
107,1
107,1
107,1
107,1
107,1
107,1
107,1
107,1
107,1
107,1
107,1
107,1
107,1
107,1
107,1
107,1
107,1
107,1
107,1
107,1
107,1
107,1
107,1
107,1
107,1
107,1
107,1
107,1
107,1
107,1
107,1
107,1
107,1
107,1
107,1
107,1
107,1
107,1
107,1
107,1
107,1
107,1
107,1
107,1
107,1
107,1
107,1
107,1
107,1
107,1
107,1
107,1
108,2528
108,33
108,21
108,16
108,11
108,9
108,8
108,7
108,6
108,5
108,5
108,5
108,4
108,4
108,4
108,4
108,4
108,4
108,3
108,3
108,3
108,3
108,3
108,3
108,3
108,3
108,3
108,3
108,3
108,3
108,3
108,3
108,2
108,2
108,2
108,2
108,2
108,2
108,2
108,2
108,2
108,2
108,2
108,2
108,2
108,2
108,2
108,2
108,2
108,2
108,2
108,2
108,2
108,1
108,1
108,1
108,1
108,1
108,1
108,1
108,1
108,1
108,1
108,1
108,1
108,1
108,1
108,1
108,1
108,1
108,1
108,1
108,1
108,1
108,1
108,1
108,1
108,1
108,1
108,1
108,1
108,1
108,1
108,1
108,1
108,1
108,1
108,1
108,1
108,1
108,1
108,1
108,1
108,1
108,1
108,1
108,1
108,1
108,1
108,1
108,1
108,1
108,1
108,1
108,1
108,1
108,1
108,1
108,1
108,1
108,1
108,1
108,1
108,1
108,1
108,1
108,1
108,1
108,1
108,1
108,1
108,1
108,1
108,1
108,1
108,1
108,1
108,1
108,1
108,1
108,1
108,1
108,1
108,1
108,1
108,1
108,1
108,1
108,1
108,1
108,1
108,1
108,1
108,1
108,1
108,1
108,1
108,1
108,1
108,1
108,1
108,1
108,1
108,1
108,1
108,1
108,1
108,1
108,1
108,1
108,1
108,1
108,1
108,1
108,1
108,1
108,1
108,1
108,1
108,1
108,1
108,1
108,1
108,1
108,1
108,1
108,1
108,1
108,1
108,1
108,1
108,1
108,1
109,2242
109,51
109,35
109,8
109,8
109,8
109,7
109,7
109,6
109,6
109,5
109,4
109,4
109,4
109,4
109,4
109,3
109,3
109,3
109,3
109,3
109,3
109,3
109,3
109,3
109,3
109,3
109,3
109,3
109,3
109,2
109,2
109,2
109,2
109,2
109,2
109,2
109,2
109,2
109,2
109,2
109,2
109,2
109,2
109,2
109,2
109,2
109,2
109,2
109,2
109,2
109,2
109,2
109,2
109,2
109,2
109,2
109,2
109,2
109,2
109,2
109,2
109,2
109,2
109,2
109,1
109,1
109,1
109,1
109,1
109,1
109,1
109,1
109,1
109,1
109,1
109,1
109,1
109,1
109,1
109,1
109,1
109,1
109,1
109,1
109,1
109,1
109,1
109,1
109,1
109,1
109,1
109,1
109,1
109,1
109,1
109,1
109,1
109,1
109,1
109,1
109,1
109,1
109,1
109,1
109,1
109,1
109,1
109,1
109,1
109,1
109,1
109,1
109,1
109,1
109,1
109,1
109,1
109,1
109,1
109,1
109,1
109,1
109,1
109,1
109,1
109,1
109,1
109,1
109,1
109,1
109,1
109,1
109,1
109,1
109,1
109,1
109,1
109,1
109,1
109,1
109,1
109,1
109,1
109,1
109,1
109,1
109,1
109,1
109,1
109,1
109,1
109,1
109,1
109,1
109,1
109,1
109,1
109,1
109,1
109,1
109,1
109,1
109,1
109,1
109,1
109,1
109,1
109,1
109,1
109,1
109,1
109,1
109,1
109,1
109,1
109,1
109,1
109,1
109,1
109,1
109,1
109,1
109,1
109,1
109,1
109,1
109,1
109,1
109,1
109,1
109,1
109,1
109,1
109,1
109,1
109,1
109,1
109,1
110,2161
110,93
110,92
110,22
110,10
110,9
110,8
110,7
110,7
110,6
110,6
110,6
110,6
110,5
110,5
110,5
110,5
110,4
110,4
110,4
110,4
110,3
110,3
110,3
110,3
110,3
110,3
110,3
110,3
110,3
110,3
110,3
110,3
110,3
110,3
110,3
110,3
110,3
110,2
110,2
110,2
110,2
110,2
110,2
110,2
110,2
110,2
110,2
110,2
110,2
110,2
110,2
110,2
110,2
110,2
110,2
110,2
110,2
110,2
110,2
110,2
110,2
110,2
110,2
110,2
110,2
110,2
110,2
110,1
110,1
110,1
110,1
110,1
110,1
110,1
110,1
110,1
110,1
110,1
110,1
110,1
110,1
110,1
110,1
110,1
110,1
110,1
110,1
110,1
110,1
110,1
110,1
110,1
110,1
110,1
110,1
110,1
110,1
110,1
110,1
110,1
110,1
110,1
110,1
110,1
110,1
110,1
110,1
110,1
110,1
110,1
110,1
110,1
110,1
110,1
110,1
110,1
110,1
110,1
110,1
110,1
110,1
110,1
110,1
110,1
110,1
110,1
110,1
110,1
110,1
110,1
110,1
110,1
110,1
110,1
110,1
110,1
110,1
110,1
110,1
110,1
110,1
110,1
110,1
110,1
110,1
110,1
110,1
110,1
110,1
110,1
110,1
110,1
110,1
110,1
110,1
110,1
110,1
110,1
110,1
110,1
110,1
110,1
110,1
110,1
110,1
110,1
110,1
110,1
110,1
110,1
110,1
110,1
110,1
110,1
110,1
110,1
110,1
110,1
110,1
110,1
110,1
110,1
110,1
110,1
110,1
110,1
110,1
110,1
110,1
110,1
110,1
110,1
110,1
110,1
110,1
110,1
110,1
110,1
110,1
110,1
110,1
111,1791
111,260
111,119
111,43
111,37
111,29
111,22
111,16
111,15
111,9
111,9
111,8
111,8
111,8
111,8
111,7
111,7
111,7
111,7
111,6
111,5
111,5
111,5
111,5
111,5
111,4
111,4
111,4
111,4
111,4
111,4
111,4
111,4
111,3
111,3
111,3
111,3
111,3
111,3
111,3
111,3
111,3
111,3
111,3
111,3
111,3
111,3
111,3
111,3
111,3
111,3
111,2
111,2
111,2
111,2
111,2
111,2
111,2
111,2
111,2
111,2
111,2
111,2
111,2
111,2
111,2
111,2
111,2
111,2
111,2
111,2
111,2
111,2
111,2
111,2
111,2
111,2
111,2
111,2
111,2
111,2
111,2
111,2
111,2
111,2
111,2
111,2
111,2
111,2
111,2
111,2
111,2
111,2
111,2
111,1
111,1
111,1
111,1
111,1
111,1
111,1
111,1
111,1
111,1
111,1
111,1
111,1
111,1
111,1
111,1
111,1
111,1
111,1
111,1
111,1
111,1
111,1
111,1
111,1
111,1
111,1
111,1
111,1
111,1
111,1
111,1
111,1
111,1
111,1
111,1
111,1
111,1
111,1
111,1
111,1
111,1
111,1
111,1
111,1
111,1
111,1
111,1
111,1
111,1
111,1
111,1
111,1
111,1
111,1
111,1
111,1
111,1
111,1
111,1
111,1
111,1
111,1
111,1
111,1
111,1
111,1
111,1
111,1
111,1
111,1
111,1
111,1
111,1
111,1
111,1
111,1
111,1
111,1
111,1
111,1
111,1
111,1
111,1
111,1
111,1
111,1
111,1
111,1
111,1
111,1
111,1
111,1
111,1
111,1
111,1
111,1
111,1
111,1
111,1
111,1
111,1
111,1
111,1
111,1
111,1
111,1
111,1
111,1
111,1
111,1
111,1
111,1
111,1
111,1
111,1
111,1
111,1
111,1
111,1
111,1
111,1
111,1
111,1
111,1
111,1
111,1
111,1
111,1
111,1
111,1
111,1
111,1
111,1
111,1
111,1
111,1
111,1
111,1
111,1
111,1
111,1
111,1
111,1
111,1
111,1
111,1
111,1
111,1
111,1
111,1
111,1
111,1
111,1
111,1
111,1
111,1
111,1
111,1
111,1
111,1
111,1
111,1
111,1
111,1
111,1
111,1
111,1
111,1
111,1
111,1
111,1
111,1
111,1
112,2156
112,9
112,8
112,7
112,7
112,6
112,6
112,5
112,4
112,4
112,4
112,4
112,4
112,4
112,4
112,3
112,3
112,3
112,3
112,3
112,3
112,3
112,3
112,3
112,2
112,2
112,2
112,2
112,2
112,2
112,2
112,2
112,2
112,2
112,2
112,2
112,2
112,2
112,2
112,2
112,2
112,2
112,2
112,2
112,2
112,2
112,2
112,2
112,2
112,2
112,1
112,1
112,1
112,1
112,1
112,1
112,1
112,1
112,1
112,1
112,1
112,1
112,1
112,1
112,1
112,1
112,1
112,1
112,1
112,1
112,1
112,1
112,1
112,1
112,1
112,1
112,1
112,1
112,1
112,1
112,1
112,1
112,1
112,1
112,1
112,1
112,1
112,1
112,1
112,1
112,1
112,1
112,1
112,1
112,1
112,1
112,1
112,1
112,1
112,1
112,1
112,1
112,1
112,1
112,1
112,1
112,1
112,1
112,1
112,1
112,1
112,1
112,1
112,1
112,1
112,1
112,1
112,1
112,1
112,1
112,1
112,1
112,1
112,1
112,1
112,1
112,1
112,1
112,1
112,1
112,1
112,1
112,1
112,1
112,1
112,1
112,1
112,1
112,1
112,1
112,1
112,1
112,1
112,1
112,1
112,1
112,1
112,1
112,1
112,1
112,1
112,1
112,1
112,1
112,1
112,1
112,1
112,1
112,1
112,1
112,1
112,1
112,1
112,1
112,1
112,1
112,1
112,1
112,1
112,1
112,1
112,1
112,1
112,1
112,1
112,1
112,1
112,1
112,1
112,1
112,1
112,1
112,1
112,1
112,1
112,1
112,1
113,2072
113,84
113,13
113,11
113,11
113,10
113,8
113,6
113,6
113,5
113,5
113,5
113,4
113,4
113,4
113,4
113,4
113,4
113,4
113,4
113,4
113,3
113,3
113,3
113,3
113,3
113,3
113,3
113,3
113,3
113,3
113,3
113,2
113,2
113,2
113,2
113,2
113,2
113,2
113,2
113,2
113,2
113,2
113,2
113,2
113,2
113,2
113,2
113,2
113,2
113,2
113,2
113,2
113,2
113,2
113,2
113,2
113,2
113,2
113,2
113,2
113,2
113,2
113,2
113,1
113,1
113,1
113,1
113,1
113,1
113,1
113,1
113,1
113,1
113,1
113,1
113,1
113,1
113,1
113,1
113,1
113,1
113,1
113,1
113,1
113,1
113,1
113,1
113,1
113,1
113,1
113,1
113,1
113,1
113,1
113,1
113,1
113,1
113,1
113,1
113,1
113,1
113,1
113,1
113,1
113,1
113,1
113,1
113,1
113,1
113,1
113,1
113,1
113,1
113,1
113,1
113,1
113,1
113,1
113,1
113,1
113,1
113,1
113,1
113,1
113,1
113,1
113,1
113,1
113,1
113,1
113,1
113,1
113,1
113,1
113,1
113,1
113,1
113,1
113,1
113,1
113,1
113,1
113,1
113,1
113,1
113,1
113,1
113,1
113,1
113,1
113,1
113,1
113,1
113,1
113,1
113,1
113,1
113,1
113,1
113,1
113,1
113,1
113,1
113,1
113,1
113,1
113,1
113,1
113,1
113,1
113,1
113,1
113,1
113,1
113,1
113,1
113,1
113,1
113,1
113,1
113,1
113,1
113,1
113,1
113,1
113,1
113,1
113,1
113,1
113,1
113,1
113,1
113,1
113,1
114,2334
114,21
114,19
114,12
114,11
114,7
114,6
114,6
114,5
114,5
114,4
114,4
114,4
114,4
114,4
114,4
114,3
114,3
114,3
114,3
114,3
114,3
114,3
114,3
114,3
114,3
114,3
114,3
114,2
114,2
114,2
114,2
114,2
114,2
114,2
114,2
114,2
114,2
114,2
114,2
114,2
114,2
114,2
114,2
114,2
114,2
114,2
114,2
114,2
114,2
114,2
114,2
114,1
114,1
114,1
114,1
114,1
114,1
114,1
114,1
114,1
114,1
114,1
114,1
114,1
114,1
114,1
114,1
114,1
114,1
114,1
114,1
114,1
114,1
114,1
114,1
114,1
114,1
114,1
114,1
114,1
114,1
114,1
114,1
114,1
114,1
114,1
114,1
114,1
114,1
114,1
114,1
114,1
114,1
114,1
114,1
114,1
114,1
114,1
114,1
114,1
114,1
114,1
114,1
114,1
114,1
114,1
114,1
114,1
114,1
114,1
114,1
114,1
114,1
114,1
114,1
114,1
114,1
114,1
114,1
114,1
114,1
114,1
114,1
114,1
114,1
114,1
114,1
114,1
114,1
114,1
114,1
114,1
114,1
114,1
114,1
114,1
114,1
114,1
114,1
114,1
114,1
114,1
114,1
114,1
114,1
114,1
114,1
114,1
114,1
114,1
114,1
114,1
114,1
114,1
114,1
114,1
114,1
114,1
114,1
114,1
114,1
115,2426
115,9
115,8
115,7
115,7
115,6
115,6
115,6
115,6
115,6
115,5
115,5
115,5
115,5
115,5
115,4
115,4
115,4
115,4
115,4
115,4
115,4
115,4
115,4
115,4
115,4
115,4
115,4
115,3
115,3
115,3
115,3
115,3
115,3
115,3
115,3
115,3
115,3
115,3
115,3
115,3
115,3
115,3
115,3
115,2
115,2
115,2
115,2
115,2
115,2
115,2
115,2
115,2
115,2
115,2
115,2
115,2
115,2
115,2
115,2
115,2
115,2
115,2
115,2
115,2
115,2
115,2
115,2
115,2
115,2
115,2
115,2
115,2
115,1
115,1
115,1
115,1
115,1
115,1
115,1
115,1
115,1
115,1
115,1
115,1
115,1
115,1
115,1
115,1
115,1
115,1
115,1
115,1
115,1
115,1
115,1
115,1
115,1
115,1
115,1
115,1
115,1
115,1
115,1
115,1
115,1
115,1
115,1
115,1
115,1
115,1
115,1
115,1
115,1
115,1
115,1
115,1
115,1
115,1
115,1
115,1
115,1
115,1
115,1
115,1
115,1
115,1
115,1
115,1
115,1
115,1
115,1
115,1
115,1
115,1
115,1
115,1
115,1
115,1
115,1
115,1
115,1
115,1
115,1
115,1
115,1
115,1
115,1
115,1
115,1
115,1
115,1
115,1
115,1
115,1
115,1
115,1
115,1
115,1
115,1
115,1
115,1
115,1
115,1
115,1
115,1
115,1
115,1
115,1
115,1
115,1
115,1
115,1
115,1
115,1
115,1
115,1
115,1
115,1
115,1
115,1
115,1
115,1
115,1
115,1
115,1
115,1
115,1
115,1
115,1
115,1
115,1
116,2172
116,62
116,38
116,30
116,26
116,22
116,17
116,10
116,8
116,7
116,7
116,5
116,5
116,5
116,4
116,4
116,4
116,4
116,4
116,4
116,4
116,3
116,3
116,3
116,3
116,3
116,3
116,3
116,3
116,3
116,3
116,3
116,3
116,3
116,3
116,3
116,3
116,3
116,3
116,3
116,3
116,3
116,2
116,2
116,2
116,2
116,2
116,2
116,2
116,2
116,2
116,2
116,2
116,2
116,2
116,2
116,2
116,2
116,2
116,2
116,2
116,2
116,2
116,2
116,2
116,2
116,2
116,2
116,2
116,1
116,1
116,1
116,1
116,1
116,1
116,1
116,1
116,1
116,1
116,1
116,1
116,1
116,1
116,1
116,1
116,1
116,1
116,1
116,1
116,1
116,1
116,1
116,1
116,1
116,1
116,1
116,1
116,1
116,1
116,1
116,1
116,1
116,1
116,1
116,1
116,1
116,1
116,1
116,1
116,1
116,1
116,1
116,1
116,1
116,1
116,1
116,1
116,1
116,1
116,1
116,1
116,1
116,1
116,1
116,1
116,1
116,1
116,1
116,1
116,1
116,1
116,1
116,1
116,1
116,1
116,1
116,1
116,1
116,1
116,1
116,1
116,1
116,1
116,1
116,1
116,1
116,1
116,1
116,1
116,1
116,1
116,1
116,1
116,1
116,1
116,1
116,1
116,1
116,1
116,1
116,1
116,1
116,1
116,1
116,1
116,1
116,1
116,1
116,1
116,1
116,1
116,1
116,1
116,1
116,1
116,1
116,1
116,1
116,1
116,1
116,1
116,1
116,1
116,1
116,1
116,1
116,1
116,1
116,1
116,1
116,1
116,1
116,1
116,1
116,1
116,1
116,1
116,1
116,1
116,1
116,1
116,1
116,1
116,1
116,1
116,1
116,1
116,1
116,1
116,1
116,1
116,1
116,1
116,1
116,1
116,1
116,1
116,1
116,1
116,1
116,1
116,1
116,1
117,1731
117,604
117,34
117,33
117,31
117,16
117,12
117,12
117,9
117,9
117,8
117,7
117,6
117,5
117,5
117,5
117,5
117,4
117,4
117,4
117,3
117,3
117,3
117,3
117,3
117,3
117,3
117,3
117,2
117,2
117,2
117,2
117,2
117,2
117,2
117,2
117,2
117,2
117,2
117,2
117,2
117,2
117,2
117,2
117,2
117,2
117,2
117,2
117,2
117,2
117,2
117,2
117,2
117,2
117,1
117,1
117,1
117,1
117,1
117,1
117,1
117,1
117,1
117,1
117,1
117,1
117,1
117,1
117,1
117,1
117,1
117,1
117,1
117,1
117,1
117,1
117,1
117,1
117,1
117,1
117,1
117,1
117,1
117,1
117,1
117,1
117,1
117,1
117,1
117,1
117,1
117,1
117,1
117,1
117,1
117,1
117,1
117,1
117,1
117,1
117,1
117,1
117,1
117,1
117,1
117,1
117,1
117,1
117,1
117,1
117,1
117,1
117,1
117,1
117,1
117,1
117,1
117,1
117,1
117,1
117,1
117,1
117,1
117,1
117,1
117,1
117,1
117,1
117,1
117,1
117,1
117,1
117,1
117,1
117,1
117,1
117,1
117,1
117,1
117,1
117,1
117,1
117,1
117,1
117,1
117,1
117,1
117,1
117,1
117,1
117,1
117,1
117,1
117,1
117,1
117,1
117,1
117,1
117,1
117,1
117,1
117,1
117,1
117,1
117,1
117,1
117,1
117,1
117,1
117,1
117,1
117,1
117,1
117,1
117,1
117,1
117,1
117,1
117,1
117,1
117,1
117,1
117,1
117,1
117,1
117,1
117,1
117,1
117,1
117,1
117,1
117,1
117,1
117,1
117,1
117,1
117,1
117,1
117,1
117,1
117,1
117,1
117,1
117,1
117,1
117,1
117,1
117,1
117,1
117,1
117,1
117,1
117,1
117,1
117,1
117,1
117,1
117,1
117,1
117,1
117,1
117,1
117,1
117,1
117,1
117,1
117,1
117,1
117,1
117,1
117,1
117,1
117,1
118,2181
118,39
118,29
118,17
118,16
118,11
118,10
118,9
118,9
118,7
118,7
118,6
118,6
118,6
118,5
118,5
118,5
118,5
118,4
118,4
118,4
118,4
118,4
118,4
118,4
118,4
118,4
118,4
118,4
118,4
118,4
118,4
118,4
118,4
118,3
118,3
118,3
118,3
118,3
118,3
118,3
118,3
118,3
118,3
118,3
118,3
118,3
118,3
118,3
118,2
118,2
118,2
118,2
118,2
118,2
118,2
118,2
118,2
118,2
118,2
118,2
118,2
118,2
118,2
118,2
118,2
118,2
118,2
118,2
118,2
118,2
118,2
118,2
118,2
118,2
118,2
118,2
118,2
118,2
118,2
118,2
118,2
118,2
118,2
118,2
118,2
118,2
118,2
118,1
118,1
118,1
118,1
118,1
118,1
118,1
118,1
118,1
118,1
118,1
118,1
118,1
118,1
118,1
118,1
118,1
118,1
118,1
118,1
118,1
118,1
118,1
118,1
118,1
118,1
118,1
118,1
118,1
118,1
118,1
118,1
118,1
118,1
118,1
118,1
118,1
118,1
118,1
118,1
118,1
118,1
118,1
118,1
118,1
118,1
118,1
118,1
118,1
118,1
118,1
118,1
118,1
118,1
118,1
118,1
118,1
118,1
118,1
118,1
118,1
118,1
118,1
118,1
118,1
118,1
118,1
118,1
118,1
118,1
118,1
118,1
118,1
118,1
118,1
118,1
118,1
118,1
118,1
118,1
118,1
118,1
118,1
118,1
118,1
118,1
118,1
118,1
118,1
118,1
118,1
118,1
118,1
118,1
118,1
118,1
118,1
118,1
118,1
118,1
118,1
118,1
118,1
118,1
118,1
118,1
118,1
118,1
118,1
118,1
118,1
118,1
118,1
118,1
118,1
118,1
118,1
118,1
118,1
118,1
118,1
118,1
118,1
118,1
118,1
118,1
118,1
118,1
118,1
118,1
118,1
118,1
118,1
118,1
118,1
118,1
118,1
118,1
118,1
118,1
118,1
118,1
118,1
118,1
118,1
118,1
118,1
118,1
118,1
119,1996
119,126
119,51
119,23
119,21
119,14
119,14
119,13
119,12
119,6
119,6
119,5
119,5
119,5
119,5
119,5
119,5
119,4
119,4
119,4
119,4
119,4
119,4
119,3
119,3
119,3
119,3
119,3
119,3
119,3
119,3
119,3
119,3
119,3
119,3
119,3
119,3
119,3
119,3
119,3
119,3
119,3
119,3
119,3
119,3
119,2
119,2
119,2
119,2
119,2
119,2
119,2
119,2
119,2
119,2
119,2
119,2
119,2
119,2
119,2
119,2
119,2
119,2
119,2
119,2
119,2
119,2
119,2
119,2
119,2
119,2
119,2
119,2
119,2
119,2
119,2
119,2
119,2
119,2
119,2
119,2
119,2
119,2
119,2
119,2
119,1
119,1
119,1
119,1
119,1
119,1
119,1
119,1
119,1
119,1
119,1
119,1
119,1
119,1
119,1
119,1
119,1
119,1
119,1
119,1
119,1
119,1
119,1
119,1
119,1
119,1
119,1
119,1
119,1
119,1
119,1
119,1
119,1
119,1
119,1
119,1
119,1
119,1
119,1
119,1
119,1
119,1
119,1
119,1
119,1
119,1
119,1
119,1
119,1
119,1
119,1
119,1
119,1
119,1
119,1
119,1
119,1
119,1
119,1
119,1
119,1
119,1
119,1
119,1
119,1
119,1
119,1
119,1
119,1
119,1
119,1
119,1
119,1
119,1
119,1
119,1
119,1
119,1
119,1
119,1
119,1
119,1
119,1
119,1
119,1
119,1
119,1
119,1
119,1
119,1
119,1
119,1
119,1
119,1
119,1
119,1
119,1
119,1
119,1
119,1
119,1
119,1
119,1
119,1
119,1
119,1
119,1
119,1
119,1
119,1
119,1
119,1
119,1
119,1
119,1
119,1
119,1
119,1
119,1
120,2351
120,18
120,9
120,8
120,8
120,7
120,6
120,6
120,6
120,5
120,5
120,4
120,4
120,4
120,4
120,4
120,3
120,3
120,3
120,3
120,3
120,3
120,3
120,3
120,3
120,3
120,3
120,3
120,3
120,2
120,2
120,2
120,2
120,2
120,2
120,2
120,2
120,2
120,2
120,2
120,2
120,2
120,2
120,2
120,2
120,2
120,2
120,2
120,2
120,2
120,1
120,1
120,1
120,1
120,1
120,1
120,1
120,1
120,1
120,1
120,1
120,1
120,1
120,1
120,1
120,1
120,1
120,1
120,1
120,1
120,1
120,1
120,1
120,1
120,1
120,1
120,1
120,1
120,1
120,1
120,1
120,1
120,1
120,1
120,1
120,1
120,1
120,1
120,1
120,1
120,1
120,1
120,1
120,1
120,1
120,1
120,1
120,1
120,1
120,1
120,1
120,1
120,1
120,1
120,1
120,1
120,1
120,1
120,1
120,1
120,1
120,1
120,1
120,1
120,1
120,1
120,1
120,1
120,1
120,1
120,1
120,1
120,1
120,1
120,1
120,1
120,1
120,1
120,1
120,1
121,2343
121,163
121,12
121,7
121,7
121,7
121,6
121,6
121,6
121,5
121,5
121,4
121,4
121,4
121,4
121,3
121,3
121,3
121,3
121,3
121,3
121,3
121,3
121,3
121,3
121,3
121,3
121,3
121,3
121,3
121,3
121,3
121,3
121,3
121,2
121,2
121,2
121,2
121,2
121,2
121,2
121,2
121,2
121,2
121,2
121,2
121,2
121,2
121,2
121,2
121,2
121,2
121,2
121,2
121,2
121,2
121,2
121,2
121,2
121,2
121,2
121,2
121,2
121,2
121,2
121,2
121,1
121,1
121,1
121,1
121,1
121,1
121,1
121,1
121,1
121,1
121,1
121,1
121,1
121,1
121,1
121,1
121,1
121,1
121,1
121,1
121,1
121,1
121,1
121,1
121,1
121,1
121,1
121,1
121,1
121,1
121,1
121,1
121,1
121,1
121,1
121,1
121,1
121,1
121,1
121,1
121,1
121,1
121,1
121,1
121,1
121,1
121,1
121,1
121,1
121,1
121,1
121,1
121,1
121,1
121,1
121,1
121,1
121,1
121,1
121,1
121,1
121,1
121,1
121,1
121,1
121,1
121,1
121,1
121,1
121,1
121,1
121,1
121,1
121,1
121,1
121,1
121,1
121,1
121,1
121,1
121,1
121,1
121,1
121,1
121,1
121,1
121,1
121,1
121,1
121,1
121,1
121,1
121,1
121,1
121,1
121,1
121,1
121,1
121,1
121,1
121,1
121,1
121,1
121,1
121,1
121,1
121,1
121,1
121,1
121,1
121,1
122,2293
122,11
122,10
122,9
122,7
122,6
122,6
122,5
122,5
122,4
122,4
122,4
122,4
122,4
122,4
122,3
122,3
122,3
122,3
122,3
122,3
122,2
122,2
122,2
122,2
122,2
122,2
122,2
122,2
122,2
122,2
122,2
122,2
122,2
122,2
122,2
122,2
122,2
122,2
122,2
122,2
122,2
122,2
122,2
122,2
122,2
122,2
122,2
122,1
122,1
122,1
122,1
122,1
122,1
122,1
122,1
122,1
122,1
122,1
122,1
122,1
122,1
122,1
122,1
122,1
122,1
122,1
122,1
122,1
122,1
122,1
122,1
122,1
122,1
122,1
122,1
122,1
122,1
122,1
122,1
122,1
122,1
122,1
122,1
122,1
122,1
122,1
122,1
122,1
122,1
122,1
122,1
122,1
122,1
122,1
122,1
122,1
122,1
122,1
122,1
122,1
122,1
122,1
122,1
122,1
122,1
122,1
122,1
122,1
122,1
122,1
122,1
122,1
122,1
122,1
122,1
122,1
122,1
122,1
122,1
122,1
122,1
122,1
122,1
122,1
122,1
122,1
122,1
122,1
122,1
122,1
122,1
122,1
122,1
122,1
122,1
122,1
122,1
122,1
122,1
122,1
122,1
122,1
122,1
122,1
122,1
122,1
122,1
122,1
122,1
122,1
122,1
122,1
122,1
122,1
122,1
122,1
122,1
122,1
122,1
122,1
123,2567
123,20
123,10
123,9
123,5
123,5
123,5
123,5
123,4
123,4
123,4
123,4
123,4
123,4
123,3
123,3
123,3
123,3
123,3
123,3
123,3
123,3
123,3
123,3
123,3
123,3
123,3
123,3
123,3
123,3
123,3
123,2
123,2
123,2
123,2
123,2
123,2
123,2
123,2
123,2
123,2
123,2
123,2
123,2
123,2
123,2
123,2
123,1
123,1
123,1
123,1
123,1
123,1
123,1
123,1
123,1
123,1
123,1
123,1
123,1
123,1
123,1
123,1
123,1
123,1
123,1
123,1
123,1
123,1
123,1
123,1
123,1
123,1
123,1
123,1
123,1
123,1
123,1
123,1
123,1
123,1
123,1
123,1
123,1
123,1
123,1
123,1
123,1
123,1
123,1
123,1
123,1
123,1
123,1
123,1
123,1
123,1
123,1
123,1
123,1
123,1
123,1
123,1
123,1
123,1
123,1
123,1
123,1
123,1
123,1
123,1
123,1
123,1
123,1
123,1
123,1
123,1
123,1
123,1
123,1
123,1
123,1
123,1
123,1
123,1
123,1
123,1
123,1
123,1
123,1
123,1
123,1
123,1
123,1
123,1
123,1
123,1
123,1
123,1
123,1
123,1
123,1
123,1
123,1
123,1
123,1
123,1
123,1
123,1
123,1
123,1
123,1
123,1
123,1
123,1
123,1
123,1
123,1
123,1
123,1
123,1
123,1
123,1
123,1
123,1
123,1
123,1
123,1
123,1
123,1
123,1
123,1
123,1
123,1
123,1
123,1
123,1
123,1
123,1
123,1
123,1
123,1
123,1
123,1
123,1
123,1
123,1
123,1
123,1
123,1
123,1
123,1
124,2188
124,23
124,16
124,11
124,10
124,8
124,8
124,8
124,7
124,7
124,7
124,7
124,6
124,6
124,5
124,5
124,5
124,5
124,4
124,4
124,4
124,4
124,4
124,4
124,4
124,4
124,3
124,3
124,3
124,3
124,3
124,3
124,3
124,3
124,3
124,3
124,3
124,3
124,3
124,3
124,2
124,2
124,2
124,2
124,2
124,2
124,2
124,2
124,2
124,2
124,2
124,2
124,2
124,2
124,2
124,2
124,2
124,2
124,2
124,2
124,2
124,2
124,2
124,2
124,2
124,2
124,2
124,2
124,2
124,2
124,1
124,1
124,1
124,1
124,1
124,1
124,1
124,1
124,1
124,1
124,1
124,1
124,1
124,1
124,1
124,1
124,1
124,1
124,1
124,1
124,1
124,1
124,1
124,1
124,1
124,1
124,1
124,1
124,1
124,1
124,1
124,1
124,1
124,1
124,1
124,1
124,1
124,1
124,1
124,1
124,1
124,1
124,1
124,1
124,1
124,1
124,1
124,1
124,1
124,1
124,1
124,1
124,1
124,1
124,1
124,1
124,1
124,1
124,1
124,1
124,1
124,1
124,1
124,1
124,1
124,1
124,1
124,1
124,1
124,1
124,1
124,1
124,1
124,1
124,1
124,1
124,1
124,1
124,1
124,1
124,1
124,1
124,1
124,1
124,1
124,1
124,1
124,1
124,1
124,1
124,1
124,1
124,1
124,1
124,1
124,1
124,1
124,1
124,1
124,1
124,1
124,1
124,1
124,1
124,1
124,1
124,1
124,1
124,1
124,1
124,1
124,1
124,1
124,1
124,1
124,1
124,1
124,1
124,1
124,1
124,1
124,1
124,1
124,1
124,1
125,2334
125,22
125,15
125,15
125,11
125,9
125,8
125,7
125,6
125,6
125,5
125,5
125,5
125,4
125,4
125,4
125,4
125,4
125,4
125,4
125,3
125,3
125,3
125,3
125,3
125,3
125,3
125,3
125,3
125,3
125,3
125,3
125,3
125,3
125,3
125,2
125,2
125,2
125,2
125,2
125,2
125,2
125,2
125,2
125,2
125,2
125,2
125,2
125,2
125,2
125,2
125,2
125,2
125,2
125,2
125,2
125,2
125,2
125,2
125,2
125,1
125,1
125,1
125,1
125,1
125,1
125,1
125,1
125,1
125,1
125,1
125,1
125,1
125,1
125,1
125,1
125,1
125,1
125,1
125,1
125,1
125,1
125,1
125,1
125,1
125,1
125,1
125,1
125,1
125,1
125,1
125,1
125,1
125,1
125,1
125,1
125,1
125,1
125,1
125,1
125,1
125,1
125,1
125,1
125,1
125,1
125,1
125,1
125,1
125,1
125,1
125,1
125,1
125,1
125,1
125,1
125,1
125,1
125,1
125,1
125,1
125,1
125,1
125,1
125,1
125,1
125,1
125,1
125,1
125,1
125,1
125,1
125,1
125,1
125,1
125,1
125,1
125,1
125,1
125,1
125,1
125,1
125,1
125,1
125,1
125,1
125,1
125,1
125,1
125,1
125,1
125,1
125,1
125,1
125,1
125,1
125,1
125,1
125,1
125,1
125,1
125,1
125,1
125,1
125,1
125,1
125,1
125,1
125,1
125,1
125,1
125,1
125,1
125,1
125,1
125,1
125,1
125,1
125,1
125,1
125,1
125,1
125,1
125,1
125,1
125,1
125,1
125,1
125,1
125,1
126,2209
126,23
126,15
126,13
126,10
126,9
126,8
126,7
126,7
126,6
126,6
126,6
126,6
126,6
126,6
126,4
126,4
126,4
126,4
126,3
126,3
126,3
126,3
126,3
126,3
126,3
126,3
126,3
126,3
126,3
126,3
126,2
126,2
126,2
126,2
126,2
126,2
126,2
126,2
126,2
126,2
126,2
126,2
126,2
126,2
126,2
126,2
126,2
126,2
126,2
126,2
126,2
126,2
126,2
126,2
126,2
126,2
126,2
126,2
126,2
126,2
126,2
126,2
126,2
126,2
126,2
126,2
126,2
126,2
126,2
126,2
126,2
126,2
126,2
126,2
126,1
126,1
126,1
126,1
126,1
126,1
126,1
126,1
126,1
126,1
126,1
126,1
126,1
126,1
126,1
126,1
126,1
126,1
126,1
126,1
126,1
126,1
126,1
126,1
126,1
126,1
126,1
126,1
126,1
126,1
126,1
126,1
126,1
126,1
126,1
126,1
126,1
126,1
126,1
126,1
126,1
126,1
126,1
126,1
126,1
126,1
126,1
126,1
126,1
126,1
126,1
126,1
126,1
126,1
126,1
126,1
126,1
126,1
126,1
126,1
126,1
126,1
126,1
126,1
126,1
126,1
126,1
126,1
126,1
126,1
126,1
126,1
126,1
126,1
126,1
126,1
126,1
126,1
126,1
126,1
126,1
126,1
126,1
126,1
126,1
126,1
126,1
126,1
126,1
126,1
126,1
126,1
126,1
126,1
126,1
126,1
126,1
126,1
126,1
126,1
126,1
126,1
126,1
126,1
126,1
126,1
126,1
126,1
126,1
126,1
126,1
126,1
126,1
126,1
126,1
126,1
126,1
126,1
126,1
126,1
126,1
126,1
126,1
126,1
126,1
126,1
126,1
126,1
126,1
126,1
126,1
126,1
126,1
126,1
126,1
126,1
126,1
126,1
126,1
126,1
126,1
126,1
126,1
126,1
126,1
126,1
126,1
126,1
126,1
126,1
126,1
126,1
126,1
126,1
126,1
126,1
126,1
126,1
126,1
126,1
126,1
126,1
126,1
126,1
126,1
126,1
126,1
126,1
126,1
126,1
126,1
126,1
126,1
126,1
126,1
127,2454
127,5
127,4
127,4
127,4
127,4
127,4
127,4
127,3
127,3
127,3
127,3
127,3
127,3
127,3
127,3
127,3
127,3
127,2
127,2
127,2
127,2
127,2
127,2
127,2
127,2
127,2
127,2
127,2
127,2
127,1
127,1
127,1
127,1
127,1
127,1
127,1
127,1
127,1
127,1
127,1
127,1
127,1
127,1
127,1
127,1
127,1
127,1
127,1
127,1
127,1
127,1
127,1
127,1
127,1
127,1
127,1
127,1
127,1
127,1
127,1
127,1
127,1
127,1
127,1
127,1
127,1
127,1
127,1
127,1
127,1
127,1
127,1
127,1
127,1
127,1
127,1
127,1
127,1
127,1
127,1
127,1
127,1
127,1
127,1
127,1
127,1
127,1
127,1
127,1
127,1
127,1
127,1
127,1
127,1
127,1
127,1
127,1
127,1
127,1
127,1
127,1
127,1
127,1
127,1
127,1
127,1
127,1
127,1
127,1
127,1
127,1
127,1
127,1
127,1
127,1
127,1
127,1
127,1
127,1
127,1
127,1
127,1
127,1
127,1
127,1
127,1
127,1
127,1
127,1
127,1
127,1
127,1
127,1
127,1
127,1
127,1
127,1
127,1
127,1
127,1
127,1
127,1
127,1
127,1
127,1
128,2478
128,12
128,11
128,10
128,8
128,7
128,7
128,6
128,6
128,6
128,6
128,6
128,6
128,5
128,5
128,5
128,5
128,5
128,5
128,4
128,4
128,4
128,3
128,3
128,3
128,3
128,3
128,3
128,3
128,3
128,3
128,3
128,3
128,3
128,3
128,3
128,3
128,3
128,3
128,2
128,2
128,2
128,2
128,2
128,2
128,2
128,2
128,2
128,2
128,2
128,2
128,2
128,2
128,2
128,2
128,2
128,2
128,2
128,2
128,2
128,2
128,2
128,1
128,1
128,1
128,1
128,1
128,1
128,1
128,1
128,1
128,1
128,1
128,1
128,1
128,1
128,1
128,1
128,1
128,1
128,1
128,1
128,1
128,1
128,1
128,1
128,1
128,1
128,1
128,1
128,1
128,1
128,1
128,1
128,1
128,1
128,1
128,1
128,1
128,1
128,1
128,1
128,1
128,1
128,1
128,1
128,1
128,1
128,1
128,1
128,1
128,1
128,1
128,1
128,1
128,1
128,1
128,1
128,1
128,1
128,1
128,1
128,1
128,1
128,1
128,1
128,1
128,1
128,1
128,1
128,1
128,1
128,1
128,1
128,1
128,1
128,1
128,1
128,1
128,1
128,1
128,1
128,1
128,1
128,1
128,1
128,1
128,1
128,1
128,1
128,1
128,1
128,1
128,1
128,1
128,1
128,1
128,1
128,1
128,1
128,1
128,1
128,1
128,1
128,1
128,1
128,1
128,1
128,1
128,1
128,1
128,1
128,1
128,1
128,1
128,1
128,1
128,1
128,1
129,1674
129,769
129,13
129,7
129,6
129,5
129,4
129,4
129,4
129,4
129,4
129,4
129,4
129,4
129,4
129,3
129,3
129,3
129,3
129,3
129,2
129,2
129,2
129,2
129,2
129,2
129,2
129,2
129,2
129,2
129,2
129,2
129,1
129,1
129,1
129,1
129,1
129,1
129,1
129,1
129,1
129,1
129,1
129,1
129,1
129,1
129,1
129,1
129,1
129,1
129,1
129,1
129,1
129,1
129,1
129,1
129,1
129,1
129,1
129,1
129,1
129,1
129,1
129,1
129,1
129,1
129,1
129,1
129,1
129,1
129,1
129,1
129,1
129,1
129,1
129,1
129,1
129,1
129,1
129,1
129,1
129,1
129,1
129,1
129,1
129,1
129,1
129,1
129,1
129,1
129,1
129,1
129,1
129,1
129,1
129,1
129,1
129,1
129,1
129,1
129,1
129,1
129,1
129,1
129,1
129,1
129,1
129,1
129,1
129,1
129,1
129,1
129,1
129,1
129,1
129,1
129,1
129,1
129,1
129,1
129,1
129,1
129,1
129,1
129,1
129,1
129,1
129,1
130,2292
130,18
130,14
130,13
130,12
130,11
130,8
130,6
130,6
130,6
130,5
130,5
130,5
130,5
130,5
130,5
130,4
130,4
130,4
130,3
130,3
130,3
130,3
130,3
130,3
130,3
130,3
130,3
130,3
130,3
130,3
130,2
130,2
130,2
130,2
130,2
130,2
130,2
130,2
130,2
130,2
130,2
130,2
130,2
130,2
130,2
130,2
130,2
130,2
130,2
130,2
130,2
130,2
130,2
130,2
130,2
130,2
130,2
130,2
130,2
130,2
130,2
130,2
130,1
130,1
130,1
130,1
130,1
130,1
130,1
130,1
130,1
130,1
130,1
130,1
130,1
130,1
130,1
130,1
130,1
130,1
130,1
130,1
130,1
130,1
130,1
130,1
130,1
130,1
130,1
130,1
130,1
130,1
130,1
130,1
130,1
130,1
130,1
130,1
130,1
130,1
130,1
130,1
130,1
130,1
130,1
130,1
130,1
130,1
130,1
130,1
130,1
130,1
130,1
130,1
130,1
130,1
130,1
130,1
130,1
130,1
130,1
130,1
130,1
130,1
130,1
130,1
130,1
130,1
130,1
130,1
130,1
130,1
130,1
130,1
130,1
130,1
130,1
130,1
130,1
130,1
130,1
130,1
130,1
130,1
130,1
130,1
130,1
130,1
130,1
130,1
130,1
130,1
130,1
130,1
130,1
130,1
130,1
130,1
130,1
130,1
130,1
130,1
130,1
130,1
130,1
130,1
130,1
130,1
130,1
130,1
130,1
130,1
130,1
130,1
130,1
130,1
131,2475
131,20
131,20
131,12
131,8
131,7
131,5
131,5
131,5
131,5
131,4
131,4
131,4
131,4
131,4
131,3
131,3
131,3
131,3
131,3
131,3
131,3
131,3
131,2
131,2
131,2
131,2
131,2
131,2
131,2
131,2
131,2
131,2
131,2
131,2
131,2
131,2
131,2
131,2
131,2
131,2
131,2
131,2
131,2
131,2
131,1
131,1
131,1
131,1
131,1
131,1
131,1
131,1
131,1
131,1
131,1
131,1
131,1
131,1
131,1
131,1
131,1
131,1
131,1
131,1
131,1
131,1
131,1
131,1
131,1
131,1
131,1
131,1
131,1
131,1
131,1
131,1
131,1
131,1
131,1
131,1
131,1
131,1
131,1
131,1
131,1
131,1
131,1
131,1
131,1
131,1
131,1
131,1
131,1
131,1
131,1
131,1
131,1
131,1
131,1
131,1
131,1
131,1
131,1
131,1
131,1
131,1
131,1
131,1
131,1
131,1
131,1
131,1
131,1
131,1
131,1
131,1
131,1
131,1
131,1
131,1
131,1
131,1
131,1
131,1
131,1
131,1
131,1
131,1
131,1
131,1
131,1
131,1
131,1
131,1
131,1
131,1
131,1
132,2330
132,52
132,32
132,10
132,8
132,8
132,7
132,7
132,7
132,5
132,5
132,5
132,4
132,4
132,4
132,4
132,4
132,4
132,4
132,4
132,4
132,4
132,3
132,3
132,3
132,3
132,3
132,3
132,3
132,3
132,3
132,3
132,3
132,3
132,3
132,3
132,3
132,2
132,2
132,2
132,2
132,2
132,2
132,2
132,2
132,2
132,2
132,2
132,2
132,2
132,2
132,2
132,2
132,2
132,2
132,2
132,2
132,2
132,2
132,2
132,2
132,2
132,2
132,2
132,2
132,2
132,2
132,1
132,1
132,1
132,1
132,1
132,1
132,1
132,1
132,1
132,1
132,1
132,1
132,1
132,1
132,1
132,1
132,1
132,1
132,1
132,1
132,1
132,1
132,1
132,1
132,1
132,1
132,1
132,1
132,1
132,1
132,1
132,1
132,1
132,1
132,1
132,1
132,1
132,1
132,1
132,1
132,1
132,1
132,1
132,1
132,1
132,1
132,1
132,1
132,1
132,1
132,1
132,1
132,1
132,1
132,1
132,1
132,1
132,1
132,1
132,1
132,1
132,1
132,1
132,1
132,1
132,1
132,1
132,1
132,1
132,1
132,1
132,1
132,1
132,1
132,1
132,1
132,1
132,1
132,1
132,1
132,1
132,1
132,1
132,1
132,1
132,1
132,1
132,1
132,1
132,1
132,1
132,1
132,1
132,1
132,1
132,1
132,1
132,1
132,1
132,1
132,1
132,1
132,1
132,1
132,1
132,1
132,1
132,1
132,1
132,1
132,1
132,1
132,1
132,1
132,1
132,1
132,1
132,1
132,1
132,1
132,1
132,1
132,1
132,1
132,1
132,1
132,1
132,1
132,1
132,1
132,1
132,1
133,2182
133,32
133,13
133,13
133,8
133,8
133,7
133,7
133,6
133,5
133,5
133,4
133,4
133,4
133,3
133,3
133,3
133,3
133,3
133,2
133,2
133,2
133,2
133,2
133,2
133,2
133,2
133,2
133,2
133,2
133,2
133,2
133,2
133,2
133,2
133,2
133,2
133,2
133,2
133,2
133,2
133,2
133,2
133,1
133,1
133,1
133,1
133,1
133,1
133,1
133,1
133,1
133,1
133,1
133,1
133,1
133,1
133,1
133,1
133,1
133,1
133,1
133,1
133,1
133,1
133,1
133,1
133,1
133,1
133,1
133,1
133,1
133,1
133,1
133,1
133,1
133,1
133,1
133,1
133,1
133,1
133,1
133,1
133,1
133,1
133,1
133,1
133,1
133,1
133,1
133,1
133,1
133,1
133,1
133,1
133,1
133,1
133,1
133,1
133,1
133,1
133,1
133,1
133,1
133,1
133,1
133,1
133,1
133,1
133,1
133,1
133,1
133,1
133,1
133,1
133,1
133,1
133,1
133,1
133,1
133,1
133,1
133,1
133,1
133,1
133,1
133,1
133,1
133,1
133,1
133,1
133,1
133,1
133,1
133,1
133,1
133,1
133,1
133,1
133,1
133,1
133,1
133,1
133,1
133,1
133,1
133,1
133,1
133,1
133,1
133,1
133,1
134,2231
134,31
134,24
134,24
134,14
134,13
134,7
134,6
134,6
134,5
134,5
134,4
134,4
134,4
134,4
134,4
134,4
134,4
134,4
134,4
134,3
134,3
134,3
134,3
134,3
134,3
134,3
134,3
134,3
134,3
134,3
134,3
134,3
134,3
134,2
134,2
134,2
134,2
134,2
134,2
134,2
134,2
134,2
134,2
134,2
134,2
134,2
134,2
134,2
134,2
134,2
134,2
134,2
134,2
134,2
134,2
134,2
134,2
134,2
134,2
134,2
134,2
134,2
134,2
134,2
134,2
134,2
134,1
134,1
134,1
134,1
134,1
134,1
134,1
134,1
134,1
134,1
134,1
134,1
134,1
134,1
134,1
134,1
134,1
134,1
134,1
134,1
134,1
134,1
134,1
134,1
134,1
134,1
134,1
134,1
134,1
134,1
134,1
134,1
134,1
134,1
134,1
134,1
134,1
134,1
134,1
134,1
134,1
134,1
134,1
134,1
134,1
134,1
134,1
134,1
134,1
134,1
134,1
134,1
134,1
134,1
134,1
134,1
134,1
134,1
134,1
134,1
134,1
134,1
134,1
134,1
134,1
134,1
134,1
134,1
134,1
134,1
134,1
134,1
134,1
134,1
134,1
134,1
134,1
134,1
134,1
134,1
134,1
134,1
134,1
134,1
134,1
134,1
134,1
134,1
134,1
134,1
134,1
134,1
134,1
134,1
134,1
134,1
134,1
134,1
134,1
134,1
134,1
134,1
134,1
134,1
134,1
134,1
134,1
134,1
134,1
134,1
134,1
134,1
134,1
134,1
134,1
134,1
134,1
134,1
134,1
134,1
134,1
134,1
134,1
134,1
134,1
134,1
134,1
134,1
134,1
134,1
134,1
135,2195
135,24
135,13
135,9
135,7
135,5
135,5
135,4
135,4
135,4
135,4
135,4
135,4
135,4
135,4
135,4
135,4
135,3
135,3
135,3
135,3
135,3
135,3
135,3
135,3
135,3
135,3
135,3
135,3
135,3
135,3
135,3
135,2
135,2
135,2
135,2
135,2
135,2
135,2
135,2
135,2
135,2
135,2
135,2
135,2
135,2
135,2
135,2
135,2
135,2
135,2
135,2
135,2
135,2
135,2
135,2
135,2
135,2
135,2
135,2
135,2
135,2
135,2
135,2
135,2
135,2
135,1
135,1
135,1
135,1
135,1
135,1
135,1
135,1
135,1
135,1
135,1
135,1
135,1
135,1
135,1
135,1
135,1
135,1
135,1
135,1
135,1
135,1
135,1
135,1
135,1
135,1
135,1
135,1
135,1
135,1
135,1
135,1
135,1
135,1
135,1
135,1
135,1
135,1
135,1
135,1
135,1
135,1
135,1
135,1
135,1
135,1
135,1
135,1
135,1
135,1
135,1
135,1
135,1
135,1
135,1
135,1
135,1
135,1
135,1
135,1
135,1
135,1
135,1
135,1
135,1
135,1
135,1
135,1
135,1
135,1
135,1
135,1
135,1
135,1
135,1
135,1
135,1
135,1
135,1
135,1
135,1
135,1
135,1
135,1
135,1
135,1
135,1
135,1
135,1
135,1
135,1
135,1
135,1
135,1
135,1
135,1
135,1
135,1
135,1
135,1
135,1
135,1
135,1
135,1
135,1
135,1
135,1
135,1
135,1
135,1
135,1
135,1
135,1
135,1
135,1
135,1
135,1
135,1
135,1
135,1
135,1
135,1
135,1
135,1
135,1
136,2284
136,15
136,9
136,5
136,5
136,4
136,4
136,4
136,4
136,3
136,3
136,3
136,3
136,3
136,3
136,2
136,2
136,2
136,2
136,2
136,2
136,2
136,2
136,2
136,2
136,2
136,2
136,2
136,2
136,2
136,2
136,2
136,2
136,2
136,2
136,2
136,1
136,1
136,1
136,1
136,1
136,1
136,1
136,1
136,1
136,1
136,1
136,1
136,1
136,1
136,1
136,1
136,1
136,1
136,1
136,1
136,1
136,1
136,1
136,1
136,1
136,1
136,1
136,1
136,1
136,1
136,1
136,1
136,1
136,1
136,1
136,1
136,1
136,1
136,1
136,1
136,1
136,1
136,1
136,1
136,1
136,1
136,1
136,1
136,1
136,1
136,1
136,1
136,1
136,1
136,1
136,1
136,1
136,1
136,1
136,1
136,1
136,1
136,1
136,1
136,1
136,1
136,1
136,1
136,1
136,1
136,1
136,1
136,1
136,1
136,1
136,1
136,1
136,1
136,1
136,1
136,1
136,1
136,1
136,1
136,1
136,1
136,1
136,1
136,1
136,1
136,1
136,1
136,1
136,1
136,1
136,1
137,2355
137,204
137,40
137,20
137,13
137,11
137,10
137,9
137,8
137,7
137,5
137,5
137,5
137,5
137,4
137,3
137,3
137,3
137,3
137,3
137,3
137,3
137,3
137,3
137,3
137,3
137,3
137,2
137,2
137,2
137,2
137,2
137,2
137,2
137,2
137,2
137,2
137,2
137,2
137,2
137,2
137,2
137,2
137,2
137,2
137,2
137,2
137,2
137,2
137,1
137,1
137,1
137,1
137,1
137,1
137,1
137,1
137,1
137,1
137,1
137,1
137,1
137,1
137,1
137,1
137,1
137,1
137,1
137,1
137,1
137,1
137,1
137,1
137,1
137,1
137,1
137,1
137,1
137,1
137,1
137,1
137,1
137,1
137,1
137,1
137,1
137,1
137,1
137,1
137,1
137,1
137,1
137,1
137,1
137,1
137,1
137,1
137,1
137,1
137,1
137,1
137,1
137,1
137,1
137,1
137,1
137,1
137,1
137,1
137,1
137,1
137,1
137,1
137,1
137,1
137,1
137,1
137,1
137,1
137,1
137,1
137,1
137,1
137,1
137,1
137,1
137,1
137,1
137,1
137,1
137,1
137,1
137,1
137,1
137,1
137,1
137,1
137,1
137,1
137,1
137,1
137,1
137,1
137,1
137,1
137,1
137,1
137,1
137,1
137,1
137,1
137,1
137,1
137,1
137,1
137,1
137,1
137,1
137,1
137,1
137,1
137,1
137,1
137,1
137,1
137,1
137,1
137,1
137,1
137,1
137,1
137,1
137,1
137,1
137,1
138,2219
138,37
138,25
138,18
138,13
138,7
138,7
138,7
138,7
138,6
138,6
138,6
138,6
138,5
138,5
138,4
138,4
138,4
138,4
138,4
138,4
138,3
138,3
138,3
138,3
138,3
138,3
138,3
138,3
138,2
138,2
138,2
138,2
138,2
138,2
138,2
138,2
138,2
138,2
138,2
138,2
138,2
138,2
138,2
138,2
138,2
138,2
138,2
138,2
138,1
138,1
138,1
138,1
138,1
138,1
138,1
138,1
138,1
138,1
138,1
138,1
138,1
138,1
138,1
138,1
138,1
138,1
138,1
138,1
138,1
138,1
138,1
138,1
138,1
138,1
138,1
138,1
138,1
138,1
138,1
138,1
138,1
138,1
138,1
138,1
138,1
138,1
138,1
138,1
138,1
138,1
138,1
138,1
138,1
138,1
138,1
138,1
138,1
138,1
138,1
138,1
138,1
138,1
138,1
138,1
138,1
138,1
138,1
138,1
138,1
138,1
138,1
138,1
138,1
138,1
138,1
138,1
138,1
138,1
138,1
138,1
138,1
138,1
138,1
138,1
138,1
138,1
138,1
138,1
138,1
138,1
138,1
138,1
138,1
138,1
138,1
138,1
138,1
138,1
138,1
138,1
139,2246
139,110
139,20
139,18
139,14
139,13
139,9
139,6
139,5
139,5
139,5
139,5
139,4
139,4
139,4
139,4
139,4
139,3
139,3
139,3
139,3
139,3
139,3
139,3
139,3
139,3
139,3
139,3
139,3
139,3
139,3
139,3
139,3
139,3
139,3
139,3
139,3
139,3
139,2
139,2
139,2
139,2
139,2
139,2
139,2
139,2
139,2
139,2
139,2
139,2
139,2
139,2
139,2
139,2
139,2
139,2
139,2
139,2
139,2
139,2
139,2
139,2
139,2
139,1
139,1
139,1
139,1
139,1
139,1
139,1
139,1
139,1
139,1
139,1
139,1
139,1
139,1
139,1
139,1
139,1
139,1
139,1
139,1
139,1
139,1
139,1
139,1
139,1
139,1
139,1
139,1
139,1
139,1
139,1
139,1
139,1
139,1
139,1
139,1
139,1
139,1
139,1
139,1
139,1
139,1
139,1
139,1
139,1
139,1
139,1
139,1
139,1
139,1
139,1
139,1
139,1
139,1
139,1
139,1
139,1
139,1
139,1
139,1
139,1
139,1
139,1
139,1
139,1
139,1
139,1
139,1
139,1
139,1
139,1
139,1
139,1
139,1
139,1
139,1
139,1
139,1
139,1
139,1
139,1
139,1
139,1
139,1
139,1
139,1
139,1
139,1
139,1
139,1
139,1
139,1
139,1
139,1
139,1
139,1
139,1
139,1
139,1
139,1
139,1
139,1
139,1
139,1
139,1
139,1
139,1
139,1
139,1
139,1
139,1
139,1
139,1
139,1
139,1
139,1
139,1
139,1
139,1
139,1
139,1
139,1
139,1
139,1
139,1
139,1
139,1
139,1
139,1
139,1
139,1
139,1
139,1
139,1
139,1
139,1
139,1
139,1
139,1
139,1
139,1
139,1
139,1
139,1
139,1
139,1
139,1
139,1
139,1
139,1
140,2473
140,15
140,14
140,13
140,6
140,6
140,6
140,6
140,6
140,6
140,5
140,4
140,4
140,4
140,4
140,4
140,4
140,3
140,3
140,3
140,3
140,3
140,3
140,3
140,3
140,3
140,3
140,3
140,3
140,3
140,3
140,3
140,2
140,2
140,2
140,2
140,2
140,2
140,2
140,2
140,2
140,2
140,2
140,2
140,2
140,2
140,2
140,2
140,2
140,2
140,2
140,2
140,2
140,2
140,2
140,2
140,2
140,2
140,2
140,2
140,2
140,2
140,2
140,2
140,2
140,2
140,2
140,2
140,2
140,1
140,1
140,1
140,1
140,1
140,1
140,1
140,1
140,1
140,1
140,1
140,1
140,1
140,1
140,1
140,1
140,1
140,1
140,1
140,1
140,1
140,1
140,1
140,1
140,1
140,1
140,1
140,1
140,1
140,1
140,1
140,1
140,1
140,1
140,1
140,1
140,1
140,1
140,1
140,1
140,1
140,1
140,1
140,1
140,1
140,1
140,1
140,1
140,1
140,1
140,1
140,1
140,1
140,1
140,1
140,1
140,1
140,1
140,1
140,1
140,1
140,1
140,1
140,1
140,1
140,1
140,1
140,1
140,1
140,1
140,1
140,1
140,1
140,1
140,1
140,1
140,1
140,1
140,1
140,1
140,1
140,1
140,1
140,1
140,1
140,1
140,1
140,1
140,1
140,1
140,1
140,1
140,1
140,1
140,1
140,1
140,1
140,1
140,1
140,1
140,1
140,1
140,1
140,1
140,1
140,1
140,1
140,1
140,1
140,1
140,1
140,1
140,1
140,1
140,1
140,1
140,1
140,1
140,1
140,1
140,1
140,1
140,1
140,1
140,1
140,1
140,1
140,1
140,1
140,1
140,1
140,1
140,1
140,1
140,1
140,1
140,1
140,1
140,1
140,1
140,1
140,1
140,1
140,1
140,1
140,1
141,2382
141,38
141,9
141,6
141,6
141,6
141,6
141,6
141,6
141,5
141,5
141,5
141,5
141,4
141,4
141,4
141,4
141,4
141,3
141,3
141,3
141,3
141,3
141,3
141,3
141,3
141,3
141,3
141,3
141,3
141,3
141,3
141,3
141,3
141,3
141,3
141,3
141,3
141,3
141,3
141,3
141,3
141,2
141,2
141,2
141,2
141,2
141,2
141,2
141,2
141,2
141,2
141,2
141,2
141,2
141,2
141,2
141,2
141,2
141,2
141,2
141,2
141,2
141,2
141,2
141,2
141,2
141,2
141,1
141,1
141,1
141,1
141,1
141,1
141,1
141,1
141,1
141,1
141,1
141,1
141,1
141,1
141,1
141,1
141,1
141,1
141,1
141,1
141,1
141,1
141,1
141,1
141,1
141,1
141,1
141,1
141,1
141,1
141,1
141,1
141,1
141,1
141,1
141,1
141,1
141,1
141,1
141,1
141,1
141,1
141,1
141,1
141,1
141,1
141,1
141,1
141,1
141,1
141,1
141,1
141,1
141,1
141,1
141,1
141,1
141,1
141,1
141,1
141,1
141,1
141,1
141,1
141,1
141,1
141,1
141,1
141,1
141,1
141,1
141,1
141,1
141,1
141,1
141,1
141,1
141,1
141,1
141,1
141,1
141,1
141,1
141,1
141,1
141,1
141,1
141,1
141,1
141,1
141,1
141,1
141,1
141,1
141,1
141,1
141,1
141,1
141,1
141,1
141,1
141,1
141,1
141,1
141,1
141,1
141,1
141,1
141,1
141,1
141,1
141,1
141,1
141,1
141,1
141,1
141,1
141,1
141,1
141,1
141,1
141,1
141,1
141,1
141,1
141,1
141,1
141,1
141,1
141,1
141,1
141,1
142,2275
142,29
142,16
142,6
142,6
142,5
142,5
142,5
142,5
142,4
142,4
142,4
142,4
142,4
142,4
142,3
142,3
142,3
142,3
142,3
142,3
142,3
142,3
142,3
142,3
142,3
142,3
142,3
142,3
142,2
142,2
142,2
142,2
142,2
142,2
142,2
142,2
142,2
142,2
142,2
142,2
142,2
142,2
142,2
142,2
142,2
142,2
142,2
142,1
142,1
142,1
142,1
142,1
142,1
142,1
142,1
142,1
142,1
142,1
142,1
142,1
142,1
142,1
142,1
142,1
142,1
142,1
142,1
142,1
142,1
142,1
142,1
142,1
142,1
142,1
142,1
142,1
142,1
142,1
142,1
142,1
142,1
142,1
142,1
142,1
142,1
142,1
142,1
142,1
142,1
142,1
142,1
142,1
142,1
142,1
142,1
142,1
142,1
142,1
142,1
142,1
142,1
142,1
142,1
142,1
142,1
142,1
142,1
142,1
142,1
142,1
142,1
142,1
142,1
142,1
142,1
142,1
142,1
142,1
142,1
142,1
142,1
142,1
142,1
142,1
142,1
142,1
142,1
142,1
142,1
142,1
142,1
142,1
142,1
142,1
142,1
142,1
142,1
142,1
142,1
142,1
142,1
142,1
142,1
142,1
142,1
142,1
142,1
142,1
142,1
142,1
143,2363
143,15
143,7
143,6
143,6
143,5
143,5
143,5
143,5
143,4
143,4
143,4
143,3
143,3
143,3
143,3
143,3
143,3
143,3
143,3
143,3
143,2
143,2
143,2
143,2
143,2
143,2
143,2
143,2
143,2
143,2
143,2
143,2
143,2
143,2
143,2
143,2
143,2
143,2
143,2
143,2
143,2
143,2
143,2
143,2
143,2
143,2
143,2
143,2
143,2
143,1
143,1
143,1
143,1
143,1
143,1
143,1
143,1
143,1
143,1
143,1
143,1
143,1
143,1
143,1
143,1
143,1
143,1
143,1
143,1
143,1
143,1
143,1
143,1
143,1
143,1
143,1
143,1
143,1
143,1
143,1
143,1
143,1
143,1
143,1
143,1
143,1
143,1
143,1
143,1
143,1
143,1
143,1
143,1
143,1
143,1
143,1
143,1
143,1
143,1
143,1
143,1
143,1
143,1
143,1
143,1
143,1
143,1
143,1
143,1
143,1
143,1
143,1
143,1
143,1
143,1
143,1
143,1
143,1
143,1
143,1
143,1
143,1
143,1
143,1
143,1
143,1
143,1
143,1
143,1
143,1
143,1
143,1
143,1
143,1
143,1
143,1
143,1
143,1
143,1
143,1
143,1
143,1
143,1
143,1
143,1
143,1
143,1
143,1
143,1
143,1
143,1
143,1
143,1
143,1
143,1
143,1
143,1
143,1
143,1
143,1
143,1
143,1
143,1
143,1
143,1
143,1
143,1
143,1
143,1
143,1
143,1
143,1
143,1
143,1
143,1
143,1
143,1
143,1
143,1
143,1
143,1
143,1
143,1
143,1
143,1
144,2143
144,96
144,61
144,20
144,7
144,7
144,6
144,6
144,6
144,5
144,5
144,4
144,4
144,4
144,3
144,3
144,3
144,3
144,3
144,3
144,3
144,3
144,3
144,3
144,3
144,3
144,3
144,2
144,2
144,2
144,2
144,2
144,2
144,2
144,2
144,2
144,2
144,2
144,2
144,2
144,2
144,2
144,2
144,2
144,2
144,2
144,2
144,2
144,1
144,1
144,1
144,1
144,1
144,1
144,1
144,1
144,1
144,1
144,1
144,1
144,1
144,1
144,1
144,1
144,1
144,1
144,1
144,1
144,1
144,1
144,1
144,1
144,1
144,1
144,1
144,1
144,1
144,1
144,1
144,1
144,1
144,1
144,1
144,1
144,1
144,1
144,1
144,1
144,1
144,1
144,1
144,1
144,1
144,1
144,1
144,1
144,1
144,1
144,1
144,1
144,1
144,1
144,1
144,1
144,1
144,1
144,1
144,1
144,1
144,1
144,1
144,1
144,1
144,1
144,1
144,1
144,1
144,1
144,1
144,1
144,1
144,1
144,1
144,1
144,1
144,1
144,1
144,1
144,1
144,1
144,1
144,1
144,1
144,1
144,1
144,1
144,1
144,1
144,1
144,1
144,1
144,1
144,1
144,1
144,1
144,1
144,1
144,1
144,1
144,1
144,1
144,1
144,1
144,1
144,1
144,1
144,1
144,1
144,1
144,1
144,1
144,1
144,1
144,1
144,1
144,1
144,1
144,1
144,1
145,2269
145,12
145,7
145,6
145,5
145,4
145,4
145,4
145,4
145,4
145,3
145,3
145,3
145,3
145,3
145,3
145,2
145,2
145,2
145,2
145,2
145,2
145,2
145,2
145,2
145,2
145,2
145,2
145,2
145,2
145,2
145,2
145,2
145,2
145,2
145,2
145,2
145,1
145,1
145,1
145,1
145,1
145,1
145,1
145,1
145,1
145,1
145,1
145,1
145,1
145,1
145,1
145,1
145,1
145,1
145,1
145,1
145,1
145,1
145,1
145,1
145,1
145,1
145,1
145,1
145,1
145,1
145,1
145,1
145,1
145,1
145,1
145,1
145,1
145,1
145,1
145,1
145,1
145,1
145,1
145,1
145,1
145,1
145,1
145,1
145,1
145,1
145,1
145,1
145,1
145,1
145,1
145,1
145,1
145,1
145,1
145,1
145,1
145,1
145,1
145,1
145,1
145,1
145,1
145,1
145,1
145,1
145,1
145,1
145,1
145,1
145,1
145,1
145,1
145,1
145,1
145,1
145,1
145,1
145,1
145,1
145,1
145,1
145,1
145,1
145,1
146,2340
146,117
146,20
146,10
146,9
146,7
146,7
146,7
146,6
146,6
146,5
146,5
146,5
146,5
146,4
146,4
146,3
146,3
146,3
146,3
146,3
146,3
146,3
146,3
146,3
146,3
146,3
146,3
146,3
146,3
146,3
146,3
146,3
146,3
146,3
146,2
146,2
146,2
146,2
146,2
146,2
146,2
146,2
146,2
146,2
146,2
146,2
146,2
146,2
146,2
146,2
146,2
146,2
146,2
146,2
146,2
146,1
146,1
146,1
146,1
146,1
146,1
146,1
146,1
146,1
146,1
146,1
146,1
146,1
146,1
146,1
146,1
146,1
146,1
146,1
146,1
146,1
146,1
146,1
146,1
146,1
146,1
146,1
146,1
146,1
146,1
146,1
146,1
146,1
146,1
146,1
146,1
146,1
146,1
146,1
146,1
146,1
146,1
146,1
146,1
146,1
146,1
146,1
146,1
146,1
146,1
146,1
146,1
146,1
146,1
146,1
146,1
146,1
146,1
146,1
146,1
146,1
146,1
146,1
146,1
146,1
146,1
146,1
146,1
146,1
146,1
146,1
146,1
146,1
146,1
146,1
146,1
146,1
146,1
146,1
146,1
146,1
146,1
146,1
146,1
146,1
146,1
146,1
146,1
146,1
146,1
146,1
146,1
146,1
146,1
146,1
146,1
146,1
146,1
146,1
146,1
146,1
146,1
146,1
146,1
146,1
146,1
146,1
146,1
146,1
146,1
146,1
146,1
146,1
146,1
146,1
146,1
146,1
146,1
146,1
146,1
146,1
146,1
146,1
146,1
146,1
146,1
146,1
146,1
146,1
146,1
146,1
146,1
146,1
146,1
146,1
146,1
146,1
146,1
146,1
146,1
146,1
146,1
146,1
146,1
146,1
146,1
146,1
146,1
146,1
146,1
146,1
146,1
146,1
146,1
146,1
146,1
146,1
146,1
146,1
146,1
146,1
146,1
146,1
146,1
146,1
146,1
146,1
146,1
146,1
146,1
146,1
146,1
146,1
146,1
146,1
146,1
146,1
147,2117
147,29
147,21
147,18
147,15
147,14
147,14
147,11
147,9
147,8
147,8
147,6
147,6
147,6
147,5
147,5
147,4
147,4
147,4
147,3
147,3
147,3
147,3
147,3
147,3
147,3
147,3
147,3
147,3
147,3
147,2
147,2
147,2
147,2
147,2
147,2
147,2
147,2
147,2
147,2
147,2
147,2
147,2
147,2
147,2
147,2
147,2
147,2
147,2
147,2
147,2
147,2
147,2
147,2
147,2
147,2
147,2
147,2
147,2
147,2
147,2
147,2
147,1
147,1
147,1
147,1
147,1
147,1
147,1
147,1
147,1
147,1
147,1
147,1
147,1
147,1
147,1
147,1
147,1
147,1
147,1
147,1
147,1
147,1
147,1
147,1
147,1
147,1
147,1
147,1
147,1
147,1
147,1
147,1
147,1
147,1
147,1
147,1
147,1
147,1
147,1
147,1
147,1
147,1
147,1
147,1
147,1
147,1
147,1
147,1
147,1
147,1
147,1
147,1
147,1
147,1
147,1
147,1
147,1
147,1
147,1
147,1
147,1
147,1
147,1
147,1
147,1
147,1
147,1
147,1
147,1
147,1
147,1
147,1
147,1
147,1
147,1
147,1
147,1
147,1
147,1
147,1
147,1
147,1
147,1
147,1
147,1
147,1
147,1
147,1
147,1
147,1
147,1
147,1
147,1
147,1
147,1
147,1
147,1
147,1
148,2203
148,14
148,7
148,7
148,6
148,5
148,5
148,4
148,4
148,4
148,4
148,4
148,4
148,4
148,3
148,3
148,3
148,3
148,3
148,3
148,3
148,3
148,2
148,2
148,2
148,2
148,2
148,2
148,2
148,2
148,2
148,2
148,2
148,2
148,2
148,2
148,2
148,2
148,2
148,2
148,2
148,2
148,2
148,2
148,2
148,2
148,2
148,1
148,1
148,1
148,1
148,1
148,1
148,1
148,1
148,1
148,1
148,1
148,1
148,1
148,1
148,1
148,1
148,1
148,1
148,1
148,1
148,1
148,1
148,1
148,1
148,1
148,1
148,1
148,1
148,1
148,1
148,1
148,1
148,1
148,1
148,1
148,1
148,1
148,1
148,1
148,1
148,1
148,1
148,1
148,1
148,1
148,1
148,1
148,1
148,1
148,1
148,1
148,1
148,1
148,1
148,1
148,1
148,1
148,1
148,1
148,1
148,1
148,1
148,1
148,1
148,1
148,1
148,1
148,1
148,1
148,1
148,1
148,1
148,1
148,1
148,1
148,1
148,1
148,1
148,1
148,1
148,1
148,1
148,1
148,1
148,1
148,1
148,1
148,1
148,1
148,1
148,1
148,1
148,1
148,1
148,1
148,1
148,1
148,1
149,2269
149,42
149,25
149,12
149,10
149,8
149,8
149,8
149,6
149,6
149,5
149,5
149,5
149,4
149,4
149,4
149,4
149,3
149,3
149,3
149,3
149,3
149,3
149,3
149,3
149,3
149,3
149,3
149,3
149,3
149,3
149,3
149,3
149,3
149,3
149,3
149,3
149,3
149,2
149,2
149,2
149,2
149,2
149,2
149,2
149,2
149,2
149,2
149,2
149,2
149,2
149,2
149,2
149,2
149,2
149,2
149,2
149,2
149,2
149,2
149,2
149,2
149,2
149,2
149,2
149,2
149,2
149,2
149,2
149,2
149,2
149,2
149,2
149,2
149,1
149,1
149,1
149,1
149,1
149,1
149,1
149,1
149,1
149,1
149,1
149,1
149,1
149,1
149,1
149,1
149,1
149,1
149,1
149,1
149,1
149,1
149,1
149,1
149,1
149,1
149,1
149,1
149,1
149,1
149,1
149,1
149,1
149,1
149,1
149,1
149,1
149,1
149,1
149,1
149,1
149,1
149,1
149,1
149,1
149,1
149,1
149,1
149,1
149,1
149,1
149,1
149,1
149,1
149,1
149,1
149,1
149,1
149,1
149,1
149,1
149,1
149,1
149,1
149,1
149,1
149,1
149,1
149,1
149,1
149,1
149,1
149,1
149,1
149,1
149,1
149,1
149,1
149,1
149,1
149,1
149,1
149,1
149,1
149,1
149,1
149,1
149,1
149,1
149,1
149,1
149,1
149,1
149,1
149,1
149,1
149,1
149,1
149,1
149,1
149,1
149,1
149,1
149,1
149,1
149,1
149,1
149,1
149,1
149,1
149,1
149,1
149,1
149,1
149,1
149,1
149,1
149,1
149,1
149,1
149,1
149,1
149,1
149,1
149,1
149,1
149,1
149,1
149,1
149,1
149,1
149,1
149,1
149,1
149,1
149,1
149,1
149,1
149,1
149,1
149,1
149,1
149,1
149,1
149,1
149,1
149,1
149,1
149,1
149,1
149,1
149,1
149,1
149,1
149,1
150,2086
150,93
150,26
150,9
150,8
150,8
150,8
150,5
150,5
150,5
150,5
150,5
150,4
150,4
150,4
150,4
150,4
150,4
150,4
150,3
150,3
150,3
150,3
150,3
150,3
150,3
150,3
150,3
150,3
150,3
150,3
150,3
150,3
150,3
150,3
150,3
150,3
150,3
150,3
150,3
150,3
150,3
150,2
150,2
150,2
150,2
150,2
150,2
150,2
150,2
150,2
150,2
150,2
150,2
150,2
150,2
150,2
150,2
150,2
150,2
150,2
150,2
150,2
150,2
150,1
150,1
150,1
150,1
150,1
150,1
150,1
150,1
150,1
150,1
150,1
150,1
150,1
150,1
150,1
150,1
150,1
150,1
150,1
150,1
150,1
150,1
150,1
150,1
150,1
150,1
150,1
150,1
150,1
150,1
150,1
150,1
150,1
150,1
150,1
150,1
150,1
150,1
150,1
150,1
150,1
150,1
150,1
150,1
150,1
150,1
150,1
150,1
150,1
150,1
150,1
150,1
150,1
150,1
150,1
150,1
150,1
150,1
150,1
150,1
150,1
150,1
150,1
150,1
150,1
150,1
150,1
150,1
150,1
150,1
150,1
150,1
150,1
150,1
150,1
150,1
150,1
150,1
150,1
150,1
150,1
150,1
150,1
150,1
150,1
150,1
150,1
150,1
150,1
150,1
150,1
150,1
150,1
150,1
150,1
150,1
150,1
150,1
150,1
150,1
150,1
150,1
150,1
150,1
150,1
150,1
150,1
150,1
150,1
150,1
150,1
150,1
150,1
150,1
150,1
150,1
150,1
150,1
150,1
150,1
150,1
150,1
150,1
150,1
150,1
150,1
150,1
150,1
151,2305
151,56
151,19
151,14
151,13
151,9
151,9
151,8
151,6
151,6
151,5
151,5
151,4
151,4
151,4
151,4
151,3
151,3
151,3
151,3
151,3
151,3
151,3
151,3
151,3
151,3
151,3
151,3
151,3
151,3
151,2
151,2
151,2
151,2
151,2
151,2
151,2
151,2
151,2
151,2
151,2
151,2
151,2
151,2
151,2
151,2
151,2
151,2
151,2
151,2
151,2
151,2
151,2
151,2
151,2
151,2
151,2
151,1
151,1
151,1
151,1
151,1
151,1
151,1
151,1
151,1
151,1
151,1
151,1
151,1
151,1
151,1
151,1
151,1
151,1
151,1
151,1
151,1
151,1
151,1
151,1
151,1
151,1
151,1
151,1
151,1
151,1
151,1
151,1
151,1
151,1
151,1
151,1
151,1
151,1
151,1
151,1
151,1
151,1
151,1
151,1
151,1
151,1
151,1
151,1
151,1
151,1
151,1
151,1
151,1
151,1
151,1
151,1
151,1
151,1
151,1
151,1
151,1
151,1
151,1
151,1
151,1
151,1
151,1
151,1
151,1
151,1
151,1
151,1
151,1
151,1
151,1
151,1
151,1
151,1
151,1
151,1
151,1
151,1
151,1
151,1
151,1
151,1
151,1
151,1
151,1
151,1
151,1
151,1
151,1
151,1
151,1
151,1
151,1
151,1
151,1
151,1
151,1
151,1
151,1
151,1
151,1
151,1
151,1
151,1
151,1
151,1
151,1
151,1
151,1
151,1
151,1
151,1
151,1
151,1
151,1
151,1
151,1
151,1
151,1
151,1
151,1
151,1
151,1
151,1
151,1
151,1
151,1
152,2221
152,45
152,29
152,20
152,13
152,11
152,10
152,9
152,9
152,9
152,9
152,8
152,8
152,8
152,7
152,7
152,7
152,7
152,6
152,6
152,6
152,6
152,5
152,4
152,4
152,4
152,4
152,4
152,4
152,4
152,3
152,3
152,3
152,3
152,3
152,3
152,3
152,3
152,3
152,3
152,3
152,3
152,3
152,3
152,2
152,2
152,2
152,2
152,2
152,2
152,2
152,2
152,2
152,2
152,2
152,2
152,2
152,2
152,2
152,2
152,2
152,2
152,2
152,2
152,2
152,2
152,2
152,2
152,2
152,2
152,2
152,2
152,2
152,2
152,2
152,2
152,2
152,2
152,2
152,2
152,2
152,2
152,1
152,1
152,1
152,1
152,1
152,1
152,1
152,1
152,1
152,1
152,1
152,1
152,1
152,1
152,1
152,1
152,1
152,1
152,1
152,1
152,1
152,1
152,1
152,1
152,1
152,1
152,1
152,1
152,1
152,1
152,1
152,1
152,1
152,1
152,1
152,1
152,1
152,1
152,1
152,1
152,1
152,1
152,1
152,1
152,1
152,1
152,1
152,1
152,1
152,1
152,1
152,1
152,1
152,1
152,1
152,1
152,1
152,1
152,1
152,1
152,1
152,1
152,1
152,1
152,1
152,1
152,1
152,1
152,1
152,1
152,1
152,1
152,1
152,1
152,1
152,1
152,1
152,1
152,1
152,1
152,1
152,1
152,1
152,1
152,1
152,1
152,1
152,1
152,1
152,1
152,1
152,1
152,1
152,1
152,1
152,1
152,1
152,1
152,1
152,1
152,1
152,1
152,1
152,1
152,1
152,1
152,1
152,1
152,1
152,1
152,1
152,1
152,1
152,1
152,1
152,1
152,1
152,1
152,1
152,1
152,1
152,1
152,1
152,1
152,1
152,1
152,1
152,1
152,1
152,1
152,1
152,1
152,1
152,1
152,1
152,1
152,1
152,1
152,1
152,1
152,1
152,1
152,1
152,1
152,1
152,1
152,1
152,1
152,1
152,1
152,1
152,1
152,1
152,1
152,1
152,1
152,1
152,1
152,1
153,2260
153,8
153,6
153,5
153,5
153,5
153,4
153,4
153,4
153,4
153,3
153,3
153,3
153,3
153,3
153,3
153,3
153,3
153,3
153,3
153,3
153,3
153,2
153,2
153,2
153,2
153,2
153,2
153,2
153,2
153,2
153,2
153,2
153,2
153,2
153,2
153,2
153,2
153,2
153,2
153,2
153,2
153,2
153,2
153,2
153,2
153,2
153,2
153,2
153,2
153,2
153,2
153,2
153,2
153,2
153,2
153,2
153,2
153,2
153,1
153,1
153,1
153,1
153,1
153,1
153,1
153,1
153,1
153,1
153,1
153,1
153,1
153,1
153,1
153,1
153,1
153,1
153,1
153,1
153,1
153,1
153,1
153,1
153,1
153,1
153,1
153,1
153,1
153,1
153,1
153,1
153,1
153,1
153,1
153,1
153,1
153,1
153,1
153,1
153,1
153,1
153,1
153,1
153,1
153,1
153,1
153,1
153,1
153,1
153,1
153,1
153,1
153,1
153,1
153,1
153,1
153,1
153,1
153,1
153,1
153,1
153,1
153,1
153,1
153,1
153,1
153,1
153,1
153,1
153,1
153,1
153,1
153,1
153,1
153,1
153,1
153,1
153,1
153,1
153,1
153,1
153,1
153,1
153,1
153,1
153,1
153,1
153,1
153,1
153,1
153,1
153,1
153,1
153,1
153,1
153,1
153,1
153,1
154,2307
154,36
154,15
154,14
154,9
154,7
154,5
154,5
154,5
154,4
154,4
154,4
154,4
154,4
154,4
154,4
154,4
154,4
154,4
154,3
154,3
154,3
154,3
154,3
154,3
154,3
154,2
154,2
154,2
154,2
154,2
154,2
154,2
154,2
154,2
154,2
154,2
154,2
154,2
154,2
154,2
154,2
154,2
154,2
154,2
154,2
154,2
154,2
154,2
154,2
154,2
154,2
154,2
154,2
154,2
154,1
154,1
154,1
154,1
154,1
154,1
154,1
154,1
154,1
154,1
154,1
154,1
154,1
154,1
154,1
154,1
154,1
154,1
154,1
154,1
154,1
154,1
154,1
154,1
154,1
154,1
154,1
154,1
154,1
154,1
154,1
154,1
154,1
154,1
154,1
154,1
154,1
154,1
154,1
154,1
154,1
154,1
154,1
154,1
154,1
154,1
154,1
154,1
154,1
154,1
154,1
154,1
154,1
154,1
154,1
154,1
154,1
154,1
154,1
154,1
154,1
154,1
154,1
154,1
154,1
154,1
154,1
154,1
154,1
154,1
154,1
154,1
154,1
154,1
154,1
154,1
154,1
154,1
154,1
154,1
154,1
154,1
154,1
154,1
154,1
154,1
154,1
154,1
154,1
154,1
154,1
154,1
154,1
154,1
154,1
154,1
154,1
154,1
154,1
154,1
154,1
154,1
154,1
154,1
154,1
154,1
154,1
154,1
154,1
154,1
154,1
154,1
154,1
154,1
154,1
154,1
154,1
154,1
154,1
154,1
154,1
154,1
154,1
154,1
154,1
154,1
155,2130
155,78
155,61
155,44
155,33
155,18
155,14
155,13
155,10
155,10
155,9
155,9
155,9
155,9
155,8
155,8
155,6
155,5
155,5
155,5
155,4
155,4
155,4
155,4
155,4
155,4
155,3
155,3
155,3
155,3
155,3
155,3
155,3
155,3
155,3
155,3
155,3
155,3
155,3
155,3
155,3
155,3
155,3
155,3
155,3
155,3
155,2
155,2
155,2
155,2
155,2
155,2
155,2
155,2
155,2
155,2
155,2
155,2
155,2
155,2
155,2
155,2
155,2
155,2
155,2
155,2
155,2
155,2
155,2
155,2
155,2
155,2
155,2
155,1
155,1
155,1
155,1
155,1
155,1
155,1
155,1
155,1
155,1
155,1
155,1
155,1
155,1
155,1
155,1
155,1
155,1
155,1
155,1
155,1
155,1
155,1
155,1
155,1
155,1
155,1
155,1
155,1
155,1
155,1
155,1
155,1
155,1
155,1
155,1
155,1
155,1
155,1
155,1
155,1
155,1
155,1
155,1
155,1
155,1
155,1
155,1
155,1
155,1
155,1
155,1
155,1
155,1
155,1
155,1
155,1
155,1
155,1
155,1
155,1
155,1
155,1
155,1
155,1
155,1
155,1
155,1
155,1
155,1
155,1
155,1
155,1
155,1
155,1
155,1
155,1
155,1
155,1
155,1
155,1
155,1
155,1
155,1
155,1
155,1
155,1
155,1
155,1
155,1
155,1
155,1
155,1
155,1
155,1
155,1
155,1
155,1
155,1
155,1
155,1
155,1
155,1
155,1
155,1
155,1
155,1
155,1
155,1
155,1
155,1
155,1
155,1
155,1
155,1
155,1
155,1
155,1
155,1
155,1
155,1
155,1
155,1
155,1
155,1
155,1
155,1
155,1
155,1
155,1
155,1
155,1
155,1
155,1
155,1
155,1
155,1
155,1
155,1
155,1
155,1
155,1
155,1
155,1
155,1
155,1
155,1
155,1
155,1
155,1
155,1
155,1
155,1
155,1
155,1
155,1
155,1
155,1
155,1
155,1
155,1
155,1
155,1
155,1
155,1
155,1
155,1
155,1
155,1
155,1
155,1
155,1
155,1
155,1
156,2088
156,87
156,38
156,12
156,8
156,7
156,7
156,7
156,7
156,7
156,6
156,5
156,5
156,5
156,5
156,4
156,4
156,4
156,4
156,3
156,3
156,3
156,3
156,3
156,3
156,3
156,3
156,3
156,3
156,3
156,3
156,3
156,3
156,3
156,3
156,3
156,3
156,2
156,2
156,2
156,2
156,2
156,2
156,2
156,2
156,2
156,2
156,2
156,2
156,2
156,2
156,2
156,2
156,2
156,2
156,2
156,2
156,2
156,2
156,2
156,2
156,2
156,2
156,2
156,2
156,2
156,2
156,2
156,2
156,2
156,2
156,2
156,2
156,2
156,1
156,1
156,1
156,1
156,1
156,1
156,1
156,1
156,1
156,1
156,1
156,1
156,1
156,1
156,1
156,1
156,1
156,1
156,1
156,1
156,1
156,1
156,1
156,1
156,1
156,1
156,1
156,1
156,1
156,1
156,1
156,1
156,1
156,1
156,1
156,1
156,1
156,1
156,1
156,1
156,1
156,1
156,1
156,1
156,1
156,1
156,1
156,1
156,1
156,1
156,1
156,1
156,1
156,1
156,1
156,1
156,1
156,1
156,1
156,1
156,1
156,1
156,1
156,1
156,1
156,1
156,1
156,1
156,1
156,1
156,1
156,1
156,1
156,1
156,1
156,1
156,1
156,1
156,1
156,1
156,1
156,1
156,1
156,1
156,1
156,1
156,1
156,1
156,1
156,1
156,1
156,1
156,1
156,1
156,1
156,1
156,1
156,1
156,1
156,1
156,1
156,1
156,1
156,1
156,1
156,1
156,1
156,1
156,1
156,1
156,1
156,1
156,1
156,1
156,1
156,1
156,1
156,1
156,1
156,1
156,1
156,1
156,1
156,1
156,1
156,1
156,1
156,1
156,1
156,1
156,1
156,1
156,1
156,1
156,1
156,1
156,1
156,1
156,1
156,1
156,1
156,1
156,1
156,1
156,1
156,1
156,1
156,1
156,1
156,1
156,1
156,1
156,1
156,1
156,1
156,1
156,1
156,1
156,1
156,1
156,1
156,1
156,1
157,2435
157,64
157,44
157,18
157,17
157,11
157,9
157,7
157,7
157,6
157,6
157,5
157,5
157,5
157,5
157,5
157,5
157,4
157,4
157,4
157,4
157,4
157,3
157,3
157,3
157,3
157,3
157,3
157,3
157,3
157,3
157,3
157,2
157,2
157,2
157,2
157,2
157,2
157,2
157,2
157,2
157,2
157,2
157,2
157,2
157,2
157,2
157,2
157,2
157,2
157,2
157,2
157,1
157,1
157,1
157,1
157,1
157,1
157,1
157,1
157,1
157,1
157,1
157,1
157,1
157,1
157,1
157,1
157,1
157,1
157,1
157,1
157,1
157,1
157,1
157,1
157,1
157,1
157,1
157,1
157,1
157,1
157,1
157,1
157,1
157,1
157,1
157,1
157,1
157,1
157,1
157,1
157,1
157,1
157,1
157,1
157,1
157,1
157,1
157,1
157,1
157,1
157,1
157,1
157,1
157,1
157,1
157,1
157,1
157,1
157,1
157,1
157,1
157,1
157,1
157,1
157,1
157,1
157,1
157,1
157,1
157,1
157,1
157,1
157,1
157,1
157,1
157,1
157,1
157,1
157,1
157,1
157,1
157,1
157,1
157,1
157,1
157,1
157,1
157,1
157,1
157,1
157,1
157,1
157,1
157,1
157,1
157,1
157,1
157,1
157,1
157,1
157,1
157,1
157,1
157,1
157,1
157,1
157,1
157,1
157,1
157,1
157,1
157,1
157,1
157,1
157,1
157,1
157,1
157,1
157,1
157,1
157,1
157,1
157,1
157,1
157,1
157,1
157,1
157,1
157,1
157,1
157,1
157,1
157,1
157,1
157,1
157,1
157,1
157,1
157,1
157,1
157,1
157,1
157,1
157,1
157,1
157,1
157,1
157,1
157,1
157,1
157,1
158,2260
158,24
158,13
158,11
158,9
158,7
158,6
158,6
158,5
158,5
158,5
158,5
158,4
158,4
158,4
158,4
158,3
158,3
158,3
158,3
158,3
158,3
158,3
158,3
158,3
158,3
158,3
158,3
158,2
158,2
158,2
158,2
158,2
158,2
158,2
158,2
158,2
158,2
158,2
158,2
158,2
158,2
158,2
158,2
158,2
158,2
158,2
158,2
158,2
158,2
158,2
158,2
158,2
158,2
158,2
158,2
158,1
158,1
158,1
158,1
158,1
158,1
158,1
158,1
158,1
158,1
158,1
158,1
158,1
158,1
158,1
158,1
158,1
158,1
158,1
158,1
158,1
158,1
158,1
158,1
158,1
158,1
158,1
158,1
158,1
158,1
158,1
158,1
158,1
158,1
158,1
158,1
158,1
158,1
158,1
158,1
158,1
158,1
158,1
158,1
158,1
158,1
158,1
158,1
158,1
158,1
158,1
158,1
158,1
158,1
158,1
158,1
158,1
158,1
158,1
158,1
158,1
158,1
158,1
158,1
158,1
158,1
158,1
158,1
158,1
158,1
158,1
158,1
158,1
158,1
158,1
158,1
158,1
158,1
158,1
158,1
158,1
158,1
158,1
158,1
158,1
158,1
158,1
158,1
158,1
158,1
158,1
158,1
158,1
158,1
158,1
158,1
158,1
158,1
158,1
158,1
158,1
158,1
159,2382
159,11
159,8
159,7
159,7
159,6
159,6
159,6
159,6
159,5
159,5
159,4
159,4
159,4
159,4
159,4
159,3
159,3
159,3
159,3
159,3
159,3
159,3
159,3
159,3
159,3
159,2
159,2
159,2
159,2
159,2
159,2
159,2
159,2
159,2
159,2
159,2
159,2
159,2
159,2
159,2
159,2
159,2
159,2
159,1
159,1
159,1
159,1
159,1
159,1
159,1
159,1
159,1
159,1
159,1
159,1
159,1
159,1
159,1
159,1
159,1
159,1
159,1
159,1
159,1
159,1
159,1
159,1
159,1
159,1
159,1
159,1
159,1
159,1
159,1
159,1
159,1
159,1
159,1
159,1
159,1
159,1
159,1
159,1
159,1
159,1
159,1
159,1
159,1
159,1
159,1
159,1
159,1
159,1
159,1
159,1
159,1
159,1
159,1
159,1
159,1
159,1
159,1
159,1
159,1
159,1
159,1
159,1
159,1
159,1
159,1
159,1
159,1
159,1
159,1
159,1
159,1
159,1
159,1
159,1
159,1
159,1
159,1
159,1
159,1
159,1
159,1
159,1
159,1
159,1
159,1
159,1
159,1
159,1
159,1
159,1
159,1
159,1
159,1
159,1
159,1
159,1
159,1
159,1
159,1
159,1
159,1
160,2108
160,82
160,65
160,16
160,14
160,12
160,12
160,11
160,10
160,9
160,7
160,7
160,6
160,6
160,5
160,4
160,4
160,4
160,4
160,4
160,3
160,3
160,3
160,3
160,3
160,3
160,3
160,3
160,3
160,3
160,3
160,3
160,3
160,3
160,3
160,3
160,3
160,3
160,3
160,3
160,2
160,2
160,2
160,2
160,2
160,2
160,2
160,2
160,2
160,2
160,2
160,2
160,2
160,2
160,2
160,2
160,2
160,2
160,2
160,2
160,2
160,2
160,2
160,2
160,2
160,2
160,2
160,2
160,2
160,2
160,2
160,2
160,2
160,2
160,2
160,2
160,2
160,2
160,2
160,1
160,1
160,1
160,1
160,1
160,1
160,1
160,1
160,1
160,1
160,1
160,1
160,1
160,1
160,1
160,1
160,1
160,1
160,1
160,1
160,1
160,1
160,1
160,1
160,1
160,1
160,1
160,1
160,1
160,1
160,1
160,1
160,1
160,1
160,1
160,1
160,1
160,1
160,1
160,1
160,1
160,1
160,1
160,1
160,1
160,1
160,1
160,1
160,1
160,1
160,1
160,1
160,1
160,1
160,1
160,1
160,1
160,1
160,1
160,1
160,1
160,1
160,1
160,1
160,1
160,1
160,1
160,1
160,1
160,1
160,1
160,1
160,1
160,1
160,1
160,1
160,1
160,1
160,1
160,1
160,1
160,1
160,1
160,1
160,1
160,1
160,1
160,1
160,1
160,1
160,1
160,1
160,1
160,1
160,1
160,1
160,1
160,1
160,1
160,1
160,1
160,1
160,1
160,1
160,1
160,1
160,1
160,1
160,1
160,1
160,1
160,1
160,1
160,1
160,1
160,1
160,1
160,1
160,1
160,1
160,1
160,1
160,1
160,1
160,1
160,1
160,1
160,1
160,1
160,1
160,1
160,1
160,1
160,1
160,1
160,1
160,1
160,1
161,2088
161,218
161,28
161,18
161,11
161,10
161,7
161,7
161,6
161,6
161,6
161,5
161,5
161,5
161,4
161,4
161,4
161,4
161,4
161,4
161,4
161,4
161,4
161,4
161,3
161,3
161,3
161,3
161,3
161,3
161,3
161,3
161,3
161,3
161,3
161,3
161,3
161,3
161,3
161,3
161,3
161,3
161,3
161,3
161,2
161,2
161,2
161,2
161,2
161,2
161,2
161,2
161,2
161,2
161,2
161,2
161,2
161,2
161,2
161,2
161,2
161,2
161,2
161,2
161,2
161,2
161,2
161,2
161,2
161,2
161,2
161,2
161,2
161,2
161,2
161,2
161,2
161,2
161,2
161,2
161,2
161,2
161,2
161,2
161,2
161,2
161,2
161,1
161,1
161,1
161,1
161,1
161,1
161,1
161,1
161,1
161,1
161,1
161,1
161,1
161,1
161,1
161,1
161,1
161,1
161,1
161,1
161,1
161,1
161,1
161,1
161,1
161,1
161,1
161,1
161,1
161,1
161,1
161,1
161,1
161,1
161,1
161,1
161,1
161,1
161,1
161,1
161,1
161,1
161,1
161,1
161,1
161,1
161,1
161,1
161,1
161,1
161,1
161,1
161,1
161,1
161,1
161,1
161,1
161,1
161,1
161,1
161,1
161,1
161,1
161,1
161,1
161,1
161,1
161,1
161,1
161,1
161,1
161,1
161,1
161,1
161,1
161,1
161,1
161,1
161,1
161,1
161,1
161,1
161,1
161,1
161,1
161,1
161,1
161,1
161,1
161,1
161,1
161,1
161,1
161,1
161,1
161,1
161,1
161,1
161,1
161,1
161,1
161,1
161,1
161,1
161,1
161,1
161,1
161,1
161,1
161,1
161,1
161,1
161,1
161,1
161,1
161,1
161,1
161,1
161,1
161,1
161,1
161,1
161,1
161,1
161,1
161,1
161,1
161,1
161,1
161,1
161,1
161,1
161,1
161,1
161,1
161,1
161,1
161,1
161,1
162,2040
162,81
162,48
162,28
162,19
162,16
162,10
162,10
162,10
162,6
162,6
162,5
162,5
162,4
162,4
162,4
162,3
162,3
162,3
162,3
162,3
162,3
162,3
162,3
162,3
162,3
162,3
162,3
162,3
162,2
162,2
162,2
162,2
162,2
162,2
162,2
162,2
162,2
162,2
162,2
162,2
162,2
162,2
162,2
162,2
162,2
162,2
162,2
162,2
162,2
162,2
162,2
162,2
162,2
162,2
162,2
162,2
162,2
162,2
162,2
162,1
162,1
162,1
162,1
162,1
162,1
162,1
162,1
162,1
162,1
162,1
162,1
162,1
162,1
162,1
162,1
162,1
162,1
162,1
162,1
162,1
162,1
162,1
162,1
162,1
162,1
162,1
162,1
162,1
162,1
162,1
162,1
162,1
162,1
162,1
162,1
162,1
162,1
162,1
162,1
162,1
162,1
162,1
162,1
162,1
162,1
162,1
162,1
162,1
162,1
162,1
162,1
162,1
162,1
162,1
162,1
162,1
162,1
162,1
162,1
162,1
162,1
162,1
162,1
162,1
162,1
162,1
162,1
162,1
162,1
162,1
162,1
162,1
162,1
162,1
162,1
162,1
162,1
162,1
162,1
162,1
162,1
162,1
162,1
162,1
162,1
162,1
162,1
162,1
162,1
162,1
162,1
162,1
162,1
162,1
162,1
162,1
162,1
162,1
162,1
162,1
162,1
162,1
162,1
162,1
162,1
162,1
163,2453
163,45
163,15
163,9
163,8
163,7
163,7
163,7
163,6
163,6
163,5
163,4
163,4
163,4
163,4
163,4
163,3
163,3
163,3
163,3
163,3
163,3
163,3
163,3
163,3
163,3
163,3
163,3
163,2
163,2
163,2
163,2
163,2
163,2
163,2
163,2
163,2
163,2
163,2
163,2
163,2
163,2
163,2
163,2
163,2
163,2
163,2
163,2
163,1
163,1
163,1
163,1
163,1
163,1
163,1
163,1
163,1
163,1
163,1
163,1
163,1
163,1
163,1
163,1
163,1
163,1
163,1
163,1
163,1
163,1
163,1
163,1
163,1
163,1
163,1
163,1
163,1
163,1
163,1
163,1
163,1
163,1
163,1
163,1
163,1
163,1
163,1
163,1
163,1
163,1
163,1
163,1
163,1
163,1
163,1
163,1
163,1
163,1
163,1
163,1
163,1
163,1
163,1
163,1
163,1
163,1
163,1
163,1
163,1
163,1
163,1
163,1
163,1
163,1
163,1
163,1
163,1
163,1
163,1
163,1
163,1
163,1
163,1
163,1
163,1
163,1
163,1
163,1
163,1
163,1
163,1
163,1
163,1
163,1
163,1
163,1
163,1
163,1
163,1
163,1
163,1
163,1
163,1
163,1
163,1
163,1
163,1
163,1
163,1
163,1
163,1
163,1
163,1
163,1
163,1
163,1
163,1
163,1
163,1
163,1
163,1
163,1
163,1
163,1
163,1
163,1
163,1
163,1
163,1
163,1
163,1
163,1
163,1
163,1
163,1
164,1589
164,627
164,91
164,82
164,60
164,17
164,16
164,12
164,9
164,8
164,7
164,7
164,7
164,7
164,6
164,6
164,5
164,5
164,5
164,5
164,5
164,5
164,5
164,4
164,4
164,4
164,4
164,4
164,4
164,4
164,3
164,3
164,3
164,3
164,3
164,3
164,3
164,3
164,3
164,3
164,3
164,3
164,3
164,3
164,3
164,3
164,2
164,2
164,2
164,2
164,2
164,2
164,2
164,2
164,2
164,2
164,2
164,2
164,2
164,2
164,2
164,2
164,2
164,2
164,2
164,2
164,2
164,2
164,2
164,2
164,2
164,2
164,2
164,1
164,1
164,1
164,1
164,1
164,1
164,1
164,1
164,1
164,1
164,1
164,1
164,1
164,1
164,1
164,1
164,1
164,1
164,1
164,1
164,1
164,1
164,1
164,1
164,1
164,1
164,1
164,1
164,1
164,1
164,1
164,1
164,1
164,1
164,1
164,1
164,1
164,1
164,1
164,1
164,1
164,1
164,1
164,1
164,1
164,1
164,1
164,1
164,1
164,1
164,1
164,1
164,1
164,1
164,1
164,1
164,1
164,1
164,1
164,1
164,1
164,1
164,1
164,1
164,1
164,1
164,1
164,1
164,1
164,1
164,1
164,1
164,1
164,1
164,1
164,1
164,1
164,1
164,1
164,1
164,1
164,1
164,1
164,1
164,1
164,1
164,1
164,1
164,1
164,1
164,1
164,1
164,1
164,1
164,1
164,1
164,1
164,1
164,1
164,1
164,1
164,1
164,1
164,1
164,1
164,1
164,1
164,1
164,1
164,1
164,1
164,1
164,1
164,1
164,1
164,1
164,1
164,1
164,1
164,1
164,1
164,1
164,1
164,1
165,2256
165,42
165,8
165,8
165,7
165,6
165,6
165,5
165,5
165,5
165,5
165,5
165,5
165,5
165,4
165,4
165,4
165,4
165,4
165,4
165,4
165,3
165,3
165,3
165,3
165,3
165,3
165,3
165,3
165,3
165,3
165,3
165,3
165,3
165,2
165,2
165,2
165,2
165,2
165,2
165,2
165,2
165,2
165,2
165,2
165,2
165,2
165,2
165,2
165,2
165,2
165,2
165,2
165,2
165,2
165,2
165,2
165,2
165,2
165,2
165,2
165,2
165,2
165,2
165,2
165,2
165,1
165,1
165,1
165,1
165,1
165,1
165,1
165,1
165,1
165,1
165,1
165,1
165,1
165,1
165,1
165,1
165,1
165,1
165,1
165,1
165,1
165,1
165,1
165,1
165,1
165,1
165,1
165,1
165,1
165,1
165,1
165,1
165,1
165,1
165,1
165,1
165,1
165,1
165,1
165,1
165,1
165,1
165,1
165,1
165,1
165,1
165,1
165,1
165,1
165,1
165,1
165,1
165,1
165,1
165,1
165,1
165,1
165,1
165,1
165,1
165,1
165,1
165,1
165,1
165,1
165,1
165,1
165,1
165,1
165,1
165,1
165,1
165,1
165,1
165,1
165,1
165,1
165,1
165,1
165,1
165,1
165,1
165,1
165,1
165,1
165,1
165,1
165,1
165,1
165,1
165,1
165,1
165,1
165,1
165,1
165,1
165,1
165,1
165,1
165,1
165,1
165,1
165,1
165,1
165,1
165,1
165,1
165,1
165,1
165,1
165,1
165,1
165,1
165,1
165,1
165,1
165,1
165,1
165,1
165,1
165,1
165,1
165,1
165,1
165,1
165,1
165,1
165,1
165,1
165,1
165,1
165,1
165,1
165,1
165,1
165,1
165,1
165,1
165,1
165,1
165,1
165,1
166,2399
166,22
166,12
166,12
166,8
166,7
166,6
166,6
166,6
166,5
166,5
166,4
166,4
166,4
166,4
166,4
166,4
166,4
166,3
166,3
166,3
166,3
166,3
166,3
166,3
166,3
166,3
166,3
166,3
166,3
166,3
166,3
166,3
166,3
166,3
166,2
166,2
166,2
166,2
166,2
166,2
166,2
166,2
166,2
166,2
166,2
166,2
166,2
166,2
166,2
166,2
166,2
166,2
166,2
166,2
166,2
166,2
166,2
166,2
166,2
166,2
166,2
166,2
166,2
166,2
166,1
166,1
166,1
166,1
166,1
166,1
166,1
166,1
166,1
166,1
166,1
166,1
166,1
166,1
166,1
166,1
166,1
166,1
166,1
166,1
166,1
166,1
166,1
166,1
166,1
166,1
166,1
166,1
166,1
166,1
166,1
166,1
166,1
166,1
166,1
166,1
166,1
166,1
166,1
166,1
166,1
166,1
166,1
166,1
166,1
166,1
166,1
166,1
166,1
166,1
166,1
166,1
166,1
166,1
166,1
166,1
166,1
166,1
166,1
166,1
166,1
166,1
166,1
166,1
166,1
166,1
166,1
166,1
166,1
166,1
166,1
166,1
166,1
166,1
166,1
166,1
166,1
166,1
166,1
166,1
166,1
166,1
166,1
166,1
166,1
166,1
166,1
166,1
166,1
166,1
166,1
166,1
166,1
166,1
166,1
166,1
166,1
166,1
166,1
166,1
166,1
166,1
166,1
166,1
166,1
166,1
166,1
166,1
166,1
166,1
166,1
166,1
166,1
166,1
166,1
166,1
166,1
166,1
166,1
166,1
166,1
166,1
166,1
166,1
166,1
166,1
166,1
166,1
166,1
166,1
166,1
166,1
166,1
166,1
166,1
166,1
166,1
166,1
166,1
166,1
166,1
166,1
166,1
166,1
166,1
166,1
166,1
166,1
167,2095
167,65
167,13
167,10
167,9
167,8
167,7
167,7
167,6
167,6
167,6
167,5
167,5
167,5
167,4
167,4
167,4
167,4
167,4
167,4
167,3
167,3
167,3
167,3
167,3
167,3
167,3
167,3
167,3
167,3
167,3
167,2
167,2
167,2
167,2
167,2
167,2
167,2
167,2
167,2
167,2
167,2
167,2
167,2
167,2
167,2
167,2
167,2
167,2
167,2
167,2
167,2
167,2
167,2
167,2
167,2
167,2
167,2
167,2
167,2
167,2
167,1
167,1
167,1
167,1
167,1
167,1
167,1
167,1
167,1
167,1
167,1
167,1
167,1
167,1
167,1
167,1
167,1
167,1
167,1
167,1
167,1
167,1
167,1
167,1
167,1
167,1
167,1
167,1
167,1
167,1
167,1
167,1
167,1
167,1
167,1
167,1
167,1
167,1
167,1
167,1
167,1
167,1
167,1
167,1
167,1
167,1
167,1
167,1
167,1
167,1
167,1
167,1
167,1
167,1
167,1
167,1
167,1
167,1
167,1
167,1
167,1
167,1
167,1
167,1
167,1
167,1
167,1
167,1
167,1
167,1
167,1
167,1
167,1
167,1
167,1
167,1
167,1
167,1
167,1
167,1
168,2277
168,7
168,6
168,6
168,5
168,5
168,5
168,5
168,4
168,4
168,4
168,4
168,4
168,4
168,4
168,4
168,3
168,3
168,3
168,3
168,3
168,3
168,3
168,3
168,3
168,3
168,2
168,2
168,2
168,2
168,2
168,2
168,2
168,2
168,2
168,2
168,2
168,2
168,2
168,2
168,2
168,2
168,2
168,2
168,2
168,2
168,2
168,2
168,2
168,2
168,2
168,2
168,1
168,1
168,1
168,1
168,1
168,1
168,1
168,1
168,1
168,1
168,1
168,1
168,1
168,1
168,1
168,1
168,1
168,1
168,1
168,1
168,1
168,1
168,1
168,1
168,1
168,1
168,1
168,1
168,1
168,1
168,1
168,1
168,1
168,1
168,1
168,1
168,1
168,1
168,1
168,1
168,1
168,1
168,1
168,1
168,1
168,1
168,1
168,1
168,1
168,1
168,1
168,1
168,1
168,1
168,1
168,1
168,1
168,1
168,1
168,1
168,1
168,1
168,1
168,1
168,1
168,1
168,1
168,1
168,1
168,1
168,1
168,1
168,1
168,1
168,1
168,1
168,1
168,1
168,1
168,1
168,1
168,1
168,1
168,1
168,1
168,1
168,1
168,1
168,1
168,1
168,1
168,1
168,1
168,1
168,1
168,1
168,1
168,1
168,1
168,1
168,1
168,1
168,1
168,1
168,1
168,1
168,1
168,1
168,1
168,1
169,2358
169,24
169,11
169,7
169,6
169,5
169,5
169,4
169,4
169,4
169,3
169,3
169,3
169,3
169,3
169,3
169,3
169,2
169,2
169,2
169,2
169,2
169,2
169,2
169,2
169,2
169,2
169,2
169,2
169,2
169,2
169,2
169,2
169,2
169,2
169,2
169,2
169,2
169,2
169,2
169,2
169,2
169,2
169,2
169,2
169,2
169,2
169,2
169,2
169,2
169,1
169,1
169,1
169,1
169,1
169,1
169,1
169,1
169,1
169,1
169,1
169,1
169,1
169,1
169,1
169,1
169,1
169,1
169,1
169,1
169,1
169,1
169,1
169,1
169,1
169,1
169,1
169,1
169,1
169,1
169,1
169,1
169,1
169,1
169,1
169,1
169,1
169,1
169,1
169,1
169,1
169,1
169,1
169,1
169,1
169,1
169,1
169,1
169,1
169,1
169,1
169,1
169,1
169,1
169,1
169,1
169,1
169,1
169,1
169,1
169,1
169,1
169,1
169,1
169,1
169,1
169,1
169,1
169,1
169,1
169,1
169,1
169,1
169,1
169,1
169,1
169,1
169,1
169,1
169,1
169,1
169,1
169,1
169,1
169,1
169,1
169,1
169,1
169,1
169,1
169,1
169,1
169,1
169,1
169,1
169,1
169,1
169,1
169,1
169,1
169,1
169,1
169,1
169,1
169,1
169,1
169,1
169,1
169,1
169,1
169,1
169,1
169,1
169,1
169,1
169,1
169,1
169,1
169,1
169,1
169,1
169,1
169,1
169,1
169,1
169,1
169,1
169,1
169,1
169,1
169,1
169,1
169,1
169,1
169,1
169,1
169,1
169,1
170,2352
170,25
170,21
170,14
170,11
170,9
170,9
170,8
170,8
170,6
170,5
170,5
170,5
170,4
170,4
170,4
170,4
170,3
170,3
170,3
170,3
170,3
170,3
170,3
170,3
170,3
170,3
170,3
170,3
170,3
170,2
170,2
170,2
170,2
170,2
170,2
170,2
170,2
170,2
170,2
170,2
170,2
170,2
170,2
170,2
170,2
170,2
170,2
170,2
170,2
170,1
170,1
170,1
170,1
170,1
170,1
170,1
170,1
170,1
170,1
170,1
170,1
170,1
170,1
170,1
170,1
170,1
170,1
170,1
170,1
170,1
170,1
170,1
170,1
170,1
170,1
170,1
170,1
170,1
170,1
170,1
170,1
170,1
170,1
170,1
170,1
170,1
170,1
170,1
170,1
170,1
170,1
170,1
170,1
170,1
170,1
170,1
170,1
170,1
170,1
170,1
170,1
170,1
170,1
170,1
170,1
170,1
170,1
170,1
170,1
170,1
170,1
170,1
170,1
170,1
170,1
170,1
170,1
170,1
170,1
170,1
170,1
170,1
170,1
170,1
170,1
170,1
170,1
170,1
170,1
170,1
170,1
170,1
170,1
170,1
170,1
170,1
170,1
170,1
170,1
170,1
170,1
170,1
170,1
170,1
170,1
170,1
170,1
170,1
170,1
170,1
170,1
170,1
170,1
170,1
170,1
170,1
170,1
170,1
170,1
170,1
170,1
170,1
170,1
170,1
170,1
170,1
170,1
170,1
170,1
170,1
170,1
170,1
170,1
170,1
170,1
170,1
170,1
170,1
170,1
170,1
170,1
170,1
170,1
170,1
170,1
170,1
170,1
170,1
170,1
170,1
170,1
170,1
170,1
170,1
170,1
170,1
170,1
170,1
170,1
170,1
170,1
170,1
170,1
170,1
170,1
170,1
171,1565
171,553
171,268
171,80
171,28
171,10
171,9
171,8
171,7
171,7
171,7
171,6
171,6
171,6
171,5
171,5
171,5
171,5
171,4
171,4
171,4
171,4
171,4
171,4
171,4
171,4
171,4
171,4
171,3
171,3
171,3
171,3
171,3
171,3
171,3
171,3
171,3
171,3
171,2
171,2
171,2
171,2
171,2
171,2
171,2
171,2
171,2
171,2
171,2
171,2
171,2
171,2
171,2
171,2
171,2
171,2
171,2
171,2
171,2
171,2
171,2
171,2
171,2
171,2
171,2
171,2
171,2
171,1
171,1
171,1
171,1
171,1
171,1
171,1
171,1
171,1
171,1
171,1
171,1
171,1
171,1
171,1
171,1
171,1
171,1
171,1
171,1
171,1
171,1
171,1
171,1
171,1
171,1
171,1
171,1
171,1
171,1
171,1
171,1
171,1
171,1
171,1
171,1
171,1
171,1
171,1
171,1
171,1
171,1
171,1
171,1
171,1
171,1
171,1
171,1
171,1
171,1
171,1
171,1
171,1
171,1
171,1
171,1
171,1
171,1
171,1
171,1
171,1
171,1
171,1
171,1
171,1
171,1
171,1
171,1
171,1
171,1
171,1
171,1
171,1
171,1
171,1
171,1
171,1
171,1
171,1
171,1
171,1
171,1
171,1
171,1
171,1
171,1
171,1
171,1
171,1
171,1
171,1
171,1
171,1
171,1
171,1
171,1
171,1
171,1
171,1
171,1
171,1
171,1
171,1
171,1
171,1
171,1
171,1
171,1
171,1
171,1
171,1
171,1
171,1
171,1
171,1
171,1
171,1
171,1
171,1
171,1
171,1
171,1
171,1
171,1
171,1
171,1
171,1
171,1
171,1
171,1
171,1
171,1
171,1
171,1
171,1
171,1
171,1
171,1
171,1
171,1
172,1382
172,808
172,17
172,9
172,9
172,7
172,7
172,6
172,6
172,5
172,5
172,5
172,5
172,5
172,5
172,4
172,4
172,4
172,4
172,4
172,4
172,3
172,3
172,3
172,3
172,3
172,3
172,3
172,3
172,3
172,3
172,3
172,3
172,3
172,3
172,3
172,3
172,3
172,3
172,3
172,3
172,2
172,2
172,2
172,2
172,2
172,2
172,2
172,2
172,2
172,2
172,2
172,2
172,2
172,2
172,2
172,2
172,2
172,2
172,2
172,2
172,2
172,2
172,2
172,2
172,2
172,2
172,2
172,2
172,2
172,1
172,1
172,1
172,1
172,1
172,1
172,1
172,1
172,1
172,1
172,1
172,1
172,1
172,1
172,1
172,1
172,1
172,1
172,1
172,1
172,1
172,1
172,1
172,1
172,1
172,1
172,1
172,1
172,1
172,1
172,1
172,1
172,1
172,1
172,1
172,1
172,1
172,1
172,1
172,1
172,1
172,1
172,1
172,1
172,1
172,1
172,1
172,1
172,1
172,1
172,1
172,1
172,1
172,1
172,1
172,1
172,1
172,1
172,1
172,1
172,1
172,1
172,1
172,1
172,1
172,1
172,1
172,1
172,1
172,1
172,1
172,1
172,1
172,1
172,1
172,1
172,1
172,1
172,1
172,1
172,1
172,1
172,1
172,1
172,1
172,1
172,1
172,1
172,1
172,1
172,1
172,1
172,1
172,1
172,1
172,1
172,1
172,1
172,1
172,1
172,1
172,1
172,1
172,1
172,1
172,1
172,1
172,1
172,1
172,1
172,1
172,1
172,1
172,1
172,1
172,1
172,1
173,2195
173,24
173,13
173,9
173,7
173,5
173,5
173,4
173,4
173,4
173,4
173,4
173,4
173,4
173,4
173,4
173,4
173,3
173,3
173,3
173,3
173,3
173,3
173,3
173,3
173,3
173,3
173,3
173,3
173,3
173,3
173,3
173,2
173,2
173,2
173,2
173,2
173,2
173,2
173,2
173,2
173,2
173,2
173,2
173,2
173,2
173,2
173,2
173,2
173,2
173,2
173,2
173,2
173,2
173,2
173,2
173,2
173,2
173,2
173,2
173,2
173,2
173,2
173,2
173,2
173,2
173,1
173,1
173,1
173,1
173,1
173,1
173,1
173,1
173,1
173,1
173,1
173,1
173,1
173,1
173,1
173,1
173,1
173,1
173,1
173,1
173,1
173,1
173,1
173,1
173,1
173,1
173,1
173,1
173,1
173,1
173,1
173,1
173,1
173,1
173,1
173,1
173,1
173,1
173,1
173,1
173,1
173,1
173,1
173,1
173,1
173,1
173,1
173,1
173,1
173,1
173,1
173,1
173,1
173,1
173,1
173,1
173,1
173,1
173,1
173,1
173,1
173,1
173,1
173,1
173,1
173,1
173,1
173,1
173,1
173,1
173,1
173,1
173,1
173,1
173,1
173,1
173,1
173,1
173,1
173,1
173,1
173,1
173,1
173,1
173,1
173,1
173,1
173,1
173,1
173,1
173,1
173,1
173,1
173,1
173,1
173,1
173,1
173,1
173,1
173,1
173,1
173,1
173,1
173,1
173,1
173,1
173,1
173,1
173,1
173,1
173,1
173,1
173,1
173,1
173,1
173,1
173,1
173,1
173,1
173,1
173,1
173,1
173,1
173,1
173,1
174,2134
174,14
174,9
174,8
174,7
174,6
174,6
174,6
174,5
174,5
174,5
174,4
174,4
174,4
174,4
174,4
174,4
174,4
174,3
174,3
174,3
174,3
174,3
174,3
174,3
174,3
174,3
174,3
174,3
174,3
174,2
174,2
174,2
174,2
174,2
174,2
174,2
174,2
174,2
174,2
174,2
174,2
174,2
174,2
174,2
174,2
174,2
174,2
174,2
174,2
174,2
174,2
174,2
174,2
174,2
174,2
174,2
174,2
174,2
174,1
174,1
174,1
174,1
174,1
174,1
174,1
174,1
174,1
174,1
174,1
174,1
174,1
174,1
174,1
174,1
174,1
174,1
174,1
174,1
174,1
174,1
174,1
174,1
174,1
174,1
174,1
174,1
174,1
174,1
174,1
174,1
174,1
174,1
174,1
174,1
174,1
174,1
174,1
174,1
174,1
174,1
174,1
174,1
174,1
174,1
174,1
174,1
174,1
174,1
174,1
174,1
174,1
174,1
174,1
174,1
174,1
174,1
174,1
174,1
174,1
174,1
174,1
174,1
174,1
174,1
174,1
174,1
174,1
174,1
174,1
174,1
174,1
174,1
174,1
174,1
174,1
174,1
174,1
174,1
174,1
175,2311
175,28
175,16
175,7
175,5
175,5
175,4
175,4
175,4
175,4
175,3
175,3
175,3
175,3
175,3
175,3
175,3
175,3
175,3
175,3
175,3
175,2
175,2
175,2
175,2
175,2
175,2
175,2
175,2
175,2
175,2
175,2
175,2
175,2
175,2
175,2
175,2
175,2
175,2
175,2
175,2
175,2
175,2
175,2
175,2
175,2
175,2
175,2
175,2
175,2
175,1
175,1
175,1
175,1
175,1
175,1
175,1
175,1
175,1
175,1
175,1
175,1
175,1
175,1
175,1
175,1
175,1
175,1
175,1
175,1
175,1
175,1
175,1
175,1
175,1
175,1
175,1
175,1
175,1
175,1
175,1
175,1
175,1
175,1
175,1
175,1
175,1
175,1
175,1
175,1
175,1
175,1
175,1
175,1
175,1
175,1
175,1
175,1
175,1
175,1
175,1
175,1
175,1
175,1
175,1
175,1
175,1
175,1
175,1
175,1
175,1
175,1
175,1
175,1
175,1
175,1
175,1
175,1
175,1
175,1
175,1
175,1
175,1
175,1
175,1
175,1
175,1
175,1
175,1
175,1
175,1
175,1
175,1
175,1
175,1
175,1
175,1
175,1
175,1
175,1
175,1
175,1
175,1
175,1
175,1
175,1
175,1
175,1
175,1
175,1
175,1
175,1
175,1
175,1
175,1
175,1
175,1
175,1
175,1
175,1
175,1
175,1
175,1
175,1
175,1
175,1
175,1
175,1
175,1
175,1
175,1
175,1
175,1
175,1
175,1
175,1
175,1
175,1
175,1
175,1
175,1
175,1
175,1
175,1
175,1
176,2351
176,100
176,25
176,13
176,7
176,6
176,6
176,6
176,4
176,4
176,4
176,4
176,4
176,4
176,4
176,4
176,4
176,4
176,3
176,3
176,3
176,3
176,3
176,3
176,3
176,3
176,3
176,3
176,2
176,2
176,2
176,2
176,2
176,2
176,2
176,2
176,2
176,2
176,2
176,2
176,2
176,2
176,2
176,2
176,2
176,2
176,2
176,2
176,2
176,2
176,2
176,2
176,2
176,2
176,1
176,1
176,1
176,1
176,1
176,1
176,1
176,1
176,1
176,1
176,1
176,1
176,1
176,1
176,1
176,1
176,1
176,1
176,1
176,1
176,1
176,1
176,1
176,1
176,1
176,1
176,1
176,1
176,1
176,1
176,1
176,1
176,1
176,1
176,1
176,1
176,1
176,1
176,1
176,1
176,1
176,1
176,1
176,1
176,1
176,1
176,1
176,1
176,1
176,1
176,1
176,1
176,1
176,1
176,1
176,1
176,1
176,1
176,1
176,1
176,1
176,1
176,1
176,1
176,1
176,1
176,1
176,1
176,1
176,1
176,1
176,1
176,1
176,1
176,1
176,1
176,1
176,1
176,1
176,1
176,1
176,1
176,1
176,1
176,1
176,1
176,1
176,1
176,1
176,1
176,1
176,1
176,1
176,1
176,1
176,1
176,1
176,1
176,1
176,1
176,1
176,1
176,1
176,1
176,1
176,1
176,1
176,1
176,1
176,1
176,1
176,1
176,1
176,1
176,1
176,1
176,1
176,1
176,1
176,1
176,1
176,1
176,1
176,1
176,1
176,1
176,1
176,1
176,1
176,1
176,1
176,1
176,1
176,1
176,1
176,1
176,1
176,1
176,1
176,1
176,1
176,1
176,1
176,1
176,1
176,1
176,1
176,1
176,1
177,2499
177,12
177,9
177,8
177,6
177,6
177,6
177,6
177,6
177,5
177,5
177,5
177,5
177,5
177,4
177,4
177,4
177,4
177,3
177,3
177,3
177,3
177,3
177,3
177,3
177,3
177,3
177,3
177,3
177,3
177,3
177,3
177,3
177,2
177,2
177,2
177,2
177,2
177,2
177,2
177,2
177,2
177,2
177,2
177,2
177,2
177,2
177,2
177,2
177,2
177,2
177,2
177,2
177,2
177,2
177,2
177,2
177,2
177,2
177,2
177,1
177,1
177,1
177,1
177,1
177,1
177,1
177,1
177,1
177,1
177,1
177,1
177,1
177,1
177,1
177,1
177,1
177,1
177,1
177,1
177,1
177,1
177,1
177,1
177,1
177,1
177,1
177,1
177,1
177,1
177,1
177,1
177,1
177,1
177,1
177,1
177,1
177,1
177,1
177,1
177,1
177,1
177,1
177,1
177,1
177,1
177,1
177,1
177,1
177,1
177,1
177,1
177,1
177,1
177,1
177,1
177,1
177,1
177,1
177,1
177,1
177,1
177,1
177,1
177,1
177,1
177,1
177,1
177,1
177,1
177,1
177,1
177,1
177,1
177,1
177,1
177,1
177,1
177,1
177,1
177,1
177,1
177,1
177,1
177,1
177,1
177,1
177,1
177,1
177,1
177,1
177,1
177,1
177,1
177,1
177,1
177,1
177,1
177,1
177,1
177,1
177,1
177,1
177,1
177,1
177,1
177,1
177,1
177,1
177,1
177,1
177,1
177,1
177,1
177,1
177,1
177,1
177,1
177,1
177,1
177,1
177,1
177,1
177,1
177,1
177,1
177,1
177,1
177,1
177,1
177,1
177,1
177,1
177,1
177,1
178,1422
178,613
178,18
178,10
178,8
178,5
178,5
178,5
178,4
178,4
178,4
178,4
178,4
178,3
178,3
178,3
178,3
178,3
178,3
178,3
178,3
178,3
178,3
178,3
178,2
178,2
178,2
178,2
178,2
178,2
178,2
178,2
178,2
178,2
178,2
178,2
178,2
178,2
178,2
178,2
178,2
178,2
178,1
178,1
178,1
178,1
178,1
178,1
178,1
178,1
178,1
178,1
178,1
178,1
178,1
178,1
178,1
178,1
178,1
178,1
178,1
178,1
178,1
178,1
178,1
178,1
178,1
178,1
178,1
178,1
178,1
178,1
178,1
178,1
178,1
178,1
178,1
178,1
178,1
178,1
178,1
178,1
178,1
178,1
178,1
178,1
178,1
178,1
178,1
178,1
178,1
178,1
178,1
178,1
178,1
178,1
178,1
178,1
178,1
178,1
178,1
178,1
178,1
178,1
178,1
178,1
178,1
178,1
178,1
178,1
178,1
178,1
178,1
178,1
178,1
178,1
178,1
178,1
178,1
178,1
178,1
178,1
179,2421
179,130
179,30
179,8
179,8
179,8
179,8
179,6
179,5
179,5
179,5
179,5
179,4
179,4
179,4
179,4
179,3
179,3
179,3
179,3
179,3
179,3
179,3
179,2
179,2
179,2
179,2
179,2
179,2
179,2
179,2
179,2
179,2
179,2
179,2
179,2
179,2
179,2
179,2
179,2
179,2
179,2
179,2
179,2
179,2
179,2
179,2
179,1
179,1
179,1
179,1
179,1
179,1
179,1
179,1
179,1
179,1
179,1
179,1
179,1
179,1
179,1
179,1
179,1
179,1
179,1
179,1
179,1
179,1
179,1
179,1
179,1
179,1
179,1
179,1
179,1
179,1
179,1
179,1
179,1
179,1
179,1
179,1
179,1
179,1
179,1
179,1
179,1
179,1
179,1
179,1
179,1
179,1
179,1
179,1
179,1
179,1
179,1
179,1
179,1
179,1
179,1
179,1
179,1
179,1
179,1
179,1
179,1
179,1
179,1
179,1
179,1
179,1
179,1
179,1
179,1
179,1
179,1
179,1
179,1
179,1
179,1
179,1
179,1
179,1
179,1
179,1
179,1
179,1
179,1
179,1
179,1
179,1
179,1
179,1
179,1
179,1
179,1
179,1
179,1
179,1
179,1
179,1
179,1
179,1
179,1
179,1
179,1
179,1
179,1
179,1
179,1
179,1
179,1
179,1
179,1
179,1
179,1
179,1
179,1
179,1
179,1
179,1
179,1
179,1
179,1
179,1
179,1
179,1
179,1
179,1
179,1
179,1
179,1
179,1
179,1
179,1
179,1
180,2414
180,11
180,7
180,7
180,6
180,5
180,5
180,4
180,4
180,4
180,4
180,3
180,3
180,3
180,3
180,3
180,3
180,3
180,2
180,2
180,2
180,2
180,2
180,2
180,2
180,2
180,2
180,2
180,2
180,2
180,2
180,2
180,1
180,1
180,1
180,1
180,1
180,1
180,1
180,1
180,1
180,1
180,1
180,1
180,1
180,1
180,1
180,1
180,1
180,1
180,1
180,1
180,1
180,1
180,1
180,1
180,1
180,1
180,1
180,1
180,1
180,1
180,1
180,1
180,1
180,1
180,1
180,1
180,1
180,1
180,1
180,1
180,1
180,1
180,1
180,1
180,1
180,1
180,1
180,1
180,1
180,1
180,1
180,1
180,1
180,1
180,1
180,1
180,1
180,1
180,1
180,1
180,1
180,1
180,1
180,1
180,1
180,1
180,1
180,1
180,1
180,1
180,1
180,1
180,1
180,1
180,1
180,1
180,1
180,1
180,1
180,1
180,1
180,1
180,1
180,1
180,1
180,1
180,1
180,1
180,1
180,1
180,1
180,1
180,1
180,1
180,1
180,1
180,1
180,1
180,1
180,1
180,1
180,1
180,1
180,1
180,1
180,1
180,1
180,1
180,1
180,1
180,1
180,1
180,1
180,1
180,1
181,2488
181,30
181,24
181,9
181,8
181,7
181,6
181,6
181,6
181,5
181,5
181,5
181,4
181,4
181,4
181,4
181,4
181,3
181,3
181,3
181,3
181,3
181,3
181,3
181,3
181,3
181,3
181,3
181,2
181,2
181,2
181,2
181,2
181,2
181,2
181,2
181,2
181,2
181,2
181,2
181,2
181,2
181,2
181,2
181,2
181,2
181,2
181,2
181,2
181,2
181,2
181,2
181,2
181,1
181,1
181,1
181,1
181,1
181,1
181,1
181,1
181,1
181,1
181,1
181,1
181,1
181,1
181,1
181,1
181,1
181,1
181,1
181,1
181,1
181,1
181,1
181,1
181,1
181,1
181,1
181,1
181,1
181,1
181,1
181,1
181,1
181,1
181,1
181,1
181,1
181,1
181,1
181,1
181,1
181,1
181,1
181,1
181,1
181,1
181,1
181,1
181,1
181,1
181,1
181,1
181,1
181,1
181,1
181,1
181,1
181,1
181,1
181,1
181,1
181,1
181,1
181,1
181,1
181,1
181,1
181,1
181,1
181,1
181,1
181,1
181,1
181,1
181,1
181,1
181,1
181,1
181,1
181,1
181,1
181,1
181,1
181,1
181,1
181,1
181,1
181,1
181,1
181,1
181,1
181,1
181,1
181,1
181,1
181,1
181,1
181,1
181,1
181,1
181,1
181,1
181,1
181,1
181,1
181,1
181,1
181,1
181,1
181,1
181,1
181,1
181,1
181,1
181,1
181,1
181,1
182,2378
182,13
182,12
182,8
182,7
182,7
182,7
182,6
182,6
182,6
182,6
182,6
182,5
182,5
182,5
182,5
182,4
182,4
182,3
182,3
182,3
182,3
182,3
182,3
182,3
182,3
182,3
182,3
182,2
182,2
182,2
182,2
182,2
182,2
182,2
182,2
182,2
182,2
182,2
182,2
182,2
182,2
182,2
182,2
182,2
182,2
182,2
182,2
182,2
182,2
182,2
182,2
182,2
182,2
182,2
182,2
182,2
182,2
182,1
182,1
182,1
182,1
182,1
182,1
182,1
182,1
182,1
182,1
182,1
182,1
182,1
182,1
182,1
182,1
182,1
182,1
182,1
182,1
182,1
182,1
182,1
182,1
182,1
182,1
182,1
182,1
182,1
182,1
182,1
182,1
182,1
182,1
182,1
182,1
182,1
182,1
182,1
182,1
182,1
182,1
182,1
182,1
182,1
182,1
182,1
182,1
182,1
182,1
182,1
182,1
182,1
182,1
182,1
182,1
182,1
182,1
182,1
182,1
182,1
182,1
182,1
182,1
182,1
182,1
182,1
182,1
182,1
182,1
182,1
182,1
182,1
182,1
182,1
182,1
182,1
182,1
182,1
182,1
182,1
182,1
182,1
182,1
182,1
182,1
182,1
182,1
182,1
182,1
182,1
182,1
182,1
182,1
182,1
182,1
182,1
182,1
182,1
182,1
182,1
182,1
182,1
182,1
182,1
182,1
182,1
182,1
182,1
182,1
182,1
182,1
182,1
182,1
182,1
182,1
182,1
182,1
182,1
182,1
182,1
182,1
182,1
182,1
182,1
182,1
182,1
182,1
182,1
182,1
182,1
182,1
182,1
182,1
182,1
182,1
182,1
182,1
182,1
182,1
182,1
182,1
182,1
182,1
182,1
182,1
182,1
182,1
182,1
182,1
182,1
182,1
182,1
182,1
182,1
182,1
182,1
182,1
182,1
182,1
182,1
182,1
182,1
182,1
182,1
183,2127
183,21
183,18
183,17
183,15
183,13
183,12
183,12
183,11
183,11
183,11
183,9
183,8
183,7
183,7
183,7
183,6
183,6
183,5
183,4
183,4
183,4
183,4
183,4
183,4
183,3
183,3
183,3
183,3
183,3
183,3
183,3
183,3
183,3
183,3
183,2
183,2
183,2
183,2
183,2
183,2
183,2
183,2
183,2
183,2
183,2
183,2
183,2
183,2
183,2
183,2
183,2
183,2
183,2
183,2
183,2
183,2
183,2
183,2
183,2
183,2
183,2
183,2
183,2
183,2
183,2
183,2
183,2
183,2
183,2
183,2
183,2
183,1
183,1
183,1
183,1
183,1
183,1
183,1
183,1
183,1
183,1
183,1
183,1
183,1
183,1
183,1
183,1
183,1
183,1
183,1
183,1
183,1
183,1
183,1
183,1
183,1
183,1
183,1
183,1
183,1
183,1
183,1
183,1
183,1
183,1
183,1
183,1
183,1
183,1
183,1
183,1
183,1
183,1
183,1
183,1
183,1
183,1
183,1
183,1
183,1
183,1
183,1
183,1
183,1
183,1
183,1
183,1
183,1
183,1
183,1
183,1
183,1
183,1
183,1
183,1
183,1
183,1
183,1
183,1
183,1
183,1
183,1
183,1
183,1
183,1
183,1
183,1
183,1
183,1
183,1
183,1
183,1
183,1
183,1
183,1
183,1
183,1
183,1
183,1
183,1
183,1
183,1
183,1
183,1
183,1
183,1
183,1
183,1
183,1
183,1
183,1
183,1
183,1
183,1
183,1
183,1
183,1
183,1
183,1
183,1
184,2370
184,36
184,20
184,12
184,9
184,7
184,6
184,6
184,5
184,5
184,4
184,4
184,4
184,3
184,3
184,3
184,3
184,3
184,3
184,3
184,3
184,3
184,3
184,3
184,3
184,3
184,2
184,2
184,2
184,2
184,2
184,2
184,2
184,2
184,2
184,2
184,2
184,2
184,2
184,2
184,1
184,1
184,1
184,1
184,1
184,1
184,1
184,1
184,1
184,1
184,1
184,1
184,1
184,1
184,1
184,1
184,1
184,1
184,1
184,1
184,1
184,1
184,1
184,1
184,1
184,1
184,1
184,1
184,1
184,1
184,1
184,1
184,1
184,1
184,1
184,1
184,1
184,1
184,1
184,1
184,1
184,1
184,1
184,1
184,1
184,1
184,1
184,1
184,1
184,1
184,1
184,1
184,1
184,1
184,1
184,1
184,1
184,1
184,1
184,1
184,1
184,1
184,1
184,1
184,1
184,1
184,1
184,1
184,1
184,1
184,1
184,1
184,1
184,1
184,1
184,1
184,1
184,1
184,1
184,1
184,1
184,1
184,1
184,1
184,1
184,1
184,1
184,1
184,1
184,1
184,1
184,1
184,1
184,1
184,1
184,1
184,1
184,1
184,1
184,1
184,1
184,1
184,1
184,1
184,1
184,1
184,1
184,1
184,1
184,1
184,1
184,1
184,1
184,1
184,1
184,1
184,1
184,1
184,1
184,1
184,1
184,1
184,1
184,1
184,1
184,1
184,1
184,1
184,1
184,1
184,1
184,1
184,1
184,1
184,1
184,1
184,1
184,1
184,1
184,1
184,1
184,1
184,1
185,2319
185,19
185,11
185,7
185,7
185,6
185,6
185,6
185,6
185,5
185,5
185,5
185,5
185,5
185,4
185,4
185,4
185,4
185,4
185,3
185,3
185,3
185,3
185,3
185,3
185,3
185,3
185,3
185,3
185,3
185,3
185,3
185,3
185,3
185,3
185,3
185,3
185,3
185,3
185,3
185,3
185,3
185,3
185,3
185,2
185,2
185,2
185,2
185,2
185,2
185,2
185,2
185,2
185,2
185,2
185,2
185,2
185,2
185,1
185,1
185,1
185,1
185,1
185,1
185,1
185,1
185,1
185,1
185,1
185,1
185,1
185,1
185,1
185,1
185,1
185,1
185,1
185,1
185,1
185,1
185,1
185,1
185,1
185,1
185,1
185,1
185,1
185,1
185,1
185,1
185,1
185,1
185,1
185,1
185,1
185,1
185,1
185,1
185,1
185,1
185,1
185,1
185,1
185,1
185,1
185,1
185,1
185,1
185,1
185,1
185,1
185,1
185,1
185,1
185,1
185,1
185,1
185,1
185,1
185,1
185,1
185,1
185,1
185,1
185,1
185,1
185,1
185,1
185,1
185,1
185,1
185,1
185,1
185,1
185,1
185,1
185,1
185,1
185,1
185,1
185,1
185,1
185,1
185,1
185,1
185,1
185,1
185,1
185,1
185,1
185,1
185,1
185,1
185,1
185,1
185,1
185,1
185,1
185,1
185,1
185,1
185,1
185,1
185,1
185,1
185,1
185,1
185,1
185,1
185,1
185,1
185,1
185,1
185,1
185,1
185,1
185,1
185,1
185,1
185,1
185,1
185,1
185,1
185,1
185,1
185,1
185,1
185,1
185,1
185,1
185,1
185,1
185,1
185,1
185,1
185,1
185,1
186,2147
186,17
186,12
186,12
186,8
186,8
186,8
186,7
186,6
186,6
186,6
186,5
186,5
186,5
186,4
186,4
186,4
186,4
186,4
186,4
186,3
186,3
186,3
186,3
186,3
186,3
186,3
186,3
186,3
186,3
186,3
186,2
186,2
186,2
186,2
186,2
186,2
186,2
186,2
186,2
186,2
186,2
186,2
186,2
186,2
186,2
186,2
186,2
186,2
186,2
186,2
186,2
186,2
186,2
186,2
186,2
186,2
186,2
186,2
186,2
186,2
186,2
186,2
186,2
186,2
186,2
186,1
186,1
186,1
186,1
186,1
186,1
186,1
186,1
186,1
186,1
186,1
186,1
186,1
186,1
186,1
186,1
186,1
186,1
186,1
186,1
186,1
186,1
186,1
186,1
186,1
186,1
186,1
186,1
186,1
186,1
186,1
186,1
186,1
186,1
186,1
186,1
186,1
186,1
186,1
186,1
186,1
186,1
186,1
186,1
186,1
186,1
186,1
186,1
186,1
186,1
186,1
186,1
186,1
186,1
186,1
186,1
186,1
186,1
186,1
186,1
186,1
186,1
186,1
186,1
186,1
186,1
186,1
186,1
186,1
186,1
186,1
186,1
186,1
186,1
186,1
186,1
186,1
186,1
186,1
186,1
186,1
186,1
186,1
186,1
186,1
186,1
186,1
186,1
186,1
186,1
186,1
186,1
186,1
186,1
186,1
186,1
186,1
186,1
186,1
186,1
186,1
186,1
186,1
186,1
186,1
186,1
186,1
186,1
186,1
186,1
186,1
186,1
186,1
186,1
186,1
186,1
186,1
186,1
186,1
186,1
186,1
186,1
186,1
186,1
186,1
186,1
186,1
186,1
186,1
186,1
186,1
186,1
186,1
186,1
186,1
187,2311
187,126
187,15
187,9
187,9
187,6
187,6
187,6
187,6
187,5
187,4
187,4
187,4
187,4
187,4
187,3
187,3
187,3
187,3
187,3
187,3
187,3
187,3
187,3
187,2
187,2
187,2
187,2
187,2
187,2
187,2
187,2
187,2
187,2
187,2
187,2
187,2
187,2
187,2
187,2
187,2
187,2
187,2
187,2
187,2
187,2
187,2
187,2
187,2
187,2
187,1
187,1
187,1
187,1
187,1
187,1
187,1
187,1
187,1
187,1
187,1
187,1
187,1
187,1
187,1
187,1
187,1
187,1
187,1
187,1
187,1
187,1
187,1
187,1
187,1
187,1
187,1
187,1
187,1
187,1
187,1
187,1
187,1
187,1
187,1
187,1
187,1
187,1
187,1
187,1
187,1
187,1
187,1
187,1
187,1
187,1
187,1
187,1
187,1
187,1
187,1
187,1
187,1
187,1
187,1
187,1
187,1
187,1
187,1
187,1
187,1
187,1
187,1
187,1
187,1
187,1
187,1
187,1
187,1
187,1
187,1
187,1
187,1
187,1
187,1
187,1
187,1
187,1
187,1
187,1
187,1
187,1
187,1
187,1
187,1
187,1
187,1
187,1
187,1
187,1
187,1
187,1
187,1
187,1
187,1
187,1
187,1
187,1
187,1
187,1
187,1
187,1
187,1
187,1
187,1
188,2032
188,68
188,17
188,13
188,11
188,8
188,7
188,7
188,6
188,6
188,5
188,5
188,4
188,4
188,3
188,3
188,3
188,3
188,3
188,3
188,2
188,2
188,2
188,2
188,2
188,2
188,2
188,2
188,2
188,2
188,2
188,2
188,2
188,2
188,2
188,2
188,2
188,2
188,2
188,2
188,2
188,2
188,2
188,2
188,2
188,2
188,2
188,2
188,2
188,2
188,2
188,2
188,2
188,2
188,2
188,2
188,2
188,2
188,2
188,2
188,1
188,1
188,1
188,1
188,1
188,1
188,1
188,1
188,1
188,1
188,1
188,1
188,1
188,1
188,1
188,1
188,1
188,1
188,1
188,1
188,1
188,1
188,1
188,1
188,1
188,1
188,1
188,1
188,1
188,1
188,1
188,1
188,1
188,1
188,1
188,1
188,1
188,1
188,1
188,1
188,1
188,1
188,1
188,1
188,1
188,1
188,1
188,1
188,1
188,1
188,1
188,1
188,1
188,1
188,1
188,1
188,1
188,1
188,1
188,1
188,1
188,1
188,1
188,1
188,1
188,1
188,1
188,1
188,1
188,1
188,1
188,1
188,1
188,1
188,1
188,1
188,1
188,1
188,1
188,1
188,1
188,1
188,1
188,1
188,1
188,1
188,1
188,1
188,1
188,1
188,1
188,1
188,1
188,1
188,1
188,1
188,1
188,1
188,1
189,2397
189,13
189,8
189,8
189,7
189,6
189,6
189,5
189,5
189,5
189,5
189,5
189,5
189,4
189,4
189,4
189,4
189,4
189,4
189,3
189,3
189,3
189,3
189,3
189,3
189,3
189,3
189,3
189,3
189,3
189,3
189,3
189,3
189,3
189,2
189,2
189,2
189,2
189,2
189,2
189,2
189,2
189,2
189,2
189,2
189,2
189,2
189,2
189,2
189,2
189,2
189,2
189,2
189,2
189,2
189,2
189,2
189,2
189,2
189,2
189,2
189,2
189,2
189,2
189,2
189,2
189,1
189,1
189,1
189,1
189,1
189,1
189,1
189,1
189,1
189,1
189,1
189,1
189,1
189,1
189,1
189,1
189,1
189,1
189,1
189,1
189,1
189,1
189,1
189,1
189,1
189,1
189,1
189,1
189,1
189,1
189,1
189,1
189,1
189,1
189,1
189,1
189,1
189,1
189,1
189,1
189,1
189,1
189,1
189,1
189,1
189,1
189,1
189,1
189,1
189,1
189,1
189,1
189,1
189,1
189,1
189,1
189,1
189,1
189,1
189,1
189,1
189,1
189,1
189,1
189,1
189,1
189,1
189,1
189,1
189,1
189,1
189,1
189,1
189,1
189,1
189,1
189,1
189,1
189,1
189,1
189,1
189,1
189,1
189,1
189,1
189,1
189,1
189,1
189,1
189,1
189,1
189,1
189,1
189,1
189,1
189,1
189,1
189,1
189,1
189,1
189,1
189,1
189,1
189,1
189,1
189,1
189,1
189,1
189,1
189,1
189,1
189,1
189,1
189,1
189,1
189,1
189,1
189,1
189,1
189,1
189,1
189,1
189,1
189,1
189,1
189,1
189,1
189,1
189,1
189,1
189,1
189,1
189,1
189,1
189,1
189,1
189,1
189,1
189,1
189,1
189,1
189,1
189,1
189,1
189,1
189,1
190,2219
190,9
190,9
190,9
190,4
190,4
190,4
190,4
190,4
190,4
190,4
190,3
190,3
190,3
190,3
190,3
190,3
190,3
190,2
190,2
190,2
190,2
190,2
190,2
190,2
190,2
190,2
190,2
190,2
190,2
190,2
190,2
190,2
190,2
190,2
190,2
190,2
190,2
190,2
190,2
190,2
190,2
190,2
190,2
190,2
190,2
190,2
190,2
190,2
190,2
190,1
190,1
190,1
190,1
190,1
190,1
190,1
190,1
190,1
190,1
190,1
190,1
190,1
190,1
190,1
190,1
190,1
190,1
190,1
190,1
190,1
190,1
190,1
190,1
190,1
190,1
190,1
190,1
190,1
190,1
190,1
190,1
190,1
190,1
190,1
190,1
190,1
190,1
190,1
190,1
190,1
190,1
190,1
190,1
190,1
190,1
190,1
190,1
190,1
190,1
190,1
190,1
190,1
190,1
190,1
190,1
190,1
190,1
190,1
190,1
190,1
190,1
190,1
190,1
190,1
190,1
190,1
190,1
190,1
190,1
190,1
190,1
190,1
190,1
190,1
190,1
190,1
190,1
190,1
190,1
190,1
190,1
190,1
190,1
190,1
190,1
190,1
190,1
190,1
190,1
190,1
190,1
190,1
190,1
190,1
190,1
190,1
191,2217
191,16
191,9
191,8
191,7
191,6
191,6
191,6
191,6
191,5
191,4
191,4
191,3
191,3
191,3
191,3
191,3
191,3
191,3
191,3
191,3
191,3
191,3
191,3
191,3
191,3
191,3
191,2
191,2
191,2
191,2
191,2
191,2
191,2
191,2
191,2
191,2
191,2
191,2
191,2
191,2
191,2
191,2
191,2
191,2
191,2
191,2
191,2
191,2
191,2
191,2
191,2
191,2
191,2
191,2
191,2
191,2
191,1
191,1
191,1
191,1
191,1
191,1
191,1
191,1
191,1
191,1
191,1
191,1
191,1
191,1
191,1
191,1
191,1
191,1
191,1
191,1
191,1
191,1
191,1
191,1
191,1
191,1
191,1
191,1
191,1
191,1
191,1
191,1
191,1
191,1
191,1
191,1
191,1
191,1
191,1
191,1
191,1
191,1
191,1
191,1
191,1
191,1
191,1
191,1
191,1
191,1
191,1
191,1
191,1
191,1
191,1
191,1
191,1
191,1
191,1
191,1
191,1
191,1
191,1
191,1
191,1
191,1
191,1
191,1
191,1
191,1
191,1
191,1
191,1
191,1
191,1
191,1
191,1
191,1
191,1
191,1
191,1
191,1
191,1
191,1
191,1
191,1
191,1
191,1
191,1
191,1
191,1
191,1
191,1
191,1
191,1
191,1
191,1
191,1
191,1
191,1
191,1
191,1
191,1
191,1
191,1
191,1
191,1
191,1
191,1
191,1
191,1
191,1
191,1
191,1
191,1
191,1
191,1
191,1
191,1
191,1
191,1
191,1
191,1
191,1
191,1
191,1
191,1
191,1
191,1
191,1
191,1
191,1
191,1
191,1
191,1
191,1
191,1
191,1
191,1
191,1
191,1
191,1
191,1
191,1
191,1
191,1
191,1
191,1
191,1
191,1
191,1
191,1
191,1
191,1
191,1
191,1
191,1
191,1
191,1
191,1
192,2190
192,7
192,6
192,6
192,6
192,6
192,6
192,6
192,5
192,5
192,5
192,3
192,3
192,3
192,3
192,3
192,3
192,3
192,3
192,3
192,3
192,3
192,3
192,2
192,2
192,2
192,2
192,2
192,2
192,2
192,2
192,2
192,2
192,2
192,2
192,2
192,2
192,2
192,2
192,2
192,2
192,2
192,2
192,2
192,2
192,2
192,2
192,2
192,2
192,1
192,1
192,1
192,1
192,1
192,1
192,1
192,1
192,1
192,1
192,1
192,1
192,1
192,1
192,1
192,1
192,1
192,1
192,1
192,1
192,1
192,1
192,1
192,1
192,1
192,1
192,1
192,1
192,1
192,1
192,1
192,1
192,1
192,1
192,1
192,1
192,1
192,1
192,1
192,1
192,1
192,1
192,1
192,1
192,1
192,1
192,1
192,1
192,1
192,1
192,1
192,1
192,1
192,1
192,1
192,1
192,1
192,1
192,1
192,1
192,1
192,1
192,1
192,1
192,1
192,1
192,1
192,1
192,1
192,1
192,1
192,1
192,1
192,1
192,1
192,1
192,1
192,1
192,1
192,1
192,1
192,1
192,1
192,1
192,1
192,1
192,1
192,1
192,1
192,1
192,1
192,1
192,1
192,1
192,1
192,1
192,1
192,1
192,1
192,1
192,1
192,1
192,1
192,1
192,1
192,1
192,1
192,1
192,1
192,1
192,1
192,1
192,1
192,1
192,1
192,1
192,1
192,1
192,1
192,1
192,1
193,2301
193,11
193,10
193,8
193,8
193,6
193,5
193,5
193,4
193,4
193,4
193,4
193,4
193,4
193,4
193,3
193,3
193,3
193,3
193,3
193,3
193,3
193,3
193,3
193,3
193,2
193,2
193,2
193,2
193,2
193,2
193,2
193,2
193,2
193,2
193,2
193,2
193,2
193,2
193,2
193,2
193,2
193,2
193,2
193,2
193,2
193,2
193,2
193,2
193,2
193,2
193,2
193,2
193,2
193,2
193,1
193,1
193,1
193,1
193,1
193,1
193,1
193,1
193,1
193,1
193,1
193,1
193,1
193,1
193,1
193,1
193,1
193,1
193,1
193,1
193,1
193,1
193,1
193,1
193,1
193,1
193,1
193,1
193,1
193,1
193,1
193,1
193,1
193,1
193,1
193,1
193,1
193,1
193,1
193,1
193,1
193,1
193,1
193,1
193,1
193,1
193,1
193,1
193,1
193,1
193,1
193,1
193,1
193,1
193,1
193,1
193,1
193,1
193,1
193,1
193,1
193,1
193,1
193,1
193,1
193,1
193,1
193,1
193,1
193,1
193,1
193,1
193,1
193,1
193,1
193,1
193,1
193,1
193,1
193,1
193,1
193,1
193,1
193,1
193,1
193,1
193,1
193,1
193,1
193,1
193,1
193,1
193,1
193,1
193,1
193,1
193,1
193,1
193,1
193,1
193,1
193,1
193,1
193,1
193,1
193,1
193,1
193,1
193,1
193,1
193,1
193,1
193,1
193,1
193,1
193,1
193,1
193,1
193,1
193,1
193,1
193,1
193,1
193,1
193,1
193,1
193,1
193,1
193,1
193,1
193,1
193,1
193,1
193,1
193,1
193,1
193,1
193,1
193,1
194,2201
194,76
194,47
194,17
194,16
194,14
194,8
194,8
194,7
194,7
194,7
194,6
194,6
194,6
194,5
194,5
194,5
194,5
194,4
194,4
194,4
194,4
194,4
194,4
194,4
194,4
194,3
194,3
194,3
194,3
194,3
194,3
194,3
194,3
194,3
194,3
194,3
194,3
194,3
194,3
194,2
194,2
194,2
194,2
194,2
194,2
194,2
194,2
194,2
194,2
194,2
194,2
194,2
194,2
194,2
194,2
194,2
194,2
194,2
194,2
194,2
194,2
194,2
194,2
194,2
194,2
194,2
194,1
194,1
194,1
194,1
194,1
194,1
194,1
194,1
194,1
194,1
194,1
194,1
194,1
194,1
194,1
194,1
194,1
194,1
194,1
194,1
194,1
194,1
194,1
194,1
194,1
194,1
194,1
194,1
194,1
194,1
194,1
194,1
194,1
194,1
194,1
194,1
194,1
194,1
194,1
194,1
194,1
194,1
194,1
194,1
194,1
194,1
194,1
194,1
194,1
194,1
194,1
194,1
194,1
194,1
194,1
194,1
194,1
194,1
194,1
194,1
194,1
194,1
194,1
194,1
194,1
194,1
194,1
194,1
194,1
194,1
194,1
194,1
194,1
194,1
194,1
194,1
194,1
194,1
194,1
194,1
194,1
194,1
194,1
194,1
194,1
194,1
194,1
194,1
194,1
194,1
194,1
194,1
194,1
194,1
194,1
194,1
194,1
194,1
194,1
194,1
194,1
194,1
194,1
194,1
194,1
194,1
194,1
194,1
194,1
194,1
194,1
194,1
194,1
194,1
194,1
194,1
194,1
194,1
194,1
194,1
194,1
194,1
194,1
194,1
194,1
194,1
194,1
194,1
194,1
194,1
194,1
194,1
194,1
194,1
194,1
194,1
194,1
194,1
194,1
194,1
194,1
194,1
194,1
194,1
194,1
194,1
194,1
194,1
194,1
195,2203
195,17
195,9
195,8
195,7
195,6
195,6
195,6
195,5
195,5
195,5
195,5
195,5
195,5
195,5
195,4
195,4
195,4
195,4
195,4
195,4
195,4
195,4
195,3
195,3
195,3
195,3
195,3
195,3
195,3
195,3
195,3
195,3
195,3
195,3
195,3
195,3
195,3
195,3
195,3
195,2
195,2
195,2
195,2
195,2
195,2
195,2
195,2
195,2
195,2
195,2
195,2
195,2
195,2
195,2
195,2
195,2
195,2
195,2
195,2
195,1
195,1
195,1
195,1
195,1
195,1
195,1
195,1
195,1
195,1
195,1
195,1
195,1
195,1
195,1
195,1
195,1
195,1
195,1
195,1
195,1
195,1
195,1
195,1
195,1
195,1
195,1
195,1
195,1
195,1
195,1
195,1
195,1
195,1
195,1
195,1
195,1
195,1
195,1
195,1
195,1
195,1
195,1
195,1
195,1
195,1
195,1
195,1
195,1
195,1
195,1
195,1
195,1
195,1
195,1
195,1
195,1
195,1
195,1
195,1
195,1
195,1
195,1
195,1
195,1
195,1
195,1
195,1
195,1
195,1
195,1
195,1
195,1
195,1
195,1
195,1
195,1
195,1
195,1
195,1
195,1
195,1
195,1
195,1
195,1
195,1
195,1
195,1
195,1
195,1
195,1
195,1
195,1
195,1
195,1
195,1
195,1
195,1
195,1
195,1
195,1
195,1
195,1
195,1
195,1
195,1
195,1
195,1
195,1
195,1
195,1
195,1
195,1
195,1
195,1
195,1
195,1
195,1
196,2387
196,27
196,15
196,7
196,7
196,7
196,6
196,5
196,5
196,5
196,4
196,4
196,4
196,3
196,3
196,3
196,3
196,3
196,3
196,3
196,3
196,3
196,3
196,3
196,2
196,2
196,2
196,2
196,2
196,2
196,2
196,2
196,2
196,2
196,2
196,2
196,2
196,2
196,2
196,2
196,2
196,2
196,2
196,2
196,2
196,2
196,2
196,2
196,2
196,2
196,2
196,2
196,2
196,1
196,1
196,1
196,1
196,1
196,1
196,1
196,1
196,1
196,1
196,1
196,1
196,1
196,1
196,1
196,1
196,1
196,1
196,1
196,1
196,1
196,1
196,1
196,1
196,1
196,1
196,1
196,1
196,1
196,1
196,1
196,1
196,1
196,1
196,1
196,1
196,1
196,1
196,1
196,1
196,1
196,1
196,1
196,1
196,1
196,1
196,1
196,1
196,1
196,1
196,1
196,1
196,1
196,1
196,1
196,1
196,1
196,1
196,1
196,1
196,1
196,1
196,1
196,1
196,1
196,1
196,1
196,1
196,1
196,1
196,1
196,1
196,1
196,1
196,1
196,1
196,1
196,1
196,1
196,1
196,1
196,1
196,1
196,1
196,1
196,1
196,1
196,1
196,1
196,1
196,1
196,1
196,1
196,1
196,1
196,1
196,1
196,1
196,1
196,1
196,1
196,1
196,1
196,1
196,1
196,1
196,1
196,1
196,1
196,1
196,1
196,1
196,1
196,1
196,1
196,1
196,1
196,1
196,1
196,1
196,1
196,1
196,1
196,1
196,1
196,1
196,1
196,1
196,1
196,1
196,1
196,1
196,1
196,1
196,1
196,1
196,1
197,2068
197,85
197,37
197,36
197,16
197,13
197,13
197,12
197,10
197,10
197,8
197,8
197,8
197,7
197,7
197,7
197,7
197,6
197,6
197,6
197,6
197,5
197,5
197,5
197,5
197,5
197,5
197,5
197,5
197,4
197,4
197,4
197,4
197,4
197,4
197,4
197,4
197,4
197,4
197,4
197,4
197,4
197,4
197,4
197,4
197,4
197,3
197,3
197,3
197,3
197,3
197,3
197,3
197,3
197,3
197,3
197,3
197,3
197,3
197,3
197,3
197,3
197,3
197,3
197,3
197,3
197,3
197,3
197,3
197,2
197,2
197,2
197,2
197,2
197,2
197,2
197,2
197,2
197,2
197,2
197,2
197,2
197,2
197,2
197,2
197,2
197,2
197,2
197,2
197,2
197,2
197,2
197,2
197,2
197,2
197,2
197,2
197,2
197,2
197,2
197,2
197,2
197,2
197,2
197,2
197,2
197,2
197,2
197,2
197,2
197,2
197,2
197,2
197,2
197,2
197,2
197,2
197,2
197,2
197,2
197,1
197,1
197,1
197,1
197,1
197,1
197,1
197,1
197,1
197,1
197,1
197,1
197,1
197,1
197,1
197,1
197,1
197,1
197,1
197,1
197,1
197,1
197,1
197,1
197,1
197,1
197,1
197,1
197,1
197,1
197,1
197,1
197,1
197,1
197,1
197,1
197,1
197,1
197,1
197,1
197,1
197,1
197,1
197,1
197,1
197,1
197,1
197,1
197,1
197,1
197,1
197,1
197,1
197,1
197,1
197,1
197,1
197,1
197,1
197,1
197,1
197,1
197,1
197,1
197,1
197,1
197,1
197,1
197,1
197,1
197,1
197,1
197,1
197,1
197,1
197,1
197,1
197,1
197,1
197,1
197,1
197,1
197,1
197,1
197,1
197,1
197,1
197,1
197,1
197,1
197,1
197,1
197,1
197,1
197,1
197,1
197,1
197,1
197,1
197,1
197,1
197,1
197,1
197,1
197,1
197,1
197,1
197,1
197,1
197,1
197,1
197,1
197,1
197,1
197,1
197,1
197,1
197,1
197,1
197,1
197,1
197,1
197,1
197,1
197,1
197,1
197,1
197,1
197,1
197,1
197,1
197,1
197,1
197,1
197,1
197,1
197,1
197,1
197,1
197,1
197,1
197,1
197,1
197,1
197,1
197,1
197,1
197,1
197,1
197,1
197,1
197,1
197,1
197,1
197,1
197,1
197,1
197,1
197,1
197,1
197,1
197,1
197,1
197,1
197,1
197,1
197,1
197,1
197,1
197,1
197,1
197,1
197,1
197,1
197,1
197,1
197,1
197,1
197,1
197,1
197,1
197,1
197,1
197,1
197,1
197,1
197,1
197,1
197,1
197,1
197,1
197,1
198,2424
198,9
198,9
198,9
198,8
198,8
198,7
198,6
198,6
198,5
198,5
198,4
198,4
198,4
198,3
198,3
198,3
198,3
198,3
198,3
198,3
198,3
198,3
198,2
198,2
198,2
198,2
198,2
198,2
198,2
198,2
198,2
198,2
198,2
198,2
198,2
198,2
198,2
198,2
198,2
198,2
198,1
198,1
198,1
198,1
198,1
198,1
198,1
198,1
198,1
198,1
198,1
198,1
198,1
198,1
198,1
198,1
198,1
198,1
198,1
198,1
198,1
198,1
198,1
198,1
198,1
198,1
198,1
198,1
198,1
198,1
198,1
198,1
198,1
198,1
198,1
198,1
198,1
198,1
198,1
198,1
198,1
198,1
198,1
198,1
198,1
198,1
198,1
198,1
198,1
198,1
198,1
198,1
198,1
198,1
198,1
198,1
198,1
198,1
198,1
198,1
198,1
198,1
198,1
198,1
198,1
198,1
198,1
198,1
198,1
198,1
198,1
198,1
198,1
198,1
198,1
198,1
198,1
198,1
198,1
198,1
198,1
198,1
198,1
198,1
198,1
198,1
198,1
198,1
198,1
198,1
198,1
198,1
198,1
198,1
198,1
198,1
198,1
198,1
198,1
198,1
198,1
198,1
198,1
198,1
198,1
198,1
198,1
198,1
198,1
198,1
198,1
198,1
198,1
198,1
198,1
198,1
198,1
198,1
198,1
198,1
198,1
198,1
198,1
198,1
198,1
198,1
198,1
198,1
198,1
198,1
198,1
198,1
199,2369
199,38
199,12
199,11
199,9
199,8
199,7
199,7
199,6
199,6
199,5
199,5
199,5
199,5
199,5
199,5
199,4
199,4
199,4
199,4
199,3
199,3
199,3
199,3
199,3
199,3
199,3
199,3
199,3
199,3
199,3
199,3
199,3
199,3
199,3
199,3
199,2
199,2
199,2
199,2
199,2
199,2
199,2
199,2
199,2
199,2
199,2
199,2
199,2
199,2
199,2
199,2
199,2
199,2
199,2
199,2
199,2
199,2
199,2
199,2
199,2
199,2
199,2
199,2
199,2
199,2
199,1
199,1
199,1
199,1
199,1
199,1
199,1
199,1
199,1
199,1
199,1
199,1
199,1
199,1
199,1
199,1
199,1
199,1
199,1
199,1
199,1
199,1
199,1
199,1
199,1
199,1
199,1
199,1
199,1
199,1
199,1
199,1
199,1
199,1
199,1
199,1
199,1
199,1
199,1
199,1
199,1
199,1
199,1
199,1
199,1
199,1
199,1
199,1
199,1
199,1
199,1
199,1
199,1
199,1
199,1
199,1
199,1
199,1
199,1
199,1
199,1
199,1
199,1
199,1
199,1
199,1
199,1
199,1
199,1
199,1
199,1
199,1
199,1
199,1
199,1
199,1
199,1
199,1
199,1
199,1
199,1
199,1
199,1
199,1
199,1
199,1
199,1
199,1
199,1
199,1
199,1
199,1
199,1
199,1
199,1
199,1
199,1
199,1
199,1
199,1
199,1
199,1
199,1
199,1
199,1
199,1
199,1
199,1
199,1
199,1
199,1
199,1
199,1
199,1
199,1
199,1
199,1
199,1
199,1
199,1
199,1
199,1
199,1
199,1
199,1
199,1
199,1
199,1
199,1
199,1
199,1
199,1
199,1
199,1
199,1
199,1
199,1
199,1
199,1
199,1
199,1
199,1
199,1
199,1
199,1
199,1
199,1
199,1
199,1
199,1
200,1203
200,1184
200,73
200,10
200,7
200,6
200,6
200,4
200,4
200,4
200,4
200,4
200,4
200,3
200,3
200,3
200,3
200,3
200,3
200,3
200,2
200,2
200,2
200,2
200,2
200,2
200,2
200,2
200,2
200,2
200,2
200,2
200,2
200,2
200,2
200,2
200,2
200,2
200,1
200,1
200,1
200,1
200,1
200,1
200,1
200,1
200,1
200,1
200,1
200,1
200,1
200,1
200,1
200,1
200,1
200,1
200,1
200,1
200,1
200,1
200,1
200,1
200,1
200,1
200,1
200,1
200,1
200,1
200,1
200,1
200,1
200,1
200,1
200,1
200,1
200,1
200,1
200,1
200,1
200,1
200,1
200,1
200,1
200,1
200,1
200,1
200,1
200,1
200,1
200,1
200,1
200,1
200,1
200,1
200,1
200,1
200,1
200,1
200,1
200,1
200,1
200,1
200,1
200,1
200,1
200,1
200,1
200,1
200,1
200,1
200,1
200,1
200,1
200,1
200,1
200,1
200,1
200,1
200,1
200,1
200,1
200,1
200,1
200,1
200,1
200,1
200,1
200,1
200,1
200,1
200,1
200,1
200,1
200,1
200,1
200,1
200,1
200,1
200,1
200,1
200,1
200,1
200,1
200,1
200,1
200,1
200,1
200,1
200,1
200,1
200,1
200,1
200,1
200,1
200,1
201,2491
201,29
201,29
201,9
201,9
201,6
201,5
201,5
201,5
201,5
201,4
201,4
201,4
201,4
201,4
201,4
201,4
201,3
201,3
201,3
201,3
201,3
201,3
201,3
201,3
201,3
201,2
201,2
201,2
201,2
201,2
201,2
201,2
201,2
201,2
201,2
201,2
201,2
201,2
201,2
201,2
201,2
201,2
201,2
201,2
201,2
201,2
201,2
201,2
201,2
201,2
201,2
201,1
201,1
201,1
201,1
201,1
201,1
201,1
201,1
201,1
201,1
201,1
201,1
201,1
201,1
201,1
201,1
201,1
201,1
201,1
201,1
201,1
201,1
201,1
201,1
201,1
201,1
201,1
201,1
201,1
201,1
201,1
201,1
201,1
201,1
201,1
201,1
201,1
201,1
201,1
201,1
201,1
201,1
201,1
201,1
201,1
201,1
201,1
201,1
201,1
201,1
201,1
201,1
201,1
201,1
201,1
201,1
201,1
201,1
201,1
201,1
201,1
201,1
201,1
201,1
201,1
201,1
201,1
201,1
201,1
201,1
201,1
201,1
201,1
201,1
201,1
201,1
201,1
201,1
201,1
201,1
201,1
201,1
201,1
201,1
201,1
201,1
201,1
201,1
201,1
201,1
201,1
201,1
201,1
201,1
201,1
201,1
201,1
201,1
201,1
201,1
201,1
201,1
201,1
201,1
201,1
201,1
201,1
201,1
201,1
201,1
201,1
201,1
201,1
201,1
201,1
201,1
201,1
201,1
201,1
201,1
201,1
201,1
201,1
201,1
201,1
201,1
201,1
201,1
201,1
201,1
201,1
201,1
201,1
201,1
202,2522
202,10
202,9
202,9
202,8
202,8
202,7
202,7
202,6
202,5
202,4
202,4
202,4
202,4
202,4
202,4
202,4
202,4
202,4
202,4
202,4
202,4
202,4
202,4
202,3
202,3
202,3
202,3
202,3
202,3
202,3
202,3
202,3
202,3
202,3
202,3
202,3
202,3
202,3
202,3
202,2
202,2
202,2
202,2
202,2
202,2
202,2
202,2
202,2
202,2
202,2
202,2
202,2
202,2
202,2
202,2
202,2
202,2
202,2
202,2
202,2
202,2
202,2
202,2
202,2
202,2
202,1
202,1
202,1
202,1
202,1
202,1
202,1
202,1
202,1
202,1
202,1
202,1
202,1
202,1
202,1
202,1
202,1
202,1
202,1
202,1
202,1
202,1
202,1
202,1
202,1
202,1
202,1
202,1
202,1
202,1
202,1
202,1
202,1
202,1
202,1
202,1
202,1
202,1
202,1
202,1
202,1
202,1
202,1
202,1
202,1
202,1
202,1
202,1
202,1
202,1
202,1
202,1
202,1
202,1
202,1
202,1
202,1
202,1
202,1
202,1
202,1
202,1
202,1
202,1
202,1
202,1
202,1
202,1
202,1
202,1
202,1
202,1
202,1
202,1
202,1
202,1
202,1
202,1
202,1
202,1
202,1
202,1
202,1
202,1
202,1
202,1
202,1
202,1
202,1
202,1
202,1
202,1
202,1
202,1
202,1
202,1
202,1
202,1
202,1
202,1
202,1
202,1
202,1
202,1
202,1
202,1
202,1
202,1
202,1
202,1
202,1
202,1
202,1
202,1
202,1
202,1
202,1
202,1
202,1
202,1
202,1
202,1
202,1
202,1
202,1
202,1
202,1
202,1
202,1
202,1
202,1
202,1
202,1
202,1
202,1
202,1
202,1
202,1
202,1
202,1
202,1
202,1
202,1
202,1
202,1
202,1
202,1
202,1
202,1
202,1
202,1
202,1
202,1
203,2169
203,37
203,12
203,8
203,5
203,5
203,5
203,4
203,4
203,4
203,3
203,3
203,3
203,3
203,3
203,3
203,3
203,3
203,3
203,3
203,3
203,3
203,2
203,2
203,2
203,2
203,2
203,2
203,2
203,2
203,2
203,2
203,2
203,2
203,2
203,2
203,2
203,2
203,2
203,2
203,2
203,2
203,2
203,2
203,2
203,2
203,2
203,2
203,2
203,2
203,2
203,2
203,1
203,1
203,1
203,1
203,1
203,1
203,1
203,1
203,1
203,1
203,1
203,1
203,1
203,1
203,1
203,1
203,1
203,1
203,1
203,1
203,1
203,1
203,1
203,1
203,1
203,1
203,1
203,1
203,1
203,1
203,1
203,1
203,1
203,1
203,1
203,1
203,1
203,1
203,1
203,1
203,1
203,1
203,1
203,1
203,1
203,1
203,1
203,1
203,1
203,1
203,1
203,1
203,1
203,1
203,1
203,1
203,1
203,1
203,1
203,1
203,1
203,1
203,1
203,1
203,1
203,1
203,1
203,1
203,1
203,1
203,1
203,1
203,1
203,1
203,1
203,1
203,1
203,1
203,1
203,1
203,1
203,1
203,1
203,1
203,1
203,1
203,1
203,1
203,1
203,1
203,1
203,1
203,1
203,1
203,1
203,1
203,1
203,1
203,1
203,1
203,1
203,1
203,1
203,1
203,1
203,1
203,1
203,1
203,1
203,1
203,1
203,1
203,1
204,2046
204,185
204,61
204,26
204,11
204,9
204,8
204,7
204,7
204,6
204,5
204,5
204,5
204,4
204,4
204,3
204,3
204,3
204,3
204,3
204,3
204,3
204,3
204,3
204,3
204,3
204,3
204,3
204,3
204,3
204,3
204,3
204,3
204,3
204,2
204,2
204,2
204,2
204,2
204,2
204,2
204,2
204,2
204,2
204,2
204,2
204,2
204,2
204,2
204,2
204,2
204,2
204,2
204,2
204,2
204,2
204,2
204,2
204,2
204,2
204,2
204,2
204,2
204,2
204,2
204,2
204,2
204,1
204,1
204,1
204,1
204,1
204,1
204,1
204,1
204,1
204,1
204,1
204,1
204,1
204,1
204,1
204,1
204,1
204,1
204,1
204,1
204,1
204,1
204,1
204,1
204,1
204,1
204,1
204,1
204,1
204,1
204,1
204,1
204,1
204,1
204,1
204,1
204,1
204,1
204,1
204,1
204,1
204,1
204,1
204,1
204,1
204,1
204,1
204,1
204,1
204,1
204,1
204,1
204,1
204,1
204,1
204,1
204,1
204,1
204,1
204,1
204,1
204,1
204,1
204,1
204,1
204,1
204,1
204,1
204,1
204,1
204,1
204,1
204,1
204,1
204,1
204,1
204,1
204,1
204,1
204,1
204,1
204,1
204,1
204,1
204,1
204,1
204,1
204,1
204,1
204,1
204,1
204,1
204,1
204,1
204,1
204,1
204,1
204,1
204,1
204,1
204,1
204,1
204,1
204,1
204,1
204,1
204,1
204,1
204,1
204,1
204,1
204,1
204,1
204,1
204,1
204,1
204,1
204,1
204,1
204,1
204,1
204,1
204,1
204,1
204,1
204,1
204,1
204,1
204,1
204,1
205,2338
205,56
205,14
205,9
205,7
205,7
205,6
205,5
205,5
205,4
205,4
205,4
205,4
205,4
205,3
205,3
205,3
205,3
205,3
205,3
205,3
205,3
205,2
205,2
205,2
205,2
205,2
205,2
205,2
205,2
205,2
205,2
205,2
205,2
205,2
205,2
205,2
205,2
205,2
205,2
205,2
205,2
205,2
205,2
205,2
205,2
205,2
205,2
205,2
205,2
205,2
205,2
205,2
205,2
205,2
205,2
205,2
205,2
205,2
205,2
205,2
205,1
205,1
205,1
205,1
205,1
205,1
205,1
205,1
205,1
205,1
205,1
205,1
205,1
205,1
205,1
205,1
205,1
205,1
205,1
205,1
205,1
205,1
205,1
205,1
205,1
205,1
205,1
205,1
205,1
205,1
205,1
205,1
205,1
205,1
205,1
205,1
205,1
205,1
205,1
205,1
205,1
205,1
205,1
205,1
205,1
205,1
205,1
205,1
205,1
205,1
205,1
205,1
205,1
205,1
205,1
205,1
205,1
205,1
205,1
205,1
205,1
205,1
205,1
205,1
205,1
205,1
205,1
205,1
205,1
205,1
205,1
205,1
205,1
205,1
205,1
205,1
205,1
205,1
205,1
205,1
205,1
205,1
205,1
205,1
205,1
205,1
205,1
205,1
205,1
205,1
205,1
205,1
205,1
205,1
205,1
205,1
205,1
205,1
205,1
205,1
205,1
205,1
205,1
205,1
205,1
205,1
205,1
205,1
205,1
205,1
205,1
205,1
205,1
205,1
205,1
205,1
205,1
205,1
205,1
205,1
205,1
205,1
205,1
205,1
205,1
205,1
205,1
206,2084
206,29
206,20
206,15
206,13
206,10
206,8
206,7
206,7
206,7
206,6
206,6
206,6
206,5
206,5
206,5
206,5
206,4
206,4
206,4
206,4
206,4
206,3
206,3
206,3
206,3
206,3
206,3
206,3
206,3
206,3
206,3
206,3
206,3
206,3
206,3
206,2
206,2
206,2
206,2
206,2
206,2
206,2
206,2
206,2
206,2
206,2
206,2
206,2
206,2
206,2
206,2
206,2
206,2
206,2
206,2
206,2
206,2
206,2
206,2
206,2
206,2
206,1
206,1
206,1
206,1
206,1
206,1
206,1
206,1
206,1
206,1
206,1
206,1
206,1
206,1
206,1
206,1
206,1
206,1
206,1
206,1
206,1
206,1
206,1
206,1
206,1
206,1
206,1
206,1
206,1
206,1
206,1
206,1
206,1
206,1
206,1
206,1
206,1
206,1
206,1
206,1
206,1
206,1
206,1
206,1
206,1
206,1
206,1
206,1
206,1
206,1
206,1
206,1
206,1
206,1
206,1
206,1
206,1
206,1
206,1
206,1
206,1
206,1
206,1
206,1
206,1
206,1
206,1
206,1
206,1
206,1
206,1
206,1
206,1
206,1
206,1
206,1
206,1
206,1
206,1
206,1
206,1
206,1
206,1
206,1
206,1
206,1
206,1
206,1
206,1
206,1
206,1
206,1
206,1
206,1
206,1
206,1
206,1
206,1
206,1
206,1
206,1
206,1
206,1
206,1
206,1
206,1
206,1
206,1
206,1
206,1
206,1
206,1
206,1
206,1
206,1
206,1
206,1
206,1
206,1
206,1
206,1
206,1
206,1
206,1
206,1
206,1
206,1
206,1
206,1
206,1
206,1
206,1
206,1
206,1
206,1
206,1
206,1
206,1
206,1
206,1
206,1
206,1
206,1
206,1
206,1
206,1
206,1
206,1
206,1
206,1
206,1
207,2280
207,57
207,14
207,9
207,8
207,6
207,5
207,5
207,4
207,4
207,4
207,4
207,4
207,4
207,4
207,3
207,3
207,3
207,3
207,3
207,3
207,3
207,3
207,3
207,3
207,3
207,3
207,3
207,3
207,3
207,3
207,3
207,2
207,2
207,2
207,2
207,2
207,2
207,2
207,2
207,2
207,2
207,2
207,2
207,2
207,2
207,2
207,2
207,2
207,2
207,2
207,2
207,2
207,2
207,2
207,2
207,2
207,2
207,2
207,2
207,2
207,2
207,2
207,2
207,2
207,2
207,2
207,2
207,2
207,2
207,2
207,2
207,2
207,2
207,2
207,2
207,2
207,2
207,2
207,2
207,2
207,2
207,2
207,2
207,2
207,1
207,1
207,1
207,1
207,1
207,1
207,1
207,1
207,1
207,1
207,1
207,1
207,1
207,1
207,1
207,1
207,1
207,1
207,1
207,1
207,1
207,1
207,1
207,1
207,1
207,1
207,1
207,1
207,1
207,1
207,1
207,1
207,1
207,1
207,1
207,1
207,1
207,1
207,1
207,1
207,1
207,1
207,1
207,1
207,1
207,1
207,1
207,1
207,1
207,1
207,1
207,1
207,1
207,1
207,1
207,1
207,1
207,1
207,1
207,1
207,1
207,1
207,1
207,1
207,1
207,1
207,1
207,1
207,1
207,1
207,1
207,1
207,1
207,1
207,1
207,1
207,1
207,1
207,1
207,1
207,1
207,1
207,1
207,1
207,1
207,1
207,1
207,1
207,1
207,1
207,1
207,1
207,1
207,1
207,1
207,1
207,1
207,1
207,1
207,1
207,1
207,1
207,1
207,1
207,1
207,1
207,1
207,1
207,1
207,1
207,1
207,1
207,1
207,1
207,1
207,1
207,1
207,1
207,1
207,1
207,1
207,1
207,1
207,1
207,1
207,1
207,1
207,1
207,1
207,1
207,1
207,1
207,1
207,1
207,1
207,1
207,1
207,1
207,1
207,1
207,1
207,1
207,1
207,1
207,1
207,1
207,1
207,1
207,1
207,1
207,1
207,1
207,1
207,1
207,1
207,1
207,1
207,1
207,1
207,1
207,1
208,2315
208,25
208,13
208,13
208,11
208,10
208,8
208,8
208,8
208,7
208,7
208,7
208,6
208,6
208,6
208,5
208,5
208,5
208,4
208,4
208,4
208,3
208,3
208,3
208,3
208,3
208,3
208,3
208,3
208,3
208,3
208,3
208,3
208,3
208,2
208,2
208,2
208,2
208,2
208,2
208,2
208,2
208,2
208,2
208,2
208,2
208,2
208,2
208,2
208,2
208,2
208,2
208,2
208,2
208,2
208,2
208,2
208,2
208,2
208,2
208,2
208,2
208,2
208,1
208,1
208,1
208,1
208,1
208,1
208,1
208,1
208,1
208,1
208,1
208,1
208,1
208,1
208,1
208,1
208,1
208,1
208,1
208,1
208,1
208,1
208,1
208,1
208,1
208,1
208,1
208,1
208,1
208,1
208,1
208,1
208,1
208,1
208,1
208,1
208,1
208,1
208,1
208,1
208,1
208,1
208,1
208,1
208,1
208,1
208,1
208,1
208,1
208,1
208,1
208,1
208,1
208,1
208,1
208,1
208,1
208,1
208,1
208,1
208,1
208,1
208,1
208,1
208,1
208,1
208,1
208,1
208,1
208,1
208,1
208,1
208,1
208,1
208,1
208,1
208,1
208,1
208,1
208,1
208,1
208,1
208,1
208,1
208,1
208,1
208,1
208,1
208,1
208,1
208,1
208,1
208,1
208,1
208,1
208,1
208,1
208,1
208,1
208,1
208,1
208,1
208,1
208,1
208,1
208,1
208,1
208,1
208,1
208,1
208,1
208,1
208,1
208,1
208,1
208,1
208,1
208,1
208,1
208,1
208,1
208,1
208,1
208,1
208,1
208,1
208,1
208,1
208,1
208,1
208,1
208,1
209,2117
209,25
209,12
209,7
209,7
209,6
209,6
209,5
209,5
209,5
209,5
209,5
209,5
209,4
209,4
209,4
209,4
209,3
209,3
209,3
209,3
209,3
209,3
209,3
209,3
209,3
209,3
209,3
209,3
209,3
209,3
209,2
209,2
209,2
209,2
209,2
209,2
209,2
209,2
209,2
209,2
209,2
209,2
209,2
209,2
209,2
209,2
209,2
209,2
209,2
209,2
209,2
209,2
209,2
209,2
209,2
209,2
209,2
209,1
209,1
209,1
209,1
209,1
209,1
209,1
209,1
209,1
209,1
209,1
209,1
209,1
209,1
209,1
209,1
209,1
209,1
209,1
209,1
209,1
209,1
209,1
209,1
209,1
209,1
209,1
209,1
209,1
209,1
209,1
209,1
209,1
209,1
209,1
209,1
209,1
209,1
209,1
209,1
209,1
209,1
209,1
209,1
209,1
209,1
209,1
209,1
209,1
209,1
209,1
209,1
209,1
209,1
209,1
209,1
209,1
209,1
209,1
209,1
209,1
209,1
209,1
209,1
209,1
209,1
209,1
209,1
209,1
209,1
209,1
209,1
209,1
209,1
209,1
209,1
209,1
209,1
209,1
209,1
209,1
209,1
209,1
209,1
209,1
209,1
209,1
209,1
209,1
209,1
209,1
210,2376
210,26
210,23
210,11
210,6
210,6
210,5
210,4
210,4
210,4
210,4
210,4
210,4
210,3
210,3
210,3
210,3
210,3
210,3
210,3
210,2
210,2
210,2
210,2
210,2
210,2
210,2
210,2
210,2
210,2
210,2
210,2
210,2
210,2
210,2
210,2
210,2
210,2
210,2
210,2
210,2
210,1
210,1
210,1
210,1
210,1
210,1
210,1
210,1
210,1
210,1
210,1
210,1
210,1
210,1
210,1
210,1
210,1
210,1
210,1
210,1
210,1
210,1
210,1
210,1
210,1
210,1
210,1
210,1
210,1
210,1
210,1
210,1
210,1
210,1
210,1
210,1
210,1
210,1
210,1
210,1
210,1
210,1
210,1
210,1
210,1
210,1
210,1
210,1
210,1
210,1
210,1
210,1
210,1
210,1
210,1
210,1
210,1
210,1
210,1
210,1
210,1
210,1
210,1
210,1
210,1
210,1
210,1
210,1
210,1
210,1
210,1
210,1
210,1
210,1
210,1
210,1
210,1
210,1
210,1
210,1
210,1
210,1
210,1
210,1
210,1
210,1
210,1
210,1
210,1
210,1
210,1
210,1
210,1
210,1
210,1
210,1
210,1
210,1
210,1
210,1
210,1
210,1
210,1
210,1
210,1
210,1
210,1
210,1
211,2068
211,260
211,21
211,8
211,8
211,8
211,7
211,6
211,6
211,5
211,5
211,5
211,5
211,4
211,4
211,4
211,4
211,4
211,4
211,3
211,3
211,3
211,3
211,3
211,3
211,3
211,3
211,3
211,3
211,3
211,3
211,3
211,3
211,3
211,3
211,2
211,2
211,2
211,2
211,2
211,2
211,2
211,2
211,2
211,2
211,2
211,2
211,2
211,2
211,2
211,2
211,2
211,2
211,2
211,2
211,2
211,2
211,2
211,2
211,2
211,2
211,2
211,2
211,2
211,2
211,2
211,2
211,2
211,2
211,2
211,2
211,2
211,1
211,1
211,1
211,1
211,1
211,1
211,1
211,1
211,1
211,1
211,1
211,1
211,1
211,1
211,1
211,1
211,1
211,1
211,1
211,1
211,1
211,1
211,1
211,1
211,1
211,1
211,1
211,1
211,1
211,1
211,1
211,1
211,1
211,1
211,1
211,1
211,1
211,1
211,1
211,1
211,1
211,1
211,1
211,1
211,1
211,1
211,1
211,1
211,1
211,1
211,1
211,1
211,1
211,1
211,1
211,1
211,1
211,1
211,1
211,1
211,1
211,1
211,1
211,1
211,1
211,1
211,1
211,1
211,1
211,1
211,1
211,1
211,1
211,1
211,1
211,1
211,1
211,1
211,1
211,1
211,1
211,1
211,1
211,1
211,1
211,1
211,1
211,1
211,1
211,1
211,1
211,1
211,1
211,1
211,1
211,1
211,1
211,1
211,1
211,1
211,1
211,1
211,1
211,1
211,1
211,1
211,1
211,1
211,1
211,1
211,1
211,1
211,1
211,1
211,1
211,1
211,1
211,1
211,1
211,1
211,1
211,1
211,1
211,1
211,1
212,2187
212,20
212,20
212,19
212,14
212,10
212,9
212,8
212,7
212,6
212,6
212,6
212,6
212,5
212,5
212,5
212,5
212,5
212,5
212,5
212,5
212,5
212,5
212,5
212,4
212,4
212,4
212,4
212,4
212,4
212,4
212,4
212,4
212,4
212,4
212,4
212,4
212,4
212,3
212,3
212,3
212,3
212,3
212,3
212,3
212,3
212,3
212,3
212,3
212,3
212,3
212,3
212,3
212,3
212,3
212,3
212,3
212,2
212,2
212,2
212,2
212,2
212,2
212,2
212,2
212,2
212,2
212,2
212,2
212,2
212,2
212,2
212,2
212,2
212,2
212,2
212,2
212,2
212,2
212,2
212,2
212,2
212,2
212,2
212,2
212,2
212,2
212,2
212,2
212,2
212,2
212,2
212,2
212,2
212,2
212,2
212,2
212,2
212,2
212,1
212,1
212,1
212,1
212,1
212,1
212,1
212,1
212,1
212,1
212,1
212,1
212,1
212,1
212,1
212,1
212,1
212,1
212,1
212,1
212,1
212,1
212,1
212,1
212,1
212,1
212,1
212,1
212,1
212,1
212,1
212,1
212,1
212,1
212,1
212,1
212,1
212,1
212,1
212,1
212,1
212,1
212,1
212,1
212,1
212,1
212,1
212,1
212,1
212,1
212,1
212,1
212,1
212,1
212,1
212,1
212,1
212,1
212,1
212,1
212,1
212,1
212,1
212,1
212,1
212,1
212,1
212,1
212,1
212,1
212,1
212,1
212,1
212,1
212,1
212,1
212,1
212,1
212,1
212,1
212,1
212,1
212,1
212,1
212,1
212,1
212,1
212,1
212,1
212,1
212,1
212,1
212,1
212,1
212,1
212,1
212,1
212,1
212,1
212,1
212,1
212,1
212,1
212,1
212,1
212,1
212,1
212,1
212,1
212,1
212,1
212,1
212,1
212,1
212,1
212,1
212,1
212,1
212,1
212,1
212,1
212,1
212,1
212,1
212,1
212,1
212,1
212,1
212,1
212,1
212,1
212,1
212,1
212,1
212,1
212,1
212,1
212,1
212,1
212,1
212,1
212,1
212,1
212,1
212,1
212,1
212,1
212,1
212,1
212,1
212,1
212,1
212,1
212,1
212,1
212,1
212,1
212,1
212,1
212,1
212,1
212,1
212,1
212,1
212,1
213,2137
213,17
213,7
213,7
213,7
213,6
213,6
213,6
213,6
213,5
213,5
213,5
213,5
213,4
213,4
213,4
213,4
213,4
213,4
213,3
213,3
213,3
213,3
213,3
213,3
213,3
213,3
213,3
213,2
213,2
213,2
213,2
213,2
213,2
213,2
213,2
213,2
213,2
213,2
213,2
213,2
213,2
213,2
213,2
213,2
213,2
213,2
213,2
213,2
213,2
213,2
213,2
213,2
213,2
213,2
213,2
213,2
213,2
213,2
213,2
213,1
213,1
213,1
213,1
213,1
213,1
213,1
213,1
213,1
213,1
213,1
213,1
213,1
213,1
213,1
213,1
213,1
213,1
213,1
213,1
213,1
213,1
213,1
213,1
213,1
213,1
213,1
213,1
213,1
213,1
213,1
213,1
213,1
213,1
213,1
213,1
213,1
213,1
213,1
213,1
213,1
213,1
213,1
213,1
213,1
213,1
213,1
213,1
213,1
213,1
213,1
213,1
213,1
213,1
213,1
213,1
213,1
213,1
213,1
213,1
213,1
213,1
213,1
213,1
213,1
213,1
213,1
213,1
213,1
213,1
213,1
213,1
213,1
213,1
213,1
213,1
213,1
213,1
213,1
213,1
213,1
213,1
213,1
213,1
213,1
213,1
213,1
213,1
213,1
213,1
213,1
213,1
213,1
213,1
213,1
213,1
213,1
213,1
213,1
213,1
213,1
213,1
213,1
213,1
213,1
213,1
213,1
214,2258
214,12
214,7
214,6
214,5
214,4
214,4
214,4
214,3
214,3
214,3
214,3
214,3
214,3
214,3
214,3
214,3
214,3
214,3
214,3
214,2
214,2
214,2
214,2
214,2
214,2
214,2
214,2
214,2
214,2
214,2
214,2
214,2
214,2
214,2
214,2
214,2
214,2
214,2
214,2
214,2
214,2
214,1
214,1
214,1
214,1
214,1
214,1
214,1
214,1
214,1
214,1
214,1
214,1
214,1
214,1
214,1
214,1
214,1
214,1
214,1
214,1
214,1
214,1
214,1
214,1
214,1
214,1
214,1
214,1
214,1
214,1
214,1
214,1
214,1
214,1
214,1
214,1
214,1
214,1
214,1
214,1
214,1
214,1
214,1
214,1
214,1
214,1
214,1
214,1
214,1
214,1
214,1
214,1
214,1
214,1
214,1
214,1
214,1
214,1
214,1
214,1
214,1
214,1
214,1
214,1
214,1
214,1
214,1
214,1
214,1
214,1
214,1
214,1
214,1
214,1
214,1
214,1
214,1
214,1
214,1
214,1
214,1
214,1
214,1
214,1
214,1
214,1
214,1
214,1
214,1
215,1764
215,194
215,161
215,32
215,20
215,14
215,12
215,11
215,11
215,6
215,6
215,5
215,5
215,5
215,4
215,4
215,4
215,4
215,4
215,3
215,3
215,3
215,3
215,3
215,3
215,3
215,3
215,3
215,3
215,3
215,3
215,3
215,3
215,3
215,3
215,3
215,3
215,3
215,3
215,2
215,2
215,2
215,2
215,2
215,2
215,2
215,2
215,2
215,2
215,2
215,2
215,2
215,2
215,2
215,2
215,2
215,2
215,2
215,2
215,2
215,2
215,2
215,2
215,2
215,2
215,2
215,2
215,2
215,2
215,2
215,2
215,2
215,2
215,2
215,2
215,2
215,2
215,1
215,1
215,1
215,1
215,1
215,1
215,1
215,1
215,1
215,1
215,1
215,1
215,1
215,1
215,1
215,1
215,1
215,1
215,1
215,1
215,1
215,1
215,1
215,1
215,1
215,1
215,1
215,1
215,1
215,1
215,1
215,1
215,1
215,1
215,1
215,1
215,1
215,1
215,1
215,1
215,1
215,1
215,1
215,1
215,1
215,1
215,1
215,1
215,1
215,1
215,1
215,1
215,1
215,1
215,1
215,1
215,1
215,1
215,1
215,1
215,1
215,1
215,1
215,1
215,1
215,1
215,1
215,1
215,1
215,1
215,1
215,1
215,1
215,1
215,1
215,1
215,1
215,1
215,1
215,1
215,1
215,1
215,1
215,1
215,1
215,1
215,1
215,1
215,1
215,1
215,1
215,1
215,1
215,1
215,1
215,1
215,1
215,1
215,1
215,1
215,1
215,1
215,1
215,1
215,1
215,1
215,1
215,1
215,1
215,1
215,1
216,2274
216,19
216,15
216,11
216,8
216,8
216,7
216,6
216,6
216,5
216,5
216,5
216,5
216,5
216,5
216,4
216,4
216,4
216,4
216,4
216,4
216,4
216,4
216,4
216,4
216,3
216,3
216,3
216,3
216,3
216,3
216,3
216,3
216,3
216,3
216,3
216,3
216,3
216,3
216,3
216,3
216,3
216,3
216,2
216,2
216,2
216,2
216,2
216,2
216,2
216,2
216,2
216,2
216,2
216,2
216,2
216,2
216,2
216,2
216,2
216,2
216,2
216,2
216,2
216,2
216,2
216,2
216,2
216,2
216,2
216,2
216,2
216,2
216,2
216,1
216,1
216,1
216,1
216,1
216,1
216,1
216,1
216,1
216,1
216,1
216,1
216,1
216,1
216,1
216,1
216,1
216,1
216,1
216,1
216,1
216,1
216,1
216,1
216,1
216,1
216,1
216,1
216,1
216,1
216,1
216,1
216,1
216,1
216,1
216,1
216,1
216,1
216,1
216,1
216,1
216,1
216,1
216,1
216,1
216,1
216,1
216,1
216,1
216,1
216,1
216,1
216,1
216,1
216,1
216,1
216,1
216,1
216,1
216,1
216,1
216,1
216,1
216,1
216,1
216,1
216,1
216,1
216,1
216,1
216,1
216,1
216,1
216,1
216,1
216,1
216,1
216,1
216,1
216,1
216,1
216,1
216,1
216,1
216,1
216,1
216,1
216,1
216,1
216,1
216,1
216,1
216,1
216,1
216,1
216,1
216,1
216,1
216,1
216,1
216,1
216,1
216,1
216,1
216,1
216,1
216,1
216,1
216,1
216,1
216,1
216,1
216,1
216,1
216,1
216,1
216,1
216,1
216,1
216,1
216,1
216,1
216,1
216,1
216,1
216,1
216,1
216,1
216,1
216,1
216,1
216,1
216,1
216,1
216,1
216,1
216,1
216,1
216,1
216,1
216,1
216,1
216,1
216,1
216,1
216,1
216,1
216,1
216,1
216,1
217,2099
217,82
217,44
217,14
217,10
217,9
217,8
217,8
217,7
217,7
217,6
217,6
217,5
217,5
217,4
217,4
217,4
217,4
217,4
217,4
217,4
217,3
217,3
217,3
217,3
217,3
217,3
217,3
217,3
217,3
217,3
217,3
217,3
217,3
217,2
217,2
217,2
217,2
217,2
217,2
217,2
217,2
217,2
217,2
217,2
217,2
217,2
217,2
217,2
217,2
217,2
217,2
217,2
217,2
217,2
217,2
217,2
217,2
217,2
217,2
217,2
217,2
217,2
217,2
217,2
217,2
217,2
217,1
217,1
217,1
217,1
217,1
217,1
217,1
217,1
217,1
217,1
217,1
217,1
217,1
217,1
217,1
217,1
217,1
217,1
217,1
217,1
217,1
217,1
217,1
217,1
217,1
217,1
217,1
217,1
217,1
217,1
217,1
217,1
217,1
217,1
217,1
217,1
217,1
217,1
217,1
217,1
217,1
217,1
217,1
217,1
217,1
217,1
217,1
217,1
217,1
217,1
217,1
217,1
217,1
217,1
217,1
217,1
217,1
217,1
217,1
217,1
217,1
217,1
217,1
217,1
217,1
217,1
217,1
217,1
217,1
217,1
217,1
217,1
217,1
217,1
217,1
217,1
217,1
217,1
217,1
217,1
217,1
217,1
217,1
217,1
217,1
217,1
217,1
217,1
217,1
217,1
217,1
217,1
217,1
217,1
217,1
217,1
217,1
217,1
217,1
217,1
217,1
217,1
217,1
217,1
217,1
217,1
217,1
217,1
217,1
217,1
217,1
217,1
217,1
218,2280
218,24
218,24
218,22
218,21
218,11
218,9
218,7
218,7
218,6
218,5
218,5
218,5
218,4
218,4
218,4
218,4
218,4
218,4
218,4
218,4
218,4
218,3
218,3
218,3
218,3
218,3
218,3
218,3
218,3
218,3
218,3
218,3
218,3
218,3
218,2
218,2
218,2
218,2
218,2
218,2
218,2
218,2
218,2
218,2
218,2
218,2
218,2
218,2
218,2
218,2
218,2
218,1
218,1
218,1
218,1
218,1
218,1
218,1
218,1
218,1
218,1
218,1
218,1
218,1
218,1
218,1
218,1
218,1
218,1
218,1
218,1
218,1
218,1
218,1
218,1
218,1
218,1
218,1
218,1
218,1
218,1
218,1
218,1
218,1
218,1
218,1
218,1
218,1
218,1
218,1
218,1
218,1
218,1
218,1
218,1
218,1
218,1
218,1
218,1
218,1
218,1
218,1
218,1
218,1
218,1
218,1
218,1
218,1
218,1
218,1
218,1
218,1
218,1
218,1
218,1
218,1
218,1
218,1
218,1
218,1
218,1
218,1
218,1
218,1
218,1
218,1
218,1
218,1
218,1
218,1
218,1
218,1
218,1
218,1
218,1
218,1
218,1
218,1
218,1
218,1
218,1
218,1
218,1
218,1
218,1
218,1
218,1
218,1
218,1
218,1
218,1
218,1
218,1
218,1
218,1
218,1
219,2377
219,8
219,8
219,7
219,6
219,6
219,6
219,6
219,5
219,5
219,4
219,4
219,4
219,4
219,4
219,4
219,4
219,4
219,4
219,4
219,4
219,3
219,3
219,3
219,3
219,3
219,3
219,3
219,3
219,3
219,3
219,3
219,2
219,2
219,2
219,2
219,2
219,2
219,2
219,2
219,2
219,2
219,2
219,2
219,2
219,2
219,2
219,2
219,2
219,2
219,2
219,2
219,1
219,1
219,1
219,1
219,1
219,1
219,1
219,1
219,1
219,1
219,1
219,1
219,1
219,1
219,1
219,1
219,1
219,1
219,1
219,1
219,1
219,1
219,1
219,1
219,1
219,1
219,1
219,1
219,1
219,1
219,1
219,1
219,1
219,1
219,1
219,1
219,1
219,1
219,1
219,1
219,1
219,1
219,1
219,1
219,1
219,1
219,1
219,1
219,1
219,1
219,1
219,1
219,1
219,1
219,1
219,1
219,1
219,1
219,1
219,1
219,1
219,1
219,1
219,1
219,1
219,1
219,1
219,1
219,1
219,1
219,1
219,1
219,1
219,1
219,1
219,1
219,1
219,1
219,1
219,1
219,1
219,1
219,1
219,1
219,1
219,1
219,1
219,1
219,1
219,1
219,1
219,1
219,1
219,1
219,1
219,1
219,1
219,1
219,1
219,1
219,1
219,1
219,1
219,1
219,1
219,1
220,2103
220,29
220,14
220,11
220,10
220,9
220,7
220,7
220,7
220,6
220,6
220,6
220,6
220,6
220,5
220,5
220,5
220,5
220,4
220,4
220,4
220,3
220,3
220,3
220,3
220,3
220,3
220,3
220,3
220,3
220,3
220,2
220,2
220,2
220,2
220,2
220,2
220,2
220,2
220,2
220,2
220,2
220,2
220,2
220,2
220,2
220,2
220,2
220,2
220,2
220,2
220,2
220,2
220,1
220,1
220,1
220,1
220,1
220,1
220,1
220,1
220,1
220,1
220,1
220,1
220,1
220,1
220,1
220,1
220,1
220,1
220,1
220,1
220,1
220,1
220,1
220,1
220,1
220,1
220,1
220,1
220,1
220,1
220,1
220,1
220,1
220,1
220,1
220,1
220,1
220,1
220,1
220,1
220,1
220,1
220,1
220,1
220,1
220,1
220,1
220,1
220,1
220,1
220,1
220,1
220,1
220,1
220,1
220,1
220,1
220,1
220,1
220,1
220,1
220,1
220,1
220,1
220,1
220,1
220,1
220,1
220,1
220,1
220,1
220,1
220,1
220,1
220,1
220,1
220,1
220,1
220,1
220,1
220,1
220,1
220,1
220,1
220,1
220,1
220,1
220,1
220,1
220,1
220,1
220,1
220,1
220,1
220,1
220,1
220,1
220,1
220,1
220,1
220,1
220,1
220,1
220,1
220,1
220,1
220,1
220,1
220,1
220,1
220,1
220,1
220,1
220,1
220,1
220,1
220,1
220,1
220,1
220,1
220,1
220,1
220,1
220,1
220,1
220,1
220,1
220,1
220,1
220,1
220,1
220,1
220,1
220,1
220,1
220,1
220,1
220,1
220,1
220,1
220,1
220,1
220,1
220,1
220,1
220,1
220,1
220,1
220,1
220,1
220,1
220,1
220,1
220,1
220,1
220,1
220,1
220,1
220,1
220,1
220,1
220,1
220,1
220,1
220,1
221,2226
221,29
221,18
221,11
221,11
221,10
221,9
221,7
221,6
221,5
221,5
221,5
221,4
221,4
221,4
221,4
221,4
221,4
221,4
221,4
221,3
221,3
221,3
221,3
221,3
221,3
221,3
221,3
221,3
221,3
221,3
221,3
221,3
221,3
221,2
221,2
221,2
221,2
221,2
221,2
221,2
221,2
221,2
221,2
221,2
221,2
221,2
221,2
221,2
221,2
221,2
221,2
221,2
221,2
221,2
221,2
221,2
221,2
221,2
221,2
221,2
221,2
221,2
221,2
221,2
221,2
221,2
221,2
221,2
221,2
221,2
221,2
221,1
221,1
221,1
221,1
221,1
221,1
221,1
221,1
221,1
221,1
221,1
221,1
221,1
221,1
221,1
221,1
221,1
221,1
221,1
221,1
221,1
221,1
221,1
221,1
221,1
221,1
221,1
221,1
221,1
221,1
221,1
221,1
221,1
221,1
221,1
221,1
221,1
221,1
221,1
221,1
221,1
221,1
221,1
221,1
221,1
221,1
221,1
221,1
221,1
221,1
221,1
221,1
221,1
221,1
221,1
221,1
221,1
221,1
221,1
221,1
221,1
221,1
221,1
221,1
221,1
221,1
221,1
221,1
221,1
221,1
221,1
221,1
221,1
221,1
221,1
221,1
221,1
221,1
221,1
221,1
221,1
221,1
221,1
221,1
221,1
221,1
221,1
221,1
221,1
221,1
221,1
221,1
221,1
221,1
221,1
221,1
221,1
221,1
221,1
221,1
221,1
221,1
221,1
221,1
221,1
221,1
221,1
221,1
221,1
221,1
221,1
221,1
221,1
221,1
221,1
221,1
221,1
221,1
221,1
221,1
221,1
221,1
221,1
221,1
221,1
221,1
221,1
221,1
221,1
221,1
221,1
221,1
221,1
221,1
221,1
221,1
221,1
221,1
221,1
221,1
221,1
221,1
221,1
221,1
221,1
221,1
221,1
221,1
221,1
221,1
221,1
221,1
221,1
221,1
221,1
221,1
221,1
221,1
221,1
221,1
221,1
221,1
221,1
221,1
221,1
221,1
221,1
221,1
221,1
221,1
222,2179
222,35
222,22
222,16
222,12
222,10
222,9
222,8
222,7
222,7
222,5
222,5
222,5
222,5
222,5
222,4
222,4
222,4
222,4
222,4
222,4
222,4
222,4
222,4
222,4
222,3
222,3
222,3
222,3
222,3
222,3
222,3
222,3
222,3
222,3
222,3
222,3
222,3
222,3
222,3
222,3
222,3
222,3
222,3
222,3
222,3
222,2
222,2
222,2
222,2
222,2
222,2
222,2
222,2
222,2
222,2
222,2
222,2
222,2
222,2
222,2
222,2
222,2
222,2
222,2
222,2
222,2
222,2
222,2
222,2
222,2
222,2
222,2
222,1
222,1
222,1
222,1
222,1
222,1
222,1
222,1
222,1
222,1
222,1
222,1
222,1
222,1
222,1
222,1
222,1
222,1
222,1
222,1
222,1
222,1
222,1
222,1
222,1
222,1
222,1
222,1
222,1
222,1
222,1
222,1
222,1
222,1
222,1
222,1
222,1
222,1
222,1
222,1
222,1
222,1
222,1
222,1
222,1
222,1
222,1
222,1
222,1
222,1
222,1
222,1
222,1
222,1
222,1
222,1
222,1
222,1
222,1
222,1
222,1
222,1
222,1
222,1
222,1
222,1
222,1
222,1
222,1
222,1
222,1
222,1
222,1
222,1
222,1
222,1
222,1
222,1
222,1
222,1
222,1
222,1
222,1
222,1
222,1
222,1
222,1
222,1
222,1
222,1
222,1
222,1
222,1
222,1
222,1
222,1
222,1
222,1
222,1
222,1
222,1
222,1
222,1
222,1
222,1
222,1
222,1
223,1760
223,389
223,123
223,25
223,14
223,13
223,12
223,12
223,7
223,7
223,7
223,7
223,6
223,6
223,6
223,6
223,5
223,5
223,5
223,5
223,4
223,4
223,4
223,4
223,4
223,4
223,4
223,3
223,3
223,3
223,3
223,3
223,3
223,3
223,3
223,3
223,3
223,3
223,3
223,3
223,3
223,3
223,2
223,2
223,2
223,2
223,2
223,2
223,2
223,2
223,2
223,2
223,2
223,2
223,2
223,2
223,2
223,2
223,2
223,2
223,2
223,2
223,2
223,2
223,2
223,2
223,2
223,2
223,2
223,2
223,2
223,2
223,2
223,2
223,2
223,2
223,2
223,2
223,2
223,2
223,2
223,1
223,1
223,1
223,1
223,1
223,1
223,1
223,1
223,1
223,1
223,1
223,1
223,1
223,1
223,1
223,1
223,1
223,1
223,1
223,1
223,1
223,1
223,1
223,1
223,1
223,1
223,1
223,1
223,1
223,1
223,1
223,1
223,1
223,1
223,1
223,1
223,1
223,1
223,1
223,1
223,1
223,1
223,1
223,1
223,1
223,1
223,1
223,1
223,1
223,1
223,1
223,1
223,1
223,1
223,1
223,1
223,1
223,1
223,1
223,1
223,1
223,1
223,1
223,1
223,1
223,1
223,1
223,1
223,1
223,1
223,1
223,1
223,1
223,1
223,1
223,1
223,1
223,1
223,1
223,1
223,1
223,1
223,1
223,1
223,1
223,1
223,1
223,1
223,1
223,1
223,1
223,1
223,1
223,1
223,1
223,1
223,1
223,1
223,1
223,1
223,1
223,1
223,1
223,1
223,1
223,1
223,1
223,1
223,1
223,1
223,1
223,1
223,1
223,1
223,1
223,1
223,1
223,1
223,1
223,1
223,1
223,1
223,1
223,1
223,1
223,1
223,1
223,1
223,1
223,1
223,1
223,1
223,1
223,1
223,1
223,1
223,1
223,1
223,1
223,1
223,1
223,1
223,1
223,1
223,1
223,1
223,1
223,1
223,1
223,1
223,1
223,1
223,1
223,1
223,1
223,1
223,1
223,1
223,1
223,1
223,1
223,1
223,1
223,1
223,1
223,1
223,1
223,1
223,1
223,1
223,1
223,1
223,1
223,1
223,1
223,1
223,1
223,1
223,1
223,1
223,1
223,1
223,1
223,1
223,1
223,1
223,1
223,1
223,1
223,1
223,1
223,1
223,1
223,1
223,1
223,1
223,1
223,1
223,1
223,1
223,1
223,1
223,1
223,1
223,1
224,2237
224,21
224,15
224,14
224,13
224,7
224,6
224,6
224,6
224,5
224,5
224,4
224,4
224,4
224,4
224,4
224,3
224,3
224,3
224,3
224,3
224,2
224,2
224,2
224,2
224,2
224,2
224,2
224,2
224,2
224,2
224,2
224,2
224,2
224,2
224,2
224,2
224,2
224,2
224,2
224,2
224,2
224,2
224,1
224,1
224,1
224,1
224,1
224,1
224,1
224,1
224,1
224,1
224,1
224,1
224,1
224,1
224,1
224,1
224,1
224,1
224,1
224,1
224,1
224,1
224,1
224,1
224,1
224,1
224,1
224,1
224,1
224,1
224,1
224,1
224,1
224,1
224,1
224,1
224,1
224,1
224,1
224,1
224,1
224,1
224,1
224,1
224,1
224,1
224,1
224,1
224,1
224,1
224,1
224,1
224,1
224,1
224,1
224,1
224,1
224,1
224,1
224,1
224,1
224,1
224,1
224,1
224,1
224,1
224,1
224,1
224,1
224,1
224,1
224,1
224,1
224,1
224,1
224,1
224,1
224,1
224,1
224,1
224,1
224,1
224,1
224,1
224,1
224,1
224,1
224,1
224,1
224,1
224,1
224,1
224,1
224,1
224,1
224,1
224,1
224,1
224,1
225,2161
225,93
225,92
225,22
225,10
225,9
225,8
225,7
225,7
225,6
225,6
225,6
225,6
225,5
225,5
225,5
225,5
225,4
225,4
225,4
225,4
225,3
225,3
225,3
225,3
225,3
225,3
225,3
225,3
225,3
225,3
225,3
225,3
225,3
225,3
225,3
225,3
225,3
225,2
225,2
225,2
225,2
225,2
225,2
225,2
225,2
225,2
225,2
225,2
225,2
225,2
225,2
225,2
225,2
225,2
225,2
225,2
225,2
225,2
225,2
225,2
225,2
225,2
225,2
225,2
225,2
225,2
225,2
225,1
225,1
225,1
225,1
225,1
225,1
225,1
225,1
225,1
225,1
225,1
225,1
225,1
225,1
225,1
225,1
225,1
225,1
225,1
225,1
225,1
225,1
225,1
225,1
225,1
225,1
225,1
225,1
225,1
225,1
225,1
225,1
225,1
225,1
225,1
225,1
225,1
225,1
225,1
225,1
225,1
225,1
225,1
225,1
225,1
225,1
225,1
225,1
225,1
225,1
225,1
225,1
225,1
225,1
225,1
225,1
225,1
225,1
225,1
225,1
225,1
225,1
225,1
225,1
225,1
225,1
225,1
225,1
225,1
225,1
225,1
225,1
225,1
225,1
225,1
225,1
225,1
225,1
225,1
225,1
225,1
225,1
225,1
225,1
225,1
225,1
225,1
225,1
225,1
225,1
225,1
225,1
225,1
225,1
225,1
225,1
225,1
225,1
225,1
225,1
225,1
225,1
225,1
225,1
225,1
225,1
225,1
225,1
225,1
225,1
225,1
225,1
225,1
225,1
225,1
225,1
225,1
225,1
225,1
225,1
225,1
225,1
225,1
225,1
225,1
225,1
225,1
225,1
225,1
225,1
225,1
225,1
225,1
225,1
226,2225
226,26
226,15
226,14
226,13
226,13
226,11
226,7
226,6
226,6
226,4
226,4
226,4
226,4
226,4
226,4
226,3
226,3
226,3
226,3
226,3
226,3
226,3
226,3
226,3
226,3
226,2
226,2
226,2
226,2
226,2
226,2
226,2
226,2
226,2
226,2
226,2
226,2
226,2
226,2
226,2
226,2
226,2
226,2
226,2
226,2
226,2
226,2
226,2
226,2
226,2
226,2
226,2
226,1
226,1
226,1
226,1
226,1
226,1
226,1
226,1
226,1
226,1
226,1
226,1
226,1
226,1
226,1
226,1
226,1
226,1
226,1
226,1
226,1
226,1
226,1
226,1
226,1
226,1
226,1
226,1
226,1
226,1
226,1
226,1
226,1
226,1
226,1
226,1
226,1
226,1
226,1
226,1
226,1
226,1
226,1
226,1
226,1
226,1
226,1
226,1
226,1
226,1
226,1
226,1
226,1
226,1
226,1
226,1
226,1
226,1
226,1
226,1
226,1
226,1
226,1
226,1
226,1
226,1
226,1
226,1
226,1
226,1
226,1
226,1
226,1
226,1
226,1
226,1
226,1
226,1
226,1
226,1
226,1
226,1
226,1
226,1
226,1
226,1
226,1
226,1
226,1
226,1
226,1
226,1
226,1
226,1
226,1
226,1
226,1
226,1
226,1
227,2198
227,54
227,9
227,8
227,5
227,5
227,5
227,4
227,4
227,4
227,4
227,3
227,3
227,3
227,3
227,3
227,2
227,2
227,2
227,2
227,2
227,2
227,2
227,2
227,2
227,2
227,2
227,2
227,2
227,2
227,2
227,2
227,2
227,2
227,2
227,2
227,2
227,2
227,2
227,2
227,2
227,2
227,2
227,2
227,2
227,1
227,1
227,1
227,1
227,1
227,1
227,1
227,1
227,1
227,1
227,1
227,1
227,1
227,1
227,1
227,1
227,1
227,1
227,1
227,1
227,1
227,1
227,1
227,1
227,1
227,1
227,1
227,1
227,1
227,1
227,1
227,1
227,1
227,1
227,1
227,1
227,1
227,1
227,1
227,1
227,1
227,1
227,1
227,1
227,1
227,1
227,1
227,1
227,1
227,1
227,1
227,1
227,1
227,1
227,1
227,1
227,1
227,1
227,1
227,1
227,1
227,1
227,1
227,1
227,1
227,1
227,1
227,1
227,1
227,1
227,1
227,1
227,1
227,1
227,1
227,1
227,1
227,1
227,1
227,1
227,1
227,1
227,1
227,1
227,1
227,1
227,1
227,1
227,1
227,1
227,1
227,1
227,1
227,1
227,1
227,1
227,1
227,1
227,1
227,1
227,1
227,1
227,1
227,1
227,1
228,2456
228,14
228,8
228,7
228,6
228,5
228,5
228,5
228,5
228,4
228,4
228,4
228,4
228,4
228,3
228,3
228,3
228,3
228,3
228,3
228,3
228,3
228,3
228,3
228,3
228,3
228,3
228,3
228,2
228,2
228,2
228,2
228,2
228,2
228,2
228,2
228,2
228,2
228,2
228,2
228,2
228,2
228,2
228,2
228,2
228,2
228,2
228,2
228,2
228,2
228,2
228,2
228,2
228,2
228,2
228,2
228,2
228,2
228,2
228,2
228,1
228,1
228,1
228,1
228,1
228,1
228,1
228,1
228,1
228,1
228,1
228,1
228,1
228,1
228,1
228,1
228,1
228,1
228,1
228,1
228,1
228,1
228,1
228,1
228,1
228,1
228,1
228,1
228,1
228,1
228,1
228,1
228,1
228,1
228,1
228,1
228,1
228,1
228,1
228,1
228,1
228,1
228,1
228,1
228,1
228,1
228,1
228,1
228,1
228,1
228,1
228,1
228,1
228,1
228,1
228,1
228,1
228,1
228,1
228,1
228,1
228,1
228,1
228,1
228,1
228,1
228,1
228,1
228,1
228,1
228,1
228,1
228,1
228,1
228,1
228,1
228,1
228,1
228,1
228,1
228,1
228,1
228,1
228,1
228,1
228,1
228,1
228,1
228,1
228,1
228,1
228,1
228,1
228,1
228,1
228,1
228,1
228,1
228,1
228,1
228,1
228,1
228,1
228,1
228,1
228,1
228,1
228,1
228,1
228,1
228,1
228,1
228,1
228,1
228,1
228,1
228,1
228,1
228,1
228,1
228,1
228,1
228,1
228,1
228,1
228,1
228,1
229,2324
229,30
229,17
229,14
229,12
229,9
229,8
229,7
229,6
229,5
229,5
229,5
229,5
229,4
229,4
229,4
229,4
229,4
229,4
229,4
229,4
229,4
229,4
229,3
229,3
229,3
229,3
229,3
229,3
229,3
229,3
229,3
229,2
229,2
229,2
229,2
229,2
229,2
229,2
229,2
229,2
229,2
229,2
229,2
229,2
229,2
229,2
229,2
229,2
229,2
229,2
229,2
229,2
229,2
229,2
229,2
229,2
229,2
229,2
229,2
229,2
229,2
229,2
229,2
229,2
229,2
229,2
229,2
229,1
229,1
229,1
229,1
229,1
229,1
229,1
229,1
229,1
229,1
229,1
229,1
229,1
229,1
229,1
229,1
229,1
229,1
229,1
229,1
229,1
229,1
229,1
229,1
229,1
229,1
229,1
229,1
229,1
229,1
229,1
229,1
229,1
229,1
229,1
229,1
229,1
229,1
229,1
229,1
229,1
229,1
229,1
229,1
229,1
229,1
229,1
229,1
229,1
229,1
229,1
229,1
229,1
229,1
229,1
229,1
229,1
229,1
229,1
229,1
229,1
229,1
229,1
229,1
229,1
229,1
229,1
229,1
229,1
229,1
229,1
229,1
229,1
229,1
229,1
229,1
229,1
229,1
229,1
229,1
229,1
229,1
229,1
229,1
229,1
229,1
229,1
229,1
229,1
229,1
229,1
229,1
229,1
229,1
229,1
229,1
229,1
229,1
229,1
229,1
229,1
229,1
229,1
229,1
229,1
229,1
229,1
229,1
229,1
229,1
229,1
229,1
229,1
229,1
229,1
229,1
229,1
229,1
229,1
229,1
229,1
229,1
229,1
229,1
229,1
229,1
229,1
229,1
229,1
229,1
229,1
229,1
229,1
229,1
229,1
229,1
229,1
229,1
229,1
229,1
229,1
229,1
230,2207
230,18
230,16
230,15
230,6
230,5
230,4
230,4
230,4
230,4
230,4
230,4
230,4
230,4
230,3
230,3
230,3
230,3
230,3
230,3
230,3
230,3
230,3
230,3
230,3
230,2
230,2
230,2
230,2
230,2
230,2
230,2
230,2
230,2
230,2
230,2
230,2
230,2
230,2
230,2
230,2
230,2
230,2
230,2
230,2
230,2
230,2
230,2
230,2
230,2
230,2
230,1
230,1
230,1
230,1
230,1
230,1
230,1
230,1
230,1
230,1
230,1
230,1
230,1
230,1
230,1
230,1
230,1
230,1
230,1
230,1
230,1
230,1
230,1
230,1
230,1
230,1
230,1
230,1
230,1
230,1
230,1
230,1
230,1
230,1
230,1
230,1
230,1
230,1
230,1
230,1
230,1
230,1
230,1
230,1
230,1
230,1
230,1
230,1
230,1
230,1
230,1
230,1
230,1
230,1
230,1
230,1
230,1
230,1
230,1
230,1
230,1
230,1
230,1
230,1
230,1
230,1
230,1
230,1
230,1
230,1
230,1
230,1
230,1
230,1
230,1
230,1
230,1
230,1
230,1
230,1
230,1
230,1
230,1
230,1
230,1
230,1
230,1
230,1
230,1
230,1
230,1
230,1
230,1
230,1
230,1
230,1
230,1
230,1
230,1
230,1
230,1
230,1
230,1
230,1
230,1
230,1
230,1
230,1
230,1
230,1
230,1
230,1
230,1
230,1
230,1
230,1
230,1
230,1
230,1
231,2277
231,7
231,7
231,7
231,6
231,5
231,5
231,5
231,5
231,4
231,4
231,4
231,4
231,4
231,4
231,4
231,4
231,4
231,4
231,4
231,3
231,3
231,3
231,3
231,3
231,3
231,3
231,3
231,3
231,3
231,3
231,3
231,2
231,2
231,2
231,2
231,2
231,2
231,2
231,2
231,2
231,2
231,2
231,2
231,2
231,2
231,2
231,2
231,2
231,1
231,1
231,1
231,1
231,1
231,1
231,1
231,1
231,1
231,1
231,1
231,1
231,1
231,1
231,1
231,1
231,1
231,1
231,1
231,1
231,1
231,1
231,1
231,1
231,1
231,1
231,1
231,1
231,1
231,1
231,1
231,1
231,1
231,1
231,1
231,1
231,1
231,1
231,1
231,1
231,1
231,1
231,1
231,1
231,1
231,1
231,1
231,1
231,1
231,1
231,1
231,1
231,1
231,1
231,1
231,1
231,1
231,1
231,1
231,1
231,1
231,1
231,1
231,1
231,1
231,1
231,1
231,1
231,1
231,1
231,1
231,1
231,1
231,1
231,1
231,1
231,1
231,1
231,1
231,1
231,1
231,1
231,1
231,1
231,1
231,1
231,1
231,1
231,1
231,1
231,1
231,1
231,1
231,1
231,1
231,1
231,1
231,1
232,2347
232,26
232,16
232,16
232,15
232,14
232,11
232,9
232,9
232,9
232,8
232,6
232,6
232,5
232,5
232,5
232,5
232,4
232,4
232,4
232,3
232,3
232,3
232,3
232,3
232,3
232,3
232,3
232,3
232,3
232,3
232,3
232,3
232,3
232,3
232,2
232,2
232,2
232,2
232,2
232,2
232,2
232,2
232,2
232,2
232,2
232,2
232,2
232,2
232,2
232,2
232,2
232,2
232,2
232,2
232,2
232,2
232,2
232,2
232,2
232,2
232,1
232,1
232,1
232,1
232,1
232,1
232,1
232,1
232,1
232,1
232,1
232,1
232,1
232,1
232,1
232,1
232,1
232,1
232,1
232,1
232,1
232,1
232,1
232,1
232,1
232,1
232,1
232,1
232,1
232,1
232,1
232,1
232,1
232,1
232,1
232,1
232,1
232,1
232,1
232,1
232,1
232,1
232,1
232,1
232,1
232,1
232,1
232,1
232,1
232,1
232,1
232,1
232,1
232,1
232,1
232,1
232,1
232,1
232,1
232,1
232,1
232,1
232,1
232,1
232,1
232,1
232,1
232,1
232,1
232,1
232,1
232,1
232,1
232,1
232,1
232,1
232,1
232,1
232,1
232,1
232,1
232,1
232,1
232,1
232,1
232,1
232,1
232,1
232,1
232,1
232,1
232,1
232,1
232,1
232,1
232,1
232,1
232,1
232,1
232,1
232,1
232,1
232,1
232,1
232,1
232,1
232,1
232,1
232,1
232,1
232,1
232,1
232,1
232,1
232,1
232,1
232,1
232,1
232,1
232,1
232,1
232,1
232,1
232,1
232,1
232,1
232,1
233,2294
233,22
233,10
233,9
233,8
233,8
233,7
233,6
233,5
233,5
233,5
233,4
233,4
233,4
233,4
233,4
233,3
233,3
233,3
233,3
233,3
233,3
233,3
233,3
233,3
233,2
233,2
233,2
233,2
233,2
233,2
233,2
233,2
233,2
233,2
233,2
233,2
233,2
233,2
233,2
233,2
233,2
233,2
233,2
233,2
233,2
233,2
233,2
233,2
233,2
233,2
233,2
233,2
233,2
233,2
233,2
233,1
233,1
233,1
233,1
233,1
233,1
233,1
233,1
233,1
233,1
233,1
233,1
233,1
233,1
233,1
233,1
233,1
233,1
233,1
233,1
233,1
233,1
233,1
233,1
233,1
233,1
233,1
233,1
233,1
233,1
233,1
233,1
233,1
233,1
233,1
233,1
233,1
233,1
233,1
233,1
233,1
233,1
233,1
233,1
233,1
233,1
233,1
233,1
233,1
233,1
233,1
233,1
233,1
233,1
233,1
233,1
233,1
233,1
233,1
233,1
233,1
233,1
233,1
233,1
233,1
233,1
233,1
233,1
233,1
233,1
233,1
233,1
233,1
233,1
233,1
233,1
233,1
233,1
233,1
233,1
233,1
233,1
233,1
233,1
233,1
233,1
233,1
233,1
233,1
233,1
233,1
233,1
234,2163
234,24
234,21
234,17
234,13
234,11
234,9
234,9
234,8
234,6
234,6
234,6
234,5
234,5
234,5
234,5
234,4
234,4
234,4
234,4
234,4
234,4
234,4
234,4
234,4
234,4
234,3
234,3
234,3
234,3
234,3
234,3
234,3
234,3
234,3
234,3
234,3
234,3
234,3
234,3
234,3
234,2
234,2
234,2
234,2
234,2
234,2
234,2
234,2
234,2
234,2
234,2
234,2
234,2
234,2
234,2
234,2
234,2
234,2
234,2
234,2
234,2
234,2
234,2
234,2
234,2
234,2
234,2
234,2
234,2
234,2
234,2
234,2
234,2
234,2
234,2
234,2
234,2
234,2
234,1
234,1
234,1
234,1
234,1
234,1
234,1
234,1
234,1
234,1
234,1
234,1
234,1
234,1
234,1
234,1
234,1
234,1
234,1
234,1
234,1
234,1
234,1
234,1
234,1
234,1
234,1
234,1
234,1
234,1
234,1
234,1
234,1
234,1
234,1
234,1
234,1
234,1
234,1
234,1
234,1
234,1
234,1
234,1
234,1
234,1
234,1
234,1
234,1
234,1
234,1
234,1
234,1
234,1
234,1
234,1
234,1
234,1
234,1
234,1
234,1
234,1
234,1
234,1
234,1
234,1
234,1
234,1
234,1
234,1
234,1
234,1
234,1
234,1
234,1
234,1
234,1
234,1
234,1
234,1
234,1
234,1
234,1
234,1
234,1
234,1
234,1
234,1
234,1
234,1
234,1
234,1
234,1
234,1
234,1
234,1
234,1
234,1
234,1
234,1
234,1
234,1
234,1
234,1
234,1
234,1
234,1
234,1
234,1
234,1
234,1
234,1
234,1
234,1
234,1
234,1
234,1
234,1
234,1
234,1
234,1
234,1
234,1
234,1
234,1
234,1
234,1
234,1
234,1
234,1
234,1
234,1
234,1
235,2444
235,15
235,15
235,8
235,5
235,4
235,4
235,4
235,3
235,3
235,3
235,3
235,3
235,3
235,3
235,3
235,2
235,2
235,2
235,2
235,2
235,2
235,2
235,2
235,2
235,2
235,2
235,2
235,2
235,2
235,2
235,2
235,2
235,2
235,2
235,1
235,1
235,1
235,1
235,1
235,1
235,1
235,1
235,1
235,1
235,1
235,1
235,1
235,1
235,1
235,1
235,1
235,1
235,1
235,1
235,1
235,1
235,1
235,1
235,1
235,1
235,1
235,1
235,1
235,1
235,1
235,1
235,1
235,1
235,1
235,1
235,1
235,1
235,1
235,1
235,1
235,1
235,1
235,1
235,1
235,1
235,1
235,1
235,1
235,1
235,1
235,1
235,1
235,1
235,1
235,1
235,1
235,1
235,1
235,1
235,1
235,1
235,1
235,1
235,1
235,1
235,1
235,1
235,1
235,1
235,1
235,1
235,1
235,1
235,1
235,1
235,1
235,1
235,1
235,1
235,1
235,1
235,1
235,1
235,1
235,1
235,1
235,1
235,1
235,1
235,1
235,1
235,1
235,1
235,1
235,1
235,1
235,1
235,1
235,1
235,1
235,1
235,1
235,1
235,1
235,1
235,1
235,1
235,1
235,1
235,1
235,1
235,1
235,1
235,1
236,2273
236,20
236,11
236,6
236,6
236,6
236,5
236,5
236,5
236,4
236,4
236,4
236,4
236,4
236,3
236,3
236,3
236,3
236,3
236,3
236,3
236,3
236,3
236,3
236,3
236,3
236,2
236,2
236,2
236,2
236,2
236,2
236,2
236,2
236,2
236,2
236,2
236,2
236,2
236,2
236,2
236,2
236,2
236,2
236,2
236,2
236,2
236,2
236,2
236,2
236,2
236,2
236,2
236,2
236,2
236,2
236,2
236,2
236,1
236,1
236,1
236,1
236,1
236,1
236,1
236,1
236,1
236,1
236,1
236,1
236,1
236,1
236,1
236,1
236,1
236,1
236,1
236,1
236,1
236,1
236,1
236,1
236,1
236,1
236,1
236,1
236,1
236,1
236,1
236,1
236,1
236,1
236,1
236,1
236,1
236,1
236,1
236,1
236,1
236,1
236,1
236,1
236,1
236,1
236,1
236,1
236,1
236,1
236,1
236,1
236,1
236,1
236,1
236,1
236,1
236,1
236,1
236,1
236,1
236,1
236,1
236,1
236,1
236,1
236,1
236,1
236,1
236,1
236,1
236,1
236,1
236,1
236,1
236,1
236,1
236,1
236,1
236,1
236,1
236,1
236,1
236,1
236,1
236,1
236,1
236,1
236,1
236,1
236,1
236,1
236,1
237,2147
237,81
237,57
237,22
237,12
237,11
237,10
237,9
237,7
237,7
237,6
237,6
237,5
237,5
237,5
237,4
237,4
237,4
237,4
237,4
237,4
237,4
237,3
237,3
237,3
237,3
237,3
237,3
237,3
237,3
237,3
237,3
237,3
237,3
237,2
237,2
237,2
237,2
237,2
237,2
237,2
237,2
237,2
237,2
237,2
237,2
237,2
237,2
237,2
237,2
237,2
237,2
237,2
237,2
237,2
237,2
237,2
237,2
237,2
237,2
237,2
237,2
237,2
237,2
237,2
237,2
237,2
237,2
237,2
237,2
237,2
237,1
237,1
237,1
237,1
237,1
237,1
237,1
237,1
237,1
237,1
237,1
237,1
237,1
237,1
237,1
237,1
237,1
237,1
237,1
237,1
237,1
237,1
237,1
237,1
237,1
237,1
237,1
237,1
237,1
237,1
237,1
237,1
237,1
237,1
237,1
237,1
237,1
237,1
237,1
237,1
237,1
237,1
237,1
237,1
237,1
237,1
237,1
237,1
237,1
237,1
237,1
237,1
237,1
237,1
237,1
237,1
237,1
237,1
237,1
237,1
237,1
237,1
237,1
237,1
237,1
237,1
237,1
237,1
237,1
237,1
237,1
237,1
237,1
237,1
237,1
237,1
237,1
237,1
237,1
237,1
237,1
237,1
237,1
237,1
237,1
237,1
237,1
237,1
237,1
237,1
237,1
237,1
237,1
237,1
237,1
237,1
237,1
237,1
237,1
237,1
237,1
237,1
237,1
237,1
237,1
237,1
237,1
237,1
237,1
238,1482
238,700
238,13
238,7
238,7
238,5
238,5
238,5
238,4
238,4
238,4
238,4
238,3
238,3
238,3
238,3
238,3
238,3
238,3
238,3
238,3
238,2
238,2
238,2
238,2
238,2
238,2
238,2
238,2
238,2
238,2
238,2
238,2
238,2
238,2
238,2
238,2
238,2
238,2
238,2
238,2
238,2
238,2
238,2
238,2
238,2
238,2
238,2
238,1
238,1
238,1
238,1
238,1
238,1
238,1
238,1
238,1
238,1
238,1
238,1
238,1
238,1
238,1
238,1
238,1
238,1
238,1
238,1
238,1
238,1
238,1
238,1
238,1
238,1
238,1
238,1
238,1
238,1
238,1
238,1
238,1
238,1
238,1
238,1
238,1
238,1
238,1
238,1
238,1
238,1
238,1
238,1
238,1
238,1
238,1
238,1
238,1
238,1
238,1
238,1
238,1
238,1
238,1
238,1
238,1
238,1
238,1
238,1
238,1
238,1
238,1
238,1
238,1
238,1
238,1
238,1
238,1
238,1
238,1
238,1
238,1
238,1
238,1
238,1
238,1
238,1
238,1
238,1
238,1
238,1
238,1
238,1
238,1
238,1
238,1
238,1
238,1
238,1
238,1
238,1
238,1
238,1
238,1
238,1
238,1
238,1
238,1
238,1
238,1
238,1
238,1
238,1
239,2253
239,8
239,8
239,7
239,6
239,6
239,5
239,5
239,5
239,4
239,4
239,4
239,4
239,4
239,3
239,3
239,3
239,3
239,3
239,3
239,2
239,2
239,2
239,2
239,2
239,2
239,2
239,2
239,2
239,2
239,2
239,2
239,2
239,2
239,2
239,2
239,1
239,1
239,1
239,1
239,1
239,1
239,1
239,1
239,1
239,1
239,1
239,1
239,1
239,1
239,1
239,1
239,1
239,1
239,1
239,1
239,1
239,1
239,1
239,1
239,1
239,1
239,1
239,1
239,1
239,1
239,1
239,1
239,1
239,1
239,1
239,1
239,1
239,1
239,1
239,1
239,1
239,1
239,1
239,1
239,1
239,1
239,1
239,1
239,1
239,1
239,1
239,1
239,1
239,1
239,1
239,1
239,1
239,1
239,1
239,1
239,1
239,1
239,1
239,1
239,1
239,1
239,1
239,1
239,1
239,1
239,1
239,1
239,1
239,1
239,1
239,1
239,1
239,1
239,1
239,1
239,1
239,1
239,1
239,1
239,1
239,1
239,1
239,1
239,1
239,1
239,1
239,1
239,1
239,1
240,2336
240,18
240,12
240,11
240,9
240,9
240,8
240,8
240,8
240,8
240,7
240,7
240,7
240,6
240,5
240,5
240,5
240,5
240,5
240,5
240,5
240,4
240,4
240,3
240,3
240,3
240,3
240,3
240,3
240,3
240,3
240,3
240,3
240,3
240,3
240,3
240,3
240,2
240,2
240,2
240,2
240,2
240,2
240,2
240,2
240,2
240,2
240,2
240,2
240,2
240,2
240,2
240,2
240,2
240,2
240,2
240,2
240,2
240,1
240,1
240,1
240,1
240,1
240,1
240,1
240,1
240,1
240,1
240,1
240,1
240,1
240,1
240,1
240,1
240,1
240,1
240,1
240,1
240,1
240,1
240,1
240,1
240,1
240,1
240,1
240,1
240,1
240,1
240,1
240,1
240,1
240,1
240,1
240,1
240,1
240,1
240,1
240,1
240,1
240,1
240,1
240,1
240,1
240,1
240,1
240,1
240,1
240,1
240,1
240,1
240,1
240,1
240,1
240,1
240,1
240,1
240,1
240,1
240,1
240,1
240,1
240,1
240,1
240,1
240,1
240,1
240,1
240,1
240,1
240,1
240,1
240,1
240,1
240,1
240,1
240,1
240,1
240,1
240,1
240,1
240,1
240,1
240,1
240,1
240,1
240,1
240,1
240,1
240,1
240,1
240,1
240,1
240,1
240,1
240,1
240,1
240,1
240,1
240,1
240,1
240,1
240,1
240,1
240,1
240,1
240,1
240,1
240,1
240,1
240,1
240,1
240,1
240,1
240,1
240,1
240,1
240,1
240,1
240,1
240,1
240,1
240,1
240,1
240,1
240,1
240,1
240,1
240,1
240,1
240,1
240,1
240,1
240,1
240,1
240,1
240,1
240,1
240,1
240,1
240,1
240,1
240,1
240,1
240,1
240,1
240,1
240,1
240,1
240,1
240,1
240,1
240,1
241,2534
241,12
241,9
241,8
241,6
241,6
241,6
241,5
241,5
241,5
241,5
241,4
241,4
241,4
241,4
241,4
241,3
241,3
241,3
241,3
241,3
241,3
241,3
241,3
241,3
241,3
241,3
241,3
241,2
241,2
241,2
241,2
241,2
241,2
241,2
241,2
241,2
241,2
241,2
241,2
241,2
241,2
241,2
241,2
241,2
241,2
241,2
241,2
241,2
241,2
241,2
241,2
241,2
241,2
241,2
241,2
241,2
241,2
241,2
241,2
241,2
241,2
241,2
241,2
241,2
241,1
241,1
241,1
241,1
241,1
241,1
241,1
241,1
241,1
241,1
241,1
241,1
241,1
241,1
241,1
241,1
241,1
241,1
241,1
241,1
241,1
241,1
241,1
241,1
241,1
241,1
241,1
241,1
241,1
241,1
241,1
241,1
241,1
241,1
241,1
241,1
241,1
241,1
241,1
241,1
241,1
241,1
241,1
241,1
241,1
241,1
241,1
241,1
241,1
241,1
241,1
241,1
241,1
241,1
241,1
241,1
241,1
241,1
241,1
241,1
241,1
241,1
241,1
241,1
241,1
241,1
241,1
241,1
241,1
241,1
241,1
241,1
241,1
241,1
241,1
241,1
241,1
241,1
241,1
241,1
241,1
241,1
241,1
241,1
241,1
241,1
241,1
241,1
241,1
241,1
241,1
241,1
241,1
241,1
241,1
241,1
241,1
241,1
241,1
241,1
241,1
241,1
241,1
241,1
241,1
241,1
241,1
241,1
241,1
241,1
241,1
241,1
241,1
241,1
241,1
241,1
241,1
241,1
241,1
241,1
241,1
241,1
241,1
241,1
241,1
241,1
241,1
241,1
241,1
241,1
241,1
241,1
241,1
241,1
241,1
241,1
241,1
241,1
241,1
242,1831
242,293
242,26
242,14
242,12
242,9
242,9
242,7
242,7
242,7
242,7
242,6
242,6
242,5
242,4
242,4
242,4
242,4
242,4
242,4
242,4
242,3
242,3
242,3
242,3
242,3
242,3
242,3
242,3
242,3
242,3
242,3
242,2
242,2
242,2
242,2
242,2
242,2
242,2
242,2
242,2
242,2
242,2
242,2
242,2
242,2
242,2
242,2
242,2
242,2
242,2
242,2
242,2
242,2
242,2
242,2
242,2
242,2
242,2
242,2
242,2
242,2
242,2
242,2
242,2
242,2
242,2
242,2
242,2
242,2
242,2
242,2
242,2
242,1
242,1
242,1
242,1
242,1
242,1
242,1
242,1
242,1
242,1
242,1
242,1
242,1
242,1
242,1
242,1
242,1
242,1
242,1
242,1
242,1
242,1
242,1
242,1
242,1
242,1
242,1
242,1
242,1
242,1
242,1
242,1
242,1
242,1
242,1
242,1
242,1
242,1
242,1
242,1
242,1
242,1
242,1
242,1
242,1
242,1
242,1
242,1
242,1
242,1
242,1
242,1
242,1
242,1
242,1
242,1
242,1
242,1
242,1
242,1
242,1
242,1
242,1
242,1
242,1
242,1
242,1
242,1
242,1
242,1
242,1
242,1
242,1
242,1
242,1
242,1
242,1
242,1
242,1
242,1
242,1
242,1
242,1
242,1
242,1
242,1
242,1
242,1
242,1
242,1
242,1
242,1
242,1
242,1
242,1
242,1
242,1
242,1
242,1
242,1
242,1
242,1
242,1
242,1
242,1
242,1
242,1
242,1
242,1
242,1
242,1
242,1
242,1
242,1
243,2263
243,29
243,21
243,8
243,7
243,6
243,6
243,6
243,6
243,6
243,6
243,3
243,3
243,3
243,3
243,3
243,3
243,3
243,3
243,3
243,3
243,3
243,3
243,2
243,2
243,2
243,2
243,2
243,2
243,2
243,2
243,2
243,2
243,2
243,2
243,2
243,2
243,2
243,2
243,2
243,2
243,2
243,2
243,2
243,2
243,2
243,2
243,2
243,2
243,2
243,2
243,2
243,2
243,2
243,2
243,2
243,1
243,1
243,1
243,1
243,1
243,1
243,1
243,1
243,1
243,1
243,1
243,1
243,1
243,1
243,1
243,1
243,1
243,1
243,1
243,1
243,1
243,1
243,1
243,1
243,1
243,1
243,1
243,1
243,1
243,1
243,1
243,1
243,1
243,1
243,1
243,1
243,1
243,1
243,1
243,1
243,1
243,1
243,1
243,1
243,1
243,1
243,1
243,1
243,1
243,1
243,1
243,1
243,1
243,1
243,1
243,1
243,1
243,1
243,1
243,1
243,1
243,1
243,1
243,1
243,1
243,1
243,1
243,1
243,1
243,1
243,1
243,1
243,1
243,1
243,1
243,1
243,1
243,1
243,1
243,1
243,1
243,1
243,1
243,1
243,1
243,1
243,1
243,1
243,1
243,1
243,1
243,1
243,1
243,1
243,1
243,1
243,1
243,1
243,1
243,1
243,1
243,1
243,1
243,1
243,1
243,1
243,1
243,1
243,1
243,1
243,1
243,1
243,1
243,1
243,1
243,1
243,1
243,1
243,1
243,1
243,1
243,1
244,2397
244,11
244,9
244,8
244,8
244,8
244,7
244,6
244,5
244,4
244,4
244,4
244,4
244,4
244,4
244,4
244,3
244,3
244,3
244,3
244,3
244,3
244,3
244,3
244,3
244,3
244,3
244,2
244,2
244,2
244,2
244,2
244,2
244,2
244,2
244,2
244,2
244,2
244,2
244,2
244,2
244,2
244,2
244,2
244,2
244,2
244,2
244,2
244,2
244,2
244,2
244,2
244,2
244,2
244,2
244,2
244,2
244,2
244,2
244,2
244,2
244,2
244,1
244,1
244,1
244,1
244,1
244,1
244,1
244,1
244,1
244,1
244,1
244,1
244,1
244,1
244,1
244,1
244,1
244,1
244,1
244,1
244,1
244,1
244,1
244,1
244,1
244,1
244,1
244,1
244,1
244,1
244,1
244,1
244,1
244,1
244,1
244,1
244,1
244,1
244,1
244,1
244,1
244,1
244,1
244,1
244,1
244,1
244,1
244,1
244,1
244,1
244,1
244,1
244,1
244,1
244,1
244,1
244,1
244,1
244,1
244,1
244,1
244,1
244,1
244,1
244,1
244,1
244,1
244,1
244,1
244,1
244,1
244,1
244,1
244,1
244,1
244,1
244,1
244,1
244,1
244,1
244,1
244,1
244,1
244,1
244,1
244,1
244,1
244,1
244,1
244,1
244,1
244,1
244,1
244,1
244,1
244,1
244,1
244,1
244,1
244,1
244,1
244,1
244,1
244,1
244,1
244,1
244,1
244,1
244,1
244,1
244,1
244,1
244,1
244,1
244,1
244,1
244,1
244,1
244,1
244,1
244,1
244,1
244,1
244,1
244,1
244,1
244,1
244,1
244,1
244,1
244,1
244,1
244,1
244,1
245,2391
245,11
245,10
245,7
245,7
245,6
245,6
245,6
245,4
245,4
245,4
245,4
245,4
245,4
245,4
245,4
245,3
245,3
245,3
245,2
245,2
245,2
245,2
245,2
245,2
245,2
245,2
245,2
245,2
245,2
245,2
245,2
245,2
245,2
245,2
245,2
245,2
245,2
245,2
245,2
245,2
245,2
245,2
245,2
245,2
245,2
245,2
245,2
245,2
245,2
245,2
245,2
245,2
245,2
245,2
245,2
245,2
245,1
245,1
245,1
245,1
245,1
245,1
245,1
245,1
245,1
245,1
245,1
245,1
245,1
245,1
245,1
245,1
245,1
245,1
245,1
245,1
245,1
245,1
245,1
245,1
245,1
245,1
245,1
245,1
245,1
245,1
245,1
245,1
245,1
245,1
245,1
245,1
245,1
245,1
245,1
245,1
245,1
245,1
245,1
245,1
245,1
245,1
245,1
245,1
245,1
245,1
245,1
245,1
245,1
245,1
245,1
245,1
245,1
245,1
245,1
245,1
245,1
245,1
245,1
245,1
245,1
245,1
245,1
245,1
245,1
245,1
245,1
245,1
245,1
245,1
245,1
245,1
245,1
245,1
245,1
245,1
245,1
245,1
245,1
245,1
245,1
245,1
245,1
245,1
245,1
245,1
245,1
245,1
245,1
245,1
245,1
245,1
245,1
245,1
245,1
245,1
245,1
245,1
245,1
245,1
246,2138
246,220
246,95
246,27
246,19
246,13
246,11
246,10
246,10
246,10
246,8
246,7
246,7
246,6
246,6
246,6
246,5
246,5
246,4
246,4
246,4
246,4
246,4
246,4
246,4
246,3
246,3
246,3
246,3
246,3
246,3
246,3
246,3
246,3
246,3
246,3
246,3
246,3
246,3
246,3
246,2
246,2
246,2
246,2
246,2
246,2
246,2
246,2
246,2
246,2
246,2
246,2
246,2
246,2
246,2
246,2
246,2
246,2
246,2
246,2
246,2
246,2
246,2
246,2
246,2
246,2
246,2
246,2
246,2
246,2
246,1
246,1
246,1
246,1
246,1
246,1
246,1
246,1
246,1
246,1
246,1
246,1
246,1
246,1
246,1
246,1
246,1
246,1
246,1
246,1
246,1
246,1
246,1
246,1
246,1
246,1
246,1
246,1
246,1
246,1
246,1
246,1
246,1
246,1
246,1
246,1
246,1
246,1
246,1
246,1
246,1
246,1
246,1
246,1
246,1
246,1
246,1
246,1
246,1
246,1
246,1
246,1
246,1
246,1
246,1
246,1
246,1
246,1
246,1
246,1
246,1
246,1
246,1
246,1
246,1
246,1
246,1
246,1
246,1
246,1
246,1
246,1
246,1
246,1
246,1
246,1
246,1
246,1
246,1
246,1
246,1
246,1
246,1
246,1
246,1
246,1
246,1
246,1
246,1
246,1
246,1
246,1
246,1
246,1
246,1
246,1
246,1
246,1
246,1
246,1
246,1
246,1
246,1
246,1
246,1
246,1
246,1
246,1
246,1
246,1
246,1
246,1
246,1
246,1
246,1
246,1
246,1
246,1
246,1
246,1
246,1
246,1
246,1
246,1
246,1
246,1
246,1
246,1
246,1
246,1
246,1
246,1
246,1
246,1
246,1
246,1
246,1
246,1
246,1
246,1
246,1
246,1
246,1
246,1
246,1
246,1
246,1
246,1
246,1
246,1
246,1
246,1
246,1
246,1
246,1
246,1
246,1
246,1
247,2239
247,46
247,34
247,13
247,12
247,9
247,8
247,7
247,6
247,5
247,5
247,5
247,4
247,4
247,4
247,4
247,4
247,3
247,3
247,3
247,3
247,3
247,3
247,3
247,3
247,3
247,3
247,3
247,3
247,2
247,2
247,2
247,2
247,2
247,2
247,2
247,2
247,2
247,2
247,2
247,2
247,2
247,2
247,2
247,2
247,2
247,2
247,2
247,2
247,2
247,2
247,2
247,2
247,2
247,2
247,2
247,2
247,2
247,2
247,2
247,2
247,2
247,2
247,2
247,2
247,2
247,2
247,2
247,2
247,2
247,2
247,2
247,2
247,2
247,1
247,1
247,1
247,1
247,1
247,1
247,1
247,1
247,1
247,1
247,1
247,1
247,1
247,1
247,1
247,1
247,1
247,1
247,1
247,1
247,1
247,1
247,1
247,1
247,1
247,1
247,1
247,1
247,1
247,1
247,1
247,1
247,1
247,1
247,1
247,1
247,1
247,1
247,1
247,1
247,1
247,1
247,1
247,1
247,1
247,1
247,1
247,1
247,1
247,1
247,1
247,1
247,1
247,1
247,1
247,1
247,1
247,1
247,1
247,1
247,1
247,1
247,1
247,1
247,1
247,1
247,1
247,1
247,1
247,1
247,1
247,1
247,1
247,1
247,1
247,1
247,1
247,1
247,1
247,1
247,1
247,1
247,1
247,1
247,1
247,1
247,1
247,1
247,1
247,1
247,1
247,1
247,1
247,1
247,1
247,1
247,1
247,1
247,1
247,1
247,1
247,1
247,1
247,1
247,1
247,1
247,1
247,1
247,1
247,1
247,1
247,1
247,1
247,1
247,1
247,1
247,1
247,1
247,1
247,1
247,1
247,1
247,1
247,1
247,1
247,1
247,1
247,1
247,1
247,1
247,1
247,1
247,1
247,1
247,1
247,1
247,1
247,1
247,1
247,1
247,1
247,1
247,1
247,1
247,1
247,1
247,1
247,1
247,1
247,1
247,1
247,1
247,1
247,1
248,2404
248,37
248,21
248,16
248,7
248,6
248,6
248,6
248,6
248,5
248,5
248,4
248,4
248,4
248,4
248,4
248,4
248,4
248,4
248,3
248,3
248,3
248,3
248,3
248,3
248,3
248,3
248,3
248,3
248,3
248,3
248,2
248,2
248,2
248,2
248,2
248,2
248,2
248,2
248,2
248,2
248,2
248,2
248,2
248,2
248,2
248,2
248,2
248,2
248,2
248,2
248,2
248,2
248,2
248,2
248,2
248,2
248,2
248,2
248,2
248,2
248,2
248,2
248,2
248,2
248,2
248,2
248,2
248,2
248,2
248,2
248,2
248,2
248,2
248,2
248,2
248,2
248,2
248,2
248,2
248,2
248,2
248,2
248,1
248,1
248,1
248,1
248,1
248,1
248,1
248,1
248,1
248,1
248,1
248,1
248,1
248,1
248,1
248,1
248,1
248,1
248,1
248,1
248,1
248,1
248,1
248,1
248,1
248,1
248,1
248,1
248,1
248,1
248,1
248,1
248,1
248,1
248,1
248,1
248,1
248,1
248,1
248,1
248,1
248,1
248,1
248,1
248,1
248,1
248,1
248,1
248,1
248,1
248,1
248,1
248,1
248,1
248,1
248,1
248,1
248,1
248,1
248,1
248,1
248,1
248,1
248,1
248,1
248,1
248,1
248,1
248,1
248,1
248,1
248,1
248,1
248,1
248,1
248,1
248,1
248,1
248,1
248,1
248,1
248,1
248,1
248,1
248,1
248,1
248,1
248,1
248,1
248,1
248,1
248,1
248,1
248,1
248,1
248,1
248,1
248,1
248,1
248,1
248,1
248,1
248,1
248,1
248,1
248,1
248,1
248,1
248,1
248,1
248,1
248,1
248,1
248,1
248,1
248,1
248,1
248,1
248,1
248,1
248,1
248,1
248,1
248,1
248,1
248,1
248,1
248,1
248,1
248,1
248,1
248,1
248,1
248,1
248,1
248,1
248,1
248,1
248,1
248,1
248,1
248,1
248,1
248,1
248,1
248,1
248,1
248,1
248,1
248,1
248,1
248,1
248,1
248,1
248,1
249,2227
249,24
249,21
249,20
249,17
249,16
249,11
249,8
249,8
249,5
249,5
249,5
249,4
249,4
249,4
249,4
249,4
249,4
249,3
249,3
249,3
249,3
249,3
249,3
249,3
249,3
249,3
249,3
249,3
249,3
249,2
249,2
249,2
249,2
249,2
249,2
249,2
249,2
249,2
249,2
249,2
249,2
249,2
249,2
249,2
249,2
249,2
249,2
249,2
249,2
249,2
249,2
249,2
249,2
249,2
249,2
249,1
249,1
249,1
249,1
249,1
249,1
249,1
249,1
249,1
249,1
249,1
249,1
249,1
249,1
249,1
249,1
249,1
249,1
249,1
249,1
249,1
249,1
249,1
249,1
249,1
249,1
249,1
249,1
249,1
249,1
249,1
249,1
249,1
249,1
249,1
249,1
249,1
249,1
249,1
249,1
249,1
249,1
249,1
249,1
249,1
249,1
249,1
249,1
249,1
249,1
249,1
249,1
249,1
249,1
249,1
249,1
249,1
249,1
249,1
249,1
249,1
249,1
249,1
249,1
249,1
249,1
249,1
249,1
249,1
249,1
249,1
249,1
249,1
249,1
249,1
249,1
249,1
249,1
249,1
249,1
249,1
249,1
249,1
249,1
249,1
249,1
249,1
249,1
249,1
249,1
249,1
249,1
249,1
249,1
249,1
249,1
249,1
249,1
249,1
249,1
249,1
249,1
249,1
249,1
249,1
249,1
249,1
249,1
249,1
249,1
249,1
249,1
249,1
249,1
249,1
249,1
249,1
249,1
249,1
249,1
249,1
249,1
249,1
249,1
249,1
249,1
250,2189
250,51
250,38
250,21
250,16
250,15
250,13
250,11
250,11
250,10
250,8
250,7
250,6
250,5
250,5
250,5
250,4
250,4
250,4
250,3
250,3
250,3
250,3
250,2
250,2
250,2
250,2
250,2
250,2
250,2
250,2
250,2
250,2
250,2
250,2
250,2
250,2
250,2
250,2
250,2
250,2
250,2
250,2
250,2
250,2
250,2
250,2
250,2
250,2
250,2
250,2
250,2
250,2
250,2
250,2
250,2
250,2
250,2
250,1
250,1
250,1
250,1
250,1
250,1
250,1
250,1
250,1
250,1
250,1
250,1
250,1
250,1
250,1
250,1
250,1
250,1
250,1
250,1
250,1
250,1
250,1
250,1
250,1
250,1
250,1
250,1
250,1
250,1
250,1
250,1
250,1
250,1
250,1
250,1
250,1
250,1
250,1
250,1
250,1
250,1
250,1
250,1
250,1
250,1
250,1
250,1
250,1
250,1
250,1
250,1
250,1
250,1
250,1
250,1
250,1
250,1
250,1
250,1
250,1
250,1
250,1
250,1
250,1
250,1
250,1
250,1
250,1
250,1
250,1
250,1
250,1
250,1
250,1
250,1
250,1
250,1
250,1
250,1
250,1
250,1
250,1
250,1
250,1
250,1
250,1
250,1
250,1
250,1
250,1
250,1
250,1
250,1
250,1
250,1
250,1
250,1
250,1
250,1
250,1
250,1
250,1
250,1
250,1
250,1
250,1
250,1
250,1
250,1
250,1
250,1
250,1
250,1
250,1
250,1
250,1
251,2432
251,47
251,11
251,7
251,6
251,6
251,6
251,5
251,5
251,4
251,4
251,4
251,4
251,4
251,4
251,4
251,3
251,3
251,3
251,3
251,3
251,3
251,3
251,3
251,3
251,3
251,3
251,3
251,3
251,3
251,3
251,3
251,3
251,3
251,3
251,3
251,3
251,2
251,2
251,2
251,2
251,2
251,2
251,2
251,2
251,2
251,2
251,2
251,2
251,2
251,2
251,2
251,2
251,2
251,2
251,2
251,2
251,2
251,2
251,2
251,2
251,2
251,2
251,2
251,2
251,2
251,2
251,2
251,2
251,1
251,1
251,1
251,1
251,1
251,1
251,1
251,1
251,1
251,1
251,1
251,1
251,1
251,1
251,1
251,1
251,1
251,1
251,1
251,1
251,1
251,1
251,1
251,1
251,1
251,1
251,1
251,1
251,1
251,1
251,1
251,1
251,1
251,1
251,1
251,1
251,1
251,1
251,1
251,1
251,1
251,1
251,1
251,1
251,1
251,1
251,1
251,1
251,1
251,1
251,1
251,1
251,1
251,1
251,1
251,1
251,1
251,1
251,1
251,1
251,1
251,1
251,1
251,1
251,1
251,1
251,1
251,1
251,1
251,1
251,1
251,1
251,1
251,1
251,1
251,1
251,1
251,1
251,1
251,1
251,1
251,1
251,1
251,1
251,1
251,1
251,1
251,1
251,1
251,1
251,1
251,1
251,1
251,1
251,1
251,1
251,1
251,1
251,1
251,1
251,1
251,1
251,1
251,1
251,1
251,1
251,1
251,1
251,1
251,1
251,1
251,1
251,1
251,1
251,1
251,1
251,1
251,1
251,1
251,1
251,1
251,1
251,1
251,1
251,1
251,1
251,1
251,1
251,1
251,1
251,1
251,1
251,1
251,1
251,1
251,1
251,1
251,1
251,1
251,1
251,1
251,1
251,1
251,1
252,2366
252,33
252,11
252,8
252,7
252,7
252,6
252,5
252,4
252,4
252,4
252,4
252,3
252,3
252,3
252,3
252,3
252,3
252,3
252,3
252,3
252,3
252,3
252,2
252,2
252,2
252,2
252,2
252,2
252,2
252,2
252,2
252,2
252,2
252,2
252,2
252,2
252,2
252,2
252,2
252,2
252,2
252,2
252,2
252,1
252,1
252,1
252,1
252,1
252,1
252,1
252,1
252,1
252,1
252,1
252,1
252,1
252,1
252,1
252,1
252,1
252,1
252,1
252,1
252,1
252,1
252,1
252,1
252,1
252,1
252,1
252,1
252,1
252,1
252,1
252,1
252,1
252,1
252,1
252,1
252,1
252,1
252,1
252,1
252,1
252,1
252,1
252,1
252,1
252,1
252,1
252,1
252,1
252,1
252,1
252,1
252,1
252,1
252,1
252,1
252,1
252,1
252,1
252,1
252,1
252,1
252,1
252,1
252,1
252,1
252,1
252,1
252,1
252,1
252,1
252,1
252,1
252,1
252,1
252,1
252,1
252,1
252,1
252,1
252,1
252,1
252,1
252,1
252,1
252,1
252,1
252,1
252,1
252,1
252,1
252,1
252,1
252,1
252,1
252,1
252,1
252,1
252,1
252,1
252,1
252,1
252,1
252,1
252,1
252,1
252,1
252,1
252,1
252,1
252,1
253,2342
253,54
253,15
253,11
253,10
253,8
253,7
253,6
253,5
253,5
253,5
253,4
253,3
253,3
253,3
253,3
253,3
253,3
253,3
253,3
253,2
253,2
253,2
253,2
253,2
253,2
253,2
253,2
253,2
253,2
253,2
253,2
253,2
253,2
253,2
253,2
253,2
253,2
253,2
253,2
253,2
253,2
253,2
253,2
253,2
253,2
253,1
253,1
253,1
253,1
253,1
253,1
253,1
253,1
253,1
253,1
253,1
253,1
253,1
253,1
253,1
253,1
253,1
253,1
253,1
253,1
253,1
253,1
253,1
253,1
253,1
253,1
253,1
253,1
253,1
253,1
253,1
253,1
253,1
253,1
253,1
253,1
253,1
253,1
253,1
253,1
253,1
253,1
253,1
253,1
253,1
253,1
253,1
253,1
253,1
253,1
253,1
253,1
253,1
253,1
253,1
253,1
253,1
253,1
253,1
253,1
253,1
253,1
253,1
253,1
253,1
253,1
253,1
253,1
253,1
253,1
253,1
253,1
253,1
253,1
253,1
253,1
253,1
253,1
253,1
253,1
253,1
253,1
253,1
253,1
253,1
253,1
253,1
253,1
253,1
253,1
253,1
253,1
253,1
253,1
253,1
253,1
253,1
253,1
253,1
253,1
253,1
253,1
253,1
253,1
253,1
253,1
253,1
253,1
253,1
253,1
253,1
253,1
253,1
253,1
253,1
253,1
253,1
253,1
253,1
253,1
253,1
253,1
253,1
253,1
253,1
253,1
253,1
253,1
253,1
253,1
253,1
253,1
253,1
253,1
253,1
253,1
253,1
253,1
253,1
253,1
253,1
253,1
253,1
253,1
253,1
253,1
254,2596
254,11
254,10
254,8
254,6
254,6
254,6
254,6
254,5
254,5
254,4
254,4
254,3
254,3
254,3
254,3
254,3
254,3
254,3
254,3
254,2
254,2
254,2
254,2
254,2
254,2
254,2
254,2
254,2
254,2
254,2
254,2
254,2
254,2
254,2
254,2
254,2
254,2
254,2
254,2
254,2
254,2
254,2
254,1
254,1
254,1
254,1
254,1
254,1
254,1
254,1
254,1
254,1
254,1
254,1
254,1
254,1
254,1
254,1
254,1
254,1
254,1
254,1
254,1
254,1
254,1
254,1
254,1
254,1
254,1
254,1
254,1
254,1
254,1
254,1
254,1
254,1
254,1
254,1
254,1
254,1
254,1
254,1
254,1
254,1
254,1
254,1
254,1
254,1
254,1
254,1
254,1
254,1
254,1
254,1
254,1
254,1
254,1
254,1
254,1
254,1
254,1
254,1
254,1
254,1
254,1
254,1
254,1
254,1
254,1
254,1
254,1
254,1
254,1
254,1
254,1
254,1
254,1
254,1
254,1
254,1
254,1
254,1
254,1
254,1
254,1
254,1
254,1
254,1
254,1
254,1
254,1
254,1
254,1
254,1
254,1
254,1
254,1
254,1
254,1
254,1
254,1
254,1
254,1
254,1
254,1
254,1
254,1
254,1
254,1
254,1
254,1
254,1
254,1
254,1
254,1
255,2416
255,50
255,22
255,17
255,13
255,11
255,11
255,10
255,9
255,9
255,8
255,7
255,6
255,6
255,5
255,5
255,5
255,5
255,5
255,5
255,4
255,4
255,4
255,4
255,4
255,4
255,3
255,3
255,3
255,3
255,3
255,3
255,3
255,3
255,3
255,3
255,3
255,3
255,3
255,3
255,3
255,3
255,3
255,2
255,2
255,2
255,2
255,2
255,2
255,2
255,2
255,2
255,2
255,2
255,2
255,2
255,2
255,2
255,2
255,2
255,2
255,2
255,2
255,2
255,2
255,2
255,2
255,1
255,1
255,1
255,1
255,1
255,1
255,1
255,1
255,1
255,1
255,1
255,1
255,1
255,1
255,1
255,1
255,1
255,1
255,1
255,1
255,1
255,1
255,1
255,1
255,1
255,1
255,1
255,1
255,1
255,1
255,1
255,1
255,1
255,1
255,1
255,1
255,1
255,1
255,1
255,1
255,1
255,1
255,1
255,1
255,1
255,1
255,1
255,1
255,1
255,1
255,1
255,1
255,1
255,1
255,1
255,1
255,1
255,1
255,1
255,1
255,1
255,1
255,1
255,1
255,1
255,1
255,1
255,1
255,1
255,1
255,1
255,1
255,1
255,1
255,1
255,1
255,1
255,1
255,1
255,1
255,1
255,1
255,1
255,1
255,1
255,1
255,1
255,1
255,1
255,1
255,1
255,1
255,1
255,1
255,1
255,1
255,1
255,1
255,1
255,1
255,1
255,1
255,1
255,1
255,1
255,1
255,1
255,1
255,1
255,1
255,1
255,1
255,1
255,1
255,1
255,1
255,1
255,1
255,1
255,1
255,1
255,1
255,1
255,1
255,1
255,1
255,1
255,1
255,1
255,1
255,1
255,1
255,1
255,1
255,1
255,1
255,1
255,1
255,1
255,1
255,1
255,1
255,1
255,1
255,1
255,1
255,1
255,1
255,1
255,1
255,1
255,1
255,1
255,1
255,1
255,1
256,2090
256,94
256,49
256,26
256,16
256,15
256,6
256,6
256,6
256,5
256,5
256,5
256,4
256,4
256,4
256,4
256,4
256,4
256,3
256,3
256,3
256,3
256,3
256,3
256,3
256,3
256,3
256,3
256,3
256,3
256,3
256,3
256,3
256,3
256,3
256,3
256,3
256,3
256,3
256,3
256,2
256,2
256,2
256,2
256,2
256,2
256,2
256,2
256,2
256,2
256,2
256,2
256,2
256,2
256,2
256,2
256,2
256,2
256,2
256,2
256,2
256,2
256,2
256,2
256,2
256,2
256,2
256,2
256,2
256,2
256,2
256,1
256,1
256,1
256,1
256,1
256,1
256,1
256,1
256,1
256,1
256,1
256,1
256,1
256,1
256,1
256,1
256,1
256,1
256,1
256,1
256,1
256,1
256,1
256,1
256,1
256,1
256,1
256,1
256,1
256,1
256,1
256,1
256,1
256,1
256,1
256,1
256,1
256,1
256,1
256,1
256,1
256,1
256,1
256,1
256,1
256,1
256,1
256,1
256,1
256,1
256,1
256,1
256,1
256,1
256,1
256,1
256,1
256,1
256,1
256,1
256,1
256,1
256,1
256,1
256,1
256,1
256,1
256,1
256,1
256,1
256,1
256,1
256,1
256,1
256,1
256,1
256,1
256,1
256,1
256,1
256,1
256,1
256,1
256,1
256,1
256,1
256,1
256,1
256,1
256,1
256,1
256,1
256,1
256,1
256,1
256,1
256,1
256,1
256,1
256,1
256,1
256,1
256,1
256,1
256,1
256,1
256,1
256,1
256,1
256,1
256,1
256,1
256,1
256,1
256,1
256,1
256,1
256,1
256,1
256,1
256,1
256,1
256,1
256,1
256,1
256,1
256,1
256,1
256,1
256,1
256,1
256,1
256,1
256,1
256,1
256,1
256,1
256,1
256,1
256,1
256,1
256,1
256,1
256,1
256,1
256,1
256,1
256,1
256,1
256,1
257,2421
257,11
257,8
257,7
257,7
257,5
257,5
257,5
257,5
257,5
257,4
257,4
257,4
257,4
257,4
257,3
257,3
257,3
257,3
257,3
257,3
257,3
257,3
257,3
257,3
257,3
257,3
257,3
257,2
257,2
257,2
257,2
257,2
257,2
257,2
257,2
257,2
257,2
257,2
257,2
257,2
257,2
257,2
257,2
257,2
257,2
257,2
257,2
257,2
257,2
257,2
257,1
257,1
257,1
257,1
257,1
257,1
257,1
257,1
257,1
257,1
257,1
257,1
257,1
257,1
257,1
257,1
257,1
257,1
257,1
257,1
257,1
257,1
257,1
257,1
257,1
257,1
257,1
257,1
257,1
257,1
257,1
257,1
257,1
257,1
257,1
257,1
257,1
257,1
257,1
257,1
257,1
257,1
257,1
257,1
257,1
257,1
257,1
257,1
257,1
257,1
257,1
257,1
257,1
257,1
257,1
257,1
257,1
257,1
257,1
257,1
257,1
257,1
257,1
257,1
257,1
257,1
257,1
257,1
257,1
257,1
257,1
257,1
257,1
257,1
257,1
257,1
257,1
257,1
257,1
257,1
257,1
257,1
257,1
257,1
257,1
257,1
257,1
257,1
257,1
257,1
257,1
257,1
257,1
257,1
257,1
257,1
257,1
257,1
257,1
257,1
257,1
257,1
257,1
257,1
257,1
257,1
257,1
257,1
257,1
257,1
257,1
257,1
257,1
257,1
257,1
257,1
257,1
258,2153
258,27
258,12
258,9
258,8
258,8
258,8
258,7
258,7
258,7
258,7
258,6
258,6
258,5
258,4
258,4
258,4
258,4
258,4
258,4
258,3
258,3
258,3
258,3
258,3
258,3
258,3
258,3
258,3
258,3
258,3
258,3
258,3
258,3
258,3
258,3
258,3
258,3
258,3
258,3
258,2
258,2
258,2
258,2
258,2
258,2
258,2
258,2
258,2
258,2
258,2
258,2
258,2
258,2
258,2
258,2
258,2
258,2
258,2
258,2
258,2
258,2
258,2
258,2
258,2
258,2
258,1
258,1
258,1
258,1
258,1
258,1
258,1
258,1
258,1
258,1
258,1
258,1
258,1
258,1
258,1
258,1
258,1
258,1
258,1
258,1
258,1
258,1
258,1
258,1
258,1
258,1
258,1
258,1
258,1
258,1
258,1
258,1
258,1
258,1
258,1
258,1
258,1
258,1
258,1
258,1
258,1
258,1
258,1
258,1
258,1
258,1
258,1
258,1
258,1
258,1
258,1
258,1
258,1
258,1
258,1
258,1
258,1
258,1
258,1
258,1
258,1
258,1
258,1
258,1
258,1
258,1
258,1
258,1
258,1
258,1
258,1
258,1
258,1
258,1
258,1
258,1
258,1
258,1
258,1
258,1
258,1
258,1
258,1
258,1
258,1
258,1
258,1
258,1
258,1
258,1
258,1
258,1
258,1
258,1
258,1
258,1
258,1
258,1
258,1
258,1
258,1
258,1
258,1
258,1
258,1
258,1
258,1
258,1
258,1
258,1
258,1
258,1
258,1
258,1
258,1
258,1
258,1
258,1
258,1
258,1
258,1
258,1
258,1
258,1
258,1
258,1
258,1
258,1
258,1
258,1
258,1
258,1
258,1
258,1
258,1
259,2272
259,17
259,15
259,14
259,11
259,9
259,7
259,7
259,6
259,6
259,6
259,5
259,5
259,5
259,5
259,4
259,4
259,4
259,3
259,3
259,3
259,3
259,3
259,3
259,3
259,3
259,3
259,3
259,3
259,2
259,2
259,2
259,2
259,2
259,2
259,2
259,2
259,2
259,2
259,2
259,2
259,2
259,2
259,2
259,2
259,2
259,2
259,2
259,2
259,2
259,2
259,2
259,2
259,2
259,2
259,2
259,2
259,2
259,1
259,1
259,1
259,1
259,1
259,1
259,1
259,1
259,1
259,1
259,1
259,1
259,1
259,1
259,1
259,1
259,1
259,1
259,1
259,1
259,1
259,1
259,1
259,1
259,1
259,1
259,1
259,1
259,1
259,1
259,1
259,1
259,1
259,1
259,1
259,1
259,1
259,1
259,1
259,1
259,1
259,1
259,1
259,1
259,1
259,1
259,1
259,1
259,1
259,1
259,1
259,1
259,1
259,1
259,1
259,1
259,1
259,1
259,1
259,1
259,1
259,1
259,1
259,1
259,1
259,1
259,1
259,1
259,1
259,1
259,1
259,1
259,1
259,1
259,1
259,1
259,1
259,1
259,1
259,1
259,1
259,1
259,1
259,1
259,1
259,1
259,1
259,1
259,1
259,1
259,1
259,1
259,1
259,1
259,1
259,1
259,1
259,1
259,1
259,1
259,1
259,1
259,1
259,1
259,1
259,1
259,1
259,1
260,2378
260,21
260,18
260,9
260,9
260,8
260,8
260,7
260,7
260,7
260,5
260,5
260,5
260,5
260,5
260,4
260,4
260,4
260,4
260,4
260,4
260,3
260,3
260,3
260,3
260,3
260,3
260,3
260,3
260,3
260,3
260,3
260,2
260,2
260,2
260,2
260,2
260,2
260,2
260,2
260,2
260,2
260,2
260,2
260,2
260,2
260,2
260,2
260,2
260,2
260,2
260,2
260,2
260,2
260,2
260,2
260,2
260,2
260,2
260,2
260,2
260,2
260,2
260,1
260,1
260,1
260,1
260,1
260,1
260,1
260,1
260,1
260,1
260,1
260,1
260,1
260,1
260,1
260,1
260,1
260,1
260,1
260,1
260,1
260,1
260,1
260,1
260,1
260,1
260,1
260,1
260,1
260,1
260,1
260,1
260,1
260,1
260,1
260,1
260,1
260,1
260,1
260,1
260,1
260,1
260,1
260,1
260,1
260,1
260,1
260,1
260,1
260,1
260,1
260,1
260,1
260,1
260,1
260,1
260,1
260,1
260,1
260,1
260,1
260,1
260,1
260,1
260,1
260,1
260,1
260,1
260,1
260,1
260,1
260,1
260,1
260,1
260,1
260,1
260,1
260,1
260,1
260,1
260,1
260,1
260,1
260,1
260,1
260,1
260,1
260,1
260,1
260,1
260,1
260,1
260,1
260,1
260,1
260,1
260,1
260,1
260,1
260,1
260,1
260,1
260,1
260,1
260,1
260,1
260,1
260,1
260,1
260,1
260,1
260,1
260,1
260,1
260,1
260,1
260,1
260,1
260,1
260,1
260,1
260,1
260,1
260,1
260,1
260,1
260,1
260,1
260,1
260,1
260,1
260,1
260,1
260,1
261,2235
261,16
261,10
261,9
261,6
261,5
261,5
261,5
261,5
261,5
261,4
261,4
261,4
261,4
261,4
261,3
261,3
261,3
261,3
261,3
261,3
261,3
261,3
261,3
261,3
261,3
261,2
261,2
261,2
261,2
261,2
261,2
261,2
261,2
261,2
261,2
261,2
261,2
261,2
261,2
261,2
261,2
261,2
261,2
261,2
261,2
261,2
261,2
261,2
261,2
261,2
261,2
261,2
261,2
261,2
261,2
261,2
261,2
261,1
261,1
261,1
261,1
261,1
261,1
261,1
261,1
261,1
261,1
261,1
261,1
261,1
261,1
261,1
261,1
261,1
261,1
261,1
261,1
261,1
261,1
261,1
261,1
261,1
261,1
261,1
261,1
261,1
261,1
261,1
261,1
261,1
261,1
261,1
261,1
261,1
261,1
261,1
261,1
261,1
261,1
261,1
261,1
261,1
261,1
261,1
261,1
261,1
261,1
261,1
261,1
261,1
261,1
261,1
261,1
261,1
261,1
261,1
261,1
261,1
261,1
261,1
261,1
261,1
261,1
261,1
261,1
261,1
261,1
261,1
261,1
261,1
261,1
261,1
261,1
261,1
261,1
261,1
261,1
261,1
261,1
261,1
261,1
261,1
261,1
261,1
261,1
261,1
261,1
261,1
261,1
261,1
261,1
261,1
261,1
261,1
261,1
261,1
261,1
261,1
261,1
261,1
261,1
261,1
261,1
261,1
262,2299
262,19
262,15
262,10
262,7
262,6
262,6
262,6
262,6
262,5
262,5
262,5
262,5
262,5
262,4
262,4
262,4
262,3
262,3
262,3
262,3
262,3
262,3
262,3
262,3
262,3
262,3
262,3
262,3
262,2
262,2
262,2
262,2
262,2
262,2
262,2
262,2
262,2
262,2
262,2
262,2
262,2
262,2
262,2
262,2
262,2
262,2
262,2
262,2
262,2
262,2
262,2
262,2
262,2
262,2
262,1
262,1
262,1
262,1
262,1
262,1
262,1
262,1
262,1
262,1
262,1
262,1
262,1
262,1
262,1
262,1
262,1
262,1
262,1
262,1
262,1
262,1
262,1
262,1
262,1
262,1
262,1
262,1
262,1
262,1
262,1
262,1
262,1
262,1
262,1
262,1
262,1
262,1
262,1
262,1
262,1
262,1
262,1
262,1
262,1
262,1
262,1
262,1
262,1
262,1
262,1
262,1
262,1
262,1
262,1
262,1
262,1
262,1
262,1
262,1
262,1
262,1
262,1
262,1
262,1
262,1
262,1
262,1
262,1
262,1
262,1
262,1
262,1
262,1
262,1
262,1
262,1
262,1
262,1
262,1
262,1
262,1
262,1
262,1
262,1
262,1
262,1
262,1
262,1
262,1
262,1
262,1
262,1
262,1
262,1
262,1
262,1
262,1
262,1
262,1
262,1
262,1
263,2323
263,38
263,20
263,9
263,9
263,8
263,7
263,4
263,4
263,4
263,4
263,4
263,4
263,4
263,3
263,3
263,3
263,3
263,3
263,2
263,2
263,2
263,2
263,2
263,2
263,2
263,2
263,2
263,2
263,2
263,2
263,2
263,2
263,2
263,2
263,2
263,2
263,2
263,2
263,2
263,2
263,2
263,1
263,1
263,1
263,1
263,1
263,1
263,1
263,1
263,1
263,1
263,1
263,1
263,1
263,1
263,1
263,1
263,1
263,1
263,1
263,1
263,1
263,1
263,1
263,1
263,1
263,1
263,1
263,1
263,1
263,1
263,1
263,1
263,1
263,1
263,1
263,1
263,1
263,1
263,1
263,1
263,1
263,1
263,1
263,1
263,1
263,1
263,1
263,1
263,1
263,1
263,1
263,1
263,1
263,1
263,1
263,1
263,1
263,1
263,1
263,1
263,1
263,1
263,1
263,1
263,1
263,1
263,1
263,1
263,1
263,1
263,1
263,1
263,1
263,1
263,1
263,1
263,1
263,1
263,1
263,1
263,1
263,1
263,1
263,1
263,1
263,1
263,1
263,1
263,1
263,1
263,1
263,1
263,1
263,1
263,1
263,1
264,2328
264,29
264,26
264,23
264,11
264,9
264,8
264,7
264,6
264,5
264,5
264,5
264,5
264,4
264,4
264,4
264,4
264,4
264,4
264,4
264,3
264,3
264,3
264,3
264,3
264,3
264,3
264,3
264,2
264,2
264,2
264,2
264,2
264,2
264,2
264,2
264,2
264,2
264,2
264,2
264,2
264,2
264,2
264,2
264,2
264,2
264,2
264,2
264,2
264,2
264,2
264,2
264,2
264,2
264,2
264,2
264,2
264,2
264,2
264,1
264,1
264,1
264,1
264,1
264,1
264,1
264,1
264,1
264,1
264,1
264,1
264,1
264,1
264,1
264,1
264,1
264,1
264,1
264,1
264,1
264,1
264,1
264,1
264,1
264,1
264,1
264,1
264,1
264,1
264,1
264,1
264,1
264,1
264,1
264,1
264,1
264,1
264,1
264,1
264,1
264,1
264,1
264,1
264,1
264,1
264,1
264,1
264,1
264,1
264,1
264,1
264,1
264,1
264,1
264,1
264,1
264,1
264,1
264,1
264,1
264,1
264,1
264,1
264,1
264,1
264,1
264,1
264,1
264,1
264,1
264,1
264,1
264,1
264,1
264,1
264,1
264,1
264,1
264,1
264,1
264,1
264,1
264,1
264,1
264,1
264,1
264,1
264,1
264,1
264,1
264,1
264,1
264,1
264,1
264,1
264,1
264,1
264,1
264,1
264,1
265,1525
265,761
265,36
265,16
265,7
265,6
265,5
265,5
265,4
265,4
265,4
265,4
265,4
265,4
265,4
265,3
265,3
265,3
265,3
265,3
265,3
265,3
265,3
265,3
265,2
265,2
265,2
265,2
265,2
265,2
265,2
265,2
265,2
265,2
265,2
265,2
265,2
265,2
265,2
265,2
265,2
265,2
265,2
265,2
265,2
265,2
265,2
265,2
265,2
265,2
265,2
265,1
265,1
265,1
265,1
265,1
265,1
265,1
265,1
265,1
265,1
265,1
265,1
265,1
265,1
265,1
265,1
265,1
265,1
265,1
265,1
265,1
265,1
265,1
265,1
265,1
265,1
265,1
265,1
265,1
265,1
265,1
265,1
265,1
265,1
265,1
265,1
265,1
265,1
265,1
265,1
265,1
265,1
265,1
265,1
265,1
265,1
265,1
265,1
265,1
265,1
265,1
265,1
265,1
265,1
265,1
265,1
265,1
265,1
265,1
265,1
265,1
265,1
265,1
265,1
265,1
265,1
265,1
265,1
265,1
265,1
265,1
265,1
265,1
265,1
265,1
265,1
265,1
265,1
265,1
265,1
265,1
265,1
265,1
265,1
265,1
265,1
265,1
265,1
265,1
265,1
265,1
265,1
265,1
265,1
265,1
265,1
265,1
265,1
265,1
265,1
265,1
265,1
265,1
265,1
265,1
265,1
265,1
265,1
265,1
265,1
265,1
265,1
265,1
266,2426
266,14
266,12
266,11
266,10
266,9
266,9
266,8
266,7
266,6
266,5
266,5
266,5
266,5
266,4
266,4
266,4
266,4
266,4
266,4
266,4
266,4
266,3
266,3
266,3
266,3
266,3
266,3
266,3
266,3
266,3
266,3
266,3
266,3
266,2
266,2
266,2
266,2
266,2
266,2
266,2
266,2
266,2
266,2
266,2
266,2
266,2
266,2
266,1
266,1
266,1
266,1
266,1
266,1
266,1
266,1
266,1
266,1
266,1
266,1
266,1
266,1
266,1
266,1
266,1
266,1
266,1
266,1
266,1
266,1
266,1
266,1
266,1
266,1
266,1
266,1
266,1
266,1
266,1
266,1
266,1
266,1
266,1
266,1
266,1
266,1
266,1
266,1
266,1
266,1
266,1
266,1
266,1
266,1
266,1
266,1
266,1
266,1
266,1
266,1
266,1
266,1
266,1
266,1
266,1
266,1
266,1
266,1
266,1
266,1
266,1
266,1
266,1
266,1
266,1
266,1
266,1
266,1
266,1
266,1
266,1
266,1
266,1
266,1
266,1
266,1
266,1
266,1
266,1
266,1
266,1
266,1
266,1
266,1
266,1
266,1
266,1
266,1
266,1
266,1
266,1
266,1
266,1
266,1
266,1
266,1
266,1
266,1
266,1
266,1
266,1
266,1
266,1
266,1
266,1
266,1
266,1
266,1
266,1
266,1
266,1
266,1
266,1
266,1
266,1
266,1
266,1
267,2226
267,54
267,15
267,10
267,9
267,8
267,6
267,6
267,6
267,5
267,5
267,4
267,4
267,4
267,4
267,4
267,4
267,4
267,3
267,3
267,3
267,3
267,3
267,3
267,3
267,3
267,3
267,3
267,3
267,3
267,2
267,2
267,2
267,2
267,2
267,2
267,2
267,2
267,2
267,2
267,2
267,2
267,2
267,2
267,2
267,2
267,2
267,2
267,2
267,2
267,2
267,2
267,2
267,2
267,2
267,2
267,2
267,2
267,1
267,1
267,1
267,1
267,1
267,1
267,1
267,1
267,1
267,1
267,1
267,1
267,1
267,1
267,1
267,1
267,1
267,1
267,1
267,1
267,1
267,1
267,1
267,1
267,1
267,1
267,1
267,1
267,1
267,1
267,1
267,1
267,1
267,1
267,1
267,1
267,1
267,1
267,1
267,1
267,1
267,1
267,1
267,1
267,1
267,1
267,1
267,1
267,1
267,1
267,1
267,1
267,1
267,1
267,1
267,1
267,1
267,1
267,1
267,1
267,1
267,1
267,1
267,1
267,1
267,1
267,1
267,1
267,1
267,1
267,1
267,1
267,1
267,1
267,1
267,1
267,1
267,1
267,1
267,1
267,1
267,1
267,1
267,1
267,1
267,1
267,1
267,1
267,1
267,1
267,1
267,1
267,1
267,1
267,1
267,1
267,1
267,1
267,1
267,1
267,1
267,1
267,1
267,1
267,1
267,1
267,1
267,1
267,1
267,1
267,1
267,1
267,1
267,1
267,1
267,1
267,1
267,1
268,2442
268,33
268,12
268,9
268,7
268,7
268,7
268,5
268,5
268,5
268,4
268,4
268,4
268,4
268,4
268,4
268,4
268,3
268,3
268,3
268,3
268,3
268,3
268,3
268,3
268,3
268,3
268,2
268,2
268,2
268,2
268,2
268,2
268,2
268,2
268,2
268,2
268,2
268,2
268,2
268,2
268,2
268,2
268,2
268,2
268,2
268,2
268,2
268,2
268,2
268,2
268,2
268,2
268,2
268,1
268,1
268,1
268,1
268,1
268,1
268,1
268,1
268,1
268,1
268,1
268,1
268,1
268,1
268,1
268,1
268,1
268,1
268,1
268,1
268,1
268,1
268,1
268,1
268,1
268,1
268,1
268,1
268,1
268,1
268,1
268,1
268,1
268,1
268,1
268,1
268,1
268,1
268,1
268,1
268,1
268,1
268,1
268,1
268,1
268,1
268,1
268,1
268,1
268,1
268,1
268,1
268,1
268,1
268,1
268,1
268,1
268,1
268,1
268,1
268,1
268,1
268,1
268,1
268,1
268,1
268,1
268,1
268,1
268,1
268,1
268,1
268,1
268,1
268,1
268,1
268,1
268,1
268,1
268,1
268,1
268,1
268,1
268,1
268,1
268,1
268,1
268,1
268,1
268,1
268,1
268,1
268,1
268,1
268,1
268,1
268,1
268,1
268,1
268,1
268,1
268,1
268,1
268,1
268,1
268,1
268,1
268,1
268,1
268,1
268,1
268,1
268,1
268,1
268,1
268,1
268,1
268,1
268,1
268,1
268,1
268,1
268,1
268,1
268,1
268,1
269,1370
269,764
269,202
269,36
269,22
269,11
269,9
269,8
269,8
269,6
269,5
269,5
269,5
269,4
269,4
269,4
269,4
269,4
269,3
269,3
269,3
269,3
269,3
269,3
269,3
269,3
269,3
269,3
269,3
269,3
269,3
269,3
269,2
269,2
269,2
269,2
269,2
269,2
269,2
269,2
269,2
269,2
269,2
269,2
269,2
269,2
269,2
269,2
269,2
269,2
269,2
269,2
269,2
269,2
269,2
269,2
269,2
269,2
269,2
269,2
269,2
269,2
269,2
269,2
269,2
269,2
269,2
269,2
269,2
269,2
269,1
269,1
269,1
269,1
269,1
269,1
269,1
269,1
269,1
269,1
269,1
269,1
269,1
269,1
269,1
269,1
269,1
269,1
269,1
269,1
269,1
269,1
269,1
269,1
269,1
269,1
269,1
269,1
269,1
269,1
269,1
269,1
269,1
269,1
269,1
269,1
269,1
269,1
269,1
269,1
269,1
269,1
269,1
269,1
269,1
269,1
269,1
269,1
269,1
269,1
269,1
269,1
269,1
269,1
269,1
269,1
269,1
269,1
269,1
269,1
269,1
269,1
269,1
269,1
269,1
269,1
269,1
269,1
269,1
269,1
269,1
269,1
269,1
269,1
269,1
269,1
269,1
269,1
269,1
269,1
269,1
269,1
269,1
269,1
269,1
269,1
269,1
269,1
269,1
269,1
269,1
269,1
269,1
269,1
269,1
269,1
269,1
269,1
269,1
269,1
269,1
269,1
269,1
269,1
269,1
269,1
269,1
269,1
269,1
269,1
269,1
269,1
269,1
269,1
269,1
269,1
269,1
269,1
269,1
269,1
269,1
269,1
269,1
269,1
269,1
269,1
269,1
269,1
269,1
269,1
269,1
269,1
269,1
269,1
269,1
269,1
269,1
269,1
269,1
269,1
269,1
269,1
269,1
269,1
269,1
269,1
269,1
269,1
269,1
269,1
269,1
269,1
269,1
269,1
269,1
269,1
269,1
269,1
269,1
269,1
269,1
269,1
269,1
269,1
269,1
269,1
269,1
269,1
270,2315
270,29
270,21
270,12
270,8
270,8
270,7
270,6
270,6
270,5
270,5
270,4
270,4
270,4
270,4
270,3
270,3
270,3
270,3
270,3
270,3
270,3
270,3
270,3
270,3
270,3
270,3
270,2
270,2
270,2
270,2
270,2
270,2
270,2
270,2
270,2
270,2
270,2
270,2
270,2
270,2
270,2
270,2
270,2
270,2
270,2
270,2
270,2
270,2
270,2
270,2
270,2
270,2
270,2
270,2
270,2
270,1
270,1
270,1
270,1
270,1
270,1
270,1
270,1
270,1
270,1
270,1
270,1
270,1
270,1
270,1
270,1
270,1
270,1
270,1
270,1
270,1
270,1
270,1
270,1
270,1
270,1
270,1
270,1
270,1
270,1
270,1
270,1
270,1
270,1
270,1
270,1
270,1
270,1
270,1
270,1
270,1
270,1
270,1
270,1
270,1
270,1
270,1
270,1
270,1
270,1
270,1
270,1
270,1
270,1
270,1
270,1
270,1
270,1
270,1
270,1
270,1
270,1
270,1
270,1
270,1
270,1
270,1
270,1
270,1
270,1
270,1
270,1
270,1
270,1
270,1
270,1
270,1
270,1
270,1
270,1
270,1
270,1
270,1
270,1
270,1
270,1
270,1
270,1
270,1
270,1
270,1
270,1
270,1
270,1
270,1
270,1
270,1
270,1
270,1
270,1
270,1
270,1
270,1
270,1
270,1
270,1
270,1
270,1
270,1
270,1
270,1
270,1
270,1
270,1
270,1
270,1
271,2207
271,47
271,10
271,10
271,9
271,8
271,8
271,8
271,6
271,6
271,5
271,5
271,4
271,4
271,4
271,3
271,3
271,3
271,3
271,3
271,3
271,3
271,3
271,3
271,3
271,3
271,3
271,3
271,3
271,2
271,2
271,2
271,2
271,2
271,2
271,2
271,2
271,2
271,2
271,2
271,2
271,2
271,2
271,2
271,2
271,2
271,2
271,2
271,2
271,2
271,2
271,2
271,2
271,2
271,2
271,2
271,2
271,2
271,2
271,2
271,2
271,2
271,2
271,2
271,2
271,2
271,2
271,2
271,1
271,1
271,1
271,1
271,1
271,1
271,1
271,1
271,1
271,1
271,1
271,1
271,1
271,1
271,1
271,1
271,1
271,1
271,1
271,1
271,1
271,1
271,1
271,1
271,1
271,1
271,1
271,1
271,1
271,1
271,1
271,1
271,1
271,1
271,1
271,1
271,1
271,1
271,1
271,1
271,1
271,1
271,1
271,1
271,1
271,1
271,1
271,1
271,1
271,1
271,1
271,1
271,1
271,1
271,1
271,1
271,1
271,1
271,1
271,1
271,1
271,1
271,1
271,1
271,1
271,1
271,1
271,1
271,1
271,1
271,1
271,1
271,1
271,1
271,1
271,1
271,1
271,1
271,1
271,1
271,1
271,1
271,1
271,1
271,1
271,1
271,1
271,1
271,1
271,1
271,1
271,1
271,1
271,1
271,1
271,1
271,1
271,1
271,1
271,1
271,1
271,1
271,1
271,1
271,1
271,1
271,1
271,1
271,1
271,1
271,1
271,1
271,1
271,1
271,1
271,1
271,1
271,1
271,1
271,1
271,1
271,1
271,1
271,1
271,1
271,1
271,1
271,1
271,1
271,1
271,1
271,1
271,1
271,1
271,1
271,1
271,1
271,1
271,1
271,1
271,1
271,1
271,1
271,1
272,2033
272,295
272,18
272,9
272,8
272,8
272,8
272,7
272,6
272,5
272,4
272,4
272,4
272,4
272,4
272,4
272,3
272,3
272,3
272,3
272,3
272,3
272,3
272,3
272,3
272,3
272,3
272,3
272,3
272,3
272,3
272,3
272,2
272,2
272,2
272,2
272,2
272,2
272,2
272,2
272,2
272,2
272,2
272,2
272,2
272,2
272,2
272,2
272,2
272,2
272,2
272,2
272,2
272,2
272,2
272,2
272,2
272,2
272,2
272,2
272,2
272,1
272,1
272,1
272,1
272,1
272,1
272,1
272,1
272,1
272,1
272,1
272,1
272,1
272,1
272,1
272,1
272,1
272,1
272,1
272,1
272,1
272,1
272,1
272,1
272,1
272,1
272,1
272,1
272,1
272,1
272,1
272,1
272,1
272,1
272,1
272,1
272,1
272,1
272,1
272,1
272,1
272,1
272,1
272,1
272,1
272,1
272,1
272,1
272,1
272,1
272,1
272,1
272,1
272,1
272,1
272,1
272,1
272,1
272,1
272,1
272,1
272,1
272,1
272,1
272,1
272,1
272,1
272,1
272,1
272,1
272,1
272,1
272,1
272,1
272,1
272,1
272,1
272,1
272,1
272,1
272,1
272,1
272,1
272,1
272,1
272,1
273,2239
273,45
273,23
273,18
273,13
273,11
273,8
273,6
273,6
273,5
273,4
273,4
273,4
273,4
273,4
273,4
273,4
273,3
273,3
273,3
273,3
273,3
273,3
273,3
273,3
273,3
273,3
273,3
273,2
273,2
273,2
273,2
273,2
273,2
273,2
273,2
273,2
273,2
273,2
273,2
273,2
273,2
273,2
273,2
273,2
273,2
273,2
273,2
273,2
273,2
273,2
273,2
273,2
273,2
273,2
273,2
273,2
273,2
273,2
273,2
273,2
273,1
273,1
273,1
273,1
273,1
273,1
273,1
273,1
273,1
273,1
273,1
273,1
273,1
273,1
273,1
273,1
273,1
273,1
273,1
273,1
273,1
273,1
273,1
273,1
273,1
273,1
273,1
273,1
273,1
273,1
273,1
273,1
273,1
273,1
273,1
273,1
273,1
273,1
273,1
273,1
273,1
273,1
273,1
273,1
273,1
273,1
273,1
273,1
273,1
273,1
273,1
273,1
273,1
273,1
273,1
273,1
273,1
273,1
273,1
273,1
273,1
273,1
273,1
273,1
273,1
273,1
273,1
273,1
273,1
273,1
273,1
273,1
273,1
273,1
273,1
273,1
273,1
273,1
273,1
273,1
273,1
273,1
273,1
273,1
273,1
273,1
273,1
273,1
273,1
273,1
273,1
273,1
273,1
273,1
273,1
273,1
273,1
273,1
273,1
273,1
273,1
273,1
273,1
273,1
273,1
273,1
273,1
273,1
273,1
273,1
273,1
273,1
273,1
273,1
273,1
273,1
274,2241
274,279
274,40
274,12
274,7
274,5
274,4
274,4
274,4
274,3
274,3
274,3
274,3
274,3
274,3
274,3
274,3
274,3
274,3
274,3
274,3
274,3
274,2
274,2
274,2
274,2
274,2
274,2
274,2
274,2
274,2
274,2
274,2
274,2
274,2
274,2
274,2
274,2
274,2
274,2
274,2
274,2
274,2
274,2
274,2
274,2
274,2
274,2
274,2
274,2
274,2
274,1
274,1
274,1
274,1
274,1
274,1
274,1
274,1
274,1
274,1
274,1
274,1
274,1
274,1
274,1
274,1
274,1
274,1
274,1
274,1
274,1
274,1
274,1
274,1
274,1
274,1
274,1
274,1
274,1
274,1
274,1
274,1
274,1
274,1
274,1
274,1
274,1
274,1
274,1
274,1
274,1
274,1
274,1
274,1
274,1
274,1
274,1
274,1
274,1
274,1
274,1
274,1
274,1
274,1
274,1
274,1
274,1
274,1
274,1
274,1
274,1
274,1
274,1
274,1
274,1
274,1
274,1
274,1
274,1
274,1
274,1
274,1
274,1
274,1
274,1
274,1
274,1
274,1
274,1
274,1
274,1
274,1
274,1
274,1
274,1
274,1
274,1
274,1
274,1
274,1
274,1
274,1
274,1
274,1
274,1
274,1
274,1
274,1
274,1
274,1
274,1
274,1
274,1
274,1
274,1
274,1
274,1
274,1
274,1
274,1
274,1
274,1
274,1
274,1
274,1
274,1
274,1
274,1
274,1
274,1
274,1
274,1
274,1
274,1
274,1
274,1
274,1
274,1
274,1
274,1
274,1
274,1
274,1
274,1
275,2247
275,32
275,13
275,12
275,11
275,6
275,6
275,6
275,6
275,5
275,4
275,4
275,4
275,4
275,4
275,3
275,3
275,3
275,3
275,3
275,3
275,3
275,3
275,3
275,3
275,2
275,2
275,2
275,2
275,2
275,2
275,2
275,2
275,2
275,2
275,2
275,2
275,2
275,2
275,2
275,2
275,2
275,2
275,2
275,2
275,1
275,1
275,1
275,1
275,1
275,1
275,1
275,1
275,1
275,1
275,1
275,1
275,1
275,1
275,1
275,1
275,1
275,1
275,1
275,1
275,1
275,1
275,1
275,1
275,1
275,1
275,1
275,1
275,1
275,1
275,1
275,1
275,1
275,1
275,1
275,1
275,1
275,1
275,1
275,1
275,1
275,1
275,1
275,1
275,1
275,1
275,1
275,1
275,1
275,1
275,1
275,1
275,1
275,1
275,1
275,1
275,1
275,1
275,1
275,1
275,1
275,1
275,1
275,1
275,1
275,1
275,1
275,1
275,1
275,1
275,1
275,1
275,1
275,1
275,1
275,1
275,1
275,1
275,1
275,1
275,1
275,1
275,1
275,1
275,1
275,1
275,1
275,1
275,1
275,1
275,1
275,1
275,1
275,1
275,1
275,1
275,1
275,1
275,1
275,1
275,1
275,1
275,1
275,1
275,1
275,1
275,1
275,1
275,1
275,1
275,1
275,1
275,1
275,1
275,1
275,1
275,1
275,1
275,1
275,1
275,1
275,1
275,1
275,1
275,1
275,1
275,1
275,1
275,1
275,1
275,1
275,1
275,1
275,1
275,1
275,1
275,1
275,1
275,1
276,2355
276,18
276,12
276,7
276,7
276,6
276,5
276,5
276,5
276,5
276,5
276,5
276,5
276,5
276,4
276,4
276,4
276,4
276,4
276,3
276,3
276,3
276,3
276,3
276,3
276,3
276,3
276,3
276,3
276,3
276,3
276,3
276,3
276,3
276,3
276,3
276,3
276,3
276,3
276,3
276,2
276,2
276,2
276,2
276,2
276,2
276,2
276,2
276,2
276,2
276,2
276,2
276,2
276,2
276,2
276,2
276,2
276,1
276,1
276,1
276,1
276,1
276,1
276,1
276,1
276,1
276,1
276,1
276,1
276,1
276,1
276,1
276,1
276,1
276,1
276,1
276,1
276,1
276,1
276,1
276,1
276,1
276,1
276,1
276,1
276,1
276,1
276,1
276,1
276,1
276,1
276,1
276,1
276,1
276,1
276,1
276,1
276,1
276,1
276,1
276,1
276,1
276,1
276,1
276,1
276,1
276,1
276,1
276,1
276,1
276,1
276,1
276,1
276,1
276,1
276,1
276,1
276,1
276,1
276,1
276,1
276,1
276,1
276,1
276,1
276,1
276,1
276,1
276,1
276,1
276,1
276,1
276,1
276,1
276,1
276,1
276,1
276,1
276,1
276,1
276,1
276,1
276,1
276,1
276,1
276,1
276,1
276,1
276,1
277,1908
277,199
277,160
277,86
277,23
277,13
277,12
277,11
277,10
277,9
277,9
277,8
277,7
277,6
277,6
277,6
277,5
277,5
277,5
277,5
277,4
277,4
277,4
277,4
277,4
277,4
277,3
277,3
277,3
277,3
277,3
277,3
277,3
277,3
277,3
277,3
277,3
277,3
277,2
277,2
277,2
277,2
277,2
277,2
277,2
277,2
277,2
277,2
277,2
277,2
277,2
277,2
277,2
277,2
277,2
277,2
277,2
277,2
277,2
277,2
277,2
277,2
277,2
277,2
277,2
277,2
277,2
277,2
277,2
277,2
277,1
277,1
277,1
277,1
277,1
277,1
277,1
277,1
277,1
277,1
277,1
277,1
277,1
277,1
277,1
277,1
277,1
277,1
277,1
277,1
277,1
277,1
277,1
277,1
277,1
277,1
277,1
277,1
277,1
277,1
277,1
277,1
277,1
277,1
277,1
277,1
277,1
277,1
277,1
277,1
277,1
277,1
277,1
277,1
277,1
277,1
277,1
277,1
277,1
277,1
277,1
277,1
277,1
277,1
277,1
277,1
277,1
277,1
277,1
277,1
277,1
277,1
277,1
277,1
277,1
277,1
277,1
277,1
277,1
277,1
277,1
277,1
277,1
277,1
277,1
277,1
277,1
277,1
277,1
277,1
277,1
277,1
277,1
277,1
277,1
277,1
277,1
277,1
277,1
277,1
277,1
277,1
277,1
277,1
277,1
277,1
277,1
277,1
277,1
277,1
277,1
277,1
277,1
277,1
277,1
277,1
277,1
277,1
277,1
277,1
278,2295
278,12
278,11
278,10
278,9
278,9
278,8
278,7
278,5
278,5
278,5
278,4
278,4
278,4
278,4
278,4
278,4
278,3
278,3
278,3
278,3
278,3
278,3
278,3
278,3
278,3
278,3
278,3
278,3
278,3
278,2
278,2
278,2
278,2
278,2
278,2
278,2
278,2
278,2
278,2
278,2
278,2
278,2
278,2
278,2
278,2
278,2
278,2
278,2
278,2
278,2
278,2
278,2
278,1
278,1
278,1
278,1
278,1
278,1
278,1
278,1
278,1
278,1
278,1
278,1
278,1
278,1
278,1
278,1
278,1
278,1
278,1
278,1
278,1
278,1
278,1
278,1
278,1
278,1
278,1
278,1
278,1
278,1
278,1
278,1
278,1
278,1
278,1
278,1
278,1
278,1
278,1
278,1
278,1
278,1
278,1
278,1
278,1
278,1
278,1
278,1
278,1
278,1
278,1
278,1
278,1
278,1
278,1
278,1
278,1
278,1
278,1
278,1
278,1
278,1
278,1
278,1
278,1
278,1
278,1
278,1
278,1
278,1
278,1
278,1
278,1
278,1
278,1
278,1
278,1
278,1
278,1
278,1
278,1
278,1
278,1
278,1
278,1
278,1
278,1
278,1
278,1
278,1
278,1
278,1
278,1
278,1
278,1
278,1
278,1
278,1
278,1
278,1
278,1
278,1
278,1
278,1
278,1
278,1
278,1
278,1
278,1
278,1
278,1
278,1
278,1
278,1
278,1
278,1
278,1
279,2207
279,18
279,16
279,15
279,6
279,5
279,4
279,4
279,4
279,4
279,4
279,4
279,4
279,4
279,3
279,3
279,3
279,3
279,3
279,3
279,3
279,3
279,3
279,3
279,3
279,2
279,2
279,2
279,2
279,2
279,2
279,2
279,2
279,2
279,2
279,2
279,2
279,2
279,2
279,2
279,2
279,2
279,2
279,2
279,2
279,2
279,2
279,2
279,2
279,2
279,2
279,1
279,1
279,1
279,1
279,1
279,1
279,1
279,1
279,1
279,1
279,1
279,1
279,1
279,1
279,1
279,1
279,1
279,1
279,1
279,1
279,1
279,1
279,1
279,1
279,1
279,1
279,1
279,1
279,1
279,1
279,1
279,1
279,1
279,1
279,1
279,1
279,1
279,1
279,1
279,1
279,1
279,1
279,1
279,1
279,1
279,1
279,1
279,1
279,1
279,1
279,1
279,1
279,1
279,1
279,1
279,1
279,1
279,1
279,1
279,1
279,1
279,1
279,1
279,1
279,1
279,1
279,1
279,1
279,1
279,1
279,1
279,1
279,1
279,1
279,1
279,1
279,1
279,1
279,1
279,1
279,1
279,1
279,1
279,1
279,1
279,1
279,1
279,1
279,1
279,1
279,1
279,1
279,1
279,1
279,1
279,1
279,1
279,1
279,1
279,1
279,1
279,1
279,1
279,1
279,1
279,1
279,1
279,1
279,1
279,1
279,1
279,1
279,1
279,1
279,1
279,1
279,1
279,1
279,1
280,1809
280,398
280,22
280,22
280,13
280,12
280,12
280,11
280,9
280,7
280,7
280,7
280,6
280,6
280,6
280,6
280,6
280,5
280,4
280,4
280,4
280,4
280,4
280,4
280,3
280,3
280,3
280,3
280,3
280,3
280,3
280,3
280,3
280,3
280,3
280,2
280,2
280,2
280,2
280,2
280,2
280,2
280,2
280,2
280,2
280,2
280,2
280,2
280,2
280,2
280,2
280,2
280,2
280,2
280,2
280,2
280,2
280,2
280,2
280,2
280,2
280,2
280,2
280,2
280,2
280,1
280,1
280,1
280,1
280,1
280,1
280,1
280,1
280,1
280,1
280,1
280,1
280,1
280,1
280,1
280,1
280,1
280,1
280,1
280,1
280,1
280,1
280,1
280,1
280,1
280,1
280,1
280,1
280,1
280,1
280,1
280,1
280,1
280,1
280,1
280,1
280,1
280,1
280,1
280,1
280,1
280,1
280,1
280,1
280,1
280,1
280,1
280,1
280,1
280,1
280,1
280,1
280,1
280,1
280,1
280,1
280,1
280,1
280,1
280,1
280,1
280,1
280,1
280,1
280,1
280,1
280,1
280,1
280,1
280,1
280,1
280,1
280,1
280,1
280,1
280,1
280,1
280,1
280,1
280,1
280,1
280,1
280,1
280,1
280,1
280,1
280,1
280,1
280,1
280,1
280,1
280,1
280,1
280,1
280,1
280,1
280,1
280,1
280,1
280,1
280,1
280,1
280,1
280,1
280,1
280,1
280,1
280,1
280,1
280,1
280,1
280,1
280,1
280,1
280,1
280,1
280,1
280,1
280,1
280,1
280,1
280,1
280,1
281,2365
281,13
281,10
281,9
281,6
281,6
281,6
281,6
281,6
281,5
281,5
281,4
281,4
281,4
281,4
281,4
281,4
281,3
281,3
281,3
281,3
281,3
281,3
281,3
281,3
281,3
281,3
281,3
281,3
281,3
281,3
281,3
281,2
281,2
281,2
281,2
281,2
281,2
281,2
281,2
281,2
281,2
281,2
281,2
281,2
281,2
281,2
281,2
281,2
281,2
281,2
281,2
281,2
281,2
281,2
281,2
281,2
281,2
281,2
281,2
281,2
281,2
281,2
281,2
281,2
281,2
281,2
281,2
281,1
281,1
281,1
281,1
281,1
281,1
281,1
281,1
281,1
281,1
281,1
281,1
281,1
281,1
281,1
281,1
281,1
281,1
281,1
281,1
281,1
281,1
281,1
281,1
281,1
281,1
281,1
281,1
281,1
281,1
281,1
281,1
281,1
281,1
281,1
281,1
281,1
281,1
281,1
281,1
281,1
281,1
281,1
281,1
281,1
281,1
281,1
281,1
281,1
281,1
281,1
281,1
281,1
281,1
281,1
281,1
281,1
281,1
281,1
281,1
281,1
281,1
281,1
281,1
281,1
281,1
281,1
281,1
281,1
281,1
281,1
281,1
281,1
281,1
281,1
281,1
281,1
281,1
281,1
281,1
281,1
281,1
281,1
281,1
281,1
281,1
281,1
281,1
281,1
281,1
281,1
281,1
281,1
281,1
281,1
281,1
281,1
281,1
281,1
281,1
281,1
281,1
281,1
281,1
281,1
281,1
281,1
281,1
281,1
281,1
281,1
281,1
281,1
281,1
281,1
281,1
281,1
281,1
281,1
281,1
281,1
281,1
281,1
281,1
281,1
281,1
281,1
281,1
281,1
281,1
281,1
281,1
281,1
281,1
282,2471
282,10
282,9
282,8
282,8
282,8
282,8
282,7
282,7
282,7
282,6
282,6
282,6
282,5
282,4
282,4
282,4
282,4
282,3
282,3
282,3
282,3
282,3
282,3
282,3
282,3
282,3
282,3
282,3
282,3
282,3
282,3
282,2
282,2
282,2
282,2
282,2
282,2
282,2
282,2
282,2
282,2
282,2
282,2
282,2
282,2
282,2
282,2
282,2
282,2
282,2
282,2
282,1
282,1
282,1
282,1
282,1
282,1
282,1
282,1
282,1
282,1
282,1
282,1
282,1
282,1
282,1
282,1
282,1
282,1
282,1
282,1
282,1
282,1
282,1
282,1
282,1
282,1
282,1
282,1
282,1
282,1
282,1
282,1
282,1
282,1
282,1
282,1
282,1
282,1
282,1
282,1
282,1
282,1
282,1
282,1
282,1
282,1
282,1
282,1
282,1
282,1
282,1
282,1
282,1
282,1
282,1
282,1
282,1
282,1
282,1
282,1
282,1
282,1
282,1
282,1
282,1
282,1
282,1
282,1
282,1
282,1
282,1
282,1
282,1
282,1
282,1
282,1
282,1
282,1
282,1
282,1
282,1
282,1
282,1
282,1
282,1
282,1
282,1
282,1
282,1
282,1
282,1
282,1
282,1
282,1
282,1
282,1
282,1
282,1
283,2219
283,9
283,9
283,6
283,4
283,4
283,4
283,4
283,4
283,4
283,4
283,3
283,3
283,3
283,3
283,3
283,3
283,3
283,3
283,2
283,2
283,2
283,2
283,2
283,2
283,2
283,2
283,2
283,2
283,2
283,2
283,2
283,2
283,2
283,2
283,2
283,2
283,2
283,2
283,2
283,2
283,2
283,2
283,2
283,2
283,2
283,2
283,2
283,2
283,2
283,2
283,1
283,1
283,1
283,1
283,1
283,1
283,1
283,1
283,1
283,1
283,1
283,1
283,1
283,1
283,1
283,1
283,1
283,1
283,1
283,1
283,1
283,1
283,1
283,1
283,1
283,1
283,1
283,1
283,1
283,1
283,1
283,1
283,1
283,1
283,1
283,1
283,1
283,1
283,1
283,1
283,1
283,1
283,1
283,1
283,1
283,1
283,1
283,1
283,1
283,1
283,1
283,1
283,1
283,1
283,1
283,1
283,1
283,1
283,1
283,1
283,1
283,1
283,1
283,1
283,1
283,1
283,1
283,1
283,1
283,1
283,1
283,1
283,1
283,1
283,1
283,1
283,1
283,1
283,1
283,1
283,1
283,1
283,1
283,1
283,1
283,1
283,1
283,1
283,1
283,1
283,1
283,1
283,1
283,1
283,1
283,1
283,1
284,2416
284,23
284,9
284,6
284,5
284,5
284,5
284,5
284,5
284,5
284,5
284,5
284,4
284,4
284,4
284,4
284,4
284,3
284,3
284,3
284,3
284,3
284,3
284,3
284,3
284,3
284,3
284,3
284,2
284,2
284,2
284,2
284,2
284,2
284,2
284,2
284,2
284,2
284,2
284,2
284,2
284,2
284,2
284,2
284,2
284,2
284,2
284,2
284,2
284,2
284,2
284,2
284,2
284,2
284,2
284,1
284,1
284,1
284,1
284,1
284,1
284,1
284,1
284,1
284,1
284,1
284,1
284,1
284,1
284,1
284,1
284,1
284,1
284,1
284,1
284,1
284,1
284,1
284,1
284,1
284,1
284,1
284,1
284,1
284,1
284,1
284,1
284,1
284,1
284,1
284,1
284,1
284,1
284,1
284,1
284,1
284,1
284,1
284,1
284,1
284,1
284,1
284,1
284,1
284,1
284,1
284,1
284,1
284,1
284,1
284,1
284,1
284,1
284,1
284,1
284,1
284,1
284,1
284,1
284,1
284,1
284,1
284,1
284,1
284,1
284,1
284,1
284,1
284,1
284,1
284,1
284,1
284,1
284,1
284,1
284,1
284,1
284,1
284,1
284,1
284,1
284,1
284,1
284,1
284,1
284,1
284,1
284,1
284,1
284,1
284,1
284,1
284,1
284,1
284,1
284,1
284,1
284,1
284,1
284,1
284,1
284,1
284,1
284,1
284,1
284,1
284,1
284,1
284,1
284,1
284,1
284,1
284,1
284,1
284,1
284,1
284,1
285,2186
285,46
285,43
285,19
285,17
285,10
285,10
285,9
285,7
285,6
285,6
285,6
285,6
285,5
285,5
285,4
285,4
285,4
285,4
285,4
285,4
285,3
285,3
285,3
285,3
285,3
285,3
285,3
285,3
285,3
285,3
285,3
285,3
285,3
285,3
285,3
285,3
285,3
285,2
285,2
285,2
285,2
285,2
285,2
285,2
285,2
285,2
285,2
285,2
285,2
285,2
285,2
285,2
285,2
285,2
285,2
285,2
285,2
285,2
285,2
285,2
285,2
285,2
285,2
285,1
285,1
285,1
285,1
285,1
285,1
285,1
285,1
285,1
285,1
285,1
285,1
285,1
285,1
285,1
285,1
285,1
285,1
285,1
285,1
285,1
285,1
285,1
285,1
285,1
285,1
285,1
285,1
285,1
285,1
285,1
285,1
285,1
285,1
285,1
285,1
285,1
285,1
285,1
285,1
285,1
285,1
285,1
285,1
285,1
285,1
285,1
285,1
285,1
285,1
285,1
285,1
285,1
285,1
285,1
285,1
285,1
285,1
285,1
285,1
285,1
285,1
285,1
285,1
285,1
285,1
285,1
285,1
285,1
285,1
285,1
285,1
285,1
285,1
285,1
285,1
285,1
285,1
285,1
285,1
285,1
285,1
285,1
285,1
285,1
285,1
285,1
285,1
285,1
285,1
285,1
285,1
285,1
285,1
285,1
285,1
285,1
285,1
285,1
285,1
285,1
285,1
285,1
285,1
285,1
285,1
285,1
285,1
285,1
285,1
285,1
285,1
285,1
285,1
285,1
285,1
285,1
285,1
285,1
285,1
285,1
285,1
285,1
285,1
285,1
285,1
285,1
285,1
285,1
285,1
285,1
285,1
286,2253
286,93
286,21
286,10
286,8
286,7
286,7
286,7
286,7
286,6
286,5
286,5
286,5
286,5
286,5
286,4
286,4
286,4
286,4
286,4
286,4
286,4
286,4
286,4
286,3
286,3
286,3
286,3
286,3
286,3
286,3
286,3
286,3
286,3
286,3
286,3
286,3
286,3
286,2
286,2
286,2
286,2
286,2
286,2
286,2
286,2
286,2
286,2
286,2
286,2
286,2
286,2
286,2
286,2
286,2
286,2
286,2
286,2
286,2
286,2
286,2
286,2
286,2
286,2
286,2
286,2
286,2
286,1
286,1
286,1
286,1
286,1
286,1
286,1
286,1
286,1
286,1
286,1
286,1
286,1
286,1
286,1
286,1
286,1
286,1
286,1
286,1
286,1
286,1
286,1
286,1
286,1
286,1
286,1
286,1
286,1
286,1
286,1
286,1
286,1
286,1
286,1
286,1
286,1
286,1
286,1
286,1
286,1
286,1
286,1
286,1
286,1
286,1
286,1
286,1
286,1
286,1
286,1
286,1
286,1
286,1
286,1
286,1
286,1
286,1
286,1
286,1
286,1
286,1
286,1
286,1
286,1
286,1
286,1
286,1
286,1
286,1
286,1
286,1
286,1
286,1
286,1
286,1
286,1
286,1
286,1
286,1
286,1
286,1
286,1
286,1
286,1
286,1
286,1
286,1
286,1
286,1
286,1
286,1
286,1
286,1
286,1
286,1
286,1
286,1
286,1
286,1
286,1
286,1
286,1
286,1
286,1
286,1
286,1
286,1
286,1
286,1
286,1
286,1
286,1
286,1
286,1
286,1
286,1
286,1
286,1
286,1
286,1
286,1
286,1
286,1
286,1
286,1
286,1
286,1
286,1
286,1
286,1
286,1
287,2218
287,16
287,7
287,7
287,5
287,5
287,5
287,5
287,4
287,4
287,4
287,4
287,4
287,4
287,4
287,4
287,4
287,4
287,3
287,3
287,3
287,3
287,3
287,3
287,3
287,3
287,3
287,3
287,3
287,3
287,3
287,3
287,2
287,2
287,2
287,2
287,2
287,2
287,2
287,2
287,2
287,2
287,2
287,2
287,2
287,2
287,2
287,2
287,2
287,2
287,2
287,2
287,2
287,2
287,2
287,1
287,1
287,1
287,1
287,1
287,1
287,1
287,1
287,1
287,1
287,1
287,1
287,1
287,1
287,1
287,1
287,1
287,1
287,1
287,1
287,1
287,1
287,1
287,1
287,1
287,1
287,1
287,1
287,1
287,1
287,1
287,1
287,1
287,1
287,1
287,1
287,1
287,1
287,1
287,1
287,1
287,1
287,1
287,1
287,1
287,1
287,1
287,1
287,1
287,1
287,1
287,1
287,1
287,1
287,1
287,1
287,1
287,1
287,1
287,1
287,1
287,1
287,1
287,1
287,1
287,1
287,1
287,1
287,1
287,1
287,1
287,1
287,1
287,1
287,1
287,1
287,1
287,1
287,1
287,1
287,1
287,1
287,1
287,1
287,1
287,1
287,1
287,1
287,1
287,1
287,1
287,1
287,1
287,1
287,1
287,1
287,1
287,1
287,1
287,1
287,1
287,1
287,1
287,1
287,1
287,1
287,1
287,1
287,1
288,2417
288,19
288,13
288,10
288,9
288,8
288,7
288,7
288,6
288,6
288,6
288,6
288,6
288,5
288,4
288,4
288,4
288,4
288,3
288,3
288,3
288,3
288,3
288,2
288,2
288,2
288,2
288,2
288,2
288,2
288,2
288,2
288,2
288,2
288,2
288,2
288,2
288,2
288,2
288,2
288,2
288,2
288,2
288,2
288,2
288,2
288,1
288,1
288,1
288,1
288,1
288,1
288,1
288,1
288,1
288,1
288,1
288,1
288,1
288,1
288,1
288,1
288,1
288,1
288,1
288,1
288,1
288,1
288,1
288,1
288,1
288,1
288,1
288,1
288,1
288,1
288,1
288,1
288,1
288,1
288,1
288,1
288,1
288,1
288,1
288,1
288,1
288,1
288,1
288,1
288,1
288,1
288,1
288,1
288,1
288,1
288,1
288,1
288,1
288,1
288,1
288,1
288,1
288,1
288,1
288,1
288,1
288,1
288,1
288,1
288,1
288,1
288,1
288,1
288,1
288,1
288,1
288,1
288,1
288,1
288,1
288,1
288,1
288,1
288,1
288,1
288,1
288,1
288,1
288,1
288,1
288,1
288,1
288,1
288,1
288,1
288,1
288,1
288,1
288,1
288,1
288,1
288,1
288,1
288,1
288,1
288,1
288,1
288,1
288,1
288,1
288,1
288,1
288,1
288,1
288,1
288,1
288,1
288,1
288,1
289,2149
289,50
289,25
289,10
289,10
289,9
289,7
289,7
289,6
289,6
289,6
289,5
289,5
289,4
289,4
289,4
289,4
289,3
289,3
289,3
289,3
289,3
289,3
289,3
289,3
289,3
289,3
289,3
289,3
289,3
289,3
289,3
289,3
289,2
289,2
289,2
289,2
289,2
289,2
289,2
289,2
289,2
289,2
289,2
289,2
289,2
289,2
289,2
289,2
289,2
289,2
289,2
289,2
289,2
289,2
289,2
289,2
289,2
289,2
289,2
289,2
289,2
289,2
289,2
289,2
289,1
289,1
289,1
289,1
289,1
289,1
289,1
289,1
289,1
289,1
289,1
289,1
289,1
289,1
289,1
289,1
289,1
289,1
289,1
289,1
289,1
289,1
289,1
289,1
289,1
289,1
289,1
289,1
289,1
289,1
289,1
289,1
289,1
289,1
289,1
289,1
289,1
289,1
289,1
289,1
289,1
289,1
289,1
289,1
289,1
289,1
289,1
289,1
289,1
289,1
289,1
289,1
289,1
289,1
289,1
289,1
289,1
289,1
289,1
289,1
289,1
289,1
289,1
289,1
289,1
289,1
289,1
289,1
289,1
289,1
289,1
289,1
289,1
289,1
289,1
289,1
289,1
289,1
289,1
289,1
289,1
289,1
289,1
289,1
289,1
289,1
289,1
289,1
289,1
289,1
289,1
289,1
289,1
289,1
289,1
289,1
289,1
289,1
289,1
289,1
289,1
289,1
289,1
289,1
289,1
289,1
289,1
289,1
289,1
289,1
289,1
289,1
289,1
289,1
289,1
289,1
289,1
289,1
289,1
289,1
289,1
289,1
289,1
289,1
289,1
289,1
289,1
289,1
289,1
289,1
289,1
289,1
289,1
289,1
289,1
289,1
289,1
289,1
289,1
289,1
289,1
289,1
289,1
289,1
289,1
289,1
289,1
289,1
289,1
289,1
289,1
289,1
289,1
289,1
289,1
289,1
289,1
289,1
290,2386
290,27
290,15
290,7
290,7
290,7
290,6
290,5
290,5
290,5
290,4
290,4
290,4
290,3
290,3
290,3
290,3
290,3
290,3
290,3
290,3
290,3
290,3
290,3
290,2
290,2
290,2
290,2
290,2
290,2
290,2
290,2
290,2
290,2
290,2
290,2
290,2
290,2
290,2
290,2
290,2
290,2
290,2
290,2
290,2
290,2
290,2
290,2
290,2
290,2
290,2
290,2
290,2
290,1
290,1
290,1
290,1
290,1
290,1
290,1
290,1
290,1
290,1
290,1
290,1
290,1
290,1
290,1
290,1
290,1
290,1
290,1
290,1
290,1
290,1
290,1
290,1
290,1
290,1
290,1
290,1
290,1
290,1
290,1
290,1
290,1
290,1
290,1
290,1
290,1
290,1
290,1
290,1
290,1
290,1
290,1
290,1
290,1
290,1
290,1
290,1
290,1
290,1
290,1
290,1
290,1
290,1
290,1
290,1
290,1
290,1
290,1
290,1
290,1
290,1
290,1
290,1
290,1
290,1
290,1
290,1
290,1
290,1
290,1
290,1
290,1
290,1
290,1
290,1
290,1
290,1
290,1
290,1
290,1
290,1
290,1
290,1
290,1
290,1
290,1
290,1
290,1
290,1
290,1
290,1
290,1
290,1
290,1
290,1
290,1
290,1
290,1
290,1
290,1
290,1
290,1
290,1
290,1
290,1
290,1
290,1
290,1
290,1
290,1
290,1
290,1
290,1
290,1
290,1
290,1
290,1
290,1
290,1
290,1
290,1
290,1
290,1
290,1
290,1
290,1
290,1
290,1
290,1
290,1
290,1
290,1
290,1
290,1
290,1
290,1
290,1
291,2111
291,90
291,20
291,12
291,9
291,8
291,6
291,6
291,5
291,5
291,5
291,4
291,4
291,4
291,3
291,3
291,3
291,3
291,3
291,3
291,3
291,3
291,3
291,3
291,3
291,3
291,3
291,3
291,3
291,2
291,2
291,2
291,2
291,2
291,2
291,2
291,2
291,2
291,2
291,2
291,2
291,2
291,2
291,2
291,2
291,2
291,2
291,2
291,2
291,2
291,2
291,2
291,2
291,2
291,2
291,2
291,2
291,2
291,2
291,2
291,2
291,2
291,2
291,2
291,2
291,2
291,2
291,2
291,2
291,2
291,2
291,2
291,2
291,1
291,1
291,1
291,1
291,1
291,1
291,1
291,1
291,1
291,1
291,1
291,1
291,1
291,1
291,1
291,1
291,1
291,1
291,1
291,1
291,1
291,1
291,1
291,1
291,1
291,1
291,1
291,1
291,1
291,1
291,1
291,1
291,1
291,1
291,1
291,1
291,1
291,1
291,1
291,1
291,1
291,1
291,1
291,1
291,1
291,1
291,1
291,1
291,1
291,1
291,1
291,1
291,1
291,1
291,1
291,1
291,1
291,1
291,1
291,1
291,1
291,1
291,1
291,1
291,1
291,1
291,1
291,1
291,1
291,1
291,1
291,1
291,1
291,1
291,1
291,1
291,1
291,1
291,1
291,1
291,1
291,1
291,1
291,1
291,1
291,1
291,1
291,1
291,1
291,1
291,1
291,1
291,1
291,1
291,1
291,1
291,1
291,1
291,1
291,1
291,1
291,1
291,1
291,1
291,1
291,1
291,1
291,1
291,1
291,1
291,1
291,1
291,1
291,1
291,1
291,1
291,1
291,1
291,1
291,1
291,1
291,1
291,1
291,1
291,1
291,1
291,1
291,1
291,1
291,1
291,1
291,1
291,1
291,1
291,1
291,1
291,1
291,1
291,1
291,1
291,1
291,1
291,1
291,1
292,2150
292,114
292,29
292,9
292,8
292,8
292,7
292,5
292,5
292,5
292,5
292,4
292,4
292,4
292,4
292,4
292,4
292,4
292,3
292,3
292,3
292,3
292,3
292,3
292,3
292,3
292,2
292,2
292,2
292,2
292,2
292,2
292,2
292,2
292,2
292,2
292,2
292,2
292,2
292,2
292,2
292,2
292,2
292,2
292,2
292,2
292,2
292,2
292,2
292,1
292,1
292,1
292,1
292,1
292,1
292,1
292,1
292,1
292,1
292,1
292,1
292,1
292,1
292,1
292,1
292,1
292,1
292,1
292,1
292,1
292,1
292,1
292,1
292,1
292,1
292,1
292,1
292,1
292,1
292,1
292,1
292,1
292,1
292,1
292,1
292,1
292,1
292,1
292,1
292,1
292,1
292,1
292,1
292,1
292,1
292,1
292,1
292,1
292,1
292,1
292,1
292,1
292,1
292,1
292,1
292,1
292,1
292,1
292,1
292,1
292,1
292,1
292,1
292,1
292,1
292,1
292,1
292,1
292,1
292,1
292,1
292,1
292,1
292,1
292,1
292,1
292,1
292,1
292,1
292,1
292,1
292,1
292,1
292,1
292,1
292,1
292,1
292,1
292,1
292,1
292,1
292,1
292,1
292,1
292,1
292,1
292,1
292,1
292,1
292,1
292,1
292,1
292,1
292,1
292,1
292,1
292,1
292,1
292,1
293,2220
293,35
293,14
293,11
293,8
293,8
293,7
293,6
293,6
293,6
293,4
293,4
293,4
293,4
293,3
293,3
293,3
293,3
293,3
293,3
293,3
293,3
293,3
293,2
293,2
293,2
293,2
293,2
293,2
293,2
293,2
293,2
293,2
293,2
293,2
293,2
293,2
293,2
293,2
293,2
293,2
293,2
293,2
293,2
293,2
293,2
293,2
293,2
293,1
293,1
293,1
293,1
293,1
293,1
293,1
293,1
293,1
293,1
293,1
293,1
293,1
293,1
293,1
293,1
293,1
293,1
293,1
293,1
293,1
293,1
293,1
293,1
293,1
293,1
293,1
293,1
293,1
293,1
293,1
293,1
293,1
293,1
293,1
293,1
293,1
293,1
293,1
293,1
293,1
293,1
293,1
293,1
293,1
293,1
293,1
293,1
293,1
293,1
293,1
293,1
293,1
293,1
293,1
293,1
293,1
293,1
293,1
293,1
293,1
293,1
293,1
293,1
293,1
293,1
293,1
293,1
293,1
293,1
293,1
293,1
293,1
293,1
293,1
293,1
293,1
293,1
293,1
293,1
293,1
293,1
293,1
293,1
293,1
293,1
293,1
293,1
293,1
293,1
293,1
293,1
293,1
293,1
293,1
293,1
293,1
293,1
293,1
293,1
293,1
293,1
293,1
294,2235
294,22
294,14
294,13
294,6
294,6
294,5
294,5
294,4
294,4
294,4
294,3
294,3
294,3
294,3
294,3
294,3
294,3
294,3
294,3
294,3
294,3
294,3
294,3
294,3
294,2
294,2
294,2
294,2
294,2
294,2
294,2
294,2
294,2
294,2
294,2
294,2
294,2
294,2
294,2
294,2
294,2
294,2
294,2
294,2
294,2
294,2
294,2
294,2
294,1
294,1
294,1
294,1
294,1
294,1
294,1
294,1
294,1
294,1
294,1
294,1
294,1
294,1
294,1
294,1
294,1
294,1
294,1
294,1
294,1
294,1
294,1
294,1
294,1
294,1
294,1
294,1
294,1
294,1
294,1
294,1
294,1
294,1
294,1
294,1
294,1
294,1
294,1
294,1
294,1
294,1
294,1
294,1
294,1
294,1
294,1
294,1
294,1
294,1
294,1
294,1
294,1
294,1
294,1
294,1
294,1
294,1
294,1
294,1
294,1
294,1
294,1
294,1
294,1
294,1
294,1
294,1
294,1
294,1
294,1
294,1
294,1
294,1
294,1
294,1
294,1
294,1
294,1
294,1
294,1
294,1
294,1
294,1
294,1
294,1
294,1
294,1
294,1
294,1
294,1
294,1
294,1
294,1
294,1
294,1
294,1
294,1
294,1
294,1
294,1
294,1
294,1
294,1
294,1
294,1
294,1
295,2210
295,127
295,29
295,20
295,19
295,18
295,10
295,9
295,9
295,7
295,7
295,6
295,6
295,6
295,6
295,6
295,5
295,5
295,5
295,5
295,5
295,4
295,4
295,4
295,4
295,3
295,3
295,3
295,3
295,3
295,3
295,3
295,3
295,3
295,3
295,3
295,3
295,3
295,2
295,2
295,2
295,2
295,2
295,2
295,2
295,2
295,2
295,2
295,2
295,2
295,2
295,2
295,2
295,2
295,2
295,2
295,2
295,2
295,1
295,1
295,1
295,1
295,1
295,1
295,1
295,1
295,1
295,1
295,1
295,1
295,1
295,1
295,1
295,1
295,1
295,1
295,1
295,1
295,1
295,1
295,1
295,1
295,1
295,1
295,1
295,1
295,1
295,1
295,1
295,1
295,1
295,1
295,1
295,1
295,1
295,1
295,1
295,1
295,1
295,1
295,1
295,1
295,1
295,1
295,1
295,1
295,1
295,1
295,1
295,1
295,1
295,1
295,1
295,1
295,1
295,1
295,1
295,1
295,1
295,1
295,1
295,1
295,1
295,1
295,1
295,1
295,1
295,1
295,1
295,1
295,1
295,1
295,1
295,1
295,1
295,1
295,1
295,1
295,1
295,1
295,1
295,1
295,1
295,1
295,1
295,1
295,1
295,1
295,1
295,1
295,1
295,1
295,1
295,1
295,1
295,1
295,1
295,1
295,1
295,1
295,1
295,1
295,1
295,1
295,1
295,1
295,1
295,1
295,1
295,1
295,1
295,1
295,1
295,1
295,1
295,1
295,1
295,1
295,1
295,1
295,1
295,1
295,1
295,1
295,1
295,1
295,1
295,1
295,1
295,1
295,1
295,1
295,1
295,1
295,1
295,1
295,1
295,1
295,1
295,1
295,1
295,1
295,1
295,1
295,1
295,1
295,1
295,1
295,1
295,1
295,1
296,2372
296,66
296,20
296,14
296,11
296,9
296,7
296,7
296,6
296,6
296,6
296,6
296,6
296,5
296,5
296,4
296,4
296,4
296,4
296,3
296,3
296,3
296,3
296,3
296,3
296,3
296,3
296,3
296,3
296,3
296,3
296,3
296,3
296,3
296,3
296,2
296,2
296,2
296,2
296,2
296,2
296,2
296,2
296,2
296,2
296,2
296,2
296,2
296,2
296,2
296,2
296,2
296,2
296,2
296,2
296,2
296,2
296,2
296,2
296,2
296,2
296,2
296,2
296,2
296,2
296,2
296,2
296,1
296,1
296,1
296,1
296,1
296,1
296,1
296,1
296,1
296,1
296,1
296,1
296,1
296,1
296,1
296,1
296,1
296,1
296,1
296,1
296,1
296,1
296,1
296,1
296,1
296,1
296,1
296,1
296,1
296,1
296,1
296,1
296,1
296,1
296,1
296,1
296,1
296,1
296,1
296,1
296,1
296,1
296,1
296,1
296,1
296,1
296,1
296,1
296,1
296,1
296,1
296,1
296,1
296,1
296,1
296,1
296,1
296,1
296,1
296,1
296,1
296,1
296,1
296,1
296,1
296,1
296,1
296,1
296,1
296,1
296,1
296,1
296,1
296,1
296,1
296,1
296,1
296,1
296,1
296,1
296,1
296,1
296,1
296,1
296,1
296,1
296,1
296,1
296,1
296,1
296,1
296,1
296,1
296,1
296,1
296,1
296,1
296,1
296,1
296,1
296,1
296,1
296,1
296,1
296,1
296,1
296,1
296,1
296,1
296,1
296,1
296,1
296,1
296,1
296,1
296,1
296,1
296,1
296,1
296,1
296,1
296,1
296,1
296,1
296,1
296,1
296,1
296,1
296,1
296,1
296,1
296,1
296,1
296,1
296,1
296,1
296,1
296,1
296,1
296,1
296,1
296,1
296,1
296,1
296,1
296,1
296,1
296,1
296,1
296,1
296,1
296,1
296,1
297,2195
297,19
297,8
297,7
297,7
297,7
297,6
297,6
297,6
297,5
297,5
297,5
297,4
297,4
297,4
297,4
297,4
297,4
297,3
297,3
297,3
297,3
297,3
297,3
297,3
297,3
297,3
297,3
297,3
297,3
297,3
297,3
297,3
297,3
297,2
297,2
297,2
297,2
297,2
297,2
297,2
297,2
297,2
297,2
297,2
297,2
297,2
297,2
297,2
297,2
297,2
297,2
297,2
297,1
297,1
297,1
297,1
297,1
297,1
297,1
297,1
297,1
297,1
297,1
297,1
297,1
297,1
297,1
297,1
297,1
297,1
297,1
297,1
297,1
297,1
297,1
297,1
297,1
297,1
297,1
297,1
297,1
297,1
297,1
297,1
297,1
297,1
297,1
297,1
297,1
297,1
297,1
297,1
297,1
297,1
297,1
297,1
297,1
297,1
297,1
297,1
297,1
297,1
297,1
297,1
297,1
297,1
297,1
297,1
297,1
297,1
297,1
297,1
297,1
297,1
297,1
297,1
297,1
297,1
297,1
297,1
297,1
297,1
297,1
297,1
297,1
297,1
297,1
297,1
297,1
297,1
297,1
297,1
297,1
297,1
297,1
297,1
297,1
297,1
297,1
298,2176
298,10
298,10
298,8
298,8
298,7
298,6
298,6
298,6
298,5
298,5
298,5
298,5
298,4
298,4
298,4
298,4
298,4
298,4
298,4
298,4
298,3
298,3
298,3
298,3
298,3
298,3
298,3
298,3
298,2
298,2
298,2
298,2
298,2
298,2
298,2
298,2
298,2
298,2
298,2
298,2
298,2
298,2
298,2
298,2
298,2
298,2
298,2
298,2
298,2
298,2
298,2
298,2
298,2
298,2
298,2
298,2
298,2
298,2
298,2
298,2
298,2
298,2
298,2
298,1
298,1
298,1
298,1
298,1
298,1
298,1
298,1
298,1
298,1
298,1
298,1
298,1
298,1
298,1
298,1
298,1
298,1
298,1
298,1
298,1
298,1
298,1
298,1
298,1
298,1
298,1
298,1
298,1
298,1
298,1
298,1
298,1
298,1
298,1
298,1
298,1
298,1
298,1
298,1
298,1
298,1
298,1
298,1
298,1
298,1
298,1
298,1
298,1
298,1
298,1
298,1
298,1
298,1
298,1
298,1
298,1
298,1
298,1
298,1
298,1
298,1
298,1
298,1
298,1
298,1
298,1
298,1
298,1
298,1
298,1
298,1
298,1
298,1
298,1
298,1
298,1
298,1
298,1
298,1
298,1
298,1
298,1
298,1
298,1
298,1
298,1
298,1
298,1
298,1
298,1
298,1
298,1
298,1
298,1
298,1
298,1
298,1
298,1
298,1
298,1
298,1
298,1
298,1
298,1
298,1
298,1
298,1
298,1
298,1
298,1
298,1
298,1
298,1
298,1
298,1
298,1
298,1
298,1
298,1
298,1
298,1
298,1
298,1
298,1
299,2168
299,23
299,17
299,10
299,9
299,9
299,7
299,6
299,6
299,6
299,6
299,6
299,6
299,5
299,5
299,4
299,4
299,3
299,3
299,3
299,3
299,3
299,3
299,3
299,3
299,3
299,3
299,3
299,3
299,2
299,2
299,2
299,2
299,2
299,2
299,2
299,2
299,2
299,2
299,2
299,2
299,2
299,2
299,2
299,2
299,2
299,2
299,2
299,2
299,2
299,2
299,2
299,2
299,2
299,2
299,2
299,2
299,2
299,2
299,2
299,2
299,2
299,2
299,2
299,2
299,2
299,2
299,1
299,1
299,1
299,1
299,1
299,1
299,1
299,1
299,1
299,1
299,1
299,1
299,1
299,1
299,1
299,1
299,1
299,1
299,1
299,1
299,1
299,1
299,1
299,1
299,1
299,1
299,1
299,1
299,1
299,1
299,1
299,1
299,1
299,1
299,1
299,1
299,1
299,1
299,1
299,1
299,1
299,1
299,1
299,1
299,1
299,1
299,1
299,1
299,1
299,1
299,1
299,1
299,1
299,1
299,1
299,1
299,1
299,1
299,1
299,1
299,1
299,1
299,1
299,1
299,1
299,1
299,1
299,1
299,1
299,1
299,1
299,1
299,1
299,1
299,1
299,1
299,1
299,1
299,1
299,1
299,1
299,1
299,1
299,1
299,1
299,1
299,1
299,1
299,1
299,1
299,1
299,1
299,1
299,1
299,1
299,1
299,1
299,1
299,1
299,1
299,1
299,1
299,1
299,1
299,1
299,1
299,1
299,1
299,1
299,1
299,1
299,1
299,1
299,1
299,1
299,1
299,1
299,1
299,1
299,1
299,1
299,1
